OriginalCityStateID,NewCityStateID,City,OriginalState,NewState,MatchValue,MlInputCity,MlPredictedState,MlConfidence
livoniacenterny,livoniacenterny,livonia center,NY,NY,90.5,livonia center,CT,0.1605720293324702
hanyesnd,hanyesak,hanyes,ND,AK,83.33333333333334,hanyes,PA,0.0259794308996445
bigbaymi,bigbayal,big bay,MI,AL,71.42857142857143,big bay,AK,0.7511581949256562
centralgardenstx,centralgardenstx,central gardens,TX,TX,100.0,central gardens,FL,0.1823100128277822
mcintoshfl,mcintoshnm,mcintosh,FL,NM,100.0,mcintosh,ND,0.3570541072388989
louisvilleal,louisvilleco,louisville,AL,CO,100.0,louisville,KY,0.0679145607803535
wilsonar,wilsonny,wilson,AR,NY,100.0,wilson,WY,0.2863474853488962
llanodelmedionm,llanodelmedioar,llano del medio,NM,AR,90.5,llano del medio,CA,0.1346766463966071
antonitoco,antonitoco,antonito,CO,CO,90.5,antonito,PA,0.0259794308996445
pleasntpainoh,pleasntpainca,pleasnt pain,OH,CA,83.33333333333334,pleasnt pain,WA,0.0542242983999901
buchanannd,buchananga,buchanan,ND,GA,100.0,buchanan,IA,0.2185211708659124
chewsvillemd,chewsvillemd,chewsville,MD,MD,80.0,chewsville,PA,0.0259794308996445
lavinamt,lavinaga,lavina,MT,GA,85.71428571428571,lavina,PA,0.0259794308996445
channellakeil,channellakeil,channel lake,IL,IL,100.0,channel lake,CA,0.1037805406269836
petroliapa,petroliapa,petrolia,PA,PA,75.0,petrolia,PA,0.0259794308996445
plumwoodoh,plumwoodpa,plumwood,OH,PA,90.5,plumwood,PA,0.0259794308996445
arcadial,arcadiaca,arcadia,L,CA,100.0,arcadia,SC,0.111927749962181
eltonal,eltonla,elton,AL,LA,100.0,elton,DE,0.3346344668294264
junctioncityor,junctioncityor,junction city,OR,OR,100.0,junction city,AZ,0.3684350032839732
allportar,allportnm,allport,AR,NM,90.5,allport,PA,0.0259794308996445
clarksburgca,clarksburgmd,clarksburg,CA,MD,100.0,clarksburg,WV,0.217670395193567
mountivyny,mountivyny,mount ivy,NY,NY,100.0,mount ivy,NY,0.0624553907869647
monticelloil,monticelloil,monticello,IL,IL,100.0,monticello,VA,0.078032418640794
kennebecvsd,kennebecsd,kennebec,VSD,SD,100.0,kennebec,ME,0.7414704672308269
iklnms,iklnms,ikln,MS,MS,75.0,ikln,PA,0.0259794308996445
oceangrovenj,oceangrovenj,ocean grove,NJ,NJ,100.0,ocean grove,NJ,0.2114319472014924
elparaisopr,elparaisosd,el paraiso,PR,SD,81.81818181818183,el paraiso,NM,0.3149837670579087
azurehmt,azurehmt,azureh,MT,MT,66.66666666666666,azureh,PA,0.0259794308996445
mustangtx,mustangok,mustang,TX,OK,100.0,mustang,OK,0.1512249121480798
oneiaky,oneiany,oneia,KY,NY,83.33333333333334,oneia,ID,0.2425887352138844
shenandoahtx,shenandoahtx,shenandoah,TX,TX,100.0,shenandoah,VA,0.1993203188319274
glenlynva,glenlynpa,glen lyn,VA,PA,88.88888888888889,glen lyn,NJ,0.103151841375618
pointlayak,pointlayca,point lay,AK,CA,75.0,point lay,AK,0.2429863284604953
rgdontx,rgdonal,rgdon,TX,AL,75.0,rgdon,PA,0.0259794308996445
duchesslandingok,duchesslandingnm,duchess landing,OK,NM,80.0,duchess landing,HI,0.4591867362733646
jaspermn,jasperal,jasper,MN,AL,100.0,jasper,SC,0.1411100336373567
kennerla,kennerla,kenner,LA,LA,100.0,kenner,LA,0.1373921452925714
oiltontx,oiltonca,oilton,TX,CA,100.0,oilton,OK,0.1512249121480798
arhurknd,arhuril,arhur,KND,IL,83.33333333333334,arhur,IL,0.0516646472090248
clearlakewa,clearlakewa,clear lake,WA,WA,100.0,clear lake,SD,0.195714298055129
willitsca,willitsca,willits,CA,CA,100.0,willits,CA,0.0431560550707599
frontenacks,frontenacks,frontenac,KS,KS,100.0,frontenac,KS,0.0534704928238851
paxtoniapa,paxtoniapa,paxtonia,PA,PA,100.0,paxtonia,PA,0.0361012609900843
springhilltn,springhilltn,spring hill,TN,TN,100.0,spring hill,MD,0.1521285141733802
uphmand,uphmaca,uphma,ND,CA,66.66666666666666,uphma,PA,0.0259794308996445
jeffersonla,jeffersonla,jefferson,LA,LA,100.0,jefferson,LA,0.090274873991575
millermo,millersd,miller,MO,SD,100.0,miller,AR,0.2246462475804874
hatleywi,hatleyca,hatley,WI,CA,85.71428571428571,hatley,CA,0.0431560550707599
carlyssla,carlyssla,carlyss,LA,LA,100.0,carlyss,LA,0.0601926739649647
invernessms,invernessal,inverness,MS,AL,100.0,inverness,FL,0.1479802353601206
canalwinchesterh,canalwinchesteroh,canal winchester,H,OH,100.0,canal winchester,OH,0.3475161466195845
leonvalleytx,leonvalleytx,leon valley,TX,TX,100.0,leon valley,CA,0.0910698690485058
pineknollshoresnc,pineknollshoresnc,pine knoll shores,NC,NC,100.0,pine knoll shores,NC,0.2638633994158625
stebbinsak,stebbinsme,stebbins,AK,ME,85.71428571428571,stebbins,PA,0.0259794308996445
greasewoodaz,greasewoodca,greasewood,AZ,CA,75.0,greasewood,PA,0.0259794308996445
lismoremn,lismoreky,lismore,MN,KY,85.71428571428571,lismore,PA,0.0259794308996445
puntamlakeny,puntamlakeny,puntam lake,NY,NY,90.9090909090909,puntam lake,WI,0.2212458142848364
beardennr,beardende,bearden,NR,DE,90.5,bearden,PA,0.0259794308996445
harrisburgpa,harrisburgpa,harrisburg,PA,PA,100.0,harrisburg,NE,0.1370135969630668
nowataok,nowataok,nowata,OK,OK,100.0,nowata,OK,0.5470363588573329
portjervisny,portjervisny,port jervis,NY,NY,100.0,port jervis,NY,0.2521132042392841
ewirms,ewirmd,ewir,MS,MD,60.0,ewir,PA,0.0259794308996445
kansascityk,kansascityks,kansas city,K,KS,100.0,kansas city,MO,0.35205527336487
starharbortx,starharborid,star harbor,TX,ID,90.5,star harbor,DE,0.2487336181267377
rockriverwy,rockriveroh,rock river,WY,OH,90.9090909090909,rock river,WY,0.4796405189735009
montgoerycitymo,montgoerycitymo,montgoery city,MO,MO,93.33333333333331,montgoery city,VA,0.092575004841018
carpentersvilleil,carpentersvilleil,carpentersville,IL,IL,100.0,carpentersville,IL,0.0349335350713326
miamitownho,miamitownoh,miamitown,HO,OH,100.0,miamitown,OH,0.0577745931942411
equalityil,equalityca,equality,IL,CA,66.66666666666666,equality,PA,0.0259794308996445
tuttleok,tuttleok,tuttle,OK,OK,100.0,tuttle,OK,0.0638307543640831
mountolviecn,mountolvieal,mount olvie,CN,AL,90.9090909090909,mount olvie,KY,0.1033938463884584
whitmebv,whitmebsc,whitmeb,V,SC,75.0,whitmeb,PA,0.0259794308996445
amblerpa,amblerpa,ambler,PA,PA,100.0,ambler,PA,0.0361012609900843
willistonnd,willistonnd,williston,ND,ND,100.0,williston,VT,0.1449036776966846
jellicot,jellicotn,jellico,T,TN,100.0,jellico,TN,0.0493296923879667
northlindenhurstny,northlindenhurstny,north lindenhurst,NY,NY,100.0,north lindenhurst,NY,0.131405802502923
presqueisleharbormi,presqueisleharborme,presque isle harbor,MI,ME,90.5,presque isle harbor,ME,0.5467414945395916
frontiernd,frontiernd,frontier,ND,ND,71.42857142857143,frontier,NE,0.5507505356467944
iolapa,iolaks,iola,PA,KS,100.0,iola,WI,0.0750312298642705
holladayut,holladayut,holladay,UT,UT,100.0,holladay,UT,0.2563114959228773
htillopr,htillopr,htillo,PR,PR,85.71428571428571,htillo,PA,0.0259794308996445
whitesulphurspringswv,whitesulphurspringswv,white sulphur springs,WV,WV,100.0,white sulphur springs,MT,0.2400597536930735
knobelar,knobelin,knobel,AR,IN,75.0,knobel,PA,0.0259794308996445
sunmanin,sunmanin,sunman,IN,IN,100.0,sunman,IN,0.0477571380942961
tangentor,tangentor,tangent,OR,OR,100.0,tangent,OR,0.0748243185628852
faiviewh,faiviewca,faiview,H,CA,87.5,faiview,NJ,0.0645272551366151
birdongar,birdongtx,birdong,AR,TX,80.0,birdong,PA,0.0259794308996445
cranesvillepa,cranesvillega,cranesville,PA,GA,90.9090909090909,cranesville,PA,0.0259794308996445
draperva,draperut,draper,VA,UT,100.0,draper,UT,0.2563114959228773
spiritlakeia,spiritlakeia,spirit lake,IA,IA,100.0,spirit lake,ID,0.480641974296381
fellowsca,fellowsco,fellows,CA,CO,80.0,fellows,PA,0.0259794308996445
deferitny,deferitar,deferit,NY,AR,80.0,deferit,PA,0.0259794308996445
cooperstwonpa,cooperstwonny,cooperstwon,PA,NY,90.9090909090909,cooperstwon,PA,0.0259794308996445
libertyok,libertyin,liberty,OK,IN,100.0,liberty,MT,0.1572696282555905
cameronsc,cameronla,cameron,SC,LA,100.0,cameron,LA,0.1815989064090108
starprairiewi,starprairiemo,star prairie,WI,MO,91.66666666666666,star prairie,AR,0.4583593302420714
coyaw,coywy,coy,AW,WY,75.0,coy,WY,0.3017530946300409
sunlakesaz,sunlakesaz,sun lakes,AZ,AZ,100.0,sun lakes,AZ,0.5145594990359406
cedarhilltx,cedarhilltx,cedar hill,TX,TX,100.0,cedar hill,OR,0.1637164008349183
tusculumtn,tusculumtn,tusculum,TN,TN,100.0,tusculum,TN,0.1962721013280289
yachatsor,yachatsak,yachats,OR,AK,90.5,yachats,PA,0.0259794308996445
tickfawla,tickfawfl,tickfaw,LA,FL,75.0,tickfaw,PA,0.0259794308996445
audubonparkky,audubonparkky,audubon park,KY,KY,100.0,audubon park,NJ,0.2771876065776388
elginia,elginil,elgin,IA,IL,100.0,elgin,IL,0.119501922247742
westpointal,westpointga,west point,AL,GA,100.0,west point,WA,0.1456084514769795
kensettar,kensettar,kensett,AR,AR,100.0,kensett,AR,0.0619033784071979
fayettevilleil,fayettevilleal,fayetteville,IL,AL,100.0,fayetteville,WV,0.131617033426215
laekforestparkwa,laekforestparkwa,laek forest park,WA,WA,93.75,laek forest park,IL,0.2396595011928744
pearlriverms,pearlriverms,pearl river,MS,MS,100.0,pearl river,MS,0.3413163363077575
portashingtonwi,portashingtonwi,port ashington,WI,WI,93.33333333333331,port ashington,DC,0.2709183186754855
walnutgrovegmo,walnutgroveca,walnut grove,GMO,CA,100.0,walnut grove,CA,0.1226292509959045
janesvilleca,janesvilleca,janesville,CA,CA,100.0,janesville,MN,0.0798236066347085
muprhysca,muprhysca,muprhys,CA,CA,85.71428571428571,muprhys,PA,0.0259794308996445
shilohil,shilohil,shiloh,IL,IL,100.0,shiloh,OH,0.0541648995929519
defincemo,definceoh,defince,MO,OH,87.5,defince,OH,0.0571748944108002
slovnapa,slovnaia,slovna,PA,IA,80.0,slovna,PA,0.0259794308996445
fincastleva,fincastleva,fincastle,VA,VA,100.0,fincastle,TN,0.0961466627961799
orchardmesaco,orchardmesaco,orchard mesa,CO,CO,100.0,orchard mesa,CO,0.8073418423033857
remyok,remyga,remy,OK,GA,75.0,remy,PA,0.0259794308996445
westmilfordwv,westmilfordnj,west milford,WV,NJ,100.0,west milford,CT,0.2326636629800525
fortgreleyak,fortgreleyga,fort greley,AK,GA,81.81818181818183,fort greley,WY,0.1431224358808058
easthamptonma,easthamptonma,easthampton,MA,MA,100.0,easthampton,MA,0.0563666899965178
smithvillageok,smithvillagenv,smith village,OK,NV,90.5,smith village,NV,0.4188541773085936
nuions,nuionor,nuion,S,OR,83.33333333333334,nuion,PA,0.0259794308996445
gibsonvillenc,gibsonvillenc,gibsonville,NC,NC,100.0,gibsonville,NC,0.0421718744266612
bracevilleil,bracevillefl,braceville,IL,FL,90.0,braceville,PA,0.0259794308996445
summitparkut,summitparkut,summit park,UT,UT,100.0,summit park,UT,0.4619060404140303
governmentcampr,governmentcampks,government camp,R,KS,90.5,government camp,AZ,0.2883504286335829
atlanticpa,atlanticia,atlantic,PA,IA,100.0,atlantic,NJ,0.3186674147379923
shalimarfl,shalimardc,shalimar,FL,DC,75.0,shalimar,PA,0.0259794308996445
edwardsburgmi,edwardsburgmi,edwardsburg,MI,MI,100.0,edwardsburg,MI,0.0422036710995163
lucasvilleoh,lucasvilleoh,lucasville,OH,OH,100.0,lucasville,OH,0.0577745931942411
roanokeil,roanokeil,roanoke,IL,IL,100.0,roanoke,VA,0.3741830784271167
awynesborova,awynesborova,awynesboro,VA,VA,90.0,awynesboro,PA,0.0259794308996445
lakejunaluskancm,lakejunaluskanc,lake junaluska,NCM,NC,100.0,lake junaluska,NC,0.1341524222035295
craneni,cranemo,crane,NI,MO,100.0,crane,TX,0.1255528285143919
lulingtx,lulingtx,luling,TX,TX,100.0,luling,LA,0.0572897732670047
sabanagrandepr,sabanagrandepr,sabana grande,PR,PR,100.0,sabana grande,PR,0.960344939778384
farwellne,farwelltx,farwell,NE,TX,100.0,farwell,TX,0.0311476746087125
montroseny,montroseny,montrose,NY,NY,100.0,montrose,CO,0.2175525297781275
fhrestms,fhrestms,fhrest,MS,MS,83.33333333333334,fhrest,PA,0.0259794308996445
kirbywy,kirbytx,kirby,WY,TX,100.0,kirby,TX,0.0406938805053028
sawyerwoodoh,sawyerwoodoh,sawyerwood,OH,OH,100.0,sawyerwood,OH,0.0577745931942411
montereyn,montereyca,monterey,N,CA,100.0,monterey,NM,0.372680794010507
rockvillect,rockvillect,rockville,CT,CT,100.0,rockville,CT,0.0761042323976115
linndaleoh,linndalems,linndale,OH,MS,90.5,linndale,PA,0.0259794308996445
sibleymo,sibleyia,sibley,MO,IA,100.0,sibley,MN,0.3216441580006298
laketomahawki,laketomahawkak,lake tomahawk,I,AK,80.0,lake tomahawk,WI,0.1402196733266655
remindervilleoh,remindervilleoh,reminderville,OH,OH,100.0,reminderville,OH,0.0373012794621199
severyks,severymd,severy,KS,MD,83.33333333333334,severy,PA,0.0259794308996445
jasperal,jasperal,jasper,AL,AL,100.0,jasper,SC,0.1411100336373567
grenadaca,grenadams,grenada,CA,MS,100.0,grenada,MS,0.7522985880572918
sorzdeposita,sorzdeposital,sorz deposit,A,AL,83.33333333333334,sorz deposit,AL,0.2598489236913009
lochlomondva,lochlomondva,loch lomond,VA,VA,100.0,loch lomond,VA,0.3860827135528415
winchesterok,winchesterca,winchester,OK,CA,100.0,winchester,NV,0.2177453557815719
dickersoncityfl,dickersoncityks,dickerson city,FL,KS,88.88888888888889,dickerson city,VA,0.4645090331104248
blawenburgnj,blawenburgmd,blawenburg,NJ,MD,81.81818181818183,blawenburg,PA,0.0259794308996445
newringgoldpa,newringgoldmn,new ringgold,PA,MN,75.0,new ringgold,IA,0.1317921734153625
nenahnezadnm,nenahnezadar,nenahnezad,NM,AR,90.5,nenahnezad,PA,0.0259794308996445
kirkmania,kirkmanky,kirkman,IA,KY,85.71428571428571,kirkman,PA,0.0259794308996445
ponceinletfl,ponceinletfl,ponce inlet,FL,FL,100.0,ponce inlet,SC,0.2050869575722456
summerhavenaz,summerhavenil,summerhaven,AZ,IL,83.33333333333334,summerhaven,PA,0.0259794308996445
marspa,marspa,mars,PA,PA,100.0,mars,NC,0.119368358506422
manchesterky,manchesterky,manchester,KY,KY,100.0,manchester,VT,0.1740831662187731
brownsborovillageky,brownsborovillagetx,brownsboro village,KY,TX,90.5,brownsboro village,CT,0.0909221952954816
jacksoncenteroh,jacksoncenteroh,jackson center,OH,OH,100.0,jackson center,CT,0.1567735504519659
fortvalleyga,fortvalleyga,fort valley,GA,GA,100.0,fort valley,MT,0.1696262281012154
horseshoebendhar,horseshoebendar,horseshoe bend,HAR,AR,100.0,horseshoe bend,AR,0.4268077851998677
bassttne,bassttne,basstt,NE,NE,85.71428571428571,basstt,NE,0.1986854836953843
dalzellil,dalzellsc,dalzell,IL,SC,100.0,dalzell,SC,0.4032786986504788
bntonharbormi,bntonharbormi,bnton harbor,MI,MI,92.3076923076923,bnton harbor,NY,0.1090593126336048
inglewoodne,inglewoodca,inglewood,NE,CA,100.0,inglewood,WA,0.1432207807958571
vanderbiltpa,vanderbiltnc,vanderbilt,PA,NC,90.5,vanderbilt,PA,0.0259794308996445
harpsterh,harpstermi,harpster,H,MI,75.0,harpster,PA,0.0259794308996445
fountainhead-orchardhillsmd,fountainhead-orchardhillsmd,fountainhead-orchard hills,MD,MD,100.0,fountainhead-orchard hills,MD,0.4607705647866463
valleyspringsar,valleyspringsca,valley springs,AR,CA,100.0,valley springs,NV,0.436824894922423
jeffersonvalley-yorktownny,jeffersonvalley-yorktownny,jefferson valley-yorktown,NY,NY,100.0,jefferson valley-yorktown,NY,0.2096308239259365
portlandco,portlandct,portland,CO,CT,100.0,portland,ME,0.3517075140164565
buttedesmortswi,buttedesmortsak,butte des morts,WI,AK,90.5,butte des morts,SD,0.1541368993958107
indianspringsmd,indianspringsga,indian springs,MD,GA,100.0,indian springs,NV,0.4699437316713005
dahlgernva,dahlgernva,dahlgern,VA,VA,87.5,dahlgern,PA,0.0259794308996445
farmersvilleoh,farmersvilleoh,farmersville,OH,OH,100.0,farmersville,OH,0.0364449054050466
rockwellai,rockwellar,rockwell,AI,AR,100.0,rockwell,IA,0.2787553381470107
okeekeok,okeekear,okeeke,OK,AR,100.0,okeeke,PA,0.0259794308996445
chasepa,chaseal,chase,PA,AL,71.42857142857143,chase,DC,0.8457350580704662
augustami,augustaar,augusta,MI,AR,100.0,augusta,SC,0.1472898120532093
daytonin,daytonin,dayton,IN,IN,100.0,dayton,NV,0.1041783935080585
coburgia,coburgor,coburg,IA,OR,100.0,coburg,OR,0.0748243185628852
cherawco,cherawsc,cheraw,CO,SC,100.0,cheraw,SC,0.0681182114097765
donnelsvilleoh,donnelsvillein,donnelsville,OH,IN,91.66666666666666,donnelsville,PA,0.0259794308996445
bartelsoil,bartelsoia,bartelso,IL,IA,83.33333333333334,bartelso,PA,0.0259794308996445
rhodellwv,rhodelltx,rhodell,WV,TX,80.0,rhodell,PA,0.0259794308996445
wardenwa,wardenwa,warden,WA,WA,100.0,warden,WA,0.0471857718628021
northhillsw,northhillsca,north hills,W,CA,100.0,north hills,NY,0.1292174489219706
neaescova,neaescomi,neaesco,VA,MI,83.33333333333334,neaesco,PA,0.0259794308996445
highfillar,highfillmn,highfill,AR,MN,77.77777777777779,highfill,PA,0.0259794308996445
earlonks,earlonar,earlon,KS,AR,80.0,earlon,PA,0.0259794308996445
ocotilldca,ocotilldny,ocotilld,CA,NY,83.33333333333334,ocotilld,PA,0.0259794308996445
panaaok,panaane,panaa,OK,NE,100.0,panaa,OK,0.0623835338694811
springhousepa,springhousepa,spring house,PA,PA,100.0,spring house,VA,0.1756419483454422
inyokernca,inyokernca,inyokern,CA,CA,100.0,inyokern,CA,0.031879825005699
oilcitypa,oilcitypa,oil city,PA,PA,100.0,oil city,VA,0.1010532023008405
elmgroveok,elmgrovewi,elm grove,OK,WI,100.0,elm grove,WI,0.2676596401930379
sewall'spointfl,sewall'spointfl,sewall's point,FL,FL,100.0,sewall's point,FL,0.1291017856278189
orchardmesaco,orchardmesaco,orchard mesa,CO,CO,100.0,orchard mesa,CO,0.8073418423033857
freeportfl,freeportfl,freeport,FL,FL,100.0,freeport,ME,0.1495899993933785
lindsayne,lindsayca,lindsay,NE,CA,100.0,lindsay,OK,0.0618292958397665
churchvillep,churchvilleny,churchville,P,NY,100.0,churchville,NY,0.044860932313357
dieterichic,dieterichga,dieterich,IC,GA,83.33333333333334,dieterich,PA,0.0259794308996445
kingstownmd,kingstownmd,kingstown,MD,MD,100.0,kingstown,RI,0.9476665551356608
beldingmi,beldingmi,belding,MI,MI,100.0,belding,MI,0.1310082806463641
dryprongla,dryprongne,dry prong,LA,NE,66.66666666666666,dry prong,OH,0.3499348609696111
klemmeia,klemmeaz,klemme,IA,AZ,83.33333333333334,klemme,PA,0.0259794308996445
cadottwi,cadottwi,cadott,WI,WI,100.0,cadott,WI,0.0857032947806869
harleysvillepa,harleysvillepa,harleysville,PA,PA,100.0,harleysville,PA,0.0496484388263135
shandonca,shandonca,shandon,CA,CA,100.0,shandon,GA,0.0402177883906463
willoughbyhillsoh,willoughbyhillsoh,willoughby hills,OH,OH,100.0,willoughby hills,OH,0.348678127591744
decordovatx,decordovatx,decordova,TX,TX,100.0,decordova,TX,0.0311476746087125
brownsdalefl,brownsdaleca,brownsdale,FL,CA,80.0,brownsdale,PA,0.0259794308996445
orettala,orettaca,oretta,LA,CA,83.33333333333334,oretta,PA,0.0259794308996445
ipswichsd,ipswichsd,ipswich,SD,SD,100.0,ipswich,NH,0.2355884871062827
birdsongar,birdsongtx,birdsong,AR,TX,80.0,birdsong,PA,0.0259794308996445
sheakleyvillepa,sheakleyvilleny,sheakleyville,PA,NY,76.92307692307693,sheakleyville,PA,0.0259794308996445
uqinnesecmi,uqinnesecmi,uqinnesec,MI,MI,88.88888888888889,uqinnesec,PA,0.0259794308996445
westworthvillagetx,westworthvillagetx,westworth village,TX,TX,90.5,westworth village,CT,0.0909221952954816
holidaylakesoh,holidaylakestx,holiday lakes,OH,TX,100.0,holiday lakes,NJ,0.7909621495166882
pinecznyonca,pinecznyonaz,pine cznyon,CA,AZ,90.5,pine cznyon,NV,0.1559384731636913
thousandpalmsca,thousandpalmsca,thousand palms,CA,CA,100.0,thousand palms,CA,0.3303235047393822
decaturar,decaturar,decatur,AR,AR,100.0,decatur,GA,0.1234105879625889
underwoodnd,underwoodfl,underwood,ND,FL,77.77777777777779,underwood,AL,0.4249792280861768
sanrafaelca,sanrafaelca,san rafael,CA,CA,100.0,san rafael,PR,0.9358512520544616
hilliardqoh,hilliardfl,hilliard,QOH,FL,100.0,hilliard,OH,0.0367305057578325
pearlbeachmi,pearlbeachmi,pearl beach,MI,MI,100.0,pearl beach,HI,0.6304046675716951
blodgettor,blodgettga,blodgett,OR,GA,75.0,blodgett,PA,0.0259794308996445
sentinelok,sentinelfl,sentinel,OK,FL,90.5,sentinel,PA,0.0259794308996445
chnowethor,chnowethor,chnoweth,OR,OR,88.88888888888889,chnoweth,OR,0.0748243185628852
balmvilleny,balmvilleny,balmville,NY,NY,100.0,balmville,NY,0.0330720197492479
debequeco,debequeil,deb eque,CO,IL,66.66666666666666,deb eque,PA,0.0259794308996445
ridgevilleal,ridgevillesc,ridgeville,AL,SC,100.0,ridgeville,OH,0.1022773480410088
southkensingtonmd,southkensingtonmd,south kensington,MD,MD,100.0,south kensington,MD,0.2489101819554008
calientenv,calientenv,caliente,NV,NV,100.0,caliente,NV,0.5086786907232862
lewistowril,lewistowril,lewistowr,IL,IL,88.88888888888889,lewistowr,PA,0.0259794308996445
edmondsonar,edmondsonok,edmondson,AR,OK,90.5,edmondson,PA,0.0259794308996445
melvillemo,melvillela,melville,MO,LA,100.0,melville,RI,0.3555358900666197
jacksonvilleoh,jacksonvilleoh,jacksonville,OH,OH,90.5,jacksonville,IL,0.1017861085234802
deerislandor,deerislandin,deer island,OR,IN,90.5,deer island,WA,0.2081224314106698
twinlakescnm,twinlakescnm,twin lakesc,NM,NM,90.5,twin lakesc,ID,0.4429998498896733
springgroveil,springgroveil,spring grove,IL,IL,100.0,spring grove,MN,0.1600807328671274
spadlingnw,spadlingme,spadling,NW,ME,66.66666666666666,spadling,PA,0.0259794308996445
turkeyreekla,turkeyreekga,turkey  reek,LA,GA,83.33333333333334,turkey  reek,AK,0.0860366593141751
annandalemn,annandalemn,annandale,MN,MN,100.0,annandale,MN,0.0799882153755823
northshoreca,northshoreva,north shore,CA,VA,100.0,north shore,MD,0.2795137372706561
stillwaterok,stillwaterok,stillwater,OK,OK,100.0,stillwater,MT,0.3439660058193222
otisks,otisma,otis,KS,MA,100.0,otis,WA,0.2792628991439279
sananselmoa,sananselmoca,san anselmo,A,CA,100.0,san anselmo,CA,0.590948143449664
phoenixor,phoenixor,phoenix,OR,OR,100.0,phoenix,AZ,0.162471901719624
walnutportpa,walnutportpa,walnutport,PA,PA,100.0,walnutport,PA,0.0496484388263135
hardinsburgin,hardinsburgky,hardinsburg,IN,KY,100.0,hardinsburg,KY,0.0467781084926376
schulterok,schulterne,schulter,OK,NE,87.5,schulter,PA,0.0259794308996445
fortcoffeeo,fortcoffeefl,fort coffee,O,FL,72.72727272727273,fort coffee,AL,0.354186247776051
oldbethpageny,oldbethpageny,old bethpage,NY,NY,100.0,old bethpage,NY,0.2891833645866834
blatimoermd,blatimoermd,blatimoer,MD,MD,77.77777777777779,blatimoer,PA,0.0259794308996445
carrolltonva,carrolltonva,carrollton,VA,VA,100.0,carrollton,MD,0.1023437697888366
walkervalleyny,walkervalleyla,walker valley,NY,LA,90.5,walker valley,MD,0.1112124368409706
queensgatepa,queensgateny,queens gate,PA,NY,90.5,queens gate,NY,0.3134484312081395
ladogain,ladogaia,ladoga,IN,IA,83.33333333333334,ladoga,PA,0.0259794308996445
sverettsnp,sverettsma,sveretts,NP,MA,85.71428571428571,sveretts,PA,0.0259794308996445
riverpinesca,riverpinesar,river pines,CA,AR,80.0,river pines,FL,0.2218469291838151
veraillesmo,veraillesmo,verailles,MO,MO,90.0,verailles,IN,0.0448916770446888
annabellaut,annabellaut,annabella,UT,UT,90.5,annabella,PA,0.0259794308996445
hillcresttx,hillcrestil,hillcrest,TX,IL,100.0,hillcrest,MD,0.1757405783916133
ingallsin,ingallsin,ingalls,IN,IN,100.0,ingalls,IN,0.0465081055245254
orangeac,orangeca,orange,AC,CA,100.0,orange,VT,0.3118437282395645
santaclausni,santaclausin,santa claus,NI,IN,100.0,santa claus,IN,0.2978605990772306
swinko,swinkmi,swink,O,MI,60.0,swink,PA,0.0259794308996445
valdostaga,valdostaga,valdosta,GA,GA,100.0,valdosta,GA,0.0407416937011491
sigourneyia,sigourneyia,sigourney,IA,IA,100.0,sigourney,IA,0.19534101437681
owendalemi,owendaletn,owendale,MI,TN,77.77777777777779,owendale,PA,0.0259794308996445
enosburgfallsvt,enosburgfallsvt,enosburg falls,VT,VT,100.0,enosburg falls,VT,0.8049745003826654
millersburgin,millersburgoh,millersburg,IN,OH,100.0,millersburg,OR,0.1610550933353282
saltilloms,saltilloms,saltillo,MS,MS,100.0,saltillo,MS,0.1578652914147961
richsquarenc,richsquaremn,rich square,NC,MN,75.0,rich square,UT,0.2873310134508822
cedarridgeca,cedarridgeca,ceda rridge,CA,CA,100.0,ceda rridge,OR,0.1203331997490397
plevnamo,plevnami,plevna,MO,MI,83.33333333333334,plevna,PA,0.0259794308996445
nashvilleoh,nashvillear,nashville,OH,AR,100.0,nashville,TN,0.145929808601626
holyroodks,holyroodmi,holyrood,KS,MI,80.0,holyrood,PA,0.0259794308996445
orkswa,orkswa,orks,WA,WA,80.0,orks,MT,0.0995627935279103
lafaettemn,lafaetteal,lafaette,MN,AL,88.88888888888889,lafaette,OR,0.1192894501764657
prettyprairieks,prettyprairieid,pretty prairie,KS,ID,83.33333333333334,pretty prairie,AR,0.1202018659415669
lylestn,lylestx,lyles,TN,TX,90.5,lyles,PA,0.0259794308996445
craborhcardtn,craborhcardwv,crab orhcard,TN,WV,91.66666666666666,crab orhcard,WV,0.4819309281668265
otwellin,otwelltx,otwell,IN,TX,85.71428571428571,otwell,PA,0.0259794308996445
baldwinwi,baldwinwi,baldwin,WI,WI,100.0,baldwin,AL,0.1664910042713268
sequoyahok,sequoyahca,sequoyah,OK,CA,66.66666666666666,sequoyah,OK,0.3974453485182258
lambogliapr,lambogliapr,lamboglia,PR,PR,100.0,lamboglia,PR,0.3410476837290574
unionhill-noveltyhillwa,unionhill-noveltyhillwa,union hill-novelty hill,WA,WA,100.0,union hill-novelty hill,WA,0.3959241161068761
pleasanonne,pleasanonca,pleasanon,NE,CA,90.0,pleasanon,KS,0.1325697143388572
beechwoodms,beechwoodms,beechwood,MS,MS,100.0,beechwood,KY,0.2055937507272532
newportcentervt,newportcentervt,newport center,VT,VT,90.5,newport center,VT,0.2840384231918323
velmaok,velmaal,velma,OK,AL,80.0,velma,PA,0.0259794308996445
kemmererwy,kemmererwy,kemmerer,WY,WY,100.0,kemmerer,WY,0.3017530946300409
waynesburgpa,waynesburgpa,waynesburg,PA,PA,100.0,waynesburg,PA,0.0361012609900843
eactharwichma,eactharwichma,eact harwich,MA,MA,91.66666666666666,eact harwich,MA,0.4137546046829125
porlionska,porlionsms,por lions,KA,MS,72.72727272727273,por lions,WA,0.0562031794949833
ottawahillsoh,ottawahillsoh,ottawa hills,OH,OH,100.0,ottawa hills,OH,0.3247267175442923
fresnooh,fresnoca,fresno,OH,CA,100.0,fresno,CA,0.1602248948773213
empirega,empireca,empire,GA,CA,100.0,empire,CA,0.0431560550707599
webstergrovesmob,webstergrovesmo,webster groves,MOB,MO,100.0,webster groves,MO,0.1749680735972466
sevenvalleyspa,sevenvalleysaz,seven valleys,PA,AZ,90.5,seven valleys,SC,0.0763377591633658
deerfieldks,deerfieldil,deerfield,KS,IL,100.0,deerfield,NH,0.2148469623316715
quitmanar,quitmanga,quitman,AR,GA,100.0,quitman,MS,0.4391874206843857
woodlawnparkky,woodlawnparkil,woodlawn park,KY,IL,90.5,woodlawn park,FL,0.1583823021348945
norhpoleak,norhpoleak,norh pole,AK,AK,90.0,norh pole,AK,0.4749320094325524
pumpbackok,pumpbacktn,pump back,OK,TN,80.0,pump back,VA,0.2222710957414101
dormontp,dormontpa,dormont,P,PA,100.0,dormont,PA,0.0496484388263135
dodsonitx,dodsonitx,dodsoni,TX,TX,90.5,dodsoni,PA,0.0259794308996445
broughtonil,broughtonma,broughton,IL,MA,77.77777777777779,broughton,PA,0.0259794308996445
potwinks,potwinil,potwin,KS,IL,83.33333333333334,potwin,PA,0.0259794308996445
harrodoh,harrodca,harrod,OH,CA,85.71428571428571,harrod,PA,0.0259794308996445
nixonpa,nixonpa,nixon,PA,PA,100.0,nixon,PA,0.0357067410122229
nicomaparkok,nicomaparkok,nicoma park,OK,OK,100.0,nicoma park,OK,0.5478378864200556
uillertonia,uillertonca,uillerton,IA,CA,88.88888888888889,uillerton,PA,0.0259794308996445
glencoeky,glencoeal,glencoe,KY,AL,100.0,glencoe,AL,0.0512907067485189
sanluisnm,sanluisaz,san luis,NM,AZ,100.0,san luis,PR,0.4880144908802955
northlightplantnm,northlightplantil,north light plant,NM,IL,80.0,north light plant,FL,0.0704215393297091
sunvalleylakeia,sunvalleylakeaz,sun valley lake,IA,AZ,90.5,sun valley lake,AZ,0.632210662681378
warsawil,warsawil,warsaw,IL,IL,100.0,warsaw,MO,0.0591121687861321
dwightks,dwightil,dwight,KS,IL,100.0,dwight,IL,0.0747409259178022
pfllawi,pfllaia,pflla,WI,IA,80.0,pflla,PA,0.0259794308996445
palmvalleyfl,palmvalleyfl,palm valley,FL,FL,100.0,palm valley,FL,0.4064601263633492
mlntaukny,mlntaukny,mlntauk,NY,NY,85.71428571428571,mlntauk,PA,0.0259794308996445
fairviewil,fairviewca,fairview,IL,CA,100.0,fairview,AK,0.2343196785068705
pinhurstnc,pinhurstnc,pinhurst,NC,NC,88.88888888888889,pinhurst,MA,0.0565524052069173
winterhavena,winterhavenfl,winterhaven,A,FL,91.66666666666666,winterhaven,PA,0.0259794308996445
springfieldgq,springfieldco,springfield,GQ,CO,100.0,springfield,MA,0.0712706106948685
bannerhilltn,bannerhilltn,banner hill,TN,TN,100.0,banner hill,TN,0.3561284955872699
pennlakeparkpa,pennlakeparknj,penn lake park,PA,NJ,92.85714285714286,penn lake park,PA,0.2070293573612898
rocklandid,rocklandme,rockland,ID,ME,100.0,rockland,ME,0.2541977976160028
diablograndeca,diablograndeca,diabl ogrande,CA,CA,83.33333333333334,diabl ogrande,CA,0.031879825005699
tuliatx,tuliatx,tulia,TX,TX,100.0,tulia,TX,0.0406938805053028
briceprairiewia,briceprairiewi,brice prairie,WIA,WI,100.0,brice prairie,WI,0.5469328065970771
burnsvillewv,burnsvillemn,burnsville,WV,MN,100.0,burnsville,MN,0.0428323517756848
paynespringstx,paynespringsoh,payne springs,TX,OH,90.5,payne springs,OK,0.2905693180405953
parklawnca,parklawnaz,parklawn,CA,AZ,80.0,parklawn,PA,0.0259794308996445
canonmn,canonga,canon,MN,GA,100.0,canon,SD,0.2588148874205984
skidmoretx,skidmoretx,skidmore,TX,TX,62.5,skidmore,PA,0.0259794308996445
westphaliaia,westphaliamd,westphalia,IA,MD,100.0,westphalia,MD,0.1234601020123073
dallascityilw,dallascityga,dallas city,ILW,GA,90.5,dallas city,IA,0.4066114681005514
oakpointtx,oakpointtx,oak point,TX,TX,100.0,oak point,OR,0.1497291057906466
maguayorp,maguayoga,maguayo,RP,GA,80.0,maguayo,PA,0.0259794308996445
luthermi,lutherok,luther,MI,OK,100.0,luther,OK,0.1512249121480798
chambersburgpa,chambersburgpa,chambersburg,PA,PA,100.0,chambersburg,PA,0.0361012609900843
wellsborowpa,wellsborowpa,wellsborow,PA,PA,90.5,wellsborow,PA,0.0259794308996445
danielut,danielut,daniel,UT,UT,100.0,daniel,UT,0.0908805866970823
lehighks,lehighne,lehigh,KS,NE,100.0,lehigh,PA,0.1733207468331174
atkinsar,atkinsar,atkins,AR,AR,100.0,atkins,AR,0.0564541137052462
stanwoodwa,stanwoodwa,stanwood,WA,WA,100.0,stanwood,WA,0.0479273400441341
mendonmi,mendonma,mendon,MI,MA,100.0,mendon,VT,0.1997559880704278
edgewoodnm,edgewoodnm,edgewood,NM,NM,100.0,edgewood,NM,0.2238998253703799
custermt,custersd,custer,MT,SD,100.0,custer,SD,0.2544572605816294
blufordil,blufordnj,bluford,IL,NJ,85.71428571428571,bluford,PA,0.0259794308996445
pecostx,pecostx,pecos,TX,TX,100.0,pecos,NM,0.2386162498222485
ocheyedania,ocheyedannv,ocheyedan,IA,NV,83.33333333333334,ocheyedan,PA,0.0259794308996445
blueridgesummitpa,blueridgesummital,blue ridge summit,PA,AL,90.5,blue ridge summit,MO,0.3330717949003316
slaughtervilleok,slaughtervilleok,slaughterville,OK,OK,100.0,slaughterville,OK,0.0638307543640831
yorketownnj,yorketownnj,yorketown,NJ,NJ,100.0,yorketown,NJ,0.0424313089922792
farmingtonar,farmingtonar,farmington,AR,AR,100.0,farmington,MI,0.1052540374640426
laescondidatx,laescondidaak,la escondida,TX,AK,80.0,la escondida,NM,0.3401270040118779
arlintgonwa,arlintgonky,arlintgon,WA,KY,90.0,arlintgon,PA,0.0259794308996445
jeffersonvilleoh,jeffersonvilleoh,jeffersonville,OH,OH,100.0,jeffersonville,OH,0.0511835863872867
swansaesc,swansaeil,swansae,SC,IL,85.71428571428571,swansae,PA,0.0259794308996445
fortdrmny,fortdrmny,fort drm,NY,NY,88.88888888888889,fort drm,MD,0.1270582932410449
defianceia,defianceoh,defiance,IA,OH,100.0,defiance,AZ,0.4237820956539382
dortchesc,dortchesal,dortches,C,AL,75.0,dortches,PA,0.0259794308996445
hilltoplakestx,hilltoplakestx,hilltop lakes,TX,TX,100.0,hilltop lakes,NJ,0.1131196683008306
woodburycenterct,woodburycenterct,woodbury center,CT,CT,100.0,woodbury center,CT,0.8241954137150806
vanecsc,vanectx,vanec,SC,TX,90.5,vanec,PA,0.0259794308996445
pattersonga,pattersonca,patterson,GA,CA,100.0,patterson,CA,0.1100258043185441
petroliapa,petroliapa,petrolia,PA,PA,75.0,petrolia,PA,0.0259794308996445
wiltonmanorsfl,wiltonmanorsfl,wilton manors,FL,FL,100.0,wilton manors,FL,0.1101877735758485
chickasawal,chickasawal,chickasaw,AL,AL,100.0,chickasaw,MS,0.3247912191109088
rosehillsca,rosehillsks,rose hills,CA,KS,90.5,rose hills,LA,0.2369417036798269
sesseril,sesseril,sesser,IL,IL,100.0,sesser,IL,0.0516646472090248
stauntonil,stauntonil,staunton,IL,IL,100.0,staunton,VA,0.2723232341698469
marshallbergnc,marshallbergnc,marshallberg,NC,NC,90.5,marshallberg,PA,0.0259794308996445
liselil,lisella,lisel,IL,LA,83.33333333333334,lisel,PA,0.0259794308996445
joppaal,joppaaz,joppa,AL,AZ,66.66666666666666,joppa,PA,0.0259794308996445
lomalindawesttn,lomalindawestca,loma linda west,TN,CA,90.5,loma linda west,CA,0.500982776736988
ronkonkomany,ronkonkomany,ronkonkoma,NY,NY,100.0,ronkonkoma,NY,0.0717467398954501
clevermo,clevermo,clever,MO,MO,100.0,clever,MO,0.0771956101791143
jetmorek,jetmoreks,jetmore,K,KS,100.0,jetmore,KS,0.0553703963758998
palominasaz,palominasia,palominas,AZ,IA,90.5,palominas,PA,0.0259794308996445
kerrickmn,kerrickny,kerrick,MN,NY,85.71428571428571,kerrick,PA,0.0259794308996445
hyattvillewy,hyattvillemd,hyattville,WY,MD,90.9090909090909,hyattville,PA,0.0259794308996445
dayvilleor,dayvilleal,dayville,OR,AL,87.5,dayville,WI,0.0452684678024591
odeboltia,odeboltca,odebolt,IA,CA,80.0,odebolt,PA,0.0259794308996445
bethelacresok,bethelacresok,bethel acres,OK,OK,100.0,bethel acres,OK,0.2083577016639793
energyil,energyil,energy,IL,IL,100.0,energy,IL,0.0349335350713326
feeportoh,feeportfl,feeport,OH,FL,87.5,feeport,ME,0.0743165701939372
hudsonlakein,hudsonlakein,hudson lake,IN,IN,100.0,hudson lake,WI,0.3271321441813684
gardendaleal,gardendaleal,gardendale,AL,AL,100.0,gardendale,AL,0.2091741337683796
holdregene,holdregene,holdrege,NE,NE,100.0,holdrege,NE,0.0697996042229194
menifeear,menifeeca,menifee,AR,CA,100.0,menifee,KY,0.3693444983918201
tazewelltn,tazewelltn,tazewell,TN,TN,100.0,tazewell,TN,0.2854640951154416
selmatx,selmatx,selma,TX,TX,100.0,selma,AL,0.0512805762869683
chambersne,chambersnm,chambers,NE,NM,80.0,chambers,AL,0.380442075137682
waileahi,waileahi,wailea,HI,HI,100.0,wailea,HI,0.1919333622094022
louisvillems,louisvillems,louisville,MS,MS,100.0,louisville,KY,0.0679145607803535
wobunrma,wobunrma,wobunr,MA,MA,83.33333333333334,wobunr,PA,0.0259794308996445
sparkmanar,sparkmantx,sparkman,AR,TX,87.5,sparkman,PA,0.0259794308996445
hazelsd,hazelar,hazel,SD,AR,80.0,hazel,MI,0.1760637883963147
wrensga,wrensga,wrens,GA,GA,100.0,wrens,GA,0.0407416937011491
gervaisor,gervaisor,gervais,OR,OR,100.0,gervais,OR,0.1986193754001906
prospectparknj,prospectparknj,prospect park,NJ,NJ,100.0,prospect park,IL,0.2858308216673445
huntleymt,huntleyil,huntley,MT,IL,100.0,huntley,IL,0.0516646472090248
peconicny,peconicnm,peconic,NY,NM,80.0,peconic,PA,0.0259794308996445
rockwellnc,rockwellnc,rockwell,NC,NC,100.0,rockwell,IA,0.2787553381470107
casacoloradanm,casacoloradatx,casa colorada,NM,TX,80.0,casa colorada,AZ,0.6671985245964459
bentonvilleoh,bentonvillear,bentonville,OH,AR,100.0,bentonville,AR,0.2868181422623452
dotlakevillageak,dotlakevillageca,dot lake village,AK,CA,81.25,dot lake village,CT,0.2523026514190484
galenaak,galenail,galena,AK,IL,100.0,galena,IL,0.1451046493028826
brookfieldmo,brookfieldmo,brookfield,MO,MO,100.0,brookfield,MA,0.2825725299171717
northlakesnc,northlakesnc,northlakes,NC,NC,100.0,northlakes,NC,0.07518545924325
singacnj,singacnj,singac,NJ,NJ,100.0,singac,NJ,0.0424313089922792
statelinenv,statelinepa,stateline,NV,PA,90.0,stateline,PA,0.0259794308996445
alexandriamo,alexandriaal,alexandria,MO,AL,100.0,alexandria,NH,0.1299611036299887
weskanqs,weskantx,weskan,QS,TX,75.0,weskan,PA,0.0259794308996445
boydt,boydtx,boyd,T,TX,100.0,boyd,NE,0.5116668346295798
brownellsk,brownellca,brownell,SK,CA,80.0,brownell,PA,0.0259794308996445
humboldtriverranchnv,humboldtriverranchia,humboldt river ranch,NV,IA,90.5,humboldt river ranch,WY,0.2835553254098934
hanscomafbma,hanscomafbhi,hanscom afb,MA,HI,75.0,hanscom afb,MD,0.3078780779850041
greneknollnj,greneknollnj,grene knoll,NJ,NJ,90.9090909090909,grene knoll,NJ,0.1953567234230111
fruitladmd,fruitladmd,fruitlad,MD,MD,88.88888888888889,fruitlad,ID,0.4371894778336058
jenningsfl,jenningsla,jennings,FL,LA,100.0,jennings,LA,0.1707435456775673
midvaleid,midvaleut,midvale,ID,UT,100.0,midvale,UT,0.2563114959228773
quarryvillepa,quarryvillepa,quarryville,PA,PA,100.0,quarryville,PA,0.0496484388263135
northsanpedrotx,northsanpedrony,north san pedro,TX,NY,88.88888888888889,north san pedro,CA,0.448335931473158
whitelawwi,whitelawwi,whitelaw,WI,WI,77.77777777777779,whitelaw,PA,0.0259794308996445
panhandletx,panhandletx,panhandle,TX,TX,100.0,panhandle,TX,0.0527447337762848
ledbetterky,ledbetterky,ledbetter,KY,KY,100.0,ledbetter,KY,0.0467781084926376
st.ucievillagefl,st.ucievillageca,st. ucie village,FL,CA,75.0,st. ucie village,VT,0.316515338536626
sunyoswegony,sunyoswegotx,suny oswego,NY,TX,66.66666666666666,suny oswego,OR,0.3069656417677688
parlierca,parlierca,parlier,CA,CA,100.0,parlier,CA,0.031879825005699
philoca,philoil,philo,CA,IL,100.0,philo,IL,0.0349335350713326
tequestafl,tequestafl,tequesta,FL,FL,100.0,tequesta,FL,0.044689781507147
belkal,belkca,belk,AL,CA,75.0,belk,PA,0.0259794308996445
lymnvilleia,lymnvillems,lymnville,IA,MS,80.0,lymnville,PA,0.0259794308996445
orouinoiw,orouinoid,orouino,IW,ID,85.71428571428571,orouino,PA,0.0259794308996445
idllsboronc,idllsborode,idllsboro,NC,DE,88.88888888888889,idllsboro,PA,0.0259794308996445
taospueblonm,taospueblonm,taos pueblo,NM,NM,100.0,taos pueblo,NM,0.9881235399774972
lowmooria,lowmooril,low moor,IA,IL,75.0,low moor,AZ,0.6048827515049209
edmontsonmd,edmontsonmd,edmontson,MD,MD,88.88888888888889,edmontson,PA,0.0259794308996445
millstadtil,millstadtil,millstadt,IL,IL,100.0,millstadt,IL,0.0349335350713326
wichitafallstx,wichitafallstx,wichita falls,TX,TX,100.0,wichita falls,KS,0.297218953574958
powersvillmo,powersvillsc,powersvill,MO,SC,83.33333333333334,powersvill,PA,0.0259794308996445
mayok,mayfl,may,OK,FL,75.0,may,PA,0.0259794308996445
cocoawestfl,cocoawestfl,cocoa west,FL,FL,100.0,cocoa west,FL,0.3670457656365891
berryhilltn,berryhillal,berry hill,TN,AL,90.5,berry hill,CA,0.0827118123348897
hedgevsillewv,hedgevsilleky,hedgevsille,WV,KY,90.9090909090909,hedgevsille,PA,0.0259794308996445
southsolonoh,southsolonaz,south solon,OH,AZ,83.33333333333334,south solon,ME,0.0585418052133475
pikevilletn,pikevilletn,pikeville,TN,TN,100.0,pikeville,KY,0.0959929264731924
wheelerwi,wheelertx,wheeler,WI,TX,100.0,wheeler,OR,0.4764788399630366
cottonwodz,cottonwodca,cottonw od,Z,CA,90.5,cottonw od,CT,0.0633955559757402
westpoinil,westpointx,west poin,IL,TX,90.5,west poin,WA,0.0956586292948184
casaconejoca,casaconejoca,casa conejo,CA,CA,100.0,casa conejo,AZ,0.2649853841823509
crandonwi,crandonwi,crandon,WI,WI,100.0,crandon,WI,0.1698807023409081
ajoaz,ajoaz,ajo,AZ,AZ,100.0,ajo,AZ,0.0816111109390022
badinnc,badinnc,badin,NC,NC,100.0,badin,NC,0.07518545924325
gibsoniap,gibsoniafl,gibsonia,P,FL,100.0,gibsonia,PA,0.0476117640233233
mcleanne,mcleanva,mclean,NE,VA,100.0,mclean,ND,0.5442699819455852
springfieldsc,springfieldco,springfield,SC,CO,100.0,springfield,MA,0.0712706106948685
tennatca,tennatfl,tennat,CA,FL,83.33333333333334,tennat,PA,0.0259794308996445
lakeangelusmi,lakeangelusak,lake angelus,MI,AK,80.0,lake angelus,WI,0.2212458142848364
chandlerok,chandlerok,chandler,OK,OK,100.0,chandler,AZ,0.0710960986716787
coonvalleywi,coonvalleyaz,coon valley,WI,AZ,91.66666666666666,coon valley,MN,0.3625671860312706
southpainfieldnj,southpainfieldnj,south painfield,NJ,NJ,93.75,south painfield,CT,0.222089637298726
elmorecityok,elmorecityal,elmore city,OK,AL,90.5,elmore city,ID,0.3672433868231496
huntingbumgin,huntingbumgin,huntingbumg,IN,IN,90.9090909090909,huntingbumg,PA,0.0259794308996445
delislems,delislems,delisle,MS,MS,87.5,delisle,PA,0.0259794308996445
riverdaleparkmd,riverdaleparkmd,riverdale park,MD,MD,100.0,riverdale park,MD,0.3685770781422843
buttend,butteak,butte,ND,AK,100.0,butte,SD,0.4225037138151479
greenbacktn,greenbacktn,greenback,TN,TN,100.0,greenback,TN,0.0493296923879667
remindervilleoh,remindervilleoh,reminderville,OH,OH,100.0,reminderville,OH,0.0373012794621199
salisburya,salisburymd,salisbury,A,MD,100.0,salisbury,NH,0.1406298509999219
town'n'countryfl,town'n'countryfl,town 'n' country,FL,FL,100.0,town 'n' country,MO,0.1568648196098278
pepeekeohi,pepeekeohi,pepeekeo,HI,HI,100.0,pepeekeo,HI,0.4315098548623171
cccoolemd,cccooleaz,cccoole,MD,AZ,90.5,cccoole,PA,0.0259794308996445
briceprairieywi,briceprairiewi,brice prairie,YWI,WI,100.0,brice prairie,WI,0.5469328065970771
taylorsilleky,taylorsilleky,taylorsille,KY,KY,91.66666666666666,taylorsille,UT,0.2317985532029468
kenoshawi,kenoshawi,kenosha,WI,WI,100.0,kenosha,WI,0.3202186329492193
chesterny,chesterny,chester,NY,NY,100.0,chester,PA,0.1428052403286012
hawaiiangardenscb,hawaiiangardensca,hawaiian gardens,CB,CA,100.0,hawaiian gardens,HI,0.6732325340594194
winchesterks,winchesterca,winchester,KS,CA,100.0,winchester,NV,0.2177453557815719
stocktonmd,stocktonca,stockton,MD,CA,100.0,stockton,ME,0.3769576853313608
imogeneia,imogenesc,imogene,IA,SC,75.0,imogene,PA,0.0259794308996445
clevelandfl,clevelandfl,cleveland,FL,FL,100.0,cleveland,OK,0.2609997066387749
friscocityal,friscocityal,frisco city,AL,AL,100.0,frisco city,AL,0.3249125260099872
libertyms,libertyms,liberty,MS,MS,100.0,liberty,MT,0.1572696282555905
ruhensrtothnv,ruhensrtothva,ruhensrtoth,NV,VA,72.72727272727273,ruhensrtoth,PA,0.0259794308996445
philcampbellal,philcampbellal,phil campbell,AL,AL,100.0,phil campbell,AL,0.2757006128697694
murraysvillenc,murraysvillenc,murraysville,NC,NC,100.0,murraysville,NC,0.0421718744266612
walcottia,walcottia,walcott,IA,IA,100.0,walcott,IA,0.1065846468192689
stockislandfl,stockislandfl,stock island,FL,FL,100.0,stock island,FL,0.212847032744206
buclkeymi,buclkeywa,buclkey,MI,WA,85.71428571428571,buclkey,PA,0.0259794308996445
wildwoodtn,wildwoodtn,wildwood,TN,TN,100.0,wildwood,NJ,0.2244296299688065
crescentcitgfl,crescentcitgfl,crescent citg,FL,FL,92.3076923076923,crescent citg,KY,0.0771307809365756
kimballtn,kimballtn,kimball,TN,TN,100.0,kimball,NE,0.499610382625433
lahuertafn,lahuertanm,la huerta,FN,NM,100.0,la huerta,NM,0.6821741788918496
mravinhnc,mravinnc,mravin,HNC,NC,83.33333333333334,mravin,PA,0.0259794308996445
woodsidede,woodsideca,woodside,DE,CA,100.0,woodside,DE,0.4448602860769811
chestersc,chestersc,chester,SC,SC,100.0,chester,PA,0.1428052403286012
lockesburgd,lockesburgal,lockesburg,D,AL,80.0,lockesburg,PA,0.0259794308996445
northamptonpa,northamptonpa,northampton,PA,PA,100.0,northampton,MA,0.1427353153729743
caballonm,caballoil,caballo,NM,IL,90.5,caballo,PA,0.0259794308996445
newtownmo,newtownct,newtown,MO,CT,100.0,newtown,ND,0.1071873361028752
gladewatertx,gladewatertx,gladewater,TX,TX,100.0,gladewater,TX,0.0311476746087125
wrightcitymo,wrightcitymo,wright city,MO,MO,100.0,wright city,IA,0.198511669424583
jamestownks,jamestownca,jamestown,KS,CA,100.0,jamestown,RI,0.1925635091996229
eastmarionny,eastmarionnc,east marion,NY,NC,90.9090909090909,east marion,MA,0.188072872644837
palmonaparkfl,palmonaparkfl,palmona park,FL,FL,100.0,palmona park,FL,0.2548534728871452
hi-nellanj,hi-nellafl,hi-nella,NJ,FL,75.0,hi-nella,PA,0.0259794308996445
northhartlandtv,northhartlandor,north hartland,TV,OR,92.85714285714286,north hartland,MA,0.0815080165319108
waynemi,waynemi,wayne,MI,MI,100.0,wayne,WV,0.114739499631405
tomandapa,tomandapa,tomanda,PA,PA,85.71428571428571,tomanda,PA,0.0259794308996445
washingtondc,washingtonct,washington,DC,CT,100.0,washington,DC,0.8308863657097861
westwoodks,westwoodks,westwood,KS,KS,100.0,westwood,KS,0.0934460867238187
keansburgnj,keansburgnj,keansburg,NJ,NJ,100.0,keansburg,NJ,0.0424313089922792
perrytnotx,perrytnofl,perrytno,TX,FL,90.5,perrytno,PA,0.0259794308996445
townsendde,townsendde,townsend,DE,DE,100.0,townsend,DE,0.3032929726445841
monongahelezpa,monongahelepa,monongahele,ZPA,PA,90.9090909090909,monongahele,PA,0.0259794308996445
mountgretnapa,mountgretnamn,mount gretna,PA,MN,80.0,mount gretna,VA,0.0998278049412368
alamoin,alamoca,alamo,IN,CA,100.0,alamo,NV,0.2899835519615544
marionoh,marionoh,marion,OH,OH,100.0,marion,WV,0.095583947412658
chesterfieldvl,chesterfieldin,chesterfield,VL,IN,100.0,chesterfield,SC,0.2361201113735591
westportsd,westportct,westport,SD,CT,100.0,westport,MA,0.2445885236066405
keewatinmn,keewatinmn,keewatin,MN,MN,100.0,keewatin,MN,0.0872135515776226
goodlandn,goodlandin,goodland,N,IN,100.0,goodland,KS,0.0530360362177076
makotind,makotifl,makoti,ND,FL,75.0,makoti,PA,0.0259794308996445
mardelaspringsmd,mardelaspringsin,mardela springs,MD,IN,83.33333333333334,mardela springs,FL,0.11363555468657
solomonsmd,solomonsmd,solomons,MD,MD,100.0,solomons,MD,0.0553248928808209
animasnm,animaspr,animas,NM,PR,100.0,animas,CO,0.6566494289693516
nanawaleestateshi,nanawaleestateshi,nanawale estates,HI,HI,100.0,nanawale estates,HI,0.9141313722786742
bleeashoh,bleeashoh,blee ash,OH,OH,100.0,blee ash,AR,0.2459925935523982
alfredtx,alfredme,alfred,TX,ME,100.0,alfred,FL,0.1080431463331476
southworthwa,southworthwa,southworth,WA,WA,100.0,southworth,WA,0.0479273400441341
ridgefieldnj,ridgefieldnj,ridgefield,NJ,NJ,100.0,ridgefield,WA,0.1215717602502537
heartbuttemt,heartbuttede,heart butte,MT,DE,75.0,heart butte,SD,0.4225037138151479
oronogomo,oronogomo,oronogo,MO,MO,100.0,oronogo,MO,0.0412682841143835
orlindatn,orlindanc,orlinda,TN,NC,85.71428571428571,orlinda,PA,0.0259794308996445
fletchernc,fletchernc,fletcher,NC,NC,100.0,fletcher,OK,0.1426890960624765
harborhillsny,harborhillsoh,harbor hills,NY,OH,100.0,harbor hills,MI,0.273029475848928
mlltownad,mlltownnj,mlltown,AD,NJ,87.5,mlltown,PA,0.0259794308996445
threeoaksfl,threeoaksfl,three oaks,FL,FL,100.0,three oaks,CA,0.1623754483046749
littlesturgeonwi,littlesturgeonco,little sturgeon,WI,CO,90.5,little sturgeon,AR,0.2478165541715016
ridgewaya,ridgewayak,ridgeway,A,AK,100.0,ridgeway,AK,0.2453854755188998
lalomadefalcontx,lalomadefalcontx,la loma de falcon,TX,TX,85.71428571428571,la loma de falcon,CA,0.1526808172529483
nnewanga,nnewansc,nnewan,GA,SC,83.33333333333334,nnewan,PA,0.0259794308996445
goliadtx,goliadtx,goliad,TX,TX,100.0,goliad,TX,0.1619985653994613
portgibsonny,portgibsonms,port gibson,NY,MS,100.0,port gibson,MS,0.1066487165275516
garibaldior,garibaldiin,garibaldi,OR,IN,75.0,garibaldi,PA,0.0259794308996445
longvillemn,longvillela,longville,MN,LA,88.88888888888889,longville,PA,0.0259794308996445
eldordaoks,eldordaoks,el dordao,KS,KS,88.88888888888889,el dordao,NM,0.3149837670579087
northaugustasc,northaugustasc,north augusta,SC,SC,100.0,north augusta,SC,0.1866573267033562
mitchellvillemd,mitchellvillemd,mitchellville,MD,MD,100.0,mitchellville,MD,0.0526871709012345
mullicahillnj,mullicahillnj,mullica hill,NJ,NJ,100.0,mullica hill,NJ,0.1430687362518299
columbusil,columbusga,columbus,IL,GA,100.0,columbus,MS,0.1664184985660423
youngstownny,youngstownny,youngstown,NY,NY,100.0,youngstown,OH,0.0543625393025546
cleospringsok,cleospringsar,cleo springs,OK,AR,83.33333333333334,cleo springs,FL,0.11363555468657
paolico,paoliin,paoli,CO,IN,100.0,paoli,IN,0.0948568686041038
middletxwnia,middletxwnca,middletxwn,IA,CA,90.0,middletxwn,PA,0.0259794308996445
chinovalleyaz,chinovalleyaz,chino valley,AZ,AZ,100.0,chino valley,AZ,0.7126128306798291
callimontpa,callimontil,callimont,PA,IL,83.33333333333334,callimont,PA,0.0259794308996445
plattevilleiw,plattevilleco,platteville,IW,CO,100.0,platteville,CO,0.1275415966068215
ripleyms,ripleyms,ripley,MS,MS,100.0,ripley,IN,0.162726876491421
belfordnj,belfordnj,belford,NJ,NJ,100.0,belford,NJ,0.0424313089922792
mylond,mylofl,mylo,ND,FL,75.0,mylo,PA,0.0259794308996445
centrevilleal,centrevilleal,centreville,AL,AL,100.0,centreville,MD,0.0907535894765448
martinezlakez,martinezlakeca,martinez lake,Z,CA,90.5,martinez lake,WI,0.0790565007404254
ironmountainlakemo,ironmountainlakemi,iron mountain lake,MO,MI,90.5,iron mountain lake,MI,0.2652993934937691
lovtetsvilleva,lovtetsvilleva,lovtetsville,VA,VA,91.66666666666666,lovtetsville,PA,0.0259794308996445
honokaashi,honokaashi,honokaas,HI,HI,87.5,honokaas,PA,0.0259794308996445
monessenpa,monessenpa,monessen,PA,PA,100.0,monessen,PA,0.0361012609900843
mainewi,mainewi,maine,WI,WI,100.0,maine,WI,0.2208281348701463
southlhollandil,southlhollandil,southlholland,IL,IL,100.0,southlholland,PA,0.0259794308996445
prophetstownil,prophetstownil,prophetstown,IL,IL,100.0,prophetstown,IL,0.0349335350713326
crowderok,crowderid,crowder,OK,ID,75.0,crowder,PA,0.0259794308996445
drexelheightsaz,drexelheightsaz,drexel heights,AZ,AZ,100.0,drexel heights,AZ,0.4539761092751957
royaltonil,royaltonil,royalton,IL,IL,100.0,royalton,MN,0.0778997312017906
collinsvilleva,collinsvilleva,collinsville,VA,VA,100.0,collinsville,CT,0.1450304585438419
wimeror,wimertx,wimer,OR,TX,83.33333333333334,wimer,TX,0.0311476746087125
zionok,zionil,zion,OK,IL,100.0,zion,IL,0.181821728640871
leominsterma,leominsterma,leominster,MA,MA,100.0,leominster,MA,0.0573726671731025
pukwanasd,pukwanahi,pukwana,SD,HI,71.42857142857143,pukwana,PA,0.0259794308996445
parkeid,parkeaz,parke,ID,AZ,83.33333333333334,parke,SD,0.2408879068247904
shipottomnj,shipottomnj,ship ottom,NJ,NJ,90.9090909090909,ship ottom,NJ,0.1271558429215149
rockwalltx,rockwalltx,rockwall,TX,TX,100.0,rockwall,TX,0.1478147368822505
epesl,epesar,epes,L,AR,75.0,epes,PA,0.0259794308996445
woodsborotx,woodsborotx,woodsboro,TX,TX,100.0,woodsboro,MD,0.2157895311653066
lamarne,lamarne,lamar,NE,NE,90.5,lamar,MS,0.1780447851922909
lisobnnd,lisobnnd,lisobn,ND,ND,83.33333333333334,lisobn,PA,0.0259794308996445
lcthopolisoh,lcthopolisoh,lcthopolis,OH,OH,90.0,lcthopolis,PA,0.0259794308996445
bellewoodky,bellewoodca,bellewood,KY,CA,90.5,bellewood,PA,0.0259794308996445
bushtonks,bushtonco,bushton,KS,CO,80.0,bushton,PA,0.0259794308996445
rosca,rosca,ros,CA,CA,75.0,ros,OR,0.0608096437098446
sugarcreekpa,sugarcreekpa,sugarcreek,PA,PA,100.0,sugarcreek,OH,0.181182866132577
blueriverwi,blueriveral,blue river,WI,AL,80.0,blue river,CT,0.3639983172184156
seliganaz,seliganak,seligan,AZ,AK,75.0,seligan,PA,0.0259794308996445
chililinm,chililimn,chilili,NM,MN,87.5,chilili,PA,0.0259794308996445
lowgapnc,lowgapsd,lowgap,NC,SD,80.0,lowgap,PA,0.0259794308996445
woodburyyk,woodburyct,woodbury,YK,CT,100.0,woodbury,CT,0.4286020756740092
tunnelhillga,tunnelhillga,tunnel hill,GA,GA,83.33333333333334,tunnel hill,TN,0.1349011438370663
bradfordwoodspa,bradfordwoodspa,bradford woods,PA,PA,100.0,bradford woods,PA,0.112238233279414
mathistonms,mathistontx,mathiston,MS,TX,90.5,mathiston,PA,0.0259794308996445
hembybridgenc,hembybridgenc,hemby bridge,NC,NC,100.0,hemby bridge,NC,0.1817396967631424
edmondsoar,edmondsook,edmondso,AR,OK,90.5,edmondso,PA,0.0259794308996445
fayettevillega,fayettevillega,fayetteville,GA,GA,100.0,fayetteville,WV,0.131617033426215
farmingtonca,farmingtonar,farmington,CA,AR,100.0,farmington,MI,0.1052540374640426
ravyillemo,ravyillemo,ravyille,MO,MO,88.88888888888889,ravyille,PA,0.0259794308996445
stonybrookuniversityny,stonybrookuniversityny,stony brook university,NY,NY,90.5,stony brook university,NY,0.1285950267872367
crystalbeachny,crystalbeachmn,crystal beach,NY,MN,90.5,crystal beach,FL,0.6590273243394718
chesterar,chesterca,chester,AR,CA,100.0,chester,PA,0.1428052403286012
belzonims,belzonims,belzoni,MS,MS,100.0,belzoni,MS,0.1578652914147961
cosmopoliswa,cosmopoliswa,cosmopolis,WA,WA,100.0,cosmopolis,WA,0.0974155803818248
chielakewi,chielakewi,chie lake,WI,WI,77.77777777777779,chie lake,WI,0.093656694288354
amquonilw,amquonal,amquon,ILW,AL,66.66666666666666,amquon,PA,0.0259794308996445
turtonsa,turtonmi,turton,SA,MI,100.0,turton,PA,0.0259794308996445
charlestonsc,charlestonsc,charleston,SC,SC,100.0,charleston,SC,0.2383978074065542
brendaaz,brendaal,brenda,AZ,AL,80.0,brenda,PA,0.0259794308996445
lavalemd,lavalemd,la vale,MD,MD,100.0,la vale,OR,0.1802546256090864
maynardvilletn,maynardvilletn,maynardville,TN,TN,100.0,maynardville,TN,0.1077091210331116
dunlapohp,dunlapil,dunlap,OHP,IL,100.0,dunlap,IN,0.1841208713381686
simontonlakein,simontonlakein,simonton lake,IN,IN,100.0,simonton lake,IN,0.1846241044904537
toyahtx,toyahwi,toyah,TX,WI,80.0,toyah,WI,0.0452684678024591
tatamypa,tatamypa,tatamy,PA,PA,100.0,tatamy,PA,0.0496484388263135
pelionsc,pelionms,pelion,SC,MS,71.42857142857143,pelion,PA,0.0259794308996445
ephratapa,ephratapa,ephrata,PA,PA,100.0,ephrata,PA,0.0475712893014899
broadwellil,broadwellil,broadwell,IL,IL,80.0,broadwell,PA,0.0259794308996445
rinconvalleyaz,rinconvalleyga,rincon valley,AZ,GA,90.5,rincon valley,CA,0.0840856484130429
queenstownmd,queenstownny,queenstown,MD,NY,90.5,queenstown,PA,0.0259794308996445
kirbytwy,kirbyttx,kirbyt,WY,TX,90.5,kirbyt,PA,0.0259794308996445
lowerhillny,lowerhillny,lower hill,NY,NY,90.9090909090909,lower hill,PA,0.2505217589084229
penningtongapva,penningtongapva,pennington gap,VA,VA,100.0,pennington gap,VA,0.3320452419639503
nevismn,nevismi,nevis,MN,MI,75.0,nevis,PA,0.0259794308996445
viennail,viennail,vienna,IL,IL,100.0,vienna,LA,0.1638902966891961
northdecaturga,northdecaturga,north decatur,GA,GA,100.0,north decatur,IN,0.1426254410960051
millheimpa,millheimal,millheim,PA,AL,83.33333333333334,millheim,PA,0.0259794308996445
crevecoeuril,crevecoeuril,creve coeur,IL,IL,100.0,creve coeur,MO,0.2156911108600216
loyalhannapa,loyalhannapa,loyalhanna,PA,PA,100.0,loyalhanna,PA,0.0496484388263135
colfaxin,colfaxca,colfax,IN,CA,100.0,colfax,NM,0.5226485455153937
paolipa,paolipa,paoli,PA,PA,100.0,paoli,IN,0.0948568686041038
metalinefallswa,metalinefallsms,metaline falls,WA,MS,80.0,metaline falls,RI,0.353042592315833
ellistonmt,ellistonks,elliston,MT,KS,90.5,elliston,PA,0.0259794308996445
leadhillar,leadhillsd,lead hill,AR,SD,90.5,lead hill,SD,0.1036257768237444
belfmrdnj,belfmrdnj,belfmrd,NJ,NJ,85.71428571428571,belfmrd,PA,0.0259794308996445
osgoodoh,osgoodin,osgood,OH,IN,100.0,osgood,IN,0.0971690238562343
elmercitywa,elmercitynj,elmer city,WA,NJ,90.5,elmer city,TN,0.1211542601941078
tishomingoms,tishomingook,tishomingo,MS,OK,100.0,tishomingo,MS,0.4276458747534284
hornsbytn,hornsbyal,hornsby,TN,AL,85.71428571428571,hornsby,TX,0.0430091075905035
rockymountva,rockymountva,rocky mount,VA,VA,100.0,rocky mount,NC,0.2614713947252857
tupeloms,tupeloms,tupelo,MS,MS,100.0,tupelo,MS,0.0626938116093965
blainga,blainmn,blain,GA,MN,83.33333333333334,blain,NE,0.10166875197434
albanyga,albanyga,albany,GA,GA,100.0,albany,WY,0.4428465327625091
chasecityva,chasecityva,chase city,VA,VA,100.0,chase city,DC,0.3622478498511456
lewisburgtn,lewisburgtn,lewisburg,TN,TN,100.0,lewisburg,OH,0.1326060984599169
doltonil,doltonil,dolton,IL,IL,100.0,dolton,MA,0.0561264708642104
meadowgladewa,meadowgladewa,meadow glade,WA,WA,100.0,meadow glade,FL,0.1813029541527364
whitehousetn,whitehousetn,white house,TN,TN,100.0,white house,TN,0.3312727326220544
destrehanla,destrehanla,destrehan,LA,LA,100.0,destrehan,LA,0.0601926739649647
hibbingmn,hibbingmn,hibbing,MN,MN,100.0,hibbing,MN,0.0441160464595694
stantnotn,stantnoil,stantno,TN,IL,87.5,stantno,PA,0.0259794308996445
livingstonca,livingstonca,livingston,CA,CA,100.0,livingston,NY,0.0894100936479878
victorygardensnj,victorygardensnj,victory gardens,NJ,NJ,100.0,victory gardens,NJ,0.3641368849277655
rosebudmt,rosebudsd,rosebud,MT,SD,100.0,rosebud,MT,0.5373068818346414
rowesrunpa,rowesrunmo,rowes run,PA,MO,80.0,rowes run,VA,0.2434302904102749
smithsstational,smithsstational,smiths station,AL,AL,100.0,smiths station,AL,0.3134884823621743
leesburgh,leesburgal,leesburg,H,AL,100.0,leesburg,AL,0.0902553626258587
scottcityks,scottcityks,scott city,KS,KS,100.0,scott city,VA,0.2259396612005161
sinkingspringoa,sinkingspringpa,sinking spring,OA,PA,100.0,sinking spring,PA,0.1496635690801271
southworthaw,southworthwa,southworth,AW,WA,100.0,southworth,WA,0.0479273400441341
kirtlandhillsoh,kirtlandhillsoh,kirtland hills,OH,OH,90.5,kirtland hills,NM,0.1506739414188103
newportcentervt,newportcentervt,newport center,VT,VT,90.5,newport center,VT,0.2840384231918323
d'ibervillems,d'ibervillems,d'iberville,MS,MS,100.0,d'iberville,LA,0.1447925764723402
tinleyparkil,tinleyparkil,tinley park,IL,IL,100.0,tinley park,IL,0.2708401177020078
masonwi,masonmi,mason,WI,MI,100.0,mason,WV,0.1564638473626649
wilberforceoh,wilberforceoh,wilberforce,OH,OH,100.0,wilberforce,OH,0.0373012794621199
midwaqoh,midwaqar,midwaq,OH,AR,83.33333333333334,midwaq,PA,0.0259794308996445
natchitochesla,natchitochesla,natchitoches,LA,LA,100.0,natchitoches,LA,0.2649689814788122
kiowaok,kiowaco,kiowa,OK,CO,100.0,kiowa,CO,0.2839790410716526
wrynesvilleil,wrynesvillemo,wrynesville,IL,MO,90.9090909090909,wrynesville,PA,0.0259794308996445
holdenwv,holdenme,holden,WV,ME,100.0,holden,ME,0.2348278730900685
flintmi,flintmi,flint,MI,MI,100.0,flint,AL,0.154594730076797
thewoodlandstx,thewoodlandstx,the woodlands,TX,TX,100.0,the woodlands,TX,0.0311476746087125
buffalogaptx,buffalogaptx,buffalo gap,TX,TX,90.5,buffalo gap,VA,0.1291285490321934
waitehilloh,waitehillar,waite hill,OH,AR,80.0,waite hill,MN,0.0770339200800886
sringfieldo,sringfieldco,sringfield,O,CO,90.9090909090909,sringfield,SD,0.2082024511427528
almbogliapr,almbogliapr,almboglia,PR,PR,88.88888888888889,almboglia,PA,0.0259794308996445
lucanmn,lucanla,lucan,MN,LA,80.0,lucan,CA,0.0282641318286321
elwoodne,elwoodne,elwood,NE,NE,100.0,elwood,NE,0.1121216779488068
prairieviewks,prairieviewtx,prairie view,KS,TX,100.0,prairie view,AR,0.2546719873937533
mayvilleny,mayvilleny,mayville,NY,NY,100.0,mayville,ND,0.1156111104810938
coldfootak,coldfootca,coldfoot,AK,CA,75.0,coldfoot,PA,0.0259794308996445
mullintx,mullinsc,mullin,TX,SC,85.71428571428571,mullin,PA,0.0259794308996445
grandpointla,grandpointla,grand point,LA,LA,100.0,grand point,WA,0.1088925404766824
nasellewa,naselleil,naselle,WA,IL,87.5,naselle,PA,0.0259794308996445
avingertx,avingertx,avinger,TX,TX,80.0,avinger,PA,0.0259794308996445
sanfordal,sanfordfl,sanford,AL,FL,100.0,sanford,ME,0.3977903032542357
dunwoodyga,dunwoodyga,dunwoody,GA,GA,100.0,dunwoody,GA,0.0743335847478249
anawaltwv,anawaltil,anawalt,WV,IL,90.5,anawalt,PA,0.0259794308996445
daltonne,daltonga,dalton,NE,GA,100.0,dalton,ID,0.672075807860825
broadwaynj,broadwaync,broadway,NJ,NC,100.0,broadway,NC,0.0408902196079422
rehobethal,rehobethal,rehobeth,AL,AL,100.0,rehobeth,AL,0.2154511066925782
coronitaca,coronitami,coronita,CA,MI,90.5,coronita,PA,0.0259794308996445
taylorsvilleky,taylorsvilleky,taylorsville,KY,KY,100.0,taylorsville,KY,0.1236181148494904
capitanejopr,capitanejopr,capitanejo,PR,PR,100.0,capitanejo,PR,0.2030463141340624
gordonvillemo,gordonvilletn,gordonville,MO,TN,91.66666666666666,gordonville,PA,0.0259794308996445
worthingtonoh,worthingtonoh,worthington,OH,OH,100.0,worthington,KY,0.2228407876607009
mcconnellafbks,mcconnellafbks,mcconnell afb,KS,KS,100.0,mcconnell afb,KS,0.4661064281441745
slocombal,slocombal,slocomb,AL,AL,100.0,slocomb,AL,0.1206472361293829
porumok,porumca,porum,OK,CA,75.0,porum,PA,0.0259794308996445
charleroipa,charleroipa,charleroi,PA,PA,100.0,charleroi,PA,0.1137019930928537
rockvilelut,rockvilelct,rockvilel,UT,CT,88.88888888888889,rockvilel,PA,0.0259794308996445
forthillor,forthillid,fort hill,OR,ID,88.88888888888889,fort hill,MT,0.1349022715462103
willowspringsmo,willowspringsmo,willow springs,MO,MO,100.0,willow springs,AZ,0.2951503463414889
laporteco,laporteco,laporte,CO,CO,100.0,laporte,IN,0.3494409601491012
shelleyid,shelleyid,shelley,ID,ID,100.0,shelley,ID,0.3708864388666115
bethlehemnc,bethlehemnc,bethlehem,NC,NC,100.0,bethlehem,CT,0.3277746353085582
premonttx,premonttx,premont,TX,TX,100.0,premont,TX,0.0311476746087125
mrganotwnwv,mrganotwnwv,mrganotwn,WV,WV,90.0,mrganotwn,PA,0.0259794308996445
ogdenil,ogdenia,ogden,IL,IA,100.0,ogden,UT,0.6073815616054329
plaindealingla,plaindealingks,plain dealing,LA,KS,83.33333333333334,plain dealing,UT,0.2239340442463756
savannahtn,savannahtn,savannah,TN,TN,100.0,savannah,SC,0.1206032272566099
hollandoh,hollandoh,holland,OH,OH,100.0,holland,IL,0.0632066986942924
junobeachfl,junobeachfl,juno beach,FL,FL,100.0,juno beach,FL,0.5239615375942245
magnessar,magnessms,magness,AR,MS,80.0,magness,PA,0.0259794308996445
doveroh,doveroh,dover,OH,OH,100.0,dover,DE,0.4159080594417095
evrnonhillsih,evrnonhillsil,evrnon hills,IH,IL,91.66666666666666,evrnon hills,KY,0.1803497050908042
yerdinandid,yerdinandak,yerdinand,ID,AK,90.5,yerdinand,PA,0.0259794308996445
bensonmn,bensonmn,benson,MN,MN,100.0,benson,ND,0.4194227940221316
camdentono,camdentonmo,camdenton,O,MO,100.0,camdenton,MO,0.0771956101791143
anhtostonky,anhtostontx,anhtoston,KY,TX,88.88888888888889,anhtoston,PA,0.0259794308996445
kerenstx,kerenstx,kerens,TX,TX,100.0,kerens,TX,0.0311476746087125
chiltontx,chiltonwi,chilton,TX,WI,100.0,chilton,AL,0.2308772039656038
sadcarlosiitx,sadcarlosiitx,sad carlos ii,TX,TX,90.0,sad carlos ii,TX,0.0728878911025872
roanokein,roanokein,roanoke,IN,IN,100.0,roanoke,VA,0.3741830784271167
harborhillsny,harborhillsoh,harbor hills,NY,OH,100.0,harbor hills,MI,0.273029475848928
thornebayak,thornebaywi,thorne bay,AK,WI,80.0,thorne bay,AK,0.2420218601997903
cnawsonut,cnawsonmi,cnawson,UT,MI,85.71428571428571,cnawson,PA,0.0259794308996445
uppersantanvillageaz,uppersantanvillageid,upper santan village,AZ,ID,83.33333333333334,upper santan village,CO,0.1520322826427008
lillyga,lillyaz,lilly,GA,AZ,90.5,lilly,PA,0.0259794308996445
greatmeadowsnj,greatmeadowsoh,great meadows,NJ,OH,84.61538461538461,great meadows,NY,0.2639273560833465
grannisar,grannisca,grannis,AR,CA,83.33333333333334,grannis,PA,0.0259794308996445
mattooil,mattooil,mattoo,IL,IL,100.0,mattoo,PA,0.0259794308996445
readstownwi,readstownil,readstown,WI,IL,90.0,readstown,PA,0.0259794308996445
claverack-redmillsny,claverack-redmillsin,claverack-red mills,NY,IN,83.33333333333334,claverack-red mills,SC,0.3872667682896117
moundciaysd,moundciaymn,mound ciay,SD,MN,90.5,mound ciay,SD,0.1496606869307375
laurelhillnc,laurelhillnc,laurel hill,NC,NC,100.0,laurel hill,MD,0.2500402832047698
perrintx,perrinaz,perrin,TX,AZ,83.33333333333334,perrin,FL,0.0285490568108297
wendellmnw,wendellid,wendell,MNW,ID,100.0,wendell,ID,0.1136174818195392
schenectadyny,schenectadyny,schenectady,NY,NY,100.0,schenectady,NY,0.1271104087459459
willowhillil,willowhillak,willow hill,IL,AK,90.5,willow hill,MO,0.144102358758356
winoosiktv,winoosikvt,winoosik,TV,VT,87.5,winoosik,PA,0.0259794308996445
monumentco,monumentco,monument,CO,CO,100.0,monument,MA,0.3849831393861301
winthropharboril,winthropharboril,winthrop harbor,IL,IL,100.0,winthrop harbor,ME,0.29136566596853
rutherfordac,rutherfordnj,rutherford,AC,NJ,100.0,rutherford,NC,0.239530371486203
trumansburgny,trumansburgny,trumansburg,NY,NY,100.0,trumansburg,NY,0.0455865646322406
nodawayia,nodawaytx,nodaway,IA,TX,85.71428571428571,nodaway,MO,0.3978535481582092
fordks,fordnj,ford,KS,NJ,80.0,ford,CO,0.1502560493991029
diomedeka,diomedeca,diomede,KA,CA,75.0,diomede,PA,0.0259794308996445
tuckahoeva,tuckahoeva,tuckahoe,VA,VA,100.0,tuckahoe,VA,0.0400395652194453
lakearrowheadme,lakearrowheadme,lake arrowhead,ME,ME,100.0,lake arrowhead,ME,0.1539840364527728
bufalopr,bufalopr,bufalo,PR,PR,100.0,bufalo,WY,0.259324256554638
tubacaz,tubacaz,tubac,AZ,AZ,100.0,tubac,AZ,0.0816111109390022
georgianaal,georgianaal,georgiana,AL,AL,100.0,georgiana,AL,0.0554624517224576
kenansvillenc,kenansvillenc,kenansville,NC,NC,100.0,kenansville,NC,0.0421718744266612
portroyalva,portroyalsc,port royal,VA,SC,100.0,port royal,WA,0.2559752691027003
swanseail,swanseail,swansea,IL,IL,100.0,swansea,MA,0.1065286614510451
emntastalakeak,emntastalakepa,emntasta lake,AK,PA,87.5,emntasta lake,WI,0.2212458142848364
paqtgonc,paqtgotx,paqtgo,NC,TX,71.42857142857143,paqtgo,PA,0.0259794308996445
pemborkeky,pemborkega,pemborke,KY,GA,87.5,pemborke,PA,0.0259794308996445
depoebayor,depoebayor,depoe bay,OR,OR,100.0,depoe bay,OR,0.4826839155239853
milfordtx,milfordct,milford,TX,CT,100.0,milford,CT,0.2387980306433143
edistobeachc,edistobeachsc,edisto beach,C,SC,90.5,edisto beach,FL,0.1794118772042512
wataugatx,wataugatx,watauga,TX,TX,100.0,watauga,NC,0.2742264375483305
simpsona,simpsonpa,simpson,A,PA,100.0,simpson,KY,0.357380211095533
centuryfl,centuryfl,century,FL,FL,100.0,century,KS,0.25717429844737
warwickok,warwickny,warwick,OK,NY,100.0,warwick,RI,0.7918996960907052
hndsboroil,hndsboroil,hndsboro,IL,IL,71.42857142857143,hndsboro,PA,0.0259794308996445
foutainco,foutainco,fo utain,CO,CO,75.0,fo utain,WA,0.0601794887158034
severanceco,severanceco,severance,CO,CO,100.0,severance,CO,0.0620921738486714
assumptionil,assumptionil,assumption,IL,IL,100.0,assumption,LA,0.1911420302210527
villardmn,villardaz,villard,MN,AZ,90.5,villard,PA,0.0259794308996445
champaignil,champaignil,champaign,IL,IL,100.0,champaign,IL,0.1680115350734427
princetonmeadowsnj,princetonmeadowsnj,princeton meadows,NJ,NJ,100.0,princeton meadows,NJ,0.3355008483750564
wallingfordecnterct,wallingfordecnterct,wallingford ecnter,CT,CT,94.44444444444444,wallingford ecnter,CT,0.5695431070610621
kykotsmovivillageaz,kykotsmovivillagemn,kykotsmovi village,AZ,MN,75.0,kykotsmovi village,CT,0.2784592898334533
paradisehlilok,paradisehlilca,paradise hlil,OK,CA,90.5,paradise hlil,NV,0.2859646379004008
wellingtonks,wellingtonks,wellington,KS,KS,100.0,wellington,KS,0.0996725198510714
grndbayal,grndbayal,grnd bay,AL,AL,88.88888888888889,grnd bay,MI,0.1609817597129852
palmvalleyfl,palmvalleyfl,palm valley,FL,FL,100.0,palm valley,FL,0.4064601263633492
nicolausca,nicolausok,nicolaus,CA,OK,80.0,nicolaus,PA,0.0259794308996445
poncedeleonfl,poncedeleonpr,ponce de leon,FL,PR,90.5,ponce de leon,FL,0.3583863246532139
evadaetx,evadaetx,evadae,TX,TX,85.71428571428571,evadae,PA,0.0259794308996445
hickoryhillky,hickoryhillil,hickory hill,KY,IL,92.3076923076923,hickory hill,TN,0.3013263810612774
osceolawi,osceolawi,osceola,WI,WI,100.0,osceola,MI,0.1628783124465353
oakvillewa,oakvillect,oakville,WA,CT,100.0,oakville,CT,0.0956117300425466
riverbottymok,riverbottymar,river bottym,OK,AR,80.0,river bottym,AK,0.138196470047638
malverneyn,malverneny,malverne,YN,NY,100.0,malverne,NY,0.0455865646322406
eastwhittierca,eastwhittierga,east whittier,CA,GA,80.0,east whittier,CA,0.1476401354128604
universityparkfl,universityparkfl,university park,FL,FL,100.0,university park,NM,0.1871267180784799
leonardnd,leonardtx,leonard,ND,TX,100.0,leonard,MO,0.2659978992942511
medfordlakesnj,medfordlakesnj,medford lakes,NJ,NJ,100.0,medford lakes,NJ,0.2846663707318115
palointotx,palointoia,palo into,TX,IA,90.5,palo into,PR,0.2445077121993922
heilnd,heilut,heil,ND,UT,75.0,heil,PA,0.0259794308996445
lakestevenswa,lakestevenswa,lake stevens,WA,WA,100.0,lake stevens,WA,0.4917159961128334
ellerbenc,ellerbenc,ellerbe,NC,NC,100.0,ellerbe,NC,0.0421718744266612
romeia,romega,rome,IA,GA,100.0,rome,IN,0.2292572022335492
northcatasauquapa,northcatasauquapa,north catasauqua,PA,PA,100.0,north catasauqua,PA,0.0847423714989643
nashnd,nashtx,nash,ND,TX,100.0,nash,NC,0.2619769580630922
robetrsdaleal,robetrsdaleal,robetrsdale,AL,AL,90.9090909090909,robetrsdale,PA,0.0259794308996445
sevenmilefordva,sevenmilefordmd,seven milef ord,VA,MD,83.33333333333334,seven milef ord,SC,0.078787486407586
elzabethnj,elzabethnj,elzabeth,NJ,NJ,88.88888888888889,elzabeth,CO,0.0599235788866957
slingerwi,slingerwi,slinger,WI,WI,100.0,slinger,WI,0.0857032947806869
suffielddepotct,suffielddepotct,suffield depot,CT,CT,100.0,suffield depot,CT,0.8523136796611649
chtahamla,chtahamil,chtaham,LA,IL,100.0,chtaham,PA,0.0259794308996445
mcclenneytractca,mcclenneytractfl,mcclenney tract,CA,FL,88.88888888888889,mcclenney tract,CA,0.1299146148765502
slovanpa,slovannc,slovan,PA,NC,80.0,slovan,PA,0.0259794308996445
mcrobertsky,mcrobertsfl,mcroberts,KY,FL,80.0,mcroberts,PA,0.0259794308996445
rosellenj,rosellenj,roselle,NJ,NJ,100.0,roselle,NJ,0.2401540326717308
mapleridgeoh,mapleridgear,maple ridge,OH,AR,75.0,maple ridge,WA,0.1437869349270118
clintonvillewi,clintonvillewi,clintonville,WI,WI,100.0,clintonville,WI,0.0452684678024591
sayprookil,sayprookpa,sayprook,IL,PA,77.77777777777779,sayprook,PA,0.0259794308996445
smithville-sandersin,smithville-sandersin,smithville-sanders,IN,IN,100.0,smithville-sanders,IN,0.2646637050180482
mineralspringsnc,mineralspringsnc,mineral springs,NC,NC,100.0,mineral springs,NV,0.2381900252639786
lakevillein,lakevillemn,lakeville,IN,MN,100.0,lakeville,MN,0.0797493088774232
orchardhomesmt,orchardhomesmt,orchard homes,MT,MT,100.0,orchard homes,MT,0.5565465631652052
clinchportka,clinchporttx,clinchport,KA,TX,80.0,clinchport,PA,0.0259794308996445
bepreho,bepreoh,bepre,HO,OH,83.33333333333334,bepre,OH,0.0867496080020636
tarbronc,tarbronc,tarbro,NC,NC,85.71428571428571,tarbro,NC,0.0421718744266612
smithvilleflatsny,smithvilleflatsmo,smithville flats,NY,MO,90.5,smithville flats,IN,0.0781316956833641
idala,idail,ida,LA,IL,66.66666666666666,ida,IA,0.4919541352537379
northnewhydeparkny,northnewhydeparkny,north new hyde park,NY,NY,100.0,north new hyde park,NY,0.4220377446331562
brightonia,brightonal,brighton,IA,AL,100.0,brighton,NY,0.0806731331507283
ellwoodcityp,ellwoodcitypa,ellwood city,P,PA,100.0,ellwood city,VA,0.1692543768412547
westhollywoodca,westhollywoodca,west hollywood,CA,CA,100.0,west hollywood,FL,0.1291645981434571
corydonky,corydonin,corydon,KY,IN,100.0,corydon,IA,0.100222534644677
cliftonsc,cliftonaz,clifton,SC,AZ,100.0,clifton,VA,0.1271282366934766
northballstonspan,northballstonspany,north ballston spa,N,NY,100.0,north ballston spa,NY,0.5467490523656858
pembrokega,pembrokega,pembroke,GA,GA,100.0,pembroke,FL,0.1247115072583019
mountsterlingia,mountsterlingil,mount sterling,IA,IL,100.0,mount sterling,KY,0.1654547263545776
pringlesd,pringletx,pringle,SD,TX,83.33333333333334,pringle,PA,0.0259794308996445
atkinva,atkinva,atkin,VA,VA,83.33333333333334,atkin,VA,0.0672840752190854
paxtoniahpa,paxtoniapa,paxtonia,HPA,PA,100.0,paxtonia,PA,0.0361012609900843
northplainsor,northplainsor,north plains,OR,OR,100.0,north plains,OR,0.1872562511581575
st.regisfallsny,st.regisfallsny,st. regis falls,NY,NY,70.58823529411765,st. regis falls,VT,0.4400172311409487
springfieldsd,springfieldsd,springfield,SD,SD,100.0,springfield,MA,0.0712706106948685
kingstonnj,kingstonnj,kingston,NJ,NJ,100.0,kingston,NH,0.2532639101685639
southdennisma,southdennisma,south dennis,MA,MA,100.0,south dennis,MA,0.8028011446580828
fremontca,fremontca,fremont,CA,CA,100.0,fremont,WY,0.3620932609729183
glenhopepa,glenhopeny,glen hope,PA,NY,77.77777777777779,glen hope,NC,0.2070586226499101
sunburypa,sunburypa,sunbury,PA,PA,100.0,sunbury,OH,0.0567316479062552
medfordok,medfordok,medford,OK,OK,100.0,medford,NJ,0.0706231766448782
morsela,morseok,morse,LA,OK,80.0,morse,PA,0.0259794308996445
westbountifulut,westbountifulut,west bountiful,UT,UT,100.0,west bountiful,UT,0.6385396856693963
poipuhi,poipuhi,poipu,HI,HI,66.66666666666666,poipu,PA,0.0259794308996445
uhlandtx,uhlandtx,uhland,TX,TX,100.0,uhland,TX,0.0406938805053028
barnshallok,barnshallok,barnshall,OK,OK,88.88888888888889,barnshall,PA,0.0259794308996445
southst.paulmn,southst.paulmn,south st. paul,MN,MN,81.25,south st. paul,VT,0.3776884162805535
voltairend,voltaireny,voltaire,ND,NY,80.0,voltaire,PA,0.0259794308996445
horsepastureva,horsepastureva,horse pasture,VA,VA,100.0,horse pasture,VA,0.2708822968193384
canbyca,canbymn,canby,CA,MN,100.0,canby,MN,0.0788316704127057
lemongroveca,lemongroveca,lemon grove,CA,CA,100.0,lemon grove,SD,0.2270792586527512
chillicothetx,chillicotheil,chillicothe,TX,IL,100.0,chillicothe,MO,0.0732048307163757
mondovii,mondoviwi,mondovi,I,WI,100.0,mondovi,WI,0.0452684678024591
bordelonvileila,bordelonvilepr,bordelonvile,ILA,PR,75.0,bordelonvile,PA,0.0259794308996445
lakewalesfl,lakewalesfl,lake wales,FL,FL,100.0,lake wales,FL,0.2119062222719135
austinpa,austinar,austin,PA,AR,100.0,austin,AR,0.1785048763973608
clermontmo,clermontfl,clermont,MO,FL,100.0,clermont,OH,0.1139316857988896
pelicanbayf,pelicanbayfl,pelican bay,F,FL,100.0,pelican bay,MN,0.2189682276534549
cornellil,cornellwi,cornell,IL,WI,100.0,cornell,WI,0.0857032947806869
crandlaltx,crandlaltx,crandlal,TX,TX,87.5,crandlal,PA,0.0259794308996445
edenwi,edenny,eden,WI,NY,100.0,eden,MN,0.5256828627219307
twinlakemi,twinlakemi,twin lake,MI,MI,100.0,twin lake,ID,0.2697077269974892
galionoh,galionoh,galion,OH,OH,100.0,galion,OH,0.0577745931942411
montereytn,montereytn,monterey,TN,TN,100.0,monterey,NM,0.372680794010507
maryestherfl,maryestherfl,mary esther,FL,FL,100.0,mary esther,FL,0.1464261444002538
ozawkieks,ozawkieal,ozawkie,KS,AL,80.0,ozawkie,PA,0.0259794308996445
sandiegoca,sandiegoca,san diego,CA,CA,100.0,san diego,CA,0.8370656284235982
fawngrovema,fawngrovemo,fawn grove,MA,MO,80.0,fawn grove,IL,0.2531192149779287
littlechutewi,littlechutewi,little chute,WI,WI,100.0,little chute,WI,0.3544554635756151
mullintx,mullinsc,mullin,TX,SC,85.71428571428571,mullin,PA,0.0259794308996445
vidortx,vidortx,vidor,TX,TX,100.0,vidor,TX,0.0311476746087125
santarosavalleyca,santarosavalleyca,santa rosa valley,CA,CA,90.5,santa rosa valley,NM,0.5867158029865617
upsalamn,upsalaaz,upsala,MN,AZ,71.42857142857143,upsala,PA,0.0259794308996445
peachlakey,peachlakeny,peach lake,Y,NY,100.0,peach lake,AZ,0.3558354912403239
fredoniapa,fredoniaaz,fredonia,PA,AZ,100.0,fredonia,WI,0.1060115427771385
scottafbil,scottafbla,scott afb,IL,LA,90.5,scott afb,KS,0.4359870250563972
harringtonde,harringtonde,harrington,DE,DE,100.0,harrington,DE,0.6074315737622036
westsidecai,westsidetx,westside,CAI,TX,90.5,westside,PA,0.0259794308996445
ravinepy,ravineca,ravine,PY,CA,83.33333333333334,ravine,PA,0.0259794308996445
bentonmo,bentonmo,benton,MO,MO,100.0,benton,WA,0.1373908908466506
conleyga,conleyga,conley,GA,GA,100.0,conley,GA,0.1256998842123615
sancastlefl,sancastleil,san castle,FL,IL,83.33333333333334,san castle,CO,0.5764062797232061
neesessc,neesesak,neeses,SC,AK,100.0,neeses,PA,0.0259794308996445
lakequiviraks,lakequiviraak,lake quivira,KS,AK,80.0,lake quivira,WI,0.2212458142848364
murillotx,murillotx,murillo,TX,TX,85.71428571428571,murillo,TX,0.058520746470461
kingvalecak,kingvalenc,kingvale,CAK,NC,90.5,kingvale,PA,0.0259794308996445
treynoria,treynoral,treynor,IA,AL,75.0,treynor,PA,0.0259794308996445
berwynil,berwynil,berwyn,IL,IL,100.0,berwyn,MD,0.2563492061098787
wshtucnawa,wshtucnatx,wshtucna,WA,TX,75.0,wshtucna,PA,0.0259794308996445
orwelloh,orwelloh,orwell,OH,OH,100.0,orwell,OH,0.0577745931942411
mildredwtx,mildredct,mildred,WTX,CT,85.71428571428571,mildred,PA,0.0259794308996445
galesfrryct,galesfrryct,gales frry,CT,CT,90.9090909090909,gales frry,CT,0.1939420956600561
stanleynd,stanleynd,stanley,ND,ND,100.0,stanley,SD,0.3618316727390316
batesvilletx,batesvilletx,batesville,TX,TX,100.0,batesville,AR,0.1215970483252315
chickennak,chickenca,chicken,NAK,CA,80.0,chicken,PA,0.0259794308996445
mountcarmeluh,mountcarmelil,mount carmel,UH,IL,100.0,mount carmel,TN,0.129578341028182
montevistaco,montevistaco,monte vista,CO,CO,100.0,monte vista,CA,0.4207836688065321
surrisene,surrisetx,surr ise,NE,TX,90.5,surr ise,VT,0.0560740146516942
ransomil,ransomca,ransom,IL,CA,83.33333333333334,ransom,ND,0.4879171613988683
northbarringtonil,northbarringtonil,north barrington,IL,IL,100.0,north barrington,RI,0.4813570863238986
boguechittoms,boguechittola,bogue chitto,MS,LA,66.66666666666666,bogue chitto,PA,0.0259794308996445
yukonok,yukonok,yukon,OK,OK,100.0,yukon,AK,0.08943774564667
butlerky,butleral,butler,KY,AL,100.0,butler,MO,0.1047091171789984
pineappleal,pineappleaz,pine apple,AL,AZ,90.5,pine apple,MN,0.2377322796072058
russellvillein,russellvillein,russellville,IN,IN,91.66666666666666,russellville,AL,0.0945211865866757
lderaheightsca,lderaheightsca,ldera heights,CA,CA,92.85714285714286,ldera heights,OH,0.1011758040931997
mcintoshnm,mcintoshnm,mcintosh,NM,NM,100.0,mcintosh,ND,0.3570541072388989
prairiecityor,prairiecityia,prairiec ity,OR,IA,91.66666666666666,prairiec ity,VA,0.0516552202785294
masonia,masonmi,mason,IA,MI,100.0,mason,WV,0.1564638473626649
renonv,renonv,reno,NV,NV,100.0,reno,NV,0.179282953627526
stansberrylakewa,stansberrylakeca,stansberry lake,WA,CA,80.0,stansberry lake,WI,0.2212458142848364
dovernc,doverar,dover,NC,AR,100.0,dover,DE,0.4159080594417095
drummondwi,drummondnc,drummond,WI,NC,87.5,drummond,PA,0.0259794308996445
iaegernv,iaegerak,iaeger,NV,AK,83.33333333333334,iaeger,PA,0.0259794308996445
fallschurcva,fallschurcva,falls churc,VA,VA,91.66666666666666,falls churc,RI,0.0923615632652939
californiapa,californiapa,california,PA,PA,100.0,california,OH,0.0559380951316582
floridao,floridany,florida,O,NY,100.0,florida,PR,0.5008794659760192
watsonmo,watsonla,watson,MO,LA,100.0,watson,LA,0.0601926739649647
toptonpa,toptonpa,topton,PA,PA,100.0,topton,PA,0.0361012609900843
foxak,foxpa,fox,AK,PA,60.0,fox,WY,0.3190740937855377
westmontca,westmontca,westmont,CA,CA,100.0,westmont,IL,0.050052491142185
deeringnd,deeringnh,deering,ND,NH,100.0,deering,NH,0.3180062742898238
walnutca,walnutca,walnut,CA,CA,100.0,walnut,AR,0.1351825861806227
belviderenj,belviderenj,belvidere,NJ,NJ,100.0,belvidere,IL,0.04999364910973
blackshearga,blackshearga,blackshear,GA,GA,100.0,blackshear,GA,0.0743335847478249
judawi,judatx,juda,WI,TX,75.0,juda,PA,0.0259794308996445
toveyil,toveyks,tovey,IL,KS,75.0,tovey,PA,0.0259794308996445
kentacresde,kentacresde,kent acres,DE,DE,100.0,kent acres,DE,0.9584929881477188
chesterne,chesterca,chester,NE,CA,100.0,chester,PA,0.1428052403286012
cottagegrovetn,cottagegrovemn,cottage grove,TN,MN,100.0,cottage grove,OR,0.2610236891261188
kakaz,kakams,kaka,Z,MS,100.0,kaka,PA,0.0259794308996445
clintonvillepa,clintonvillewi,clintonville,PA,WI,100.0,clintonville,WI,0.0452684678024591
kimberlywv,kimberlyal,kimberly,WV,AL,100.0,kimberly,AL,0.1553062845195045
shelbync,shelbync,shelby,NC,NC,100.0,shelby,AL,0.1526478994246981
lamesatx,lamesatx,lamesa,TX,TX,100.0,lamesa,TX,0.0401624404288279
wapelloia,wapelloia,wapello,IA,IA,100.0,wapello,IA,0.4067542161252973
moapatownnv,moapatownnv,moapa town,NV,NV,100.0,moapa town,NV,0.9530075060749852
trentonga,trentonga,trenton,GA,GA,100.0,trenton,ME,0.098045238638332
norwichoh,norwichct,norwich,OH,CT,100.0,norwich,CT,0.3335242597513747
oldjeffersonla,oldjeffersonla,old jefferson,LA,LA,100.0,old jefferson,CT,0.2081226815467734
conwayia,conwayar,conway,IA,AR,100.0,conway,NH,0.4598786751830712
maunawilihi,maunawilihi,maunawili,HI,HI,100.0,maunawili,HI,0.5527302523134557
melbournefl,melbournefl,melbourne,FL,FL,100.0,melbourne,FL,0.2283306782083905
wagonerok,wagonerok,wagoner,OK,OK,100.0,wagoner,OK,0.5836373415271812
plainveiwny,plainveiwnc,plainveiw,NY,NC,90.0,plainveiw,PA,0.0259794308996445
heidelbergms,heidelbergpa,heidelberg,MS,PA,100.0,heidelberg,PA,0.0489962330321535
plumsteadvillepa,plumsteadvillepa,plumsteadville,PA,PA,100.0,plumsteadville,PA,0.0673338380874489
pineknollshoresnc,pineknollshoresnc,pine knoll shores,NC,NC,100.0,pine knoll shores,NC,0.2638633994158625
huntlandtn,huntlandky,huntland,TN,KY,87.5,huntland,PA,0.0259794308996445
iretonka,iretonwa,ireton,KA,WA,83.33333333333334,ireton,PA,0.0259794308996445
foyilok,foyilor,foyil,OK,OR,66.66666666666666,foyil,PA,0.0259794308996445
lakeviewdmi,lakeviewca,lakeview,DMI,CA,100.0,lakeview,GA,0.2296526923611762
centerpointin,centerpointal,center point,IN,AL,100.0,center point,IA,0.1130770865296736
raniermn,ranieror,ranier,MN,OR,85.71428571428571,ranier,WA,0.0874904692513263
standardcityvl,standardcityca,standard city,VL,CA,87.5,standard city,VA,0.4645090331104248
stonybrookyn,stonybrookny,stony brook,YN,NY,100.0,stony brook,NY,0.108953111625385
rmeny,rmeny,rme,NY,NY,75.0,rme,WI,0.1005242899867576
mapletonil,mapletonia,mapleton,IL,IA,100.0,mapleton,UT,0.1808892451243551
olivettn,olivettn,olivet,TN,TN,100.0,olivet,KY,0.1343435185442969
emeraldbaytx,emeraldbayca,emerald bay,TX,CA,85.71428571428571,emerald bay,AL,0.3506759328148397
goldonnala,goldonnaak,goldonna,LA,AK,87.5,goldonna,PA,0.0259794308996445
albionia,albionil,albion,IA,IL,100.0,albion,IN,0.0673496666617616
albakx,albaal,alba,KX,AL,100.0,alba,PA,0.0259794308996445
bethanyild,bethanyil,bethany,ILD,IL,100.0,bethany,DE,0.3970541563395643
pawneeil,pawneeil,pawnee,IL,IL,100.0,pawnee,NE,0.3043404300492149
lillyga,lillyaz,lilly,GA,AZ,90.5,lilly,PA,0.0259794308996445
sombrillom,sombrilloma,sombrillo,M,MA,70.0,sombrillo,PA,0.0259794308996445
trezevanttn,trezevantco,trezevant,TN,CO,83.33333333333334,trezevant,PA,0.0259794308996445
lqmaymo,lqmaymo,lqmay,MO,MO,80.0,lqmay,PA,0.0259794308996445
zurichks,zurichtx,zurich,KS,TX,60.0,zurich,IL,0.0812442340314769
newhamptonia,newhamptonia,new hampton,IA,IA,100.0,new hampton,NH,0.5599278802291366
lovelandoh,lovelandoh,loveland,OH,OH,100.0,loveland,CO,0.1311956946448954
hartrandtwy,hartrandtmi,hartrandt,WY,MI,90.5,hartrandt,PA,0.0259794308996445
sprignfieldmo,sprignfieldmo,sprignfield,MO,MO,90.9090909090909,sprignfield,PA,0.0259794308996445
polkvillems,polkvillect,polkville,MS,CT,88.88888888888889,polkville,PA,0.0259794308996445
klamathca,klamathwa,klamath,CA,WA,83.33333333333334,klamath,OR,0.8641200718776768
winchesterbayor,winchesterbayca,winchester bay,OR,CA,90.5,winchester bay,AK,0.0925855219850674
kamiahid,kamiahid,kamiah,ID,ID,100.0,kamiah,ID,0.4995318206719936
westmilfordwv,westmilfordnj,west milford,WV,NJ,100.0,west milford,CT,0.2326636629800525
williamsburgnm,williamsburgfl,williamsburg,NM,FL,100.0,williamsburg,SC,0.219192673871641
newtonga,newtonga,newton,GA,GA,100.0,newton,MS,0.175853056370442
beaverdamy,beaverdamaz,beaver dam,Y,AZ,100.0,beaver dam,AZ,0.4275082395584721
gardenridget,gardenridgetx,garden ridge,T,TX,100.0,garden ridge,FL,0.1601879272676004
westcreekco,westcreektx,westcreek,CO,TX,90.5,westcreek,PA,0.0259794308996445
southgiffordmo,southgiffordme,south gifford,MO,ME,84.61538461538461,south gifford,FL,0.067149180825639
harcourtia,harcourtfl,harcourt,IA,FL,80.0,harcourt,PA,0.0259794308996445
bannockburnil,bannockburnil,bannockburn,IL,IL,100.0,bannockburn,IL,0.0516646472090248
saukvillewi,saukvillewi,saukville,WI,WI,100.0,saukville,WI,0.0452684678024591
marlboroughma,marlboroughma,marlborough,MA,MA,100.0,marlborough,MA,0.3665068195593719
duggerin,duggerak,dugger,IN,AK,83.33333333333334,dugger,PA,0.0259794308996445
punxsutawneypa,punxsutawneypa,punxsutawney,PA,PA,100.0,punxsutawney,PA,0.0361012609900843
littlecreekde,littlecreekmi,little creek,DE,MI,91.66666666666666,little creek,AR,0.4368623882284216
pottawattamieparkin,pottawattamieparktx,pottawattamie park,IN,TX,90.5,pottawattamie park,IA,0.2042634666372356
rivergroveil,rivergroveil,river grove,IL,IL,100.0,river grove,OR,0.1510896370712213
orofinod,orofinoid,orofino,D,ID,100.0,orofino,ID,0.3708864388666115
edinboroap,edinboropa,edinboro,AP,PA,100.0,edinboro,PA,0.0361012609900843
camagritotx,camagritoca,camagrito,TX,CA,80.0,camagrito,PA,0.0259794308996445
barkerheightsnc,barkerheightsnc,barker heights,NC,NC,100.0,barker heights,NC,0.1231518331067492
watervalleyky,watervalleyms,water valley,KY,MS,100.0,water valley,NE,0.3029020546209138
eggharborcitynj,eggharborcitynj,egg harbor city,NJ,NJ,100.0,egg harbor city,NJ,0.3218494346947829
cordeslakesaz,cordeslakesaz,cordes lakes,AZ,AZ,100.0,cordes lakes,AZ,0.6346686307713771
glennvillega,glennvillega,glennville,GA,GA,100.0,glennville,GA,0.0407416937011491
northsarasotafl,northsarasotafl,north sarasota,FL,FL,100.0,north sarasota,FL,0.6732373849415121
oceanpinesmv,oceanpinesmd,ocean pines,MV,MD,100.0,ocean pines,MD,0.314482244519556
gentryar,gentryar,gentry,AR,AR,100.0,gentry,HI,0.2622247280723682
carteretnj,carteretnj,carteret,NJ,NJ,100.0,carteret,NC,0.5193836730020421
cudjoekeyfl,cudjoekeyfl,cudjoe key,FL,FL,100.0,cudjoe key,FL,0.7002673746277817
santaynezca,santaynezca,santa ynez,CA,CA,100.0,santa ynez,CA,0.5406188115702663
selawikak,selawikal,selawik,AK,AL,80.0,selawik,PA,0.0259794308996445
queencreekaz,queencreekaz,queen creek,AZ,AZ,100.0,queen creek,AZ,0.276406768991985
seminoleok,seminoleok,seminole,OK,OK,100.0,seminole,OK,0.3848492055403463
canuteiok,canuteks,canute,IOK,KS,85.71428571428571,canute,KS,0.1356344638509416
centraliaia,centraliail,centralia,IA,IL,100.0,centralia,WA,0.0802641126801995
potlatchid,potlatchks,potlatch,ID,KS,80.0,potlatch,PA,0.0259794308996445
westorangetx,westorangetx,west orange,TX,TX,100.0,west orange,VT,0.2413590228444346
cabazonyca,cabazonca,cabazon,YCA,CA,100.0,cabazon,CA,0.0762935407833912
murhpysc,murhpysca,murhpys,C,CA,85.71428571428571,murhpys,PA,0.0259794308996445
oaklandpa,oaklandpa,oakland,PA,PA,100.0,oakland,IN,0.1323011051215017
farnamne,farnamnd,farnam,NE,ND,83.33333333333334,farnam,PA,0.0259794308996445
monroviaca,monroviaca,monrovia,CA,CA,100.0,monrovia,IN,0.090474371630713
endewllny,endewllny,endewll,NY,NY,85.71428571428571,endewll,PA,0.0259794308996445
templetx,templetx,temple,TX,TX,100.0,temple,MD,0.1593497759025926
lockneytx,lockneytx,lockney,TX,TX,100.0,lockney,TX,0.0527447337762848
cassodyks,cassodyca,cassody,KS,CA,83.33333333333334,cassody,PA,0.0259794308996445
southlinevilleamo,southlinevilleil,south lineville,AMO,IL,81.81818181818183,south lineville,ME,0.0586525710826477
luism.cintronpr,luism.cintronpr,luis m. cintron,PR,PR,100.0,luis m. cintron,PR,0.7014496126159667
orchardswa,orchardswa,orchards,WA,WA,100.0,orchards,ID,0.4434511252771266
antonchiconm,antonchiconm,anton chico,NM,NM,90.5,anton chico,WA,0.0499239156351398
austinar,austinar,austin,AR,AR,100.0,austin,AR,0.1785048763973608
rossoh,rossoh,ross,OH,OH,100.0,ross,OH,0.3323270952305338
yorktownin,yorktownin,yorktown,IN,IN,100.0,yorktown,NY,0.1894955613324055
fredericksburgpa,fredericksburgpa,fredericksburg,PA,PA,100.0,fredericksburg,VA,0.1901310231915688
hernandof,hernandofl,hernando,F,FL,100.0,hernando,FL,0.300924480507107
wataugatx,wataugatx,watauga,TX,TX,100.0,watauga,NC,0.2742264375483305
wheatonmo,wheatonil,wheaton,MO,IL,100.0,wheaton,MD,0.1807656099288413
folwingspringsaz,folwingspringsnc,folwing springs,AZ,NC,86.66666666666667,folwing springs,FL,0.11363555468657
raoulga,raoulga,raoul,GA,GA,100.0,raoul,GA,0.0743335847478249
daingerfieldt,daingerfieldtx,daingerfield,T,TX,100.0,daingerfield,TX,0.0406938805053028
roysecitymtx,roysecitymtx,royse citym,TX,TX,90.5,royse citym,TX,0.0628947657699046
monturafl,monturaca,montura,FL,CA,85.71428571428571,montura,PA,0.0259794308996445
carbonadowa,carbonadowa,carbonado,WA,WA,83.33333333333334,carbonado,PA,0.0259794308996445
sagharborny,sagharborny,sag harbor,NY,NY,100.0,sag harbor,NY,0.3207916954458867
fortchiswellva,fortchiswellky,fort chiswell,VA,KY,76.92307692307693,fort chiswell,CO,0.1327579077544467
indianshoresfl,indianshoresfl,indian shores,FL,FL,100.0,indian shores,FL,0.6103355979362918
holbrookny,holbrookny,holbrook,NY,NY,100.0,holbrook,MA,0.0991334134278213
pecktonvillemd,pecktonvilleal,pecktonville,MD,AL,75.0,pecktonville,PA,0.0259794308996445
tablerocka,tablerockco,table rock,A,CO,81.81818181818183,table rock,WY,0.3349817212681861
fortoglethorpegar,fortoglethorpega,fort oglethorpe,GAR,GA,100.0,fort oglethorpe,GA,0.4480766328031657
mustangtx,mustangok,mustang,TX,OK,100.0,mustang,OK,0.1512249121480798
tanacrossak,tanacrossme,tanacross,AK,ME,90.5,tanacross,PA,0.0259794308996445
eldoradohillsca,eldoradohillsca,el dorado hills,CA,CA,100.0,el dorado hills,CA,0.3797100811269824
phenixcityal,phenixcityal,phenix city,AL,AL,100.0,phenix city,AL,0.1638364280466012
usffielddepotct,usffielddepotct,usffield depot,CT,CT,92.85714285714286,usffield depot,CT,0.4584846933733398
ashlnadks,ashlnadks,ashlnad,KS,KS,85.71428571428571,ashlnad,PA,0.0259794308996445
southjoroanut,southjoroanut,south joroan,UT,UT,91.66666666666666,south joroan,WY,0.1471634252404104
eastbernstadtky,eastbernstadtpa,east bernstadt,KY,PA,81.81818181818183,east bernstadt,RI,0.1964166066466119
woburnma,woburnma,woburn,MA,MA,100.0,woburn,MA,0.1188553159556319
lakelandsouthwa,lakelandsouthwa,lakeland south,WA,WA,100.0,lakeland south,FL,0.1868246079937701
grangermo,grangerin,granger,MO,IN,100.0,granger,TX,0.046553952976266
dewittmo,dewittar,de witt,MO,AR,100.0,de witt,IL,0.1936275659532267
pantopsva,pantopsva,pantops,VA,VA,100.0,pantops,VA,0.0766765018140381
rockyboywestmt,rockyboywesttn,rocky boy west,MT,TN,77.77777777777779,rocky boy west,NC,0.0985475075776741
fessendennd,fessendennd,fessenden,ND,ND,100.0,fessenden,ND,0.3889278464317063
emadco,emadco,emad,CO,CO,75.0,emad,PA,0.0259794308996445
quimbysia,quimbyca,quimby,SIA,CA,66.66666666666666,quimby,PA,0.0259794308996445
florencedin,florencedal,florenced,IN,AL,90.5,florenced,PA,0.0259794308996445
daltonwi,daltonga,dalton,WI,GA,100.0,dalton,ID,0.672075807860825
bellmeadtx,bellmeadtx,bellmead,TX,TX,100.0,bellmead,TX,0.0406938805053028
westbenia,westbentx,west ben,IA,TX,90.5,west ben,PA,0.1270635550183079
athensoh,athensoh,athens,OH,OH,100.0,athens,OH,0.1333711056628674
terrytownla,terrytownla,terrytown,LA,LA,100.0,terrytown,LA,0.2076427360878493
elmwoodparknj,elmwoodparknj,elmwood park,NJ,NJ,100.0,elmwood park,NJ,0.4624312060157535
bourbonnaisil,bourbonnaisil,bourbonnais,IL,IL,100.0,bourbonnais,IL,0.0349335350713326
sabinmn,sabinoh,sabin,MN,OH,83.33333333333334,sabin,PA,0.025932539807351
ridgewoodheightsfl,ridgewoodheightsfl,ridge wood heights,FL,FL,100.0,ridge wood heights,NJ,0.2152904084687014
solonia,solonia,solon,IA,IA,100.0,solon,IA,0.0473691572455248
husliaak,husliaid,huslia,AK,ID,75.0,huslia,PA,0.0259794308996445
albanymn,albanymn,albany,MN,MN,100.0,albany,WY,0.4428465327625091
powhattanks,powhattantx,powhattan,KS,TX,75.0,powhattan,PA,0.0259794308996445
lindencu,lindenal,linden,CU,AL,100.0,linden,AL,0.0833060872316632
wahnetafl,wahnetafl,wahneta,FL,FL,100.0,wahneta,FL,0.044689781507147
quincyfl,quincyfl,quincy,FL,FL,100.0,quincy,MA,0.0858418495746735
laughlinnv,laughlinnv,laughlin,NV,NV,100.0,laughlin,NV,0.475775289950115
cornishok,cornishme,cornish,OK,ME,100.0,cornish,ME,0.0798405854512492
bloomsburynj,bloomsburypa,bloomsbury,NJ,PA,90.0,bloomsbury,PA,0.0259794308996445
cantonsd,cantonsd,canton,SD,SD,100.0,canton,CT,0.1901130084736749
fredericksburgva,fredericksburgva,fredericksburg,VA,VA,100.0,fredericksburg,VA,0.1901310231915688
lakemaryronanmt,lakemaryronanfl,lake mary ronan,MT,FL,90.5,lake mary ronan,FL,0.1214166796479428
perkinsok,perkinsok,perkins,OK,OK,100.0,perkins,SD,0.4737705857319594
volcanohi,volcanohi,volcano,HI,HI,100.0,volcano,HI,0.4315098548623171
cralvilleia,cralvilleia,cralville,IA,IA,90.0,cralville,PA,0.0259794308996445
reddellla,reddellme,reddell,LA,ME,100.0,reddell,PA,0.0259794308996445
bouseaz,bouseid,bouse,AZ,ID,80.0,bouse,PA,0.0259794308996445
hardya,hardyar,hardy,A,AR,75.0,hardy,WV,0.5399571010675394
wavelandms,wavelandms,waveland,MS,MS,100.0,waveland,MS,0.0626938116093965
suttonsbaymi,suttonsbayla,suttons bay,MI,LA,90.5,suttons bay,AK,0.2420218601997903
cheverlymd,cheverlymd,cheverly,MD,MD,100.0,cheverly,MD,0.1234601020123073
bentleyil,bentleyil,bentley,IL,IL,85.71428571428571,bentley,PA,0.0259794308996445
paradisetx,paradiseca,paradise,TX,CA,100.0,paradise,NV,0.2859646379004008
columbusil,columbusga,columbus,IL,GA,100.0,columbus,MS,0.1664184985660423
owensburgin,owensburgin,owensburg,IN,IN,80.0,owensburg,PA,0.0259794308996445
kimballtn,kimballtn,kimball,TN,TN,100.0,kimball,NE,0.499610382625433
meadvillems,meadvillems,meadville,MS,MS,100.0,meadville,MS,0.0602109068606155
pontotocs,pontotocms,pontotoc,S,MS,100.0,pontotoc,MS,0.3329705818608979
huntsvilleoh,huntsvilleal,huntsville,OH,AL,100.0,huntsville,AR,0.1710219325579323
rockspringswi,rockspringstx,rocksprings,WI,TX,100.0,rocksprings,WY,0.2665829185292666
robstawntx,robstawntx,robstawn,TX,TX,87.5,robstawn,PA,0.0259794308996445
cambridgeid,cambridgeil,cambridge,ID,IL,100.0,cambridge,IN,0.1976517096030216
fairmountga,fairmountin,fairmount,GA,IN,100.0,fairmount,MD,0.3263424140346939
lockingtonoh,lockingtonca,lockington,OH,CA,85.71428571428571,lockington,PA,0.0259794308996445
pacificjunctionia,pacificjunctionmo,pacific junction,IA,MO,90.5,pacific junction,OR,0.2554095657291202
bridgecityla,bridgecityla,bridge city,LA,LA,100.0,bridge city,NJ,0.2050414259611669
millerscreeknc,millerscreeknc,millers creek,NC,NC,100.0,millers creek,NC,0.2422594740586433
springbrookia,springbrookoh,springbrook,IA,OH,90.5,springbrook,PA,0.0259794308996445
killeentxm,killeentx,killeen,TXM,TX,100.0,killeen,TX,0.0406938805053028
clevelandga,clevelandga,cleveland,GA,GA,100.0,cleveland,OK,0.2609997066387749
keedysvillemd,keedysvillemd,keedysville,MD,MD,100.0,keedysville,MD,0.1234601020123073
dorringtonca,dorringtonct,dorrington,CA,CT,90.0,dorrington,PA,0.0259794308996445
carbondaelil,carbondaelil,carbondael,IL,IL,90.0,carbondael,PA,0.0259794308996445
knollwoodtx,knollwoodil,knollwood,TX,IL,100.0,knollwood,IL,0.0516646472090248
copiagueny,copiagueny,copiague,NY,NY,100.0,copiague,NY,0.0620261946994712
eldersburgmd,eldersburgmd,eldersburg,MD,MD,100.0,eldersburg,MD,0.1234601020123073
oclumbiamo,oclumbiamo,oclumbia,MO,MO,87.5,oclumbia,PA,0.0259794308996445
elcenizotx,elcenizotx,el cenizo,TX,TX,100.0,el cenizo,NM,0.1177114261270195
dospalosca,dospalosca,dos palos,CA,CA,100.0,dos palos,CA,0.4733814263079552
pepeekeohi,pepeekeohi,pepeekeo,HI,HI,100.0,pepeekeo,HI,0.4315098548623171
southsangabrielca,southsangabrielca,south san gabriel,CA,CA,100.0,south san gabriel,CA,0.7581301537680628
nashvilleil,nashvilleil,nashville,IL,IL,100.0,nashville,TN,0.145929808601626
devillela,devillela,deville,LA,LA,100.0,deville,LA,0.1373921452925714
makotind,makotifl,makoti,ND,FL,75.0,makoti,PA,0.0259794308996445
perrymanmd,perrymanmd,perryman,MD,MD,100.0,perryman,MD,0.0553248928808209
yelmwa,yelmwa,yelm,WA,WA,100.0,yelm,WA,0.5140376287709884
crystallawnsil,crystallawnsil,crystal lawns,IL,IL,100.0,crystal lawns,IL,0.1769568461411775
richmondva,richmondva,richmond,VA,VA,100.0,richmond,VA,0.0961045167567784
wheatleyar,wheatleyfl,wheatley,AR,FL,71.42857142857143,wheatley,NY,0.0922098979151996
suitlandmd,suitlandmd,suitland,MD,MD,100.0,suitland,MD,0.3985529648579746
sanacacianm,sanacacianj,san acacia,NM,NJ,83.33333333333334,san acacia,CA,0.6515015480418912
stratfordd,stratfordca,stratford,D,CA,100.0,stratford,WI,0.1169056558671175
andoversd,andoverfl,andover,SD,FL,100.0,andover,MA,0.2346063476734882
scarvlleia,scarvlleny,scarvlle,IA,NY,77.77777777777779,scarvlle,PA,0.0259794308996445
boykinga,boykintx,boykin,GA,TX,75.0,boykin,PA,0.0259794308996445
gravoismillsmo,gravoismillsor,gravois mills,MO,OR,85.71428571428571,gravois mills,SC,0.2317329342526163
goldendalewa,goldendalewa,goldendale,WA,WA,100.0,goldendale,WA,0.0479273400441341
whitehorsenj,whitehorsenj,white horse,NJ,NJ,100.0,white horse,NM,0.0831722775819139
newpraguemn,newpraguemn,new prague,MN,MN,100.0,new prague,MN,0.1945819433440181
griffithin,griffithin,griffith,IN,IN,100.0,griffith,IN,0.0477571380942961
bowmansc,bowmannd,bowman,SC,ND,100.0,bowman,ND,0.7755926289209033
lesteral,lesternj,lester,AL,NJ,85.71428571428571,lester,MN,0.448975227611927
ardmoretn,ardmoretn,ardmore,TN,TN,100.0,ardmore,OK,0.0594657884457848
shamrocklakesin,shamrocklakestx,shamrock lakes,IN,TX,90.5,shamrock lakes,WV,0.1309755955756307
woodburnor,woodburnor,woodburn,OR,OR,100.0,woodburn,OR,0.262360331795451
torypa,torypa,tory,PA,PA,75.0,tory,PA,0.0259794308996445
battlecreekmi,battlecreekmi,battle creek,MI,MI,100.0,battle creek,NV,0.5784155036360453
ocoomowocwi,ocoomowocaz,ocoomowoc,WI,AZ,90.5,ocoomowoc,PA,0.0259794308996445
hmletne,hmletnc,hmlet,NE,NC,83.33333333333334,hmlet,NC,0.0418215244937536
bentonia,bentonar,benton,IA,AR,100.0,benton,WA,0.1373908908466506
huntingtonsttionny,huntingtonsttionny,huntington sttion,NY,NY,94.44444444444444,huntington sttion,IN,0.0941864544450841
blountvilletn,blountvilletn,blountville,TN,TN,100.0,blountville,AL,0.0527953960882797
lagroin,lagrofl,lagro,IN,FL,80.0,lagro,PA,0.0259794308996445
ahrmonil,ahrmonma,ahrmon,IL,MA,83.33333333333334,ahrmon,PA,0.0259794308996445
alineok,alineca,aline,OK,CA,83.33333333333334,aline,KS,0.0495314051303989
shellvalleynd,shellvalleynd,shell valley,ND,ND,100.0,shell valley,ND,0.4792359893121615
kempsmillmd,kempsmilltx,kemps mill,MD,TX,90.5,kemps mill,PA,0.0259794308996445
menaar,menaar,mena,AR,AR,100.0,mena,AR,0.1595098746905106
rutherfordtn,rutherfordtn,rutherford,TN,TN,100.0,rutherford,NC,0.239530371486203
robbisntn,robbisnil,robbisn,TN,IL,85.71428571428571,robbisn,PA,0.0259794308996445
beltonsc,beltonsc,belton,SC,SC,100.0,belton,SC,0.0634738512729169
reformal,reformal,reform,AL,AL,100.0,reform,AL,0.0554624517224576
lajoyatx,lajoyatx,la joya,TX,TX,100.0,la joya,TX,0.1706496134296175
delawreoh,delawreoh,delawre,OH,OH,87.5,delawre,OH,0.0556447179332842
clintonil,clintonil,clinton,IL,IL,100.0,clinton,MI,0.0857037027438007
genolamn,genolaut,genola,MN,UT,100.0,genola,UT,0.4893348581932187
emporiumpa,emporiumpa,emporium,PA,PA,100.0,emporium,PA,0.0496484388263135
fordlandjo,fordlandct,fordland,JO,CT,87.5,fordland,PA,0.0259794308996445
sumerhavenaz,sumerhavenil,sumerhaven,AZ,IL,83.33333333333334,sumerhaven,PA,0.0259794308996445
castinoho,castinme,castin,OHO,ME,85.71428571428571,castin,PA,0.0259794308996445
wautomawia,wautomawi,wautoma,WIA,WI,100.0,wautoma,WI,0.0452684678024591
montereyla,montereyca,monterey,LA,CA,100.0,monterey,NM,0.372680794010507
hartfordwi,hartfordwi,hartford,WI,WI,100.0,hartford,CT,0.5686653066461406
seasideheightsn,seasideheightsnj,seaside heights,N,NJ,100.0,seaside heights,NJ,0.3633641949388921
eastportme,eastportme,eastport,ME,ME,100.0,eastport,ME,0.0781485259180685
greenvaleny,greenvaleny,greenvale,NY,NY,100.0,greenvale,NY,0.0330720197492479
edonoh,edonmo,edon,OH,MO,80.0,edon,PA,0.0259794308996445
janelewwv,janelewla,jane lew,WV,LA,75.0,jane lew,ME,0.0558361329751467
neworleansla,neworleansla,new orleans,LA,LA,100.0,new orleans,LA,0.2878401838474915
springmillky,springmillfl,spring mill,KY,FL,90.9090909090909,spring mill,NV,0.2654706775558447
nuterfortwv,nuterfortwv,nuter fort,WV,WV,90.9090909090909,nuter fort,WV,0.2258117088366205
myrtlenm,myrtletx,myrtle,NM,TX,75.0,myrtle,SC,0.4651696397381462
troyal,troyal,troy,AL,AL,100.0,troy,NH,0.1253108492243038
skylinemn,skylinefl,skyline,MN,FL,66.66666666666666,skyline,NM,0.2651962654525968
pennsgrovenj,pennsgrovenj,penns grove,NJ,NJ,100.0,penns grove,NJ,0.2524217242722589
collinwoodtn,collinwoodoh,collinwood,TN,OH,100.0,collinwood,OH,0.0577745931942411
sentinelbuttend,sentinelbuttefl,sentinel butte,ND,FL,90.5,sentinel butte,SD,0.4225037138151479
glencivemt,glencivemt,glencive,MT,MT,87.5,glencive,PA,0.0259794308996445
pattresonga,pattresonca,pattreson,GA,CA,88.88888888888889,pattreson,PA,0.0259794308996445
mcadetx,mcadega,mcade,TX,GA,80.0,mcade,PA,0.0259794308996445
glenechod,glenechoal,glen echo,D,AL,71.42857142857143,glen echo,NJ,0.102834978670519
millercityoh,millercitysd,miller city,OH,SD,90.5,miller city,AR,0.1584098014679894
lindonut,lindonut,lindon,UT,UT,100.0,lindon,UT,0.0908805866970823
westvillefl,westvilleil,westville,FL,IL,100.0,westville,OK,0.0562681693251264
naguabopr,naguabopr,naguabo,PR,PR,100.0,naguabo,PR,0.2146786138490763
emmetars,emmetca,emmet,ARS,CA,100.0,emmet,IA,0.2120235359851759
birnamwoodwi,birnamwoodil,birnamwood,WI,IL,71.42857142857143,birnamwood,PA,0.0259794308996445
univervitymc,univervityfl,univervity,MC,FL,90.0,univervity,PA,0.0259794308996445
beevilletx,beevilletx,beeville,TX,TX,100.0,beeville,TX,0.0311476746087125
riohondotx,riohondotx,rio hondo,TX,TX,100.0,rio hondo,NM,0.2021556926611204
highlandoh,highlandar,highland,OH,AR,100.0,highland,VA,0.2589073960757413
ferdinandid,ferdinandin,ferdinand,ID,IN,100.0,ferdinand,IN,0.0477571380942961
armingtonil,armingtonil,armington,IL,IL,90.0,armington,NH,0.2600712899383868
riversidemo,riversidemo,riverside,MO,MO,100.0,riverside,MT,0.2388511943223863
vadnaisheightsmv,vadnaisheightsmn,vadnais heights,MV,MN,100.0,vadnais heights,MN,0.2229698684456426
evansmillsny,evansmillsco,evans mills,NY,CO,90.5,evans mills,GA,0.2228301320913492
poleojeapr,poleojeapr,pole ojea,PR,PR,100.0,pole ojea,PR,0.6870744958732136
westcarthageny,westcarthageny,west carthage,NY,NY,100.0,west carthage,NY,0.0704287318312557
selahaa,selahwa,selah,AA,WA,100.0,selah,WA,0.0479273400441341
tintonfallsnj,tintonfallsnj,tinton falls,NJ,NJ,100.0,tinton falls,NJ,0.0955589448464181
campobellosc,campobelloca,campobello,SC,CA,90.5,campobello,PA,0.0259794308996445
powhatanla,powhatanmo,powhatan,LA,MO,75.0,powhatan,VA,0.1750248544551095
shongopoviaz,shongopovinj,shongopovi,AZ,NJ,75.0,shongopovi,PA,0.0259794308996445
mocksvillenc,mocksvillenc,mocksville,NC,NC,100.0,mocksville,NC,0.0421718744266612
granitevilleca,granitevilleny,graniteville,CA,NY,100.0,graniteville,SC,0.1620855096062863
langisburgpa,langisburgmi,langisburg,PA,MI,90.0,langisburg,PA,0.0259794308996445
gumspringsar,gumspringsar,gum springs,AR,AR,81.81818181818183,gum springs,ID,0.0620153031405577
charlottehallmd,charlottehallmd,charlotte hall,MD,MD,100.0,charlotte hall,VA,0.2523610317169457
dilleytx,dilleytx,dilley,TX,TX,100.0,dilley,TX,0.0311476746087125
mountauburnin,mountauburnmn,mount auburn,IN,MN,80.0,mount auburn,KY,0.1506107623322205
westhamptonbeachny,westhamptonbeachny,westhampton beach,NY,NY,100.0,westhampton beach,NY,0.2082638902186591
macedoniail,macedoniaoh,macedonia,IL,OH,100.0,macedonia,OH,0.0373012794621199
mchenrynd,mchenryil,mchenry,ND,IL,100.0,mchenry,ND,0.5847730405001431
joobspr,joobsaz,joobs,PR,AZ,90.5,joobs,PA,0.0259794308996445
jacksonburgoh,jacksonburgoh,jacksonburg,OH,OH,90.5,jacksonburg,PA,0.0259794308996445
wocottvillen,wocottvillein,wocottville,N,IN,91.66666666666666,wocottville,PA,0.0259794308996445
fairlnadm,fairlnadmd,fairlnad,M,MD,87.5,fairlnad,PA,0.0259794308996445
norwalkca,norwalkca,norwalk,CA,CA,100.0,norwalk,CT,0.4211432489997507
folosmpa,folosmpa,folosm,PA,PA,83.33333333333334,folosm,PA,0.0259794308996445
broadviewheightsoh,broadviewheightsoh,broadview heights,OH,OH,100.0,broadview heights,OH,0.3670004396414965
stroudsburgpa,stroudsburgpa,stroudsburg,PA,PA,100.0,stroudsburg,PA,0.0897015341247625
wataugatnc,wataugatx,watauga,TNC,TX,100.0,watauga,NC,0.2742264375483305
templevillemd,templevillega,templeville,MD,GA,90.5,templeville,PA,0.0259794308996445
bluebellut,bluebellpa,bluebell,UT,PA,88.88888888888889,bluebell,PA,0.0496484388263135
fellsburgpa,fellsburgpa,fellsburg,PA,PA,100.0,fellsburg,PA,0.0496484388263135
ovidco,ovidmi,ovid,CO,MI,100.0,ovid,MI,0.0774140561277963
mountcahemll,mountcahemlil,mount caheml,L,IL,83.33333333333334,mount caheml,KY,0.1033938463884584
losangelesca,losangelesca,los angeles,CA,CA,100.0,los angeles,CA,0.8115217224172192
cowlingtonok,cowlingtonal,cowlington,OK,AL,85.71428571428571,cowlington,PA,0.0259794308996445
zayfieldpa,zayfieldpa,zayfield,PA,PA,87.5,zayfield,PA,0.0259794308996445
clevelandtn,clevelandtn,cleveland,TN,TN,100.0,cleveland,OK,0.2609997066387749
lynndylut,lynndylin,lynndyl,UT,IN,90.5,lynndyl,PA,0.0259794308996445
nescatungaok,nescatungaok,nescatunga,OK,OK,66.66666666666666,nescatunga,PA,0.0259794308996445
towercitynd,towercitypa,tower city,ND,PA,100.0,tower city,ND,0.2380229696707868
shiprocknm,shiprocknm,shiprock,NM,NM,100.0,shiprock,NM,0.0990878164171822
webbcitymo,webbcitymo,webb city,MO,MO,100.0,webb city,MO,0.2630263998362463
cambridgeid,cambridgeil,cambridge,ID,IL,100.0,cambridge,IN,0.1976517096030216
mulleswv,mulleswv,mulles,WV,WV,85.71428571428571,mulles,PA,0.0259794308996445
mountainburgar,mountainburgco,mountainburg,AR,CO,87.5,mountainburg,PA,0.0259794308996445
maamecok,maamecla,maamec,OK,LA,90.5,maamec,PA,0.0259794308996445
beltonsc,beltonsc,belton,SC,SC,100.0,belton,SC,0.0634738512729169
buckmeadowsca,buckmeadowswi,buck meadows,CA,WI,75.0,buck meadows,TX,0.0771896442681263
springhillfl,springhillfl,spring hill,FL,FL,100.0,spring hill,MD,0.1521285141733802
northboroia,northboroil,northboro,IA,IL,80.0,northboro,PA,0.0259794308996445
frankfortil,frankfortil,frankfort,IL,IL,100.0,frankfort,IL,0.167873354770335
piquaoh,piquaoh,piqua,OH,OH,100.0,piqua,OH,0.0373012794621199
commercetx,commercetx,commerce,TX,TX,100.0,commerce,CO,0.1419276932196787
valleybendwv,valleybendal,valley bend,WV,AL,90.5,valley bend,AZ,0.1716156871601159
swanquarternc,swanquarterdc,swan quarter,NC,DC,75.0,swan quarter,CA,0.0295214199985668
cehomn,cehoak,ceho,MN,AK,80.0,ceho,PA,0.0259794308996445
lrattvilleal,lrattvilleal,lrattville,AL,AL,90.0,lrattville,PA,0.0259794308996445
templetonia,templetonca,templeton,IA,CA,100.0,templeton,MA,0.1096552918693583
mcdonaldks,mcdonaldoh,mcdonald,KS,OH,100.0,mcdonald,MO,0.3185139916891357
viennacenteroh,viennacenterga,vienna center,OH,GA,90.5,vienna center,CT,0.1663442515293791
ladoraia,ladoraia,ladora,IA,IA,100.0,ladora,PA,0.0259794308996445
cowpenss,cowpenssc,cowpens,S,SC,100.0,cowpens,SC,0.0681182114097765
sanisidrotx,sanisidronm,san isidro,TX,NM,100.0,san isidro,PR,0.4935154076881556
ferndalemd,ferndalemd,ferndale,MD,MD,100.0,ferndale,PA,0.1199569872820279
westwegola,westwegola,westwego,LA,LA,100.0,westwego,LA,0.0601926739649647
johnstonsc,johnstonsc,johnston,SC,SC,100.0,johnston,RI,0.4458359421606929
jenkinsburgga,jenkinsburgky,jenkinsburg,GA,KY,90.5,jenkinsburg,PA,0.0259794308996445
kingmantaz,kingmanaz,kingman,TAZ,AZ,100.0,kingman,AZ,0.590830047904261
lakehamiltonar,lakehamiltonar,lake hamilton,AR,AR,100.0,lake hamilton,IN,0.1286538240171574
caswellbeachnc,caswellbeachar,caswell beach,NC,AR,75.0,caswell beach,NC,0.1900482033767672
lafayetteal,lafayetteny,la fayette,AL,NY,80.0,la fayette,PR,0.1260345380106907
pocawv,pocane,poca,WV,NE,80.0,poca,NE,0.1986854836953843
connellyspringsnc,connellyspringsnc,connelly springs,NC,NC,100.0,connelly springs,NC,0.1319674517794287
southbrowningmt,southbrowningmt,south browning,MT,MT,100.0,south browning,MT,0.7737141287679133
t.xstephensnc,t.xstephensnc,t.xstephens,NC,NC,64.28571428571429,t.xstephens,PA,0.0259794308996445
rutherfordcolelgenc,rutherfordcolelgenj,rutherfor dcolelge,NC,NJ,90.0,rutherfor dcolelge,NC,0.0369349528501625
faribaultmn,faribaultmn,faribault,MN,MN,100.0,faribault,MN,0.361644532111733
edgewoodpa,edgewoodpa,edgewood,PA,PA,100.0,edgewood,NM,0.2238998253703799
camdenan,camdenal,camden,AN,AL,100.0,camden,DE,0.4220933990355492
beattystownnj,beattystownnj,beattystown,NJ,NJ,100.0,beattystown,NJ,0.0424313089922792
sturgisky,sturgisky,sturgis,KY,KY,100.0,sturgis,SD,0.2665076219259737
eastgrandrapidsmi,eastgrandrapidsmi,east grand rapids,MI,MI,100.0,east grand rapids,MI,0.4040618124294276
gainesboroan,gainesborotn,gainesboro,AN,TN,100.0,gainesboro,TN,0.0493296923879667
genoalmn,genoalil,genoal,MN,IL,90.5,genoal,PA,0.0259794308996445
nowatad,nowataok,nowata,D,OK,100.0,nowata,OK,0.5470363588573329
ellisgrovewl,ellisgrovepa,ellis grove,WL,PA,90.9090909090909,ellis grove,OK,0.2929336414754909
soutdaytonny,soutdaytonfl,sout dayton,NY,FL,84.61538461538461,sout dayton,ME,0.1385929423608433
fortatkinsoniax,fortatkinsonwi,fort atkinson,IAX,WI,100.0,fort atkinson,GA,0.2078487751327142
millcreekil,millcreekwa,mill creek,IL,WA,100.0,mill creek,CO,0.1822574146381818
hutsonvilleil,hutsonvillemi,hutsonville,IL,MI,90.9090909090909,hutsonville,PA,0.0259794308996445
goldenvalleynd,goldenvalleyaz,golden valley,ND,AZ,100.0,golden valley,NV,0.4528746050727782
hanovermd,hanovermd,hanover,MD,MD,100.0,hanover,VA,0.1462647749427628
marysvilleks,marysvilleks,marysville,KS,KS,100.0,marysville,KS,0.1562252306327926
buckinghamcourthouseva,buckinghamcourthouseva,buckingham courthouse,VA,VA,90.5,buckingham courthouse,VA,0.4842884316749888
lukemd,lukewi,luke,MD,WI,75.0,luke,IN,0.0373379609086951
arcaiaca,arcaiaca,arcaia,CA,CA,85.71428571428571,arcaia,IN,0.1229102170240011
charteroakca,charteroakca,charter oak,CA,CA,100.0,charter oak,CA,0.0697023965374529
toetervilleja,toetervilleca,toeterville,JA,CA,100.0,toeterville,PA,0.0259794308996445
collegevillein,collegevillemn,collegeville,IN,MN,100.0,collegeville,MN,0.0831653631534856
bataviail,bataviail,batavia,IL,IL,100.0,batavia,OH,0.0532009491279699
catawbaoh,catawbasc,catawba,OH,SC,100.0,catawba,NC,0.6573367969397944
merrifieldva,merrifieldva,merrifield,VA,VA,100.0,merrifield,VA,0.0405997135808639
pexinnd,pexinil,pexin,ND,IL,80.0,pexin,PA,0.0259794308996445
shoshoneca,shoshoneid,shoshone,CA,ID,100.0,shoshone,ID,0.622519652580433
portsmouthnh,portsmouthnh,portsmouth,NH,NH,100.0,portsmouth,RI,0.2159258474824865
pinegrovemillszpa,pinegrovemillszpa,pine grove millsz,PA,PA,90.5,pine grove millsz,MN,0.2038803402345554
hollistermot,hollisterca,hollister,MOT,CA,100.0,hollister,MO,0.075750020009713
claypoolhillva,claypoolhillva,claypool hill,VA,VA,100.0,claypool hill,VA,0.3561017565695598
parkersburgia,parkersburgia,parkersburg,IA,IA,100.0,parkersburg,WV,0.2191315997250711
lathropca,lathropca,lathrop,CA,CA,100.0,lathrop,MO,0.1966125848325768
columbiams,columbiams,columbia,MS,MS,100.0,columbia,OR,0.1419722346067793
shadycovelr,shadycoveor,shady cove,LR,OR,100.0,shady cove,OR,0.2707744329603591
wrightsvillear,wrightsvillear,wrightsville,AR,AR,100.0,wrightsville,NC,0.2392152330722746
islandcityor,islandcityor,island city,OR,OR,100.0,island city,FL,0.1889729312866871
trespinosca,trespinosca,tres pinos,CA,CA,80.0,tres pinos,CA,0.0298792882996801
orlovistafl,orlovistafl,orlovista,FL,FL,100.0,orlovista,FL,0.0299204782959883
southwestranchesfl,southwestranchesfl,southwest ranches,FL,FL,100.0,southwest ranches,FL,0.5259728615323348
bstwickga,bstwickny,bstwick,GA,NY,75.0,bstwick,PA,0.0259794308996445
oaklanmd,oaklanmd,oaklan,MD,MD,85.71428571428571,oaklan,TN,0.0649529168879073
philcampbellal,philcampbellal,phil campbell,AL,AL,100.0,phil campbell,AL,0.2757006128697694
millikeneco,millikenco,milliken,ECO,CO,100.0,milliken,CO,0.1592194112375473
montereyparkca,montereyparkca,monterey park,CA,CA,100.0,monterey park,NM,0.3928595905682635
minervaoh,minervaoh,minerva,OH,OH,100.0,minerva,OH,0.3532843967602195
dwyroseg,dwyroseny,dwy rose,G,NY,62.5,dwy rose,LA,0.2143811070943419
morrisonmo,morrisonil,morrison,MO,IL,100.0,morrison,MN,0.2999022753396083
sandovalil,sandovalil,sandoval,IL,IL,100.0,sandoval,NM,0.4217673955936079
lilylakewi,lilylakeil,lily lake,WI,IL,100.0,lily lake,IL,0.2334432503472307
adairvillageor,adairvillagemo,adair village,OR,MO,92.3076923076923,adair village,KY,0.2337194232152754
terrelltx,terrelltx,terrell,TX,TX,100.0,terrell,GA,0.1946692415425428
ewburgmo,ewburgky,ewburg,MO,KY,85.71428571428571,ewburg,PA,0.0259794308996445
pagene,pageaz,page,NE,AZ,100.0,page,IA,0.2556551620236437
wnataghny,wnataghny,wnatagh,NY,NY,100.0,wnatagh,PA,0.0259794308996445
medfordlakesnj,medfordlakesnj,medford lakes,NJ,NJ,100.0,medford lakes,NJ,0.2846663707318115
portgibsons,portgibsonms,port gibson,S,MS,100.0,port gibson,MS,0.1066487165275516
berniceok,bernicela,bernice,OK,LA,100.0,bernice,LA,0.0601926739649647
allgoodal,allgoodnm,allgood,AL,NM,90.5,allgood,PA,0.0259794308996445
dixonvillefl,dixonvilleca,dixonville,FL,CA,90.5,dixonville,PA,0.0259794308996445
lorenzparkn,lorenzparkny,lorenz park,N,NY,100.0,lorenz park,NY,0.0912342506813863
hereheyne,hereheypa,herehey,NE,PA,100.0,herehey,PA,0.0259794308996445
laporteco,laporteco,laporte,CO,CO,100.0,laporte,IN,0.3494409601491012
hadleymn,hadleyma,hadley,MN,MA,100.0,hadley,MA,0.4143058859308259
hobofenjn,hobofennj,hobofen,JN,NJ,85.71428571428571,hobofen,PA,0.0259794308996445
livingstonmt,livingstonmt,livingston,MT,MT,100.0,livingston,NY,0.0894100936479878
westpointin,westpointga,west point,IN,GA,100.0,west point,WA,0.1456084514769795
etowahltn,etowahnc,etowah,LTN,NC,100.0,etowah,AL,0.3116341255658049
oopazranchestatesnvc,oopazranchestatesnv,oopaz ranch estates,NVC,NV,100.0,oopaz ranch estates,WY,0.1460132764699925
lintonvilleqpa,lintonvilleoh,lintonville,QPA,OH,91.66666666666666,lintonville,PA,0.0259794308996445
alexandriasd,alexandriasd,alexandria,SD,SD,100.0,alexandria,NH,0.1299611036299887
saltilloms,saltilloms,saltillo,MS,MS,100.0,saltillo,MS,0.1578652914147961
haystx,haysks,hays,TX,KS,100.0,hays,KS,0.1005857501209812
christopheril,christopheril,christopher,IL,IL,100.0,christopher,IL,0.0349335350713326
steptoewa,steptoepa,steptoe,WA,PA,83.33333333333334,steptoe,PA,0.0259794308996445
herseymi,herseypa,hersey,MI,PA,85.71428571428571,hersey,PA,0.0361012609900843
evansvillein,evansvillein,evansville,IN,IN,100.0,evansville,WY,0.2375857967486738
catawbanc,catawbasc,catawba,NC,SC,100.0,catawba,NC,0.6573367969397944
aliced,alicetx,alice,D,TX,100.0,alice,TX,0.0311476746087125
crescoia,crescoia,cresco,IA,IA,100.0,cresco,IA,0.0484328843218749
wallacesd,wallacefl,wallace,SD,FL,100.0,wallace,KS,0.4315833704040244
excelsiorspringsmo,excelsiorspringsmo,excelsior springs,MO,MO,100.0,excelsior springs,MO,0.2312903250417519
strawnil,strawnid,strawn,IL,ID,75.0,strawn,PA,0.0259794308996445
istachattafl,istachattaca,istachatta,FL,CA,80.0,istachatta,PA,0.0259794308996445
kachemakak,kachemakok,kachemak,AK,OK,80.0,kachemak,PA,0.0259794308996445
fortbraggca,fortbraggca,fort bragg,CA,CA,100.0,fort bragg,NC,0.0747879983944163
whisperingpinesaz,whisperingpinesnc,whispering pines,AZ,NC,100.0,whispering pines,NC,0.439541500824208
washingtonr,washingtonct,washington,R,CT,100.0,washington,DC,0.8308863657097861
rocklandwi,rocklandme,rockland,WI,ME,100.0,rockland,ME,0.2541977976160028
evergreennc,evergreenal,evergreen,NC,AL,100.0,evergreen,MT,0.0792954651264983
portallegaypa,portallegaypa,port allegay,PA,PA,92.3076923076923,port allegay,NY,0.1306585507643844
arbutusmd,arbutusmd,arbutus,MD,MD,100.0,arbutus,MD,0.1234601020123073
ellendalede,ellendaleca,ellendale,DE,CA,100.0,ellendale,ND,0.1507471264175193
braddockhillspa,braddockhillspa,braddock hills,PA,PA,100.0,braddock hills,MD,0.270581579414422
zendaks,zendany,zenda,KS,NY,75.0,zenda,PA,0.0259794308996445
northphilipsburgpa,northphilipsburgfl,north philipsburg,PA,FL,80.0,north philipsburg,NJ,0.1222327203896433
rosaliaea,rosaliafl,rosalia,EA,FL,80.0,rosalia,PA,0.0259794308996445
franciscreekwi,franciscreekut,francis creek,WI,UT,90.5,francis creek,UT,0.2493344767063171
eastenterprisein,eastenterprisear,east enterprise,IN,AR,87.5,east enterprise,NV,0.3629922266752821
ponczdeleonfl,ponczdeleonne,poncz de leon,FL,NE,80.0,poncz de leon,FL,0.3189320879229808
fennimorei,fennimorewi,fennimore,I,WI,100.0,fennimore,WI,0.0452684678024591
halseyne,halseyid,halsey,NE,ID,83.33333333333334,halsey,PA,0.0259794308996445
montgomerycitymo,montgomerycitymo,montgomery city,MO,MO,100.0,montgomery city,VA,0.1822566824452896
brunswickmd,brunswickmd,brunswick,MD,MD,100.0,brunswick,VA,0.1816559216457049
greenfieldwi,greenfieldwi,greenfield,WI,WI,100.0,greenfield,MA,0.0964414361161617
kutztownpa,kutztownpa,kutztown,PA,PA,100.0,kutztown,PA,0.0361012609900843
roslynny,roslynny,roslyn,NY,NY,100.0,roslyn,NY,0.4423359278773354
albertava,albertaal,alberta,VA,AL,85.71428571428571,alberta,PA,0.0259794308996445
pigeonfallswi,pigeonfallsmi,pigeonf alls,WI,MI,90.5,pigeonf alls,RI,0.252922451829443
pearisburgva,pearisburgva,pearisburg,VA,VA,100.0,pearisburg,VA,0.0405997135808639
sprngvilleca,sprngvilleal,sprngville,CA,AL,90.9090909090909,sprngville,AL,0.1206472361293829
wyndmerend,wyndmeretx,wyndmere,ND,TX,77.77777777777779,wyndmere,PA,0.0259794308996445
springhillfl,springhillfl,spring hill,FL,FL,100.0,spring hill,MD,0.1521285141733802
doevalleyky,doevalleyky,doe valley,KY,KY,100.0,doe valley,KY,0.2031545815963511
prospectrk,prospectct,prospect,RK,CT,100.0,prospect,CT,0.2832996075720425
scobeymt,scobeymt,scobey,MT,MT,100.0,scobey,MT,0.3186553853683317
suffolkva,suffolkva,suffolk,VA,VA,100.0,suffolk,MA,0.3745882101181119
goliadtx,goliadtx,goliad,TX,TX,100.0,goliad,TX,0.1619985653994613
calexicoca,calexicoca,calexico,CA,CA,100.0,calexico,CA,0.031879825005699
crystalmn,crystalmn,crystal,MN,MN,100.0,crystal,MS,0.1914572694890463
zumbrofallsmn,zumbrofallsmn,zumbro falls,MN,MN,75.0,zumbro falls,RI,0.353042592315833
lakerobertsnm,lakerobertsmd,lake roberts,NM,MD,90.0,lake roberts,SD,0.3894041826089356
babbmt,babbal,babb,MT,AL,100.0,babb,PA,0.0259794308996445
mscowmd,mscowid,mscow,MD,ID,83.33333333333334,mscow,ID,0.3351220888350196
lewistonmn,lewistonmn,lewiston,MN,MN,100.0,lewiston,ID,0.3880222906234727
manchestermi,manchestermi,manchester,MI,MI,100.0,manchester,VT,0.1740831662187731
eastontx,eastonca,easton,TX,CA,100.0,easton,CT,0.2456979035933568
darlnigotnmd,darlnigotnms,darlnigotn,MD,MS,81.81818181818183,darlnigotn,PA,0.0259794308996445
southashburnhamma,southashburnhamma,south ashburnham,MA,MA,100.0,south ashburnham,MA,0.6176627197760691
algomams,algomawi,algoma,MS,WI,100.0,algoma,WI,0.0857032947806869
southhavenmn,southhavenin,south haven,MN,IN,100.0,south haven,CT,0.4274739983576381
penuelaspr,penuelaspr,penuelas,PR,PR,87.5,penuelas,PA,0.0259794308996445
tatumsc,tatumtx,tatum,SC,TX,100.0,tatum,TX,0.0406938805053028
northpekinil,northpekinil,north pekin,IL,IL,100.0,north pekin,IL,0.2727389542219198
rendvilleoh,rendvilleca,rendville,OH,CA,88.88888888888889,rendville,PA,0.0259794308996445
clarencepa,clarenceny,clarence,PA,NY,100.0,clarence,NY,0.0857971556875358
lonepineca,lonepineca,lone pine,CA,CA,100.0,lone pine,CA,0.0887815282567087
depoebayoo,depoebayor,depoe bay,OO,OR,100.0,depoe bay,OR,0.4826839155239853
mcconnellafbks,mcconnellafbks,mcconnell afb,KS,KS,100.0,mcconnell afb,KS,0.4661064281441745
lakesideva,lakesideva,lakeside,VA,VA,100.0,lakeside,KY,0.1302068300610248
middlesexnj,middlesexnj,middlesex,NJ,NJ,100.0,middlesex,MA,0.2511249633996922
eastlakeoh,eastlakeoh,eastlake,OH,OH,100.0,eastlake,FL,0.0373216935274343
ironrivermi,ironrivermi,iron river,MI,MI,100.0,iron river,MI,0.4029876716053773
southlapalomatx,southlapalomaca,south la paloma,TX,CA,80.0,south la paloma,TX,0.2956787651639116
saukrapidsmn,saukrapidsmn,sauk rapids,MN,MN,100.0,sauk rapids,MN,0.656743812336914
kanopolisks,kanopolisnc,kanopolis,KS,NC,90.0,kanopolis,PA,0.0259794308996445
ponderosapinesmt,ponderosapinesnm,ponderosa pines,MT,NM,90.5,ponderosa pines,CO,0.8061698457870221
fivepointsnc,fivepointsfl,five points,NC,FL,100.0,five points,AZ,0.4945718008712257
lillianar,lillianla,lillian,AR,LA,100.0,lillian,PA,0.0259794308996445
goldenbeachmd,goldenbeachmd,golden beach,MD,MD,100.0,golden beach,FL,0.2766294312149546
laurelrunpa,laurelrunde,laurel run,PA,DE,90.5,laurel run,NJ,0.2989043085490057
orlandin,orlandca,orland,IN,CA,100.0,orland,IL,0.2351728708677173
banningca,banningca,banning,CA,CA,100.0,banning,CA,0.0431560550707599
wendellmn,wendellid,wendell,MN,ID,100.0,wendell,ID,0.1136174818195392
ramseymn,ramseymn,ramsey,MN,MN,100.0,ramsey,ND,0.2679299457407009
newalexandriapa,newalexandriapa,new alexandria,PA,PA,81.81818181818183,new alexandria,NH,0.2194473398098148
wallawallawa,wallawallawa,walla walla,WA,WA,100.0,walla walla,WA,0.8948746792421057
pleasanthillpa,pleasanthillpa,pleasant hill,PA,PA,100.0,pleasant hill,TN,0.1637083714103221
readerar,readeroh,reader,AR,OH,85.71428571428571,reader,PA,0.0259794308996445
newrichmondin,newrichmondoh,new richmond,IN,OH,100.0,new richmond,NH,0.1423859487054479
hutchinsonmn,hutchinsonmn,hutchinson,MN,MN,100.0,hutchinson,SD,0.3714843408793786
washingtonga,washingtonga,washington,GA,GA,100.0,washington,DC,0.8308863657097861
shrewsurypa,shrewsurypa,shrewsury,PA,PA,90.0,shrewsury,MA,0.0543182328383733
camppendletonorthca,camppendletonorthca,camp pendleto north,CA,CA,95.0,camp pendleto north,CA,0.1305696653250534
summitlakewi,summitlakeaz,summit lake,WI,AZ,90.5,summit lake,UT,0.2390468711368254
crestwoodky,crestwoodky,crestwood,KY,KY,100.0,crestwood,NJ,0.3831776072742258
morgantownwv,morgantownwv,morgantown,WV,WV,100.0,morgantown,WV,0.3054142268379088
schnecksvillepa,schnecksvillepa,schnecksville,PA,PA,100.0,schnecksville,PA,0.0361012609900843
harborisleny,harborisleny,harbor isle,NY,NY,100.0,harbor isle,ME,0.4933242421241345
newcaliforniaoh,newcaliforniaoh,new california,OH,OH,100.0,new california,OH,0.147458030949965
st.gabriella,st.gabrielca,st. gabriel,LA,CA,81.81818181818183,st. gabriel,VT,0.3372885915962647
crystalbeachaz,crystalbeachmn,crystal beach,AZ,MN,90.5,crystal beach,FL,0.6590273243394718
oaksmo,oaksnd,oaks,MO,ND,80.0,oaks,CA,0.1623754483046749
e.lopeztx,e.lopezal,e. lopez,TX,AL,62.5,e. lopez,PA,0.0259794308996445
grandriversky,grandriversny,grand rivers,KY,NY,81.81818181818183,grand rivers,OR,0.2115547393744825
rutladil,rutladma,rutlad,IL,MA,85.71428571428571,rutlad,VT,0.6748809245086227
dryprongla,dryprongne,dry prong,LA,NE,66.66666666666666,dry prong,OH,0.3499348609696111
effighamks,effighamil,effigham,KS,IL,88.88888888888889,effigham,NH,0.1201128154274344
mariettaok,mariettaok,marietta,OK,OK,100.0,marietta,WA,0.2274989796264849
willowbrookil,willowbrookil,willowbrook,IL,IL,100.0,willowbrook,IL,0.0500911190442846
foxrivprka,foxrivprpa,fox rivpr,KA,PA,71.42857142857143,fox rivpr,WY,0.1179308505459208
ilaga,ilaks,ila,GA,KS,75.0,ila,KS,0.0506503580509157
lakestationin,lakestationin,lake station,IN,IN,100.0,lake station,AK,0.2118051913612723
oakhillsc,oakhillsca,oak hills,C,CA,100.0,oak hills,MI,0.1280656716297443
montaguetx,montaguetx,montague,TX,TX,100.0,montague,TX,0.0544768139092983
studybuttetx,studybutteco,study butte,TX,CO,69.23076923076923,study butte,SD,0.4225037138151479
cushmanar,cushmanal,cushman,AR,AL,71.42857142857143,cushman,PA,0.0259794308996445
postoakbendcitytx,postoakbendcitytx,post oak bend city,TX,TX,90.5,post oak bend city,OR,0.2168062741580409
winterwi,winterca,winter,WI,CA,85.71428571428571,winter,FL,0.6246333478782278
abbotsfordwh,abbotsfordwi,abbotsford,WH,WI,100.0,abbotsford,WI,0.0452684678024591
pinalaz,pinalaz,pinal,AZ,AZ,75.0,pinal,AZ,0.7011261960442313
lockesburgar,lockesburgal,lockesburg,AR,AL,80.0,lockesburg,PA,0.0259794308996445
mathistonmz,mathistontx,mathiston,MZ,TX,90.5,mathiston,PA,0.0259794308996445
owentonky,owentonky,owenton,KY,KY,100.0,owenton,KY,0.0467781084926376
meadbwlandspa,meadbwlandsco,meadbwlands,PA,CO,90.5,meadbwlands,PA,0.0259794308996445
aehenawi,aehenaor,aehena,WI,OR,100.0,aehena,PA,0.0259794308996445
rossfoidho,rossfoidca,rossfoid,HO,CA,90.5,rossfoid,PA,0.0259794308996445
redbymn,redbymn,redby,MN,MN,100.0,redby,MN,0.0441160464595694
redvaleco,redvaleca,redvale,CO,CA,75.0,redvale,PA,0.0259794308996445
st.charlesar,st.charlesil,st. charles,AR,IL,76.92307692307693,st. charles,VT,0.297962624846763
norwoodnc,norwoodnc,norwood,NC,NC,100.0,norwood,MN,0.3484030334143531
selmatx,selmatx,selma,TX,TX,100.0,selma,AL,0.0512805762869683
freedomaok,freedomca,freedom,AOK,CA,100.0,freedom,NH,0.1014779527556104
harrisvilleri,harrisvilleri,harrisville,RI,RI,100.0,harrisville,UT,0.2311977572889413
forrestonil,forrestonil,forreston,IL,IL,100.0,forreston,IL,0.0747409259178022
kellert,kellertx,keller,T,TX,100.0,keller,TX,0.0311476746087125
oakmanal,oakmanma,oakman,AL,MA,83.33333333333334,oakman,PA,0.0259794308996445
marshfieldwi,marshfieldwi,marshfield,WI,WI,100.0,marshfield,MA,0.3441594010015797
rjcklandwi,rjcklandme,rjckland,WI,ME,87.5,rjckland,PA,0.0259794308996445
parksvillesc,parksvilleaz,parksville,SC,AZ,90.5,parksville,PA,0.0259794308996445
mounthopewi,mounthopewv,mount hope,WI,WV,100.0,mount hope,NC,0.1290396569258247
denisontx,denisontx,denison,TX,TX,100.0,denison,IA,0.1044624726919751
crawfordfe,crawfordnj,crawford,FE,NJ,87.5,crawford,AR,0.1113176948744953
brentwoodny,brentwoodny,brentwood,NY,NY,100.0,brentwood,TN,0.5091544605604137
monmouthor,monmouthor,monmouth,OR,OR,100.0,monmouth,NJ,0.5739447538790412
southwilliamsportpa,southwilliamsportpa,south williamsport,PA,PA,100.0,south williamsport,MD,0.09428062581258
sancarlosiitx,sancarlosiitx,san carlos ii,TX,TX,90.5,san carlos ii,AZ,0.2620531998213801
calhounom,calhounga,calhoun,OM,GA,100.0,calhoun,SC,0.2822976324032947
oronogomo,oronogomo,oronogo,MO,MO,100.0,oronogo,MO,0.0412682841143835
thowntonco,thowntonin,thownton,CO,IN,88.88888888888889,thownton,PA,0.0259794308996445
parkercityint,parkercityin,parke rcity,INT,IN,90.9090909090909,parke rcity,SD,0.113048458684669
idealga,idealga,ideal,GA,GA,71.42857142857143,ideal,PA,0.0259794308996445
lakedalecarliain,lakedalecarliain,lake dalecarlia,IN,IN,100.0,lake dalecarlia,IN,0.1833391200371617
monarchmillsc,monarchmillsc,monarch mill,SC,SC,100.0,monarch mill,SC,0.1318332792978087
glenavrva,glenavril,glenavr,VA,IL,83.33333333333334,glenavr,PA,0.0259794308996445
pinewoodestatestx,pinewoodestatestx,pinewood estates,TX,TX,100.0,pinewood estates,HI,0.1641215371319309
towamensingtrailspa,towamensingtrailspa,towamensing trails,PA,PA,100.0,towamensing trails,PA,0.1992225088016124
wsetfreeholdnj,wsetfreeholdnj,wset freehold,NJ,NJ,92.3076923076923,wset freehold,NJ,0.3935836551128878
kermittx,kermittx,kermit,TX,TX,100.0,kermit,TX,0.0527447337762848
prestontx,prestontx,preston,TX,TX,100.0,preston,CT,0.5747611859842139
hillsborowi,hillsborowi,hillsboro,WI,WI,100.0,hillsboro,ND,0.1797497758793114
tecumsehmi,tecumsehmi,tecumseh,MI,MI,100.0,tecumseh,OK,0.2118841576114163
hudsonlakein,hudsonlakein,hudson lake,IN,IN,100.0,hudson lake,WI,0.3271321441813684
quimbyia,quimbyca,quimby,IA,CA,66.66666666666666,quimby,PA,0.0259794308996445
eastlakeoh,eastlakeoh,eastlake,OH,OH,100.0,eastlake,FL,0.0373216935274343
cresaptownmd,cresaptownmd,cresaptown,MD,MD,100.0,cresaptown,MD,0.0553248928808209
lincolnvilleks,lincolnvilleks,lincolnville,KS,KS,90.5,lincolnville,SC,0.2985699990919117
oldstationca,oldstationct,old station,CA,CT,80.0,old station,ME,0.3701105039143502
newtownnd,newtownnd,new town,ND,ND,100.0,new town,WV,0.2052601312361366
tazlianak,tazlianaz,tazlian,AK,AZ,75.0,tazlian,PA,0.0259794308996445
mountjacksonva,mountjacksonva,mount jackson,VA,VA,100.0,mount jackson,KY,0.1177872164904516
manchestermi,manchestermi,manchester,MI,MI,100.0,manchester,VT,0.1740831662187731
horsecaveky,horsecaveky,horse cave,KY,KY,100.0,horse cave,KY,0.428314464972184
jacksonmo,jacksonmo,jackson,MO,MO,100.0,jackson,OR,0.0618456557856067
losangelesca,losangelesca,los angeles,CA,CA,100.0,los angeles,CA,0.8115217224172192
sundaylakewa,sundaylaketx,sunday lake,WA,TX,83.33333333333334,sunday lake,WI,0.2212458142848364
liebenthalks,liebenthalaz,liebenthal,KS,AZ,85.71428571428571,liebenthal,PA,0.0259794308996445
newerami,newerand,new era,MI,ND,83.33333333333334,new era,CT,0.0803418520820519
galevilleny,galevilleny,galeville,NY,NY,100.0,galeville,WI,0.0445898002491242
guysnt,guysnd,guys,NT,ND,60.0,guys,PA,0.0259794308996445
stanleync,stanleync,stanley,NC,NC,100.0,stanley,SD,0.3618316727390316
buddlakenj,buddlakenj,budd lake,NJ,NJ,100.0,budd lake,NJ,0.3092183198398764
lafayettega,lafayettega,lafayette,GA,GA,100.0,lafayette,WI,0.0980183437618999
losangelesvca,losangelesca,los angeles,VCA,CA,100.0,los angeles,CA,0.8115217224172192
serasburgil,serasburgco,serasburg,IL,CO,88.88888888888889,serasburg,PA,0.0259794308996445
fentomo,fentomo,fento,MO,MO,83.33333333333334,fento,MI,0.0409291400752043
parklaynegoh,parklaynegoh,park layneg,OH,OH,90.5,park layneg,IL,0.2118818280409961
kenovawv,kenovawv,kenova,WV,WV,100.0,kenova,WV,0.0870394557792193
ashvilleal,ashvilleal,ashville,AL,AL,100.0,ashville,MI,0.0835974254275089
vermontiln,vermontal,vermont,ILN,AL,83.33333333333334,vermont,PA,0.0259794308996445
eunicenm,eunicenm,eunice,NM,NM,100.0,eunice,NM,0.2564150305433158
fomosoks,fomosopr,fomoso,KS,PR,80.0,fomoso,PA,0.0259794308996445
lakemadisonsd,lakemadisonak,lake madison,SD,AK,80.0,lake madison,IN,0.1117079735927117
gallantal,gallanttx,gallant,AL,TX,90.5,gallant,PA,0.0259794308996445
franklini,franklinga,franklin,I,GA,100.0,franklin,VT,0.138380527843946
bozemanmt,bozemanmt,bozeman,MT,MT,100.0,bozeman,MT,0.456553734505727
unionhill-noveltyhillwa,unionhill-noveltyhillwa,union hill-novelty hill,WA,WA,100.0,union hill-novelty hill,WA,0.3959241161068761
lapresaix,lapresaca,la presa,IX,CA,100.0,la presa,CA,0.1616751725527244
homesteadnm,homesteadfl,homestead,NM,FL,100.0,homestead,TX,0.1084706883423935
peytonco,peytontx,peyton,CO,TX,75.0,peyton,PA,0.0259794308996445
leonaks,leonaia,leona,KS,IA,90.5,leona,CA,0.1027144562287967
boguechittoms,boguechittola,bogue chitto,MS,LA,66.66666666666666,bogue chitto,PA,0.0259794308996445
winnebagon,winnebagoil,winnebago,N,IL,100.0,winnebago,IA,0.1537335946325153
volinsd,volinil,volin,SD,IL,75.0,volin,PA,0.0259794308996445
amasami,amasala,amasa,MI,LA,90.5,amasa,PA,0.0259794308996445
westwarehamma,westwarehamma,west wareham,MA,MA,100.0,west wareham,MA,0.6722320130720102
dbulinoj,dbulinca,dbulin,OJ,CA,83.33333333333334,dbulin,PA,0.0259794308996445
carbonadowa,carbonadowa,carbonado,WA,WA,83.33333333333334,carbonado,PA,0.0259794308996445
massenaia,massenany,massena,IA,NY,100.0,massena,NY,0.0330720197492479
bayougoulala,bayougoulaar,bayou goula,LA,AR,90.5,bayou goula,LA,0.6888803601854485
franklinparkpa,franklinparkpa,franklin park,PA,PA,100.0,franklin park,NJ,0.3377878492106239
parmaoh,parmaoh,parma,OH,OH,100.0,parma,OH,0.2138121481358378
slickvillepa,slickvillene,slickville,PA,NE,90.0,slickville,PA,0.0259794308996445
wildwoodnj,wildwoodnj,wildwood,NJ,NJ,100.0,wildwood,NJ,0.2244296299688065
rockvillect,rockvillect,rockville,CT,CT,100.0,rockville,CT,0.0761042323976115
sterlingco,sterlingco,sterling,CO,CO,100.0,sterling,AK,0.2286082569520656
norwoodcourtmo,norwoodcourtma,norwood court,MO,MA,90.5,norwood court,VA,0.187651703760003
marlowheightsmd,marlowheightsmd,marlow heights,MD,MD,100.0,marlow heights,MD,0.4954035016705843
denverco,denverco,denver,CO,CO,100.0,denver,CO,0.4739736618744287
kickapoosite6ks,kickapoosite6ak,kickapoo site 6,KS,AK,80.0,kickapoo site 6,PA,0.0259794308996445
cutoffla,cutoffla,cut off,LA,LA,100.0,cut off,MT,0.4351825588043218
lancastermo,lancastermo,lancaster,MO,MO,100.0,lancaster,SC,0.2644238687491454
stirlingcityca,stirlingcitytx,stirling city,CA,TX,100.0,stirling city,VA,0.4645090331104248
northhlilsny,northhlilsny,north hlils,NY,NY,90.9090909090909,north hlils,MA,0.2145007417956395
saginawmo,saginawmi,saginaw,MO,MI,100.0,saginaw,MI,0.415644170107216
deschutesriverwoodso,deschutesriverwoodsor,deschutes river woods,O,OR,100.0,deschutes river woods,OR,0.7901586950375463
watlerborsc,watlerbortx,watlerbor,SC,TX,83.33333333333334,watlerbor,PA,0.0259794308996445
cuttenca,cuttenca,cutten,CA,CA,100.0,cutten,CA,0.0431560550707599
reddellla,reddellme,reddell,LA,ME,100.0,reddell,PA,0.0259794308996445
puebloco,puebloco,pueblo,CO,CO,100.0,pueblo,NM,0.7160272596439933
daphneal,daphneal,daphne,AL,AL,100.0,daphne,AL,0.1206472361293829
unioncentrewi,unioncentreky,union centre,WI,KY,90.5,union centre,PA,0.1319423238158411
whitmerwv,whitmersc,whitmer,WV,SC,87.5,whitmer,PA,0.0259794308996445
hornsbytn,hornsbyal,hornsby,TN,AL,85.71428571428571,hornsby,TX,0.0430091075905035
airwayheightswa,airwayheightswa,airway heights,WA,WA,100.0,airway heights,WA,0.5316620759138598
northsiouxcitysd,northsiouxcitysd,north sioux city,SD,SD,100.0,north sioux city,SD,0.3033355339437866
williabsvilleny,williabsvilleny,williabsville,NY,NY,92.3076923076923,williabsville,PA,0.0259794308996445
gaylordks,gaylordmi,gaylord,KS,MI,100.0,gaylord,MN,0.0788968190236712
countrycluca,countrycluca,country clu,CA,CA,91.66666666666666,country clu,WA,0.0759245608390864
graryidgemo,graryidgeok,graryidge,MO,OK,90.5,graryidge,PA,0.0259794308996445
blissny,blissaz,bliss,NY,AZ,80.0,bliss,MA,0.4291121043041278
ardmorepa,ardmorepa,ardmore,PA,PA,100.0,ardmore,OK,0.0594657884457848
glenms,glenco,glen,MS,CO,66.66666666666666,glen,NJ,0.2182949835726804
norwoodla,norwoodma,norwood,LA,MA,100.0,norwood,MN,0.3484030334143531
middleportny,middleportny,middleport,NY,NY,100.0,middleport,OH,0.0367987679997563
penndelpa,penndelpa,penndel,PA,PA,100.0,penndel,PA,0.0496484388263135
lyndonvillevt,lyndonvillevt,lyndonville,VT,VT,100.0,lyndonville,VT,0.4971620371945849
hastingspa,hastingspa,hastings,PA,PA,100.0,hastings,NE,0.0605522732715647
smyrnade,smyrnade,smyrna,DE,DE,100.0,smyrna,DE,0.2775656923460738
wendellmn,wendellid,wendell,MN,ID,100.0,wendell,ID,0.1136174818195392
olatheco,olatheco,olathe,CO,CO,100.0,olathe,CO,0.1439012993513412
wahkonmn,wahkonia,wahkon,MN,IA,83.33333333333334,wahkon,PA,0.0259794308996445
caledoniail,caledoniami,caledonia,IL,MI,100.0,caledonia,VT,0.7555889712368952
emingtonil,emingtonin,emington,IL,IN,88.88888888888889,emington,PA,0.0259794308996445
hqciendaheightsca,hqciendaheightsca,hqcienda heights,CA,CA,93.75,hqcienda heights,OH,0.2887328372172506
blainetn,blainetn,blaine,TN,TN,100.0,blaine,ID,0.2775323540956932
summershadeky,summershadeil,summer shade,KY,IL,83.33333333333334,summer shade,NJ,0.1423784088693511
cliftonks,cliftonaz,clifton,KS,AZ,100.0,clifton,VA,0.1271282366934766
st.roseil,st.rosela,st. rose,IL,LA,70.0,st. rose,VT,0.2925742106498715
nrthptoomacmd,nrthptoomacmd,nrth ptoomac,MD,MD,92.3076923076923,nrth ptoomac,MA,0.0656979701022904
baylakefl,baylakear,bay lake,FL,AR,90.5,bay lake,WI,0.2315922615628266
kilgoretx,kilgoretx,kilgore,TX,TX,100.0,kilgore,TX,0.0311476746087125
westalemwi,westalemtx,west alem,WI,TX,90.5,west alem,MA,0.2022320839756865
isletavillagepropernm,isletavillageproperil,isleta village proper,NM,IL,80.0,isleta village proper,CT,0.2784592898334533
santarosavalleyca,santarosavalleyca,santa rosa valley,CA,CA,90.5,santa rosa valley,NM,0.5867158029865617
versaillesmo,versaillesmo,versailles,MO,MO,100.0,versailles,OH,0.1520142276756283
sharonnd,sharonma,sharon,ND,MA,100.0,sharon,KS,0.2171031129061607
fowlerac,fowlerca,fowler,AC,CA,100.0,fowler,CO,0.1169263531268404
clinotna,clinotnpa,clinotn,A,PA,87.5,clinotn,PA,0.0259794308996445
essexia,essexmd,essex,IA,MD,100.0,essex,VT,0.6160709693148991
centerportpa,centerportny,centerport,PA,NY,100.0,centerport,NY,0.0330720197492479
banerhilltn,banerhilltn,baner hill,TN,TN,90.9090909090909,baner hill,MT,0.1487451851889309
burgessmo,burgessny,burgess,MO,NY,85.71428571428571,burgess,PA,0.0259794308996445
hilbertwi,hilbertwi,hilbert,WI,WI,100.0,hilbert,WI,0.0452684678024591
portst.johnfl,portst.johnfl,port st. john,FL,FL,80.0,port st. john,FL,0.4545630824776733
queensny,queensny,queens,NY,NY,100.0,queens,NY,0.3954379892429434
kianaak,kianaak,kiana,AK,AK,80.0,kiana,PA,0.0259794308996445
goshenin,goshenin,goshen,IN,IN,100.0,goshen,WY,0.7374882224096356
lakeisabellami,lakeisabellami,lake isabella,MI,MI,100.0,lake isabella,MI,0.6531340200807008
millerplacevy,millerplaceny,miller place,VY,NY,100.0,miller place,WA,0.2438646762253351
penalosks,penalosms,penalos,KS,MS,80.0,penalos,PA,0.0259794308996445
alphanj,alphanj,alpha,NJ,NJ,100.0,alpha,NJ,0.0424313089922792
tippecanoeoh,tippecanoeaz,tippecanoe,OH,AZ,80.0,tippecanoe,IN,0.3454412373463547
hdgenvilleky,hdgenvilleky,hdgenville,KY,KY,90.9090909090909,hdgenville,PA,0.0259794308996445
vaughnwa,vaughnmo,vaughn,WA,MO,66.66666666666666,vaughn,PA,0.0259794308996445
veblensd,veblenok,veblen,SD,OK,80.0,veblen,PA,0.0259794308996445
danilelky,danilelky,danilel,KY,KY,87.5,danilel,PA,0.0259794308996445
snydervilleut,snydervilleut,snyderville,UT,UT,100.0,snyderville,UT,0.2563114959228773
paddocklakewi,paddocklakewi,paddock lake,WI,WI,100.0,paddock lake,WI,0.1891689323514873
absarokeemt,absarokeemt,absarokee,MT,MT,100.0,absarokee,MT,0.1079026544805634
phillipswi,phillipswi,phillips,WI,WI,100.0,phillips,MT,0.1737267380366196
wastasd,wastaca,wasta,SD,CA,80.0,wasta,PA,0.0259794308996445
lincolnparkn,lincolnparkco,lincoln park,N,CO,100.0,lincoln park,WY,0.2244934167430687
prattvilleal,prattvilleal,prattville,AL,AL,100.0,prattville,AL,0.3122533249088893
savagemd,savagemd,savage,MD,MD,100.0,savage,MN,0.0815088787804722
charlosheightsmt,charlosheightsil,charlos heights,MT,IL,80.0,charlos heights,OH,0.2887328372172506
spartaga,spartaga,sparta,GA,GA,100.0,sparta,MI,0.0942325767908755
johnstownoh,johnstownoh,johnstown,OH,OH,100.0,johnstown,CO,0.0557918743869964
pineridgepa,pineridgepa,pine ridge,PA,PA,100.0,pine ridge,FL,0.2712940983189804
carlinnv,carlinnv,carlin,NV,NV,100.0,carlin,NV,0.721244246876731
worthil,worthil,worth,IL,IL,100.0,worth,FL,0.1642536241728424
craigmt,craigak,craig,MT,AK,100.0,craig,AK,0.3309940883016847
jacksonvillear,jacksonvillear,jacksonville,AR,AR,100.0,jacksonville,IL,0.1017861085234802
wyacondamo,wyacondaco,wyaconda,MO,CO,75.0,wyaconda,PA,0.0259794308996445
weirtx,weirtx,weir,TX,TX,66.66666666666666,weir,PA,0.0259794308996445
malvernar,malvernar,malvern,AR,AR,100.0,malvern,AL,0.0874047548019696
centevrillewa,centevrilleal,centevrille,WA,AL,90.9090909090909,centevrille,PA,0.0259794308996445
westalliswi,westalliswi,west allis,WI,WI,100.0,west allis,WI,0.2273887258656179
peekskillny,peekskillny,peekskill,NY,NY,100.0,peekskill,NY,0.0455865646322406
monovistaca,monovistaca,mono vista,CA,CA,100.0,mono vista,CA,0.4198911416968572
talcot,talcoca,talco,T,CA,75.0,talco,PA,0.0259794308996445
ryeco,ryenh,rye,CO,NH,100.0,rye,NH,0.2679235060551729
yakmawa,yakmaak,yakma,WA,AK,90.5,yakma,PA,0.0259794308996445
concordehillsoh,concordehillsal,concorde hills,OH,AL,90.5,concorde hills,KY,0.1803497050908042
mcfarlandca,mcfarlandca,mcfarland,CA,CA,100.0,mcfarland,CA,0.0555380546917038
villaparkca,villaparkca,villa park,CA,CA,100.0,villa park,IL,0.5122989257370248
lakeviewwa,lakeviewca,lakeview,WA,CA,100.0,lakeview,GA,0.2296526923611762
artesianm,artesianm,artesia,NM,NM,100.0,artesia,NM,0.0947820552133116
rockhamsd,rockhamal,rockham,SD,AL,75.0,rockham,PA,0.0259794308996445
biglakewa,biglakewa,big lake,WA,WA,100.0,big lake,AK,0.2566224918956141
osceolane,osceolane,osceola,NE,NE,100.0,osceola,MI,0.1628783124465353
atholi,atholma,athol,I,MA,100.0,athol,MA,0.0573726671731025
kicdapoosite2ks,kicdapoosite2il,kicdapoo site 2,KS,IL,71.42857142857143,kicdapoo site 2,PA,0.0259794308996445
rutlandil,rutlandma,rutland,IL,MA,100.0,rutland,VT,0.8971340329189073
osceolamo,osceolamo,osceola,MO,MO,100.0,osceola,MI,0.1628783124465353
greenbaywi,greenbaywi,green bay,WI,WI,100.0,green bay,WI,0.3932421380255217
ashbymn,ashbyma,ashby,MN,MA,100.0,ashby,WV,0.4877110718354007
chenaoil,chenaoil,chenao,IL,IL,83.33333333333334,chenao,PA,0.0259794308996445
micronc,microfl,micro,NC,FL,80.0,micro,PA,0.0259794308996445
somersetnj,somersetnj,somerset,NJ,NJ,100.0,somerset,ME,0.2613238898658139
goshenva,goshenar,goshen,VA,AR,100.0,goshen,WY,0.7374882224096356
northweststanwoodwa,northweststanwoodny,northwest stanwood,WA,NY,81.81818181818183,northwest stanwood,CT,0.1009428522038582
strasburgil,strasburgco,strasburg,IL,CO,100.0,strasburg,VA,0.0678141326614562
farmloopak,farmloopak,farm loop,AK,AK,100.0,farm loop,AK,0.9646908041176186
santarosaaz,santarosaca,santa rosa,AZ,CA,100.0,santa rosa,NM,0.5002825327906202
vanhorntx,vanhorntx,van horn,TX,TX,100.0,van horn,WY,0.2307897860651567
ashleyheightsnc,ashleyheightsnd,ashley heights,NC,ND,90.5,ashley heights,AR,0.2228026898611271
overtonitx,overtontx,overton,ITX,TX,100.0,overton,TN,0.3599032242194676
sycamoreok,sycamoreil,sycamore,OK,IL,100.0,sycamore,IL,0.0349335350713326
fortstewatga,fortstewatga,fort stewat,GA,GA,91.66666666666666,fort stewat,CO,0.0600657331258108
piffardny,piffardct,piffard,NY,CT,71.42857142857143,piffard,PA,0.0259794308996445
adiarvillageor,adiarvillagemo,adiar village,OR,MO,84.61538461538461,adiar village,CT,0.2784592898334533
chinovalleyz,chinovalleyaz,chino valley,Z,AZ,100.0,chino valley,AZ,0.7126128306798291
eatsrockinghamnc,eatsrockinghamnc,eats rockingham,NC,NC,93.33333333333331,eats rockingham,VT,0.2586967368379764
downingtownpa,downingtownpa,downingtown,PA,PA,100.0,downingtown,PA,0.0496484388263135
ogemam,ogemaga,ogema,M,GA,80.0,ogema,PA,0.0259794308996445
alicend,alicetx,alice,ND,TX,100.0,alice,TX,0.0311476746087125
albanywi,albanywi,albany,WI,WI,100.0,albany,WY,0.4428465327625091
newelliak,newellwv,newell,IAK,WV,100.0,newell,WV,0.24242194223078
tunicams,tunicams,tunica,MS,MS,100.0,tunica,MS,0.8987052088746074
taylorsvillems,taylorsvillems,taylorsville,MS,MS,100.0,taylorsville,KY,0.1236181148494904
churchhillmd,churchhillpa,church hill,MD,PA,100.0,church hill,VA,0.4579921057199748
cumberladky,cumberladky,cumberlad,KY,KY,90.0,cumberlad,ME,0.074618226722999
portageoh,portagein,portage,OH,IN,100.0,portage,WI,0.2951428730536144
casperwy,casperwy,casper,WY,WY,100.0,casper,WY,0.3017530946300409
duttonmt,duttonga,dutton,MT,GA,83.33333333333334,dutton,PA,0.0259794308996445
cumberlandcenterme,cumberlandcenterme,cumberland center,ME,ME,100.0,cumberland center,ME,0.3141702767714962
norwoodny,norwoodny,norwood,NY,NY,100.0,norwood,MN,0.3484030334143531
lonejackmo,lonejackmo,lone jack,MO,MO,100.0,lone jack,MO,0.3498680302291418
lagrangeparkil,lagrangeparkil,la grange park,IL,IL,100.0,la grange park,IL,0.241754752754831
awukenaca,awukenail,awukena,CA,IL,75.0,awukena,PA,0.0259794308996445
fredericksburgin,fredericksburgpa,fredericksburg,IN,PA,100.0,fredericksburg,VA,0.1901310231915688
bakermn,bakerla,baker,MN,LA,100.0,baker,OR,0.5538884519271625
macheseyparkin,macheseyparkil,machesey park,IN,IL,92.85714285714286,machesey park,IL,0.2118818280409961
denverta,denverco,denver,TA,CO,100.0,denver,CO,0.4739736618744287
st.mary'spak,st.mary'sga,st. mary's,PAK,GA,88.88888888888889,st. mary's,FL,0.2820829161072522
laportein,laportein,la porte,IN,IN,100.0,la porte,PR,0.1106015727077455
vherrillia,vherrillfl,vherrill,IA,FL,88.88888888888889,vherrill,PA,0.0259794308996445
fajardopr,fajardopr,fajardo,PR,PR,100.0,fajardo,PR,0.5012394922890642
cornleane,cornleaga,cornlea,NE,GA,75.0,cornlea,PA,0.0259794308996445
paxtonne,paxtonil,paxton,NE,IL,100.0,paxton,MA,0.1149663360822773
whitesotneva,whitesotnenj,white sotne,VA,NJ,81.81818181818183,white sotne,NM,0.2279381075821533
ddihamia,ddihamme,ddiham,IA,ME,83.33333333333334,ddiham,PA,0.0259794308996445
beltontx,beltontx,belton,TX,TX,100.0,belton,SC,0.0634738512729169
palmern,palmerak,palmer,N,AK,100.0,palmer,AK,0.1226331740957479
virgilinava,virgilinanv,virgilina,VA,NV,80.0,virgilina,PA,0.0259794308996445
eastfultonhamoh,eastfultonhamma,east fultonham,OH,MA,84.61538461538461,east fultonham,RI,0.1964166066466119
pajaroca,pajaroca,pajaro,CA,CA,100.0,pajaro,CA,0.031879825005699
brooksideal,brooksideal,brookside,AL,AL,100.0,brookside,DE,0.3542530394034631
kokomoin,kokomoin,kokomo,IN,IN,100.0,kokomo,IN,0.0477571380942961
frontenacmo,frontenacmo,frontenac,MO,MO,100.0,frontenac,KS,0.0534704928238851
jvasdp,jvamo,jva,SDP,MO,66.66666666666666,jva,PA,0.0259794308996445
howardwi,howardwi,howard,WI,WI,100.0,howard,MD,0.1689821806461587
pesotumil,pesotumnm,pesotum,IL,NM,80.0,pesotum,PA,0.0259794308996445
lowellpointak,lowellpointar,lowell point,AK,AR,90.5,lowell point,OR,0.1030918235061822
evansco,evansco,evans,CO,CO,100.0,evans,GA,0.3074537635811531
egrtyok,egrtyar,egrty,OK,AR,66.66666666666666,egrty,PA,0.0259794308996445
eastlawngardenspa,eastlawngardenspa,eastlawn gardens,PA,PA,100.0,eastlawn gardens,FL,0.2256141470323051
southdeerfieldma,southdeerfieldma,south deerfield,MA,MA,100.0,south deerfield,MA,0.2170832107875888
westaltobonitotx,westaltobonitotx,west alto bonito,TX,TX,90.5,west alto bonito,IA,0.156038476451823
islandparkid,islandparkny,island park,ID,NY,100.0,island park,FL,0.2900271288199318
cimarroncityok,cimarroncityks,cimarron city,OK,KS,90.5,cimarron city,CO,0.2627922207929907
pachecoca,pachecoca,pacheco,CA,CA,100.0,pacheco,CA,0.031879825005699
coldfootak,coldfootca,coldfoot,AK,CA,75.0,coldfoot,PA,0.0259794308996445
banksor,banksor,banks,OR,OR,100.0,banks,LA,0.2007604334068672
cliffvillagemo,cliffvillagetx,cliff village,MO,TX,80.0,cliff village,TX,0.1094362670806722
oakviewmo,oakviewca,oakview,MO,CA,87.5,oakview,CA,0.0431560550707599
lacarlatx,lacarlaca,la carla,TX,CA,77.77777777777779,la carla,NM,0.3401270040118779
tolanilakecz,tolanilaketx,tolani lake,CZ,TX,80.0,tolani lake,WI,0.2212458142848364
kansasil,kansasmn,kansas,IL,MN,83.33333333333334,kansas,MO,0.3085084511423859
socialcirclea,socialcirclega,social circle,A,GA,100.0,social circle,GA,0.2672307778599406
cottonowodshorestx,cottonowodshorestx,cottonowod shores,TX,TX,94.11764705882352,cottonowod shores,FL,0.4476394776063787
hedgesvillewv,hedgesvilleky,hedgesville,WV,KY,90.9090909090909,hedgesville,PA,0.0259794308996445
chandleraz,chandleraz,chandler,AZ,AZ,100.0,chandler,AZ,0.0710960986716787
kendrickok,kendrickla,kendrick,OK,LA,83.33333333333334,kendrick,PA,0.0259794308996445
puehlowestco,puehlowestco,puehlo west,CO,CO,90.9090909090909,puehlo west,MA,0.1340228208154326
minieril,minieril,minier,IL,IL,100.0,minier,IL,0.0349335350713326
sumnerga,sumneril,sumner,GA,IL,100.0,sumner,NM,0.2396798641444271
mauricevilletx,mauricevilletx,mauriceville,TX,TX,100.0,mauriceville,TX,0.0311476746087125
duncanms,duncanok,duncan,MS,OK,100.0,duncan,SC,0.2657262832238631
ellsworthmi,ellsworthks,ellsworth,MI,KS,100.0,ellsworth,KS,0.2877692296933712
greensburgmd,greensburgin,greensburg,MD,IN,100.0,greensburg,PA,0.1763133641300695
staleync,staleync,staley,NC,NC,85.71428571428571,staley,ND,0.1253195546725445
tingmeyia,tingmeync,tingmey,IA,NC,75.0,tingmey,PA,0.0259794308996445
ellensburgwa,ellensburgwa,ellensburg,WA,WA,100.0,ellensburg,WA,0.0974155803818248
grahamal,grahamme,graham,AL,ME,100.0,graham,AZ,0.2668841097152367
beaconsquarefl,beaconsquarefl,beacon square,FL,FL,100.0,beacon square,IL,0.1251102406836955
dmoremi,dmoremi,dmore,MI,MI,83.33333333333334,dmore,PA,0.0259794308996445
harltyde,harltymi,harlty,DE,MI,75.0,harlty,PA,0.0259794308996445
rusesllvillein,rusesllvillein,rusesllville,IN,IN,91.66666666666666,rusesllville,PA,0.0259794308996445
oamplicosc,oamplicosc,oamplico,SC,SC,87.5,oamplico,PA,0.0259794308996445
cantonok,cantonga,canton,OK,GA,100.0,canton,CT,0.1901130084736749
chapmanpa,chapmanks,chapman,PA,KS,100.0,chapman,KS,0.0553703963758998
partridgeks,partridgear,partridge,KS,AR,88.88888888888889,partridge,PA,0.0259794308996445
ridgelands,ridgelandms,ridgeland,S,MS,100.0,ridgeland,SC,0.0632036610334503
sedylik,sedylimo,sedyli,K,MO,71.42857142857143,sedyli,PA,0.0259794308996445
hallsvilletx,hallsvilletx,hallsville,TX,TX,100.0,hallsville,MO,0.0759248980113551
concora,concorok,concor,A,OK,90.5,concor,MI,0.0657598039466316
pasadenahillsmo,pasadenahillsfl,pasadena hills,MO,FL,100.0,pasadena hills,CA,0.3944003681988822
bandetx,bandeva,b and e,TX,VA,80.0,b and e,PA,0.0259794308996445
pointealahachela,pointealahachemn,pointe a la hache,LA,MN,69.23076923076923,pointe a la hache,HI,0.2245480414989676
torthchasenc,torthchasenc,torthchase,NC,NC,100.0,torthchase,PA,0.0259794308996445
palsoparkil,palsoparkil,palso park,IL,IL,90.0,palso park,IL,0.0799062798291252
baypinesfl,baypinesfl,bay pines,FL,FL,100.0,bay pines,FL,0.4420418912865398
birdseyein,birdseyetx,birdseye,IN,TX,80.0,birdseye,PA,0.0259794308996445
appletoncitymo,appletoncitymo,appleton city,MO,MO,100.0,appleton city,VA,0.0990452806171065
kingstonmo,kingstonmo,kingston,MO,MO,100.0,kingston,NH,0.2532639101685639
johnsonburgnj,johnsonburgpa,johnsonburg,NJ,PA,100.0,johnsonburg,PA,0.0496484388263135
oldgreenok,oldgreenpa,old green,OK,PA,88.88888888888889,old green,CT,0.1968804929675071
fronatx,fronatx,frona,TX,TX,83.33333333333334,frona,TX,0.0311476746087125
millbrookny,millbrookny,millbrook,NY,NY,100.0,millbrook,AL,0.0545276278700308
sharpsvillepa,sharpsvillepa,sharpsville,PA,PA,100.0,sharpsville,PA,0.0361012609900843
thiefriverfallsmn,thiefriverfallsmn,thief river falls,MN,MN,100.0,thief river falls,MN,0.2747783951938801
munsonscorersny,munsonscorersny,munsons corers,NY,NY,93.33333333333331,munsons corers,NY,0.0725121477292458
rosehillsca,rosehillsks,rose hills,CA,KS,90.5,rose hills,LA,0.2369417036798269
brewsteroh,brewsteroh,brewster,OH,OH,100.0,brewster,NY,0.0729037195632373
lascrucesnm,lascrucesnm,las cruces,NM,NM,100.0,las cruces,NM,0.630941370385959
lavillatx,lavillatx,la villa,TX,TX,100.0,la villa,IL,0.1704630765235786
cotterar,cotternj,cotter,AR,NJ,85.71428571428571,cotter,PA,0.0259794308996445
sweetwatertn,sweetwatertn,sweetwater,TN,TN,100.0,sweetwater,WY,0.7292236852767123
eagarvilelil,eagarvilelaz,eagarvilel,IL,AZ,90.5,eagarvilel,PA,0.0259794308996445
silercitynv,silercitync,siler city,NV,NC,100.0,siler city,NC,0.0979075404753104
belleplaineia,belleplaineia,belle plaine,IA,IA,100.0,belle plaine,KS,0.2195279763535012
vallyeal,vallyeaz,vallye,AL,AZ,90.5,vallye,PA,0.0259794308996445
mentorky,mentoroh,mentor,KY,OH,100.0,mentor,OH,0.3536230659344461
greatfallsmt,greatfallsmt,great falls,MT,MT,100.0,great falls,MT,0.4001947283014256
galesburgks,galesburgil,galesburg,KS,IL,100.0,galesburg,MI,0.0414538279241493
melvinawi,melvinaor,melvina,WI,OR,83.33333333333334,melvina,PA,0.0259794308996445
carlisleoh,carlisleoh,carlisle,OH,OH,100.0,carlisle,KY,0.239094796230635
haekinsvillega,haekinsvillega,haekinsville,GA,GA,91.66666666666666,haekinsville,PA,0.0259794308996445
emingtonil,emingtonin,emington,IL,IN,88.88888888888889,emington,PA,0.0259794308996445
shalimarfl,shalimardc,shalimar,FL,DC,75.0,shalimar,PA,0.0259794308996445
brushtonn,brushtonco,brushton,N,CO,90.5,brushton,PA,0.0259794308996445
westsamosetfl,westsamosetfl,west samoset,FL,FL,100.0,west samoset,FL,0.1740317940235639
reedcreekga,reedcreekga,reed creek,GA,GA,100.0,reed creek,MI,0.2581480258008816
olanchaca,olanchaar,olancha,CA,AR,90.5,olancha,PA,0.0259794308996445
deerparktx,deerparktx,deer park,TX,TX,100.0,deer park,AZ,0.3043844596248486
huttigar,huttigva,huttig,AR,VA,90.5,huttig,PA,0.0259794308996445
christophercreekaz,christophercreekil,christopher creek,AZ,IL,90.5,christopher creek,CO,0.0755960867627451
grantonwi,grantonwi,granton,WI,WI,100.0,granton,PA,0.0259794308996445
brazoscountrytx,brazoscountrytx,brazos country,TX,TX,90.5,brazos country,WA,0.0770476780772321
loganks,logania,logan,KS,IA,100.0,logan,WV,0.1995148998362618
marltonmd,marltonmd,marlton,MD,MD,100.0,marlton,MD,0.2073775623676124
mountauburnia,mountauburnmn,mount auburn,IA,MN,80.0,mount auburn,KY,0.1506107623322205
mayflowervillageca,mayflowervillageca,mayflower village,CA,CA,100.0,mayflower village,CT,0.0901813663437583
clevelandtn,clevelandtn,cleveland,TN,TN,100.0,cleveland,OK,0.2609997066387749
kecesca,kecesca,keces,CA,CA,80.0,keces,PA,0.0259794308996445
atlantaga,atlantaga,atlanta,GA,GA,100.0,atlanta,GA,0.2556162883152246
collingslakesnj,collingslakesnj,collings lakes,NJ,NJ,100.0,collings lakes,NJ,0.294676646374827
mllvalepa,mllvaleut,mllvale,PA,UT,100.0,mllvale,PA,0.0496484388263135
stonewallgapco,stonewallgapla,stonewall gap,CO,LA,90.5,stonewall gap,VA,0.1552655365327934
pijehillal,pijehillnj,pije hill,AL,NJ,88.88888888888889,pije hill,TN,0.0600187365576524
miamiok,miamiok,miami,OK,OK,100.0,miami,FL,0.4373232108510115
franklinks,franklinga,franklin,KS,GA,100.0,franklin,VT,0.138380527843946
greenlandra,greenlandar,greenland,RA,AR,100.0,greenland,NH,0.4322567944251003
bourgla,bourgla,bourg,LA,LA,100.0,bourg,LA,0.1373921452925714
skidawayislandga,skidawayislandga,skidaway island,GA,GA,100.0,skidaway island,GA,0.4303164423816432
hollandar,hollandme,holland,AR,ME,100.0,holland,IL,0.0632066986942924
pentresswv,pentressal,pentress,WV,AL,83.33333333333334,pentress,PA,0.0259794308996445
willowspringsil,willowspringsil,willow springs,IL,IL,100.0,willow springs,AZ,0.2951503463414889
talmoga,talmoca,talmo,GA,CA,75.0,talmo,PA,0.0259794308996445
doddcitytx,doddcitytx,dodd city,TX,TX,90.5,dodd city,VA,0.4645090331104248
lakenordensd,lakenordenak,lake norden,SD,AK,80.0,lake norden,WI,0.2212458142848364
taylorsvillems,taylorsvillems,taylorsville,MS,MS,100.0,taylorsville,KY,0.1236181148494904
bellemeadeky,bellemeadetn,bellemeade,KY,TN,90.9090909090909,bellemeade,TN,0.0493296923879667
dawsonmz,dawsonga,dawson,MZ,GA,100.0,dawson,MT,0.2882365460073698
poquottny,poquottct,poquott,NY,CT,75.0,poquott,PA,0.0259794308996445
huetterid,huetterga,huetter,ID,GA,87.5,huetter,PA,0.0259794308996445
pixleyca,pixleyca,pixley,CA,CA,100.0,pixley,CA,0.031879825005699
ehrenbergaz,ehrenbergaz,ehrenberg,AZ,AZ,100.0,ehrenberg,AZ,0.0816111109390022
oakgrovetx,oakgroveky,oak grove,TX,KY,100.0,oak grove,IL,0.1343314362448212
coventrylakect,coventrylakect,coventry lake,CT,CT,100.0,coventry lake,CT,0.5728434056266944
amherstco,amherstma,amherst,CO,MA,100.0,amherst,MA,0.359931838191844
orofinoid,orofinoid,orofino,ID,ID,100.0,orofino,ID,0.3708864388666115
lakealumaok,lakealumaak,lake aluma,OK,AK,80.0,lake aluma,WI,0.2212458142848364
riversidemo,riversidemo,riverside,MO,MO,100.0,riverside,MT,0.2388511943223863
heartbuttemt,heartbuttede,heart butte,MT,DE,75.0,heart butte,SD,0.4225037138151479
ririeid,ririeca,ririe,ID,CA,83.33333333333334,ririe,PA,0.0259794308996445
smithfieldut,smithfieldut,smithfield,UT,UT,100.0,smithfield,RI,0.6548370399916095
paramount-longmeadowmd,paramount-longmeadowmd,paramount-long meadow,MD,MD,100.0,paramount-long meadow,MD,0.5376886524273188
eastportervilleca,eastportervilleca,east porterville,CA,CA,100.0,east porterville,CA,0.1058569439191374
hudsonflb,hudsonco,hudson,FLB,CO,100.0,hudson,NY,0.1435949781514167
higginsvillemo,higginsvillemo,higginsville,MO,MO,100.0,higginsville,MO,0.0412682841143835
coffeymo,coffeyil,coffey,MO,IL,71.42857142857143,coffey,KS,0.41003034440927
clydemo,clydeny,clyde,MO,NY,100.0,clyde,WA,0.2080926095169306
westoceancitymd,westoceancitymd,west ocean city,MD,MD,100.0,west ocean city,NJ,0.2054637950779444
applevalleyut,applevalleyca,apple valley,UT,CA,100.0,apple valley,CA,0.1567737203594761
sumnerwa,sumnerwa,sumner,WA,WA,100.0,sumner,NM,0.2396798641444271
hydeky,hydepa,hyde,KY,PA,100.0,hyde,VT,0.3969319026763138
toxeyal,toxeynm,toxey,AL,NM,75.0,toxey,PA,0.0259794308996445
standingpinems,standingpinemn,standing pine,MS,MN,83.33333333333334,standing pine,NV,0.1559384731636913
mountainviewmo,mountainviewmo,mountain view,MO,MO,100.0,mountain view,WY,0.3426483270655257
shongopoviaz,shongopovinj,shongopovi,AZ,NJ,75.0,shongopovi,PA,0.0259794308996445
kernvilleca,kernvilleca,kernville,CA,CA,100.0,kernville,CA,0.031879825005699
parksza,parksaz,parks,ZA,AZ,100.0,parks,AZ,0.3069692703119372
chirenotx,chirenoia,chireno,TX,IA,75.0,chireno,PA,0.0259794308996445
greensburgin,greensburgin,greensburg,IN,IN,100.0,greensburg,PA,0.1763133641300695
talpanm,talpaco,talpa,NM,CO,80.0,talpa,FL,0.0299204782959883
wallingtordcenterct,wallingtordcenterct,wallingtord center,CT,CT,94.44444444444444,wallingtord center,CT,0.4882620798371166
bethpageny,bethpageny,bethpage,NY,NY,100.0,bethpage,NY,0.223968509501168
cowichewa,cowicheks,cowiche,WA,KS,85.71428571428571,cowiche,PA,0.0259794308996445
pomonany,pomonany,pomona,NY,NY,100.0,pomona,NJ,0.0715773250591823
pueblitonm,pueblitoco,pueblito,NM,CO,83.33333333333334,pueblito,PR,0.2425050628716643
southhavenks,southhavenin,south haven,KS,IN,100.0,south haven,CT,0.4274739983576381
wataugatn,wataugatx,watauga,TN,TX,100.0,watauga,NC,0.2742264375483305
evansvilleme,evansvillein,evansville,ME,IN,100.0,evansville,WY,0.2375857967486738
highlandsnc,highlandsnj,highlands,NC,NJ,100.0,highlands,FL,0.3644699990253731
tevistonca,tevistonca,teviston,CA,CA,100.0,teviston,CA,0.0431560550707599
pueblitonm,pueblitoco,pueblito,NM,CO,83.33333333333334,pueblito,PR,0.2425050628716643
endicottny,endicottny,endicott,NY,NY,100.0,endicott,NY,0.0620261946994712
brunone,brunoca,bruno,NE,CA,71.42857142857143,bruno,CA,0.0513554278603444
straughni,straughnid,straughn,I,ID,75.0,straughn,PA,0.0259794308996445
tunicaresortsms,tunicaresortsms,tunica resorts,MS,MS,100.0,tunica resorts,MS,0.9206244754453046
fairviewbeachva,fairviewbeachca,fairview beach,VA,CA,90.5,fairview beach,FL,0.3082682022328632
bourbonin,bourbonin,bourbon,IN,IN,100.0,bourbon,KS,0.3449588594147083
florail,florail,flora,IL,IL,100.0,flora,NM,0.4979574234059816
twinoaksmo,twinoaksca,twin oaks,MO,CA,80.0,twin oaks,ID,0.1674640322248252
strawberryaz,strawberryca,strawberry,AZ,CA,100.0,strawberry,IA,0.3456072635964289
malcolmne,malcolmaz,malcolm,NE,AZ,83.33333333333334,malcolm,PA,0.0259794308996445
woodlandnc,woodlandca,woodland,NC,CA,100.0,woodland,CO,0.1935970246302947
raylega,rayleia,rayle,GA,IA,83.33333333333334,rayle,PA,0.0259794308996445
hcaunceywv,hcaunceyoh,hcauncey,WV,OH,100.0,hcauncey,PA,0.0259794308996445
montgomerycitymo,montgomerycitymo,montgomery city,MO,MO,100.0,montgomery city,VA,0.1822566824452896
lakewaccamawwnc,lakewaccamawnc,lake waccamaw,WNC,NC,100.0,lake waccamaw,NC,0.167132564198241
churchhilltn,churchhilltn,church hill,TN,TN,100.0,church hill,VA,0.4579921057199748
swedenvalleypa,swedenvalleywa,sweden valley,PA,WA,92.3076923076923,sweden valley,NV,0.2827011123002172
reservemt,reservela,reserve,MT,LA,100.0,reserve,LA,0.1912064298205177
vincental,vincental,vincent,AL,AL,100.0,vincent,AL,0.1113945193139507
ferndalemd,ferndalemd,ferndale,MD,MD,100.0,ferndale,PA,0.1199569872820279
kamiahid,kamiahid,kamiah,ID,ID,100.0,kamiah,ID,0.4995318206719936
unionictyg,unionictyky,union icty,G,KY,90.5,union icty,NM,0.1554386972221444
oxonhillmd,oxonhillmd,oxon hill,MD,MD,100.0,oxon hill,MD,0.670480856215014
southfarmingdaleny,southfarmingdaleny,south farmingdale,NY,NY,100.0,south farmingdale,ME,0.2643459866218844
owentonky,owentonky,owenton,KY,KY,100.0,owenton,KY,0.0467781084926376
jmula,jmulca,jmul,A,CA,80.0,jmul,PA,0.0259794308996445
netawakaks,netawakail,netawaka,KS,IL,87.5,netawaka,PA,0.0259794308996445
rodeynm,rodeyca,rodey,NM,CA,80.0,rodey,PA,0.0259794308996445
godlriverca,godlriverca,godl river,CA,CA,90.0,godl river,AK,0.138196470047638
vienannj,vienanga,vienan,NJ,GA,83.33333333333334,vienan,PA,0.0259794308996445
bennettco,bennettco,bennett,CO,CO,100.0,bennett,SD,0.5647110124264308
sharonnd,sharonma,sharon,ND,MA,100.0,sharon,KS,0.2171031129061607
lincolnparknj,lincolnparknj,lincoln park,NJ,NJ,100.0,lincoln park,WY,0.2244934167430687
phippsburgco,phippsburgme,phippsburg,CO,ME,100.0,phippsburg,ME,0.3322657651333693
fabenstx,fabenstx,fabens,TX,TX,100.0,fabens,TX,0.0406938805053028
alvordia,alvordtx,alvord,IA,TX,100.0,alvord,TX,0.0311476746087125
rodriguezcampca,rodriguezcampil,rodriguez camp,CA,IL,87.5,rodriguez camp,AZ,0.2883504286335829
ashvileoh,ashvileoh,ashvile,OH,OH,87.5,ashvile,PA,0.0259794308996445
horseshoebendid,horseshoebendar,horseshoe bend,ID,AR,100.0,horseshoe bend,AR,0.4268077851998677
delawareoh,delawareoh,delaware,OH,OH,100.0,delaware,DE,0.6996267795416261
floralparknu,floralparkny,floral park,NU,NY,100.0,floral park,NY,0.285741879479731
grandylevillageny,grandylevillageny,grandyle village,NY,NY,100.0,grandyle village,NY,0.096069287765506
locustgrovega,locustgrovega,locust grove,GA,GA,100.0,locust grove,OK,0.1917398167958691
deerparkwi,deerparkca,deer park,WI,CA,100.0,deer park,AZ,0.3043844596248486
blairstownai,blairstownne,blairstown,AI,NE,90.5,blairstown,PA,0.0259794308996445
benotms,benotal,benot,MS,AL,80.0,benot,PA,0.0259794308996445
pomonamo,pomonaca,pomona,MO,CA,100.0,pomona,NJ,0.0715773250591823
soldierks,soldierco,soldier,KS,CO,71.42857142857143,soldier,PA,0.0259794308996445
belleplainemn,belleplainemn,belle plaine,MN,MN,100.0,belle plaine,KS,0.2195279763535012
sherrodsvilleoh,sherrodsvilleks,sherrodsville,OH,KS,85.71428571428571,sherrodsville,PA,0.0259794308996445
deidelbergpa,deidelbergpa,deidelberg,PA,PA,100.0,deidelberg,PA,0.0259794308996445
keithsburgil,keithsburgky,keithsburg,IL,KY,80.0,keithsburg,PA,0.0259794308996445
cottonwoodaz,cottonwoodaz,cottonwood,AZ,AZ,100.0,cottonwood,UT,0.4536172459540172
greenparkmo,greenparkmo,green park,MO,MO,100.0,green park,WY,0.2660759988758569
magnetne,magnetms,magnet,NE,MS,80.0,magnet,PA,0.0259794308996445
missionwoodks,missionwoodks,mission wood,KS,KS,90.5,mission wood,OR,0.2303330187686152
concowca,concowok,concow,CA,OK,90.5,concow,PA,0.0259794308996445
playafortunapr,playafortunapr,playa fortuna,PR,PR,100.0,playa fortuna,PR,0.8103425135774279
cullenla,cullenla,cullen,LA,LA,100.0,cullen,LA,0.1373921452925714
washingtonut,washingtonut,washington,UT,UT,100.0,washington,DC,0.8308863657097861
rbuysc,rbuytx,rbuy,SC,TX,75.0,rbuy,PA,0.0259794308996445
woodbridgeva,woodbridgeva,woodbridge,VA,VA,100.0,woodbridge,CT,0.23601017732702
gumbarnchga,gumbarnchwa,gumbarnch,GA,WA,70.0,gumbarnch,PA,0.0259794308996445
southsideal,southsideal,southside,AL,AL,100.0,southside,AR,0.0562869472460575
supremela,supremela,supreme,LA,LA,100.0,supreme,LA,0.0601926739649647
nortfieldmn,nortfieldmn,nortfield,MN,MN,90.0,nortfield,VT,0.1748938712743692
mattoonjil,mattoonjil,mattoonj,IL,IL,90.5,mattoonj,PA,0.0259794308996445
pocahnotasmo,pocahnotasar,pocahnotas,MO,AR,90.0,pocahnotas,PA,0.0259794308996445
kingsparkva,kingsparkva,kings park,VA,VA,100.0,kings park,NY,0.1918447560889743
hamiltonsquarenj,hamiltonsquarenj,hamilton square,NJ,NJ,100.0,hamilton square,NJ,0.2999540883637255
kanopolisks,kanopolisnc,kanopolis,KS,NC,90.0,kanopolis,PA,0.0259794308996445
paisadeco,paisadeco,paisade,CO,CO,87.5,paisade,PA,0.0259794308996445
hawardenia,hawardenia,hawarden,IA,IA,100.0,hawarden,IA,0.1065846468192689
raleighnc,raleighnc,raleigh,NC,NC,100.0,raleigh,WV,0.1691351086568233
edinburgko,edinburgil,edinburg,KO,IL,100.0,edinburg,VA,0.0389540216909875
longviewync,longviewia,long view,YNC,IA,75.0,long view,DE,0.6806446745060707
reyaz,reynh,rey,AZ,NH,66.66666666666666,rey,CA,0.2762430682331088
chigtontx,chigtonwi,chigton,TX,WI,85.71428571428571,chigton,PA,0.0259794308996445
redingtonshoreslf,redingtonshoresfl,redington shores,LF,FL,100.0,redington shores,FL,0.7356932991485711
marcoislandfl,marcoislandfl,marco island,FL,FL,100.0,marco island,FL,0.514559404607974
lusim.cintronpr,lusim.cintronpr,lusi m. cintron,PR,PR,93.33333333333331,lusi m. cintron,PR,0.4060558472429844
emersonag,emersonga,emerson,AG,GA,100.0,emerson,NJ,0.1088591559232897
delandil,delandmd,de land,IL,MD,85.71428571428571,de land,VA,0.42830662853661
pinelevelfl,pinelevelal,pine level,FL,AL,100.0,pine level,AL,0.3318766354294857
kaplanla,kaplanla,kaplan,LA,LA,100.0,kaplan,LA,0.0601926739649647
millerne,millersd,miller,NE,SD,100.0,miller,AR,0.2246462475804874
kelayrespa,kelayresnc,kelayres,PA,NC,80.0,kelayres,PA,0.0259794308996445
salomeaz,salomeaz,salome,AZ,AZ,100.0,salome,AZ,0.0816111109390022
berlinnj,berlinnj,berlin,NJ,NJ,100.0,berlin,PA,0.0839885452888693
bryantar,bryantar,bryant,AR,AR,100.0,bryant,AR,0.059119152880595
roynm,royut,roy,NM,UT,100.0,roy,NY,0.0924544659076555
awllsdl,awllaz,awll,SDL,AZ,75.0,awll,PA,0.0259794308996445
schurzqnv,schurzqtx,schurzq,NV,TX,71.42857142857143,schurzq,PA,0.0259794308996445
elidanm,elidaoh,elida,NM,OH,100.0,elida,OH,0.0373012794621199
chimneyrockvillagenc,chimneyrockvillagefl,chimney rock village,NC,FL,71.42857142857143,chimney rock village,AR,0.1621071711568628
burnettsvillein,burnettsvilletx,burnettsville,IN,TX,90.5,burnettsville,PA,0.0259794308996445
rockspringswy,rockspringswy,rock springs,WY,WY,100.0,rock springs,WY,0.5873586365984476
grahamga,grahamme,graham,GA,ME,100.0,graham,AZ,0.2668841097152367
addisonv,addisonal,addison,V,AL,100.0,addison,VT,0.692092834580165
troyinc,troyinc,troyi,NC,NC,90.5,troyi,PA,0.0259794308996445
rokvilleiyj,rokvillect,rokville,IYJ,CT,88.88888888888889,rokville,CT,0.0934345173367021
larnedks,larnedks,larned,KS,KS,100.0,larned,KS,0.1356344638509416
bellehavenva,bellehavenva,belle haven,VA,VA,100.0,belle haven,CT,0.1384100253719812
skidmoreom,skidmoreca,skidmore,OM,CA,62.5,skidmore,PA,0.0259794308996445
coldwatrmi,coldwatrmi,coldwatr,MI,MI,88.88888888888889,coldwatr,MS,0.0603947547277497
cochranewi,cochranega,cochrane,WI,GA,90.5,cochrane,PA,0.0259794308996445
darbyvilleoh,darbyvillepa,darbyville,OH,PA,90.5,darbyville,PA,0.0259794308996445
fiskmo,fiskwa,fisk,MO,WA,60.0,fisk,PA,0.0259794308996445
newvilleal,newvillepa,newville,AL,PA,100.0,newville,PA,0.0361012609900843
collnisvilleva,collnisvilleva,collnisville,VA,VA,100.0,collnisville,PA,0.0259794308996445
statelinecityin,statelinecitypa,state line city,IN,PA,90.5,state line city,IA,0.2456815292757906
somersworthnh,somersworthnh,somersworth,NH,NH,100.0,somersworth,NH,0.1242680434508385
lockhavenpa,lockhavenpa,lock haven,PA,PA,100.0,lock haven,CT,0.158427102009284
toledoia,toledoia,toledo,IA,IA,100.0,toledo,OR,0.1486292854237831
northlakeportca,northlakeportca,north lakeport,CA,CA,100.0,north lakeport,CA,0.0940462908525165
matawawa,matawawa,ma tawa,WA,WA,85.71428571428571,ma tawa,LA,0.072045002687301
foleyal,foleyal,foley,AL,AL,100.0,foley,AL,0.0532643937072152
cottonwoodca,cottonwoodca,cottonwood,CA,CA,100.0,cottonwood,UT,0.4536172459540172
spokbnevalleywa,spokbnevalleywa,spokbne valley,WA,WA,92.85714285714286,spokbne valley,NV,0.2827011123002172
pinsonal,pinsonal,pinson,AL,AL,100.0,pinson,AL,0.0554624517224576
sunfieldmi,sunfieldar,sunfield,MI,AR,77.77777777777779,sunfield,PA,0.0259794308996445
wallaceuca,wallacefl,wallace,UCA,FL,100.0,wallace,KS,0.4315833704040244
pioneerca,pioneerca,pioneer,CA,CA,100.0,pioneer,KY,0.2431051565484728
centreislandny,centreislandal,centre island,NY,AL,90.5,centre island,NY,0.1802915656286735
rectorar,rectorar,rector,AR,AR,100.0,rector,AR,0.1595098746905106
oldsaybrookcenterct,oldsaybrookcenterct,old saybrook center,CT,CT,100.0,old saybrook center,CT,0.9922057757920512
sasakwaok,sasakwaaz,sasakwa,OK,AZ,90.5,sasakwa,PA,0.0259794308996445
grantparkil,grantparkil,grant park,IL,IL,100.0,grant park,NM,0.1224455322836411
abbyvilleks,abbyvilleal,abbyville,KS,AL,88.88888888888889,abbyville,PA,0.0259794308996445
carawayar,carawayar,caraway,AR,AR,100.0,caraway,AR,0.0619033784071979
oakleyid,oakleyca,oakley,ID,CA,100.0,oakley,UT,0.1888382891557088
hawaiianardensca,hawaiianardensca,hawaiian ardens,CA,CA,93.75,hawaiian ardens,HI,0.67888140188429
marionla,marional,marion,LA,AL,100.0,marion,WV,0.095583947412658
waynesburgpa,waynesburgpa,waynesburg,PA,PA,100.0,waynesburg,PA,0.0361012609900843
shoshoniwy,shoshonimo,shoshoni,WY,MO,90.5,shoshoni,PA,0.0259794308996445
bethaltoil,bethaltoil,bethalto,IL,IL,100.0,bethalto,IL,0.0349335350713326
palmertonfa,palmertonpa,palmerton,FA,PA,100.0,palmerton,PA,0.0361012609900843
bellemeadeky,bellemeadetn,bellemeade,KY,TN,90.9090909090909,bellemeade,TN,0.0493296923879667
mansfieydar,mansfieydar,mansfieyd,AR,AR,88.88888888888889,mansfieyd,PA,0.0259794308996445
monouria,monouroh,monour,IA,OH,83.33333333333334,monour,NY,0.0315327887572376
cloverdaleca,cloverdaleca,cloverdale,CA,CA,100.0,cloverdale,IN,0.0906408720548516
mulberryr,mulberryar,mulberry,R,AR,100.0,mulberry,NC,0.0938785240836438
northgranbyct,northgranbyct,north granby,CT,CT,100.0,north granby,CT,0.3076584695235382
wetehringtonoh,wetehringtonoh,wetehrington,OH,OH,91.66666666666666,wetehrington,PA,0.0259794308996445
frankfortfin,frankfortfin,frankfortf,IN,IN,90.5,frankfortf,IN,0.0477571380942961
hoewtx,hoewtx,hoew,TX,TX,75.0,hoew,PA,0.0259794308996445
kenvilnj,kenvilnj,kenvil,NJ,NJ,100.0,kenvil,NJ,0.0424313089922792
westroylakemn,westroylaketx,west roy lake,MN,TX,90.5,west roy lake,NY,0.1452262401368129
selmertn,selmertn,selmer,TN,TN,100.0,selmer,TN,0.0493296923879667
manchestermd,manchestermd,manchester,MD,MD,100.0,manchester,VT,0.1740831662187731
glyndonmn,glyndonmn,glyndon,MN,MN,100.0,glyndon,MN,0.0441160464595694
westkootenaimt,westkootenaitx,west kootenai,MT,TX,90.5,west kootenai,ID,0.346102002337309
northdelandf,northdelandfl,north deland,F,FL,100.0,north deland,FL,0.3873753676191186
rarennatx,rarennaca,rarenna,TX,CA,100.0,rarenna,PA,0.0259794308996445
wilsonwy,wilsonwy,wilson,WY,WY,100.0,wilson,WY,0.2863474853488962
pittsburgks,pittsburgks,pittsburg,KS,KS,100.0,pittsburg,OK,0.2746369520841997
bellavistaca,bellavistaca,bella vista,CA,CA,100.0,bella vista,AR,0.2961480206976593
winstedmn,winstedmn,winsted,MN,MN,100.0,winsted,CT,0.2588994187947477
lockportla,lockportla,lockport,LA,LA,100.0,lockport,LA,0.551250225567623
senecasd,senecail,seneca,SD,IL,100.0,seneca,NY,0.2509683859727668
bethesdaoh,bethesdaoh,bethesda,OH,OH,100.0,bethesda,MD,0.5027605343203908
ruralretreatva,ruralretreatva,rural retreat,VA,VA,100.0,rural retreat,VA,0.288237070362587
peloinsc,peloinil,peloin,SC,IL,75.0,peloin,PA,0.0259794308996445
formannd,formannd,forman,ND,ND,100.0,forman,ND,0.516172500150344
powdersvillesc,powdersvillesc,powdersville,SC,SC,100.0,powdersville,SC,0.0681182114097765
avonlakeoh,avonlakeoh,avon lake,OH,OH,100.0,avon lake,OH,0.1177254069641822
potomacheightsmd,potomacheightsmd,potomac heights,MD,MD,100.0,potomac heights,MD,0.8408841303464929
oatfieldroq,oatfieldror,oatfieldr,OQ,OR,90.5,oatfieldr,PA,0.0259794308996445
noranem,noraal,nora,NEM,AL,75.0,nora,IA,0.3389736457638347
mathenywv,mathenyca,matheny,WV,CA,100.0,matheny,CA,0.057786416851874
altonail,altonail,altona,IL,IL,90.5,altona,PA,0.0457539700093313
wileyfordwv,wileyfordwv,wiley ford,WV,WV,100.0,wiley ford,WV,0.5876892839551381
elmiramca,elmirany,elmira,MCA,NY,100.0,elmira,NY,0.2623003274813729
charlescityva,charlescityva,charles city,VA,VA,100.0,charles city,VA,0.426840246321265
wanatahin,wanatahin,wanatah,IN,IN,100.0,wanatah,IN,0.0477571380942961
legendlaewi,legendlaewi,legend lae,WI,WI,90.9090909090909,legend lae,WI,0.2968272137451497
scobeymt,scobeymt,scobey,MT,MT,100.0,scobey,MT,0.3186553853683317
hightstownnj,hightstownnj,hightstown,NJ,NJ,100.0,hightstown,NJ,0.0424313089922792
johnstownco,johnstownco,johnstown,CO,CO,100.0,johnstown,CO,0.0557918743869964
latinaranchtx,latinaranchca,la tina ranch,TX,CA,78.57142857142857,la tina ranch,NM,0.3018457994701772
mountsavagemd,mountsavageny,mount savage,MD,NY,81.81818181818183,mount savage,IL,0.0548508485186314
livingstonal,livingstonal,livingston,AL,AL,100.0,livingston,NY,0.0894100936479878
eastmddleburyvt,eastmddleburyar,east mddlebury,VT,AR,87.5,east mddlebury,NY,0.0744097839669579
mariettail,mariettaga,marietta,IL,GA,100.0,marietta,WA,0.2274989796264849
brownsvillefl,brownsvillefl,brownsville,FL,FL,100.0,brownsville,OR,0.1292514677139561
buffalogaptx,buffalogaptx,buffalo gap,TX,TX,90.5,buffalo gap,VA,0.1291285490321934
nssuabaytx,nssuabaytx,nssua bay,TX,TX,90.0,nssua bay,AK,0.2420218601997903
uqicyfl,uqicyfl,uqicy,FL,FL,66.66666666666666,uqicy,PA,0.0259794308996445
sinkingspringoh,sinkingspringpa,sinking spring,OH,PA,100.0,sinking spring,PA,0.1496635690801271
francesvilein,francesvileut,francesvile,IN,UT,85.71428571428571,francesvile,PA,0.0259794308996445
kaumakanihi,kaumakanila,kaumakani,HI,LA,80.0,kaumakani,PA,0.0259794308996445
griftonnc,griftonnc,grifton,NC,NC,100.0,grifton,NC,0.0421718744266612
watertownfl,watertownfl,watertown,FL,FL,100.0,watertown,SD,0.3437463775595182
geneseeco,geneseeco,genesee,CO,CO,100.0,genesee,MI,0.2270839212733175
warmspringsca,warmspringsmt,warm springs,CA,MT,100.0,warm springs,MT,0.3719170434568774
cawkercityks,cawkercityin,cawker city,KS,IN,81.81818181818183,cawker city,VA,0.4645090331104248
dobbsferryny,dobbsferryny,dobbs ferry,NY,NY,100.0,dobbs ferry,ID,0.1776455972371279
parshallnd,parshallnd,parshall,ND,ND,100.0,parshall,ND,0.1507471264175193
blankettx,blanketmn,blanket,TX,MN,83.33333333333334,blanket,PA,0.0259794308996445
mccrackenks,mccrackenla,mccracken,KS,LA,85.71428571428571,mccracken,KY,0.1391947377775345
pageparkfl,pageparkaz,page park,FL,AZ,90.5,page park,AZ,0.3696164134239398
langstonal,langstonok,langston,AL,OK,100.0,langston,OK,0.0638307543640831
quincyma,quincyma,quincy,MA,MA,100.0,quincy,MA,0.0858418495746735
ewingcl,ewingnj,ewing,CL,NJ,100.0,ewing,NJ,0.0424313089922792
fostercityca,fostercityca,foster city,CA,CA,100.0,foster city,ND,0.1805090892780033
wedgefieldsc,wedgefieldsc,wedgefield,SC,SC,100.0,wedgefield,SC,0.0629348903588292
st.marysks,st.marysga,st. marys,KS,GA,100.0,st. marys,GA,0.2504715020101584
trinidadtx,trinidadco,trinidad,TX,CO,100.0,trinidad,CO,0.1592194112375473
grahamga,grahamme,graham,GA,ME,100.0,graham,AZ,0.2668841097152367
gappa,gappa,gap,PA,PA,100.0,gap,VA,0.3174381221431429
forestglenmd,forestglenmd,forest glen,MD,MD,100.0,forest glen,NC,0.1870390040624239
phillipsburgnj,phillipsburgnj,phillipsburg,NJ,NJ,100.0,phillipsburg,NJ,0.0707458813751569
idavilleor,idavilleco,idaville,OR,CO,77.77777777777779,idaville,PA,0.0259794308996445
ottawaks,ottawaks,ottawa,KS,KS,100.0,ottawa,OH,0.2791118099387959
bricescreeknc,bricescreeknc,brices creek,NC,NC,100.0,brices creek,NC,0.2022949741730104
orchardco,orchardwa,orchard,CO,WA,87.5,orchard,CO,0.2056289992267429
allensworthca,allensworthin,allensworth,CA,IN,90.5,allensworth,PA,0.0259794308996445
mountoliveal,mountoliveal,moun tolive,AL,AL,90.9090909090909,moun tolive,IL,0.0663426274215113
albionca,albionil,albion,CA,IL,100.0,albion,IN,0.0673496666617616
lakebuckhornoh,lakebuckhornak,lake buckhorn,OH,AK,80.0,lake buckhorn,WI,0.0766270436143217
bridgevillede,bridgevillede,bridgeville,DE,DE,100.0,bridgeville,DE,0.7424683033736432
tranquillityca,tranquillitymn,tranquillity,CA,MN,80.0,tranquillity,PA,0.0259794308996445
estcadaor,estcadaor,estcada,OR,OR,87.5,estcada,OR,0.1986193754001906
wheatonmd,wheatonmd,wheaton,MD,MD,100.0,wheaton,MD,0.1807656099288413
omegaga,omegaga,omega,GA,GA,100.0,omega,GA,0.0407416937011491
albertcityia,albertcityil,albert city,IA,IL,83.33333333333334,albert city,MN,0.1678500197123653
elmwoodparkilo,elmwoodparkil,elmwood park,ILO,IL,100.0,elmwood park,NJ,0.4624312060157535
rodeonm,rodeoca,rodeo,NM,CA,100.0,rodeo,CA,0.031879825005699
kentin,kentct,kent,IN,CT,100.0,kent,DE,0.4670261295089485
greenparkmo,greenparkmo,green park,MO,MO,100.0,green park,WY,0.2660759988758569
cullomburgla,cullomburgca,cullomburg,LA,CA,75.0,cullomburg,PA,0.0259794308996445
nubieberca,nubieberor,nubieber,CA,OR,75.0,nubieber,PA,0.0259794308996445
merhfieldhillsma,merhfieldhillsma,merhfield hills,MA,MA,87.5,merhfield hills,KY,0.1803497050908042
mamoula,mamoula,mamou,LA,LA,100.0,mamou,LA,0.1373921452925714
barnarlmo,barnarlnj,barnarl,MO,NJ,83.33333333333334,barnarl,PA,0.0259794308996445
filleyne,filleynd,filley,NE,ND,100.0,filley,PA,0.0259794308996445
ioiami,ioiami,ioia,MI,MI,80.0,ioia,MI,0.0405735052026468
gdedingca,gdedingid,gdeding,CA,ID,85.71428571428571,gdeding,PA,0.0259794308996445
pakalavillagehi,pakalavillagehi,pakala village,HI,HI,83.33333333333334,pakala village,CT,0.2784592898334533
oaksok,oaksnd,oaks,OK,ND,80.0,oaks,CA,0.1623754483046749
butlerwi,butlerwi,butler,WI,WI,100.0,butler,MO,0.1047091171789984
corriganvillemd,corriganvilletx,corriganville,MD,TX,90.5,corriganville,PA,0.0259794308996445
charlottetn,charlottetn,charlotte,TN,TN,100.0,charlotte,FL,0.2543387687328806
oxfordks,oxfordks,oxford,KS,KS,100.0,oxford,ME,0.2911732056459044
kistlerwv,kistlerca,kistler,WV,CA,71.42857142857143,kistler,PA,0.0259794308996445
oakviewmo,oakviewca,oakview,MO,CA,87.5,oakview,CA,0.0431560550707599
laderaranchca,laderaranchca,ladera ranch,CA,CA,100.0,ladera ranch,CA,0.4954060337677968
empirela,empireca,empire,LA,CA,100.0,empire,CA,0.0431560550707599
moncurenc,moncureok,moncure,NC,OK,80.0,moncure,PA,0.0259794308996445
biglagoona,biglagoonak,big lagoon,A,AK,75.0,big lagoon,FL,0.2271272861142952
armonaca,armonaca,armona,CA,CA,100.0,armona,CA,0.031879825005699
whierocknm,whierocknm,whie rock,NM,NM,90.0,whie rock,NM,0.115880656160236
brentwoodtn,brentwoodtn,brentwood,TN,TN,100.0,brentwood,TN,0.5091544605604137
burnsvillenc,burnsvillenc,burnsville,NC,NC,100.0,burnsville,MN,0.0428323517756848
haltomcitytx,haltomcitytx,haltom city,TX,TX,100.0,haltom city,VA,0.1013072149652254
suncitywestaz,suncitywestaz,sunc ity west,AZ,AZ,100.0,sunc ity west,UT,0.1227232410647911
stirlingcityca,stirlingcitytx,stirling city,CA,TX,100.0,stirling city,VA,0.4645090331104248
massenaia,massenany,massena,IA,NY,100.0,massena,NY,0.0330720197492479
eddyvilleyk,eddyvilleia,eddyville,YK,IA,100.0,eddyville,IA,0.0463621445473283
sibleyla,sibleyla,sibley,LA,LA,100.0,sibley,MN,0.3216441580006298
hodca,hodtx,hod,CA,TX,60.0,hod,OR,0.310953620312453
osceolane,osceolane,osceola,NE,NE,100.0,osceola,MI,0.1628783124465353
gladeviewfl,gladeviewfl,gladeview,FL,FL,100.0,gladeview,FL,0.044689781507147
edgewoodmd,edgewoodmd,edgewood,MD,MD,100.0,edgewood,NM,0.2238998253703799
taftheightsca,taftheightsca,taft heights,CA,CA,100.0,taft heights,CA,0.3691169639013693
texolaok,texolaal,texola,OK,AL,66.66666666666666,texola,PA,0.0259794308996445
starkcitymo,starkcityid,stark city,MO,ID,90.5,stark city,ND,0.3295448105725314
cablewi,cableil,cable,WI,IL,75.0,cable,PA,0.0259794308996445
landfallmn,landfallca,landfall,MN,CA,80.0,landfall,PA,0.0259794308996445
hadarne,hadarks,hadar,NE,KS,83.33333333333334,hadar,PA,0.0259794308996445
lemoorestationca,lemoorestationca,lemoore station,CA,CA,100.0,lemoore station,TN,0.1100439172126766
tyrnervilleyw,tyrnervillega,tyrnerville,YW,GA,83.33333333333334,tyrnerville,PA,0.0259794308996445
haganga,hagania,hagan,GA,IA,80.0,hagan,PA,0.0259794308996445
canaansct,canaanct,canaan,SCT,CT,100.0,canaan,CT,0.4648959342211463
keneficok,keneficpa,kenefic,OK,PA,90.5,kenefic,PA,0.0259794308996445
franklinks,franklinga,franklin,KS,GA,100.0,franklin,VT,0.138380527843946
daytonoh,daytonoh,dayton,OH,OH,100.0,dayton,NV,0.1041783935080585
camdenil,camdenal,camden,IL,AL,100.0,camden,DE,0.4220933990355492
driftwoodtx,driftwoodil,driftwood,TX,IL,77.77777777777779,driftwood,PA,0.0259794308996445
newchapelhilltx,newchapelhillny,new chapel hill,TX,NY,70.0,new chapel hill,TN,0.1982338040119322
st.peteril,st.petermn,st. peter,IL,MN,72.72727272727273,st. peter,VT,0.3080211948792456
inglewoodne,inglewoodca,inglewood,NE,CA,100.0,inglewood,WA,0.1432207807958571
indianshoresf,indianshoresfl,indian shores,F,FL,100.0,indian shores,FL,0.6103355979362918
marquetteps,marquettemi,marquette,PS,MI,100.0,marquette,MI,0.2357673918251895
pasadenatca,pasadenatca,pasadenat,CA,CA,90.5,pasadenat,PA,0.0259794308996445
saitllaga,saitllaak,saitlla,GA,AK,85.71428571428571,saitlla,PA,0.0259794308996445
gardencitynn,gardencityga,garden city,NN,GA,100.0,garden city,ID,0.176361002727491
careyog,careyoh,carey,OG,OH,100.0,carey,OH,0.0577745931942411
laquintaca,laquintaca,la quinta,CA,CA,100.0,la quinta,PR,0.1239084238162993
springervileaz,springervileaz,springervile,AZ,AZ,92.3076923076923,springervile,AZ,0.0816111109390022
bremenin,bremenin,bremen,IN,IN,100.0,bremen,OH,0.082417777468217
reminderilleoh,reminderilleoh,reminderille,OH,OH,92.3076923076923,reminderille,OH,0.0373012794621199
finlaysonhn,finlaysonoh,finlayson,HN,OH,85.71428571428571,finlayson,PA,0.0259794308996445
starbrickpa,starbrickid,starbrick,PA,ID,90.5,starbrick,PA,0.0259794308996445
somersetin,somersetky,somerset,IN,KY,100.0,somerset,ME,0.2613238898658139
collinsvilleil,collinsvilleil,collinsville,IL,IL,100.0,collinsville,CT,0.1450304585438419
brockportny,brockportny,brockport,NY,NY,100.0,brockport,NY,0.0330720197492479
dllwoodmo,dllwoodmo,dllwood,MO,MO,87.5,dllwood,PA,0.0259794308996445
mltonin,mltonde,mlton,IN,DE,83.33333333333334,mlton,WI,0.1397516690203961
rioblancopr,rioblancowi,rio blanco,PR,WI,90.5,rio blanco,CO,0.4154412567084645
alesd,alega,ale,SD,GA,75.0,ale,AL,0.152164280878777
richsquarenc,richsquaremn,rich square,NC,MN,75.0,rich square,UT,0.2873310134508822
ardercreekmt,ardercreeknc,arder creek,MT,NC,90.9090909090909,arder creek,CO,0.1822574146381818
bessemerpa,bessemerpa,bessemer,PA,PA,100.0,bessemer,NC,0.0788589347598317
rockypointny,rockypointny,rocky point,NY,NY,100.0,rocky point,NC,0.2182046139800728
portervilleca,portervilleca,porterville,CA,CA,100.0,porterville,CA,0.101420153438222
sugarcityco,sugarcityid,sugar city,CO,ID,100.0,sugar city,ID,0.5570994733182678
pinebendmn,pinebendaz,pine bend,MN,AZ,90.5,pine bend,OR,0.174166431315851
grandviewin,grandviewil,grandview,IN,IL,100.0,grandview,KS,0.2671284016323371
peeversd,peeverwi,peever,SD,WI,100.0,peever,PA,0.0259794308996445
queenslandmd,queenslandny,queensland,MD,NY,90.5,queensland,PA,0.0259794308996445
skykomishwa,skykomishtx,skykomish,WA,TX,83.33333333333334,skykomish,PA,0.0259794308996445
uniontownal,uniontownal,uniontown,AL,AL,100.0,uniontown,PA,0.1830965949480404
waimanalohi,waimanalohi,waimanalo,HI,HI,100.0,waimanalo,HI,0.1919333622094022
millardmo,millardmo,millard,MO,MO,85.71428571428571,millard,UT,0.629343618345758
loshuisachestx,loshuisachesca,los huisaches,TX,CA,70.0,los huisaches,NM,0.5753711534278739
holtsvilleny,holtsvilleny,holtsville,NY,NY,100.0,holtsville,NY,0.0330720197492479
shickshiznypak,shickshiznyok,shickshizny,PAK,OK,66.66666666666666,shickshizny,PA,0.0259794308996445
cofieldnc,cofieldtn,cofield,NC,TN,77.77777777777779,cofield,PA,0.0259794308996445
druidhillsga,druidhillsga,druid hills,GA,GA,100.0,druid hills,GA,0.5704241767703332
amoin,amofl,amo,IN,FL,75.0,amo,FL,0.044689781507147
eversonpa,eversonwa,everson,PA,WA,100.0,everson,WA,0.0471478859000668
mccozdok,mccozdok,mccozd,OK,OK,83.33333333333334,mccozd,PA,0.0259794308996445
brulewi,brulems,brule,WI,MS,80.0,brule,SD,0.7168967744886103
pemberwickct,pemberwickct,pemberwick,CT,CT,100.0,pemberwick,CT,0.1004010826940735
molineks,molineil,moline,KS,IL,100.0,moline,IL,0.1517857581119654
pittsfieldma,pittsfieldma,pittsfield,MA,MA,100.0,pittsfield,NH,0.1758432072111635
bellevillewi,bellevillewi,belleville,WI,WI,100.0,belleville,KS,0.1044193685395696
elynv,elynv,ely,NV,NV,100.0,ely,NV,0.3365258345759276
witlonca,witlonca,witlon,CA,CA,83.33333333333334,witlon,PA,0.0259794308996445
brookvillein,brookvillein,brookville,IN,IN,100.0,brookville,NY,0.0804261619424046
glenparkny,glenparktx,glen park,NY,TX,81.81818181818183,glen park,NJ,0.3473807166700527
stroudok,stroudok,stroud,OK,OK,100.0,stroud,OK,0.0638307543640831
gracevillefl,gracevillefl,graceville,FL,FL,100.0,graceville,FL,0.0299204782959883
emrident,emridenct,emriden,T,CT,85.71428571428571,emriden,PA,0.0259794308996445
parlieca,parlieca,parlie,CA,CA,85.71428571428571,parlie,PA,0.0259794308996445
laskernc,laskerla,lasker,NC,LA,83.33333333333334,lasker,PA,0.0259794308996445
mortonsfgapky,mortonsfgapil,mortonsfgap,KY,IL,90.5,mortonsfgap,PA,0.0259794308996445
farmnigtonde,farmnigtonar,farmnigton,DE,AR,90.0,farmnigton,PA,0.0259794308996445
farmlanin,farmlanin,farmlan,IN,IN,87.5,farmlan,IN,0.0971690238562343
kentfieldca,kentfieldca,kentfield,CA,CA,100.0,kentfield,CA,0.0431560550707599
belwoodnc,belwoodil,belwood,NC,IL,87.5,belwood,IL,0.0507906906392401
hickoryvalleytn,hickoryvalleync,hickory valley,TN,NC,90.5,hickory valley,MO,0.1084955758827605
elbertco,elbertal,elbert,CO,AL,85.71428571428571,elbert,CO,0.2535942925003743
shadyhollowtx,shadyhollowtx,shady hollow,TX,TX,100.0,shady hollow,MD,0.1011289334507218
edebrochi,edebrocca,edeb roc,HI,CA,75.0,edeb roc,NM,0.0456193009514808
derbylinevt,derbylineco,derby line,VT,CO,90.5,derby line,MS,0.1969698143790038
robertsil,robertswi,roberts,IL,WI,100.0,roberts,SD,0.4300423283439998
hountaingateac,hountaingateco,hountain gate,AC,CO,87.5,hountain gate,VA,0.1209972830402431
middlepointoh,middlepointor,middle point,OH,OR,83.33333333333334,middle point,NY,0.2051636028563868
grandjunctiontnf,grandjunctionco,grand junction,TNF,CO,100.0,grand junction,VT,0.469710443245378
newroadsla,newroadsla,new roads,LA,LA,100.0,new roads,LA,0.38473086712212
gliddenwi,gliddenia,glidden,WI,IA,100.0,glidden,IA,0.1065846468192689
aventurafl,aventurafl,aventura,FL,FL,100.0,aventura,FL,0.0299204782959883
newbostoil,newbostonh,new bosto,IL,NH,90.0,new bosto,CT,0.0820212690413762
clarksvillein,clarksvillein,clarksville,IN,IN,100.0,clarksville,IN,0.0973717923334576
brusselsil,brusselswi,brussels,IL,WI,100.0,brussels,WI,0.0857032947806869
ryear,ryenh,rye,AR,NH,100.0,rye,NH,0.2679235060551729
harrisvillemi,harrisvillemi,harrisville,MI,MI,100.0,harrisville,UT,0.2311977572889413
montezumaco,montezumaga,montezuma,CO,GA,100.0,montezuma,CO,0.207337725418035
waleswi,waleswi,wales,WI,WI,100.0,wales,FL,0.1081655559896324
waldowi,waldoar,waldo,WI,AR,100.0,waldo,ME,0.6168275155574525
elbamn,elbaal,elba,MN,AL,100.0,elba,NY,0.1249170360379623
darilnga,darilnga,dariln,GA,GA,83.33333333333334,dariln,PA,0.0259794308996445
brooklynheightsoh,brooklynheightsoh,brooklyn heights,OH,OH,100.0,brooklyn heights,OH,0.2456136105947866
chunchulaal,chunchulamn,chunchula,AL,MN,83.33333333333334,chunchula,PA,0.0259794308996445
st.helenanc,st.helenaar,st. helena,NC,AR,81.81818181818183,st. helena,MT,0.2597910710913672
rutlandnd,rutlandma,rutland,ND,MA,100.0,rutland,VT,0.8971340329189073
columbineco,columbineco,columbine,CO,CO,100.0,columbine,CO,0.5310149351439317
templehillsmd,templehillsmd,temple hills,MD,MD,100.0,temple hills,MD,0.1906392817573688
roanokerapidscn,roanokerapidsnc,roanoke rapids,CN,NC,100.0,roanoke rapids,MN,0.128431917373556
popponesstislandma,popponesstislandca,popponess t island,MA,CA,90.5,popponess t island,SC,0.2383728095769824
aguadulcetx,aguadulcetx,agua dulce,TX,TX,100.0,agua dulce,NM,0.4588798967149833
salixpa,salixpa,salix,PA,PA,100.0,salix,PA,0.0496484388263135
campbellhillil,campbellhillca,campbell hill,IL,CA,90.5,campbell hill,TN,0.2382845868009794
hepzibahvw,hepzibahga,hepzibah,VW,GA,88.88888888888889,hepzibah,GA,0.0743335847478249
halmamn,halmaal,halma,MN,AL,83.33333333333334,halma,PA,0.0259794308996445
southdospalosa,southdospalosca,south dos palos,A,CA,100.0,south dos palos,CA,0.4046832007622609
leisurevillageeastnj,leisurevillageeastnj,leisure village east,NJ,NJ,100.0,leisure village east,NJ,0.4195703519181181
newcordellok,newcordellin,new cordell,OK,IN,75.0,new cordell,CT,0.0823033386552393
ansonvillenc,ansonvillein,ansonville,NC,IN,100.0,ansonville,PA,0.0259794308996445
carolinabeachnc,carolinabeachnc,carolina beach,NC,NC,100.0,carolina beach,NC,0.5271118526322958
pimaaz,pimaaz,pima,AZ,AZ,100.0,pima,AZ,0.7881949327236857
seymourwi,seymourwi,seymour,WI,WI,100.0,seymour,CT,0.0718024513521993
scribnerane,scribnerla,scribner,ANE,LA,66.66666666666666,scribner,PA,0.0259794308996445
arnettok,arnettok,arnett,OK,OK,100.0,arnett,OK,0.246374741054986
coyoteacrestx,coyoteacresar,coyote acres,TX,AR,80.0,coyote acres,DE,0.5917039194788598
muleshoetx,muleshoetx,muleshoe,TX,TX,100.0,muleshoe,TX,0.0406938805053028
whittleseywi,whittleseyfl,whittlesey,WI,FL,83.33333333333334,whittlesey,PA,0.0259794308996445
buddlakejn,buddlakenj,budd lake,JN,NJ,100.0,budd lake,NJ,0.3092183198398764
endicottny,endicottny,endicott,NY,NY,100.0,endicott,NY,0.0620261946994712
flndersny,flndersny,flnders,NY,NY,87.5,flnders,NY,0.0330720197492479
fivepontsnxc,fivepontsfl,five ponts,NXC,FL,90.9090909090909,five ponts,TX,0.0293847842637682
ernstvillemd,ernstvillemd,ernstville,MD,MD,81.81818181818183,ernstville,PA,0.0259794308996445
bellair-meadowbrookterracefl,bellair-meadowbrookterracefl,bellair-meadowbrook terrace,FL,FL,100.0,bellair-meadowbrook terrace,FL,0.2895182771704205
picurispueblonm,picurispuebloca,picuris pueblo,NM,CA,75.0,picuris pueblo,NM,0.7160272596439933
koppelpa,koppeltx,koppel,PA,TX,75.0,koppel,PA,0.0259794308996445
englevalend,englevaleny,englevale,ND,NY,88.88888888888889,englevale,PA,0.0259794308996445
rockwellia,rockwellia,rockwell,IA,IA,100.0,rockwell,IA,0.2787553381470107
lintonhallva,lintonhallva,linton hall,VA,VA,100.0,linton hall,VA,0.1234106044372524
reservemt,reservela,reserve,MT,LA,100.0,reserve,LA,0.1912064298205177
hardrockz,hardrockmi,hard rock,Z,MI,77.77777777777779,hard rock,WY,0.0975800843722332
waynene,waynene,wayne,NE,NE,100.0,wayne,WV,0.114739499631405
northpuyallupwa,northpuyallupwa,north puyallup,WA,WA,100.0,north puyallup,WA,0.391332555961331
donnybrooknd,donnybrookin,donnybrook,ND,IN,90.5,donnybrook,PA,0.0259794308996445
glenviwky,glenviwil,glenviw,KY,IL,87.5,glenviw,IL,0.0349335350713326
aglenamo,aglenami,aglena,MO,MI,85.71428571428571,aglena,PA,0.0259794308996445
mitonnd,mitonde,miton,ND,DE,83.33333333333334,miton,DE,0.2640537433438063
mcclenneytractca,mcclenneytractfl,mcclenney tract,CA,FL,88.88888888888889,mcclenney tract,CA,0.1299146148765502
glenkalesc,glenkaleaz,glenkale,SC,AZ,87.5,glenkale,PA,0.0259794308996445
mountainhomeid,mountainhomeid,mountain home,ID,ID,100.0,mountain home,ID,0.3556122074779341
reynoldsin,reynoldsga,reynolds,IN,GA,100.0,reynolds,MO,0.3809930943653818
elwoodin,elwoodin,elwood,IN,IN,100.0,elwood,NE,0.1121216779488068
llcversc,llcversc,llcver,SC,SC,83.33333333333334,llcver,PA,0.0259794308996445
bartlettne,bartlettne,bartlett,NE,NE,100.0,bartlett,NE,0.0623031228696411
statelinecityin,statelinecitypa,state line city,IN,PA,90.5,state line city,IA,0.2456815292757906
modesttownva,modesttownca,modest town,VA,CA,85.71428571428571,modest town,HI,0.105478072137402
davenportnd,davenportfl,davenport,ND,FL,100.0,davenport,IA,0.0975289516609793
gardinermt,gardinerme,gardiner,MT,ME,100.0,gardiner,ME,0.0798405854512492
flordiatownfl,flordiatownny,flordiatown,FL,NY,85.71428571428571,flordiatown,PA,0.0259794308996445
carlsborgwa,carlsborgca,carlsborg,WA,CA,75.0,carlsborg,PA,0.0259794308996445
lakecitymn,lakecitymn,lake city,MN,MN,100.0,lake city,FL,0.1182571821244692
edisonwa,edisonga,edison,WA,GA,100.0,edison,NJ,0.0411904239853406
williamsburgia,williamsburgia,williamsburg,IA,IA,100.0,williamsburg,SC,0.219192673871641
psasaicmo,psasaicnj,psasaic,MO,NJ,100.0,psasaic,PA,0.0259794308996445
centennialvarkaz,centennialvarkaz,centennial vark,AZ,AZ,93.33333333333331,centennial vark,AZ,0.3879803834347963
catawbasc,catawbasc,catawba,SC,SC,100.0,catawba,NC,0.6573367969397944
senecagardensky,senecagardensfl,seneca gardens,KY,FL,92.85714285714286,seneca gardens,NY,0.3924196274754752
martinsvillenj,martinsvillenj,martinsville,NJ,NJ,100.0,martinsville,WV,0.3987535262174567
fortmadisnoia,fortmadisnoia,fort madisno,IA,IA,91.66666666666666,fort madisno,CO,0.1327579077544467
crossmountainxt,crossmountaintx,cross mountain,XT,TX,100.0,cross mountain,UT,0.2836777635717374
seventhmountainor,seventhmountainmd,seventh mountain,OR,MD,83.33333333333334,seventh mountain,UT,0.1611545301094157
astorfl,astorfl,astor,FL,FL,100.0,astor,FL,0.044689781507147
lakevalleynm,lakevalleyil,lake valley,NM,IL,90.0,lake valley,AZ,0.2199223209986204
allagatorms,allagatorga,allagator,MS,GA,90.5,allagator,PA,0.0259794308996445
barrytx,barryil,barry,TX,IL,100.0,barry,MI,0.2393872916383553
tarltonghb,tarltonmd,tarlton,GHB,MD,100.0,tarlton,PA,0.0259794308996445
lemannvillela,lemannvillefl,lemannville,LA,FL,85.71428571428571,lemannville,PA,0.0259794308996445
mayfieldp,mayfieldky,mayfield,P,KY,100.0,mayfield,OH,0.1786262915665043
amsterdamoh,amsterdamny,amsterdam,OH,NY,100.0,amsterdam,NY,0.0330720197492479
hrdinsburgky,hrdinsburgky,hrdinsburg,KY,KY,90.9090909090909,hrdinsburg,KY,0.0467781084926376
capemaycourthousenj,capemaycourthousenj,cape may court house,NJ,NJ,100.0,cape may court house,VA,0.5836846780221239
paloblancotx,paloblancoia,palo blanco,TX,IA,90.5,palo blanco,PR,0.3013473691372018
humboldtia,humboldtia,humboldt,IA,IA,100.0,humboldt,NV,0.3642581618968439
westaltobonitoxo,westaltobonitotx,west alto bonito,XO,TX,90.5,west alto bonito,IA,0.156038476451823
wakefieldmi,wakefieldmi,wakefield,MI,MI,100.0,wakefield,RI,0.187044525999598
duluthga,duluthga,duluth,GA,GA,100.0,duluth,GA,0.0709361666238373
mosspofntms,mosspofntms,moss pofnt,MS,MS,90.0,moss pofnt,MS,0.2669214750400562
imbleror,imblerpa,imbler,OR,PA,83.33333333333334,imbler,PA,0.0259794308996445
presqueisleharbromi,presqueisleharbrome,presque isle harbro,MI,ME,90.5,presque isle harbro,ME,0.4388426990344638
echout,echout,echo,UT,UT,60.0,echo,CA,0.0631200153015354
effinghamks,effinghamil,effingham,KS,IL,100.0,effingham,NH,0.2152565869616833
uniongrovetx,uniongrovewi,union grove,TX,WI,100.0,union grove,OR,0.1086507427011208
springvalleyky,springvalleyaz,spring valley,KY,AZ,100.0,spring valley,NV,0.7010576254544507
brigleytn,brigleyar,brigley,TN,AR,75.0,brigley,PA,0.0259794308996445
mccalli,mccallaz,mccall,I,AZ,100.0,mccall,ID,0.3708864388666115
westnanticokepa,westnanticoketx,west nanticoke,PA,TX,90.5,west nanticoke,PA,0.0794547975492613
sarahannwv,sarahanntx,sarah ann,WV,TX,80.0,sarah ann,MO,0.1528666073258355
newfldenmn,newfldenme,newflden,MN,ME,75.0,newflden,PA,0.0259794308996445
hroaceks,hroacend,hroace,KS,ND,83.33333333333334,hroace,PA,0.0259794308996445
redvaleco,redvaleca,redvale,CO,CA,75.0,redvale,PA,0.0259794308996445
montgomeryla,montgomeryal,montgomery,LA,AL,100.0,montgomery,MD,0.1670225059816226
bulverdeax,bulverdetx,bulverde,AX,TX,100.0,bulverde,TX,0.0311476746087125
suffielddepotct,suffielddepotct,suffield depot,CT,CT,100.0,suffield depot,CT,0.8523136796611649
sidneyne,sidneyne,sidney,NE,NE,100.0,sidney,NE,0.2325718068027758
shelltwy,shellid,shell,TWY,ID,71.42857142857143,shell,SC,0.3660295527044431
homewa,homewa,home,WA,WA,100.0,home,OR,0.4446896783136483
breezypolntmn,breezypolntmn,breezy polnt,MN,MN,91.66666666666666,breezy polnt,MN,0.1471436963183518
althafl,althafl,altha,FL,FL,80.0,altha,PA,0.0259794308996445
rushvillemo,rushvilleil,rushville,MO,IL,100.0,rushville,NE,0.2966387374252294
doverid,doverar,dover,ID,AR,100.0,dover,DE,0.4159080594417095
pentonal,pentonga,penton,AL,GA,85.71428571428571,penton,PA,0.0259794308996445
christianatn,christianatn,christiana,TN,TN,100.0,christiana,TN,0.0485244671937878
salinasac,salinasca,salinas,AC,CA,100.0,salinas,PR,0.075921641088232
cambridgeil,cambridgeil,cambridge,IL,IL,100.0,cambridge,IN,0.1976517096030216
washougalwa,washougalwa,washougal,WA,WA,100.0,washougal,WA,0.0479273400441341
woodlawnm,woodlawnil,woodlawn,M,IL,100.0,woodlawn,OH,0.0693203908698854
oxfordne,oxfordal,oxford,NE,AL,100.0,oxford,ME,0.2911732056459044
santaanaca,santaanaca,santa ana,CA,CA,100.0,santa ana,NM,0.8086886782287224
westpalmbeachfl,westpalmbeachfl,west palm beach,FL,FL,100.0,west palm beach,FL,0.9879429214872664
lveitnownpr,lveitnownpr,lveitnown,PR,PR,88.88888888888889,lveitnown,PA,0.0259794308996445
mexicomo,mexicomo,mexico,MO,MO,100.0,mexico,ME,0.1503435761579833
manuelgarciatx,manuelgarciatx,manuel garcia,TX,TX,83.33333333333334,manuel garcia,PR,0.1807142533256778
elkgroveca,elkgroveca,elk grove,CA,CA,100.0,elk grove,UT,0.1402746573320661
baldwinga,baldwinga,baldwin,GA,GA,100.0,baldwin,AL,0.1664910042713268
nseadal,nseadfl,nsead,AL,FL,83.33333333333334,nsead,PA,0.0259794308996445
gatesor,gatesaz,gates,OR,AZ,75.0,gates,NY,0.1927384291075669
hungerfordtx,hungerfordoh,hungerford,TX,OH,83.33333333333334,hungerford,PA,0.0259794308996445
spokanecreekdmt,spokanecreekwa,spokane creek,DMT,WA,90.5,spokane creek,WA,0.7776977319965132
sedonaaz,sedonaaz,sedona,AZ,AZ,100.0,sedona,AZ,0.6801055255231105
blocktonia,blocktonma,blockton,IA,MA,87.5,blockton,PA,0.0259794308996445
rioblancopr,rioblancowi,rio blanco,PR,WI,90.5,rio blanco,CO,0.4154412567084645
louisvilleoh,louisvilleoh,louisville,OH,OH,100.0,louisville,KY,0.0679145607803535
naturalbridgeal,naturalbridgela,natural bridge,AL,LA,85.71428571428571,natural bridge,LA,0.3358022930574436
sunsettx,sunsetfl,sunset,TX,FL,100.0,sunset,MO,0.1298505829339445
fatihsd,fatihca,fatih,SD,CA,75.0,fatih,PA,0.0259794308996445
bridgevillede,bridgevillede,bridgeville,DE,DE,100.0,bridgeville,DE,0.7424683033736432
bathewv,bathme,bath,EWV,ME,100.0,bath,ME,0.4705219978591355
chesteria,chesterca,chester,IA,CA,100.0,chester,PA,0.1428052403286012
bourbonmo,bourbonmo,bourbon,MO,MO,100.0,bourbon,KS,0.3449588594147083
viennasd,viennaga,vienna,SD,GA,100.0,vienna,LA,0.1638902966891961
marissail,marissail,marissa,IL,IL,100.0,marissa,IL,0.0516646472090248
estellinetx,estellineca,estelline,TX,CA,88.88888888888889,estelline,PA,0.0259794308996445
lakemohawknj,lakemohawknj,lake mohawk,NJ,NJ,100.0,lake mohawk,NJ,0.1142539896761653
nasellewa,naselleil,naselle,WA,IL,87.5,naselle,PA,0.0259794308996445
newberrysc,newberrysc,newberry,SC,SC,100.0,newberry,SC,0.6537005082418199
burkeva,burkeva,burke,VA,VA,100.0,burke,ND,0.2513930582921851
garettpa,garettca,garett,PA,CA,100.0,garett,MD,0.0494011221147193
fergusfallsmn,fergusfallsmn,fergus falls,MN,MN,100.0,fergus falls,MT,0.7420366963485113
waxahachietx,waxahachietx,waxahachie,TX,TX,100.0,waxahachie,TX,0.0311476746087125
phippsburgcf,phippsburgme,phippsburg,CF,ME,100.0,phippsburg,ME,0.3322657651333693
martinsburgmo,martinsburgpa,martinsburg,MO,PA,100.0,martinsburg,WV,0.3559093082850805
annandalenj,annandalenj,annandale,NJ,NJ,100.0,annandale,MN,0.0799882153755823
palmdaleca,palmdaleca,palmdale,CA,CA,100.0,palmdale,CA,0.0424904220119366
whitecloudi,whitecloudmi,white cloud,I,MI,100.0,white cloud,MI,0.1011795833248739
highgrovec,highgroveca,highgrove,C,CA,100.0,highgrove,CA,0.0431560550707599
mitchellga,mitchellil,mitchell,GA,IL,100.0,mitchell,IA,0.1222353668767174
rollinghillsky,rollinghillsca,rolling hills,KY,CA,100.0,rolling hills,CA,0.281737372393187
icehousecanyonaz,icehousecanyonca,icehouse canyon,AZ,CA,75.0,icehouse canyon,AZ,0.7140765210970969
oksprisgsaz,oksprisgswy,ok sprisgs,AZ,WY,83.33333333333334,ok sprisgs,AK,0.1332562305637953
fairfieldgladetn,fairfieldgladetn,fairfield glade,TN,TN,100.0,fairfield glade,TN,0.1913479094791108
pabplicosc,pabplicosc,pabplico,SC,SC,87.5,pabplico,PA,0.0259794308996445
ploveria,ploverwi,plover,IA,WI,100.0,plover,WI,0.0452684678024591
rusotnla,rusotnla,rusotn,LA,LA,83.33333333333334,rusotn,PA,0.0259794308996445
woodlakemn,woodlakeil,wood lake,MN,IL,88.88888888888889,wood lake,WI,0.2150794640423443
glendoraj,glendoraca,glendora,J,CA,100.0,glendora,CA,0.0557964026969321
newportoh,newportoh,newport,OH,OH,100.0,newport,RI,0.5975481294737791
shontoaz,shontoct,shonto,AZ,CT,85.71428571428571,shonto,PA,0.0259794308996445
fillmoreil,fillmoreca,fillmore,IL,CA,100.0,fillmore,UT,0.1727224572485875
buckshotaz,buckshotme,buckshot,AZ,ME,77.77777777777779,buckshot,PA,0.0259794308996445
ogemawiv,ogemaga,ogema,WIV,GA,80.0,ogema,PA,0.0259794308996445
farmersvilleil,farmersvilleca,farmersville,IL,CA,100.0,farmersville,OH,0.0364449054050466
maustonwi,maustonwi,mauston,WI,WI,100.0,mauston,WI,0.0452684678024591
koontzlakein,koontzlakein,koontz lake,IN,IN,100.0,koontz lake,IN,0.2726517898958145
nebwurgwi,nebwurgwi,nebwurg,WI,WI,85.71428571428571,nebwurg,PA,0.0259794308996445
marionla,marional,marion,LA,AL,100.0,marion,WV,0.095583947412658
pleasanthillia,pleasanthillia,pleasant hill,IA,IA,100.0,pleasant hill,TN,0.1637083714103221
butlervilleoh,butlervillemi,butlerville,OH,MI,90.9090909090909,butlerville,PA,0.0259794308996445
grovelandid,grovelandfl,groveland,ID,FL,100.0,groveland,MA,0.1150724059179982
garysonok,garysonin,garyson,OK,IN,90.5,garyson,PA,0.0259794308996445
ceibapr,ceibapr,ceiba,PR,PR,100.0,ceiba,PR,0.5092608523248262
iatanmo,iatanla,iatan,MO,LA,90.5,iatan,PA,0.0259794308996445
gerevanleny,gerevanleny,gerevanle,NY,NY,83.33333333333334,gerevanle,PA,0.0259794308996445
hughessprinsgtx,hughessprinsgtx,hughes sprinsg,TX,TX,92.85714285714286,hughes sprinsg,SD,0.3318650543303202
sotuhgatefl,sotuhgatefl,sotuhgate,FL,FL,88.88888888888889,sotuhgate,PA,0.0259794308996445
daytojx,daytoin,dayto,JX,IN,83.33333333333334,dayto,NV,0.1594919177294303
oilcityla,oilcitypa,oil city,LA,PA,100.0,oil city,VA,0.1010532023008405
buckinghamcourthouseva,buckinghamcourthouseva,buckingham courthouse,VA,VA,90.5,buckingham courthouse,VA,0.4842884316749888
fnrmingdalegy,fnrmingdaleme,fnrmingdale,GY,ME,100.0,fnrmingdale,PA,0.0259794308996445
mounthermonza,mounthermonca,mount hermon,ZA,CA,100.0,mount hermon,VA,0.1619158440593257
howey-i-the-hillsfl,howey-i-the-hillsfl,howey-i-the-hills,FL,FL,94.44444444444444,howey-i-the-hills,FL,0.1877177319656794
thomasok,thomasok,thomas,OK,OK,100.0,thomas,NE,0.1900198110226973
warsawmo,warsawmo,warsaw,MO,MO,100.0,warsaw,MO,0.0591121687861321
sutto-nalpineak,sutto-nalpineak,sutto-nalpine,AK,AK,92.3076923076923,sutto-nalpine,NH,0.1151105154091691
bellwoodpa,bellwoodpa,bellwood,PA,PA,100.0,bellwood,VA,0.0697473668528976
olindaih,olindaca,olinda,IH,CA,83.33333333333334,olinda,HI,0.0406368623278877
reedcreeka,reedcreekga,reed creek,A,GA,100.0,reed creek,MI,0.2581480258008816
katnscitypf,katnscitytx,katns city,PF,TX,81.81818181818183,katns city,VA,0.4645090331104248
shannonms,shannonms,shannon,MS,MS,100.0,shannon,AR,0.2473988202159298
ranchocucamongaca,ranchocucamongaca,rancho cucamonga,CA,CA,100.0,rancho cucamonga,CA,0.4673414832231271
lewisvillemn,lewisvillear,lewisville,MN,AR,100.0,lewisville,AR,0.1191251047910641
chewevahwa,chewevahwa,chewevah,WA,WA,87.5,chewevah,PA,0.0259794308996445
hopatcongnj,hopatcongnj,hopatcong,NJ,NJ,100.0,hopatcong,NJ,0.4104799872667241
venturaia,venturaca,ventura,IA,CA,100.0,ventura,CA,0.1309449889835721
twinlakesnm,twinlakesnm,twin lakes,NM,NM,100.0,twin lakes,NM,0.2230366641537482
casperwy,casperwy,casper,WY,WY,100.0,casper,WY,0.3017530946300409
seabrookfarmsnj,seabrookfarmsnj,seabrook farms,NJ,NJ,100.0,seabrook farms,AZ,0.1384792071751911
madisnheightsmi,madisnheightsmi,madisn heights,MI,MI,93.33333333333331,madisn heights,OH,0.1588054105141834
mckeeky,mckeeky,mckee,KY,KY,100.0,mckee,KY,0.046381182881054
applecanyonlakeil,applecanyonlakepa,apple canyon lake,IL,PA,90.5,apple canyon lake,AZ,0.2837668218300581
lexingtonky,lexingtonky,lexington,KY,KY,100.0,lexington,SC,0.1715663995927168
albami,albaal,alba,MI,AL,100.0,alba,PA,0.0259794308996445
gravettear,gravettear,gravette,AR,AR,100.0,gravette,AR,0.1595098746905106
hughesvillepa,hughesvillepa,hughesville,PA,PA,100.0,hughesville,MD,0.1201021396296034
centervilleia,centervilleia,centerville,IA,IA,100.0,centerville,UT,0.1217844580125197
cedargrovefl,cedargrovefl,cedar grove,FL,FL,100.0,cedar grove,OR,0.2292609196321648
hydenky,hydenky,hyden,KY,KY,100.0,hyden,CO,0.0561543501677916
ravennatx,ravennami,ravenna,TX,MI,100.0,ravenna,NE,0.0635170722117074
comancheok,comancheok,comanche,OK,OK,100.0,comanche,OK,0.3526112894314917
argonnewi,argonneal,argonne,WI,AL,90.5,argonne,PA,0.0259794308996445
mortonms,mortonms,morton,MS,MS,100.0,morton,ND,0.2967594473840308
sunizonaaz,sunizonaal,sunizona,AZ,AL,85.71428571428571,sunizona,PA,0.0259794308996445
st.petersburgpa,st.petersburgfl,st. petersburg,PA,FL,100.0,st. petersburg,VT,0.2512924410330062
srpinglaketx,srpinglaketx,srpinglake,TX,TX,83.33333333333334,srpinglake,PA,0.0259794308996445
unalakleetak,unalakleetca,unalakleet,AK,CA,88.88888888888889,unalakleet,PA,0.0259794308996445
pottsgrovepa,pottsgrovepa,pottsgrove,PA,PA,100.0,pottsgrove,PA,0.0361012609900843
tqmbstoneaz,tqmbstoneaz,tqmbstone,AZ,AZ,88.88888888888889,tqmbstone,PA,0.0259794308996445
fayettemo,fayettemo,fayette,MO,MO,100.0,fayette,IA,0.1272197380224886
lovelandco,lovelandco,loveland,CO,CO,100.0,loveland,CO,0.1311956946448954
flemingtonwv,flemingtonnj,flemington,WV,NJ,100.0,flemington,NJ,0.1229349295284587
salema,salemar,salem,A,AR,100.0,salem,WI,0.0999207471563292
lincroftnj,lincroftnj,lincroft,NJ,NJ,100.0,lincroft,NJ,0.0759671633685274
howardcitymi,howardcitymi,howard city,MI,MI,100.0,howard city,NE,0.1532035573041449
chelseaok,chelseaok,chelsea,OK,OK,100.0,chelsea,VT,0.2893460038874758
trego-rohrersvillestationmd,trego-rohrersvillestationmi,trego-rohrersville station,MD,MI,69.23076923076923,trego-rohrersville station,KS,0.1631538117265148
elvodnc,elvodnv,elvod,NC,NV,75.0,elvod,PA,0.0259794308996445
winfieldia,winfieldia,winfield,IA,IA,100.0,winfield,KS,0.107926376902884
mabieca,mabienm,mabie,CA,NM,80.0,mabie,PA,0.0259794308996445
merrittislandfl,merrittislandfl,merritt island,FL,FL,100.0,merritt island,FL,0.2076463027299209
universityparkmd,universityparkmd,university park,MD,MD,100.0,university park,NM,0.1871267180784799
forestvillepa,forestvilleca,forestville,PA,CA,100.0,forestville,MD,0.1114319446628994
desotoia,desotoia,de soto,IA,IA,100.0,de soto,MS,0.2073053966460315
dalevillewa,dalevilleal,daleville,WA,AL,100.0,daleville,AL,0.2428900492275882
wascoca,wascoca,wasco,CA,CA,100.0,wasco,OR,0.6331705330521431
hoovenoh,hoovenal,hooven,OH,AL,83.33333333333334,hooven,PA,0.0259794308996445
kupreanofak,kupreanofhi,kupreanof,AK,HI,71.42857142857143,kupreanof,PA,0.0259794308996445
templetonva,templetonca,templeton,VA,CA,100.0,templeton,MA,0.1096552918693583
powersor,powersmo,powers,OR,MO,80.0,powers,WI,0.2249735667325828
springlakeparkmn,springlakeparkmn,spring lake park,MN,MN,100.0,spring lake park,MN,0.2452735626816626
quartzhillca,quartzhillca,quartz hill,CA,CA,100.0,quartz hill,CA,0.0802717700455691
milkyo,milkme,milk,YO,ME,75.0,milk,PA,0.0259794308996445
langelothpa,langelothpa,langeloth,PA,PA,75.0,langeloth,PA,0.0259794308996445
lofallwa,lofallwa,lofall,WA,WA,100.0,lofall,WA,0.0974155803818248
elginmn,elginmn,elgin,MN,MN,100.0,elgin,IL,0.119501922247742
renwickia,renwickla,renwick,IA,LA,85.71428571428571,renwick,PA,0.0259794308996445
promptwnpa,promptwntn,promptwn,PA,TN,80.0,promptwn,PA,0.0259794308996445
radersburgmt,radersburgmd,radersburg,MT,MD,90.0,radersburg,PA,0.0259794308996445
moquinonm,moquinowi,moquino,NM,WI,83.33333333333334,moquino,PA,0.0259794308996445
equalityil,equalityca,equality,IL,CA,66.66666666666666,equality,PA,0.0259794308996445
denmarkia,denmarkme,denmark,IA,ME,100.0,denmark,ME,0.1521885846928525
camanchenorthshorec,camanchenorthshoreia,camanche north shore,C,IA,90.5,camanche north shore,MD,0.1399005591940899
paradisenv,paradisenv,paradise,NV,NV,100.0,paradise,NV,0.2859646379004008
miamibeachfl,miamibeachfl,miami beach,FL,FL,100.0,miami beach,FL,0.9318245851773794
colomami,colomami,coloma,MI,MI,100.0,coloma,MI,0.0422036710995163
speednc,speedco,speed,NC,CO,80.0,speed,PA,0.0259794308996445
altamontpa,altamontil,altamont,PA,IL,100.0,altamont,TN,0.0841071685156685
rapidsny,rapidsny,rapids,NY,NY,100.0,rapids,MN,0.2846009623993531
tedrowoh,tedrowny,tedrow,OH,NY,83.33333333333334,tedrow,PA,0.0259794308996445
pipercityil,pipercityca,piper city,IL,CA,83.33333333333334,piper city,VA,0.4645090331104248
raubsvillepa,raubsvillepa,raubsville,PA,PA,100.0,raubsville,PA,0.0673338380874489
loyalhannapa,loyalhannapa,loyalhanna,PA,PA,100.0,loyalhanna,PA,0.0496484388263135
jamestownla,jamestownca,jamestown,LA,CA,100.0,jamestown,RI,0.1925635091996229
elderonwi,elderonwa,elderon,WI,WA,87.5,elderon,PA,0.0259794308996445
edgewaterjw,edgewaterco,edgewater,JW,CO,100.0,edgewater,NJ,0.2469835971135185
st.ignatiusmt,st.ignatiusak,st. ignatius,MT,AK,62.5,st. ignatius,VT,0.7324291186922878
berlinmd,berlinmd,berlin,MD,MD,100.0,berlin,PA,0.0839885452888693
franksfieldwi,franksfieldmo,franks field,WI,MO,75.0,franks field,HI,0.692588828517818
speerspa,speerspa,speers,PA,PA,100.0,speers,PA,0.0496484388263135
koontzlakein,koontzlakein,koontz lake,IN,IN,100.0,koontz lake,IN,0.2726517898958145
centerossipeenh,centerossipeeco,center ossipee,NH,CO,90.5,center ossipee,NH,0.3532947481251077
smithlandky,smithlandky,smithland,KY,KY,100.0,smithland,KY,0.0467781084926376
locknrytx,locknrytx,locknry,TX,TX,85.71428571428571,locknry,PA,0.0259794308996445
lowellvileoh,lowellvileoh,lowellvile,OH,OH,90.9090909090909,lowellvile,OH,0.0373012794621199
emelleal,emellega,emelle,AL,GA,100.0,emelle,PA,0.0259794308996445
warsawnc,warsawnc,warsaw,NC,NC,100.0,warsaw,MO,0.0591121687861321
buchananva,buchananva,buchanan,VA,VA,100.0,buchanan,IA,0.2185211708659124
locohillsnm,locohillsca,loco hills,NM,CA,81.81818181818183,loco hills,KY,0.1803497050908042
mustangtx,mustangok,mustang,TX,OK,100.0,mustang,OK,0.1512249121480798
bathnc,bathme,bath,NC,ME,100.0,bath,ME,0.4705219978591355
rustonwa,rustonla,ruston,WA,LA,100.0,ruston,LA,0.0601926739649647
endersne,endersne,enders,NE,NE,83.33333333333334,enders,PA,0.0259794308996445
fortfortpa,fortfortpa,fort fort,PA,PA,90.0,fort fort,CO,0.1327579077544467
druidhillsga,druidhillsga,druid hills,GA,GA,100.0,druid hills,GA,0.5704241767703332
bradentonfl,bradentonfl,bradenton,FL,FL,100.0,bradenton,FL,0.3374131928168316
walnutks,walnutca,walnut,KS,CA,100.0,walnut,AR,0.1351825861806227
langdonks,langdonnd,langdon,KS,ND,100.0,langdon,ND,0.3889278464317063
miamitx,miamitx,miami,TX,TX,100.0,miami,FL,0.4373232108510115
berrycreekca,berrycreekca,berry creek,CA,CA,100.0,berry creek,AL,0.146531651381097
husliaak,husliaid,huslia,AK,ID,75.0,huslia,PA,0.0259794308996445
ellsworthpa,ellsworthks,ellsworth,PA,KS,100.0,ellsworth,KS,0.2877692296933712
acresgreenco,acresgreenco,acres green,CO,CO,100.0,acres green,DE,0.2334140856489348
pleasantgappa,pleasantgappa,pleasant gap,PA,PA,100.0,pleasant gap,PA,0.153818788973457
asburynj,asburyia,asbury,NJ,IA,100.0,asbury,NJ,0.0999406994272519
veldonnc,veldonnc,veldon,NC,NC,83.33333333333334,veldon,PA,0.0259794308996445
ashvillepa,ashvilleal,ashville,PA,AL,100.0,ashville,MI,0.0835974254275089
firtvne,firtvid,firtv,NE,ID,60.0,firtv,PA,0.0259794308996445
girardoh,girardoh,girard,OH,OH,100.0,girard,KS,0.0521702603297055
helperut,helperut,helper,UT,UT,100.0,helper,UT,0.2563114959228773
staffordks,staffordca,stafford,KS,CA,100.0,stafford,CT,0.3958076291449839
orangelakeyn,orangelakeny,orange lake,YN,NY,100.0,orange lake,NJ,0.1591441119665213
pleasantvillenj,pleasantvillenj,pleasantville,NJ,NJ,100.0,pleasantville,IA,0.0992536499255998
moganzala,moganzaga,moganza,LA,GA,83.33333333333334,moganza,PA,0.0259794308996445
lauerlvae,lauerlde,lauerl,VAE,DE,83.33333333333334,lauerl,PA,0.0259794308996445
esatmissoulamt,esatmissoulamt,esat missoula,MT,MT,92.3076923076923,esat missoula,MT,0.9156949190591628
moorestowm-lenolanj,moorestowm-lenolanj,moorestowm-lenola,NJ,NJ,94.11764705882352,moorestowm-lenola,NJ,0.3181690868652236
rudolphoh,rudolphsd,rudolph,OH,SD,80.0,rudolph,PA,0.0259794308996445
desmteid,desmtesd,de smte,ID,SD,85.71428571428571,de smte,PA,0.0259794308996445
huntermo,hunteroh,hunter,MO,OH,100.0,hunter,TN,0.1040114585071743
arfieldmn,arfieldnj,arfield,MN,NJ,87.5,arfield,WA,0.0472411779445297
brantlakesouthsd,brantlakesouthar,brant lake south,SD,AR,83.33333333333334,brant lake south,MA,0.0999675426827942
whiterocksd,whiterocknm,white rock,SD,NM,100.0,white rock,NM,0.4558915697262509
sanbenitotq,sanbenitotx,san benito,TQ,TX,100.0,san benito,CA,0.5432188654379039
twiningmi,twiningin,twining,MI,IN,85.71428571428571,twining,PA,0.0259794308996445
ridgwayil,ridgwaypa,ridgway,IL,PA,100.0,ridgway,PA,0.0673338380874489
packwjodia,packwjodca,packwjod,IA,CA,75.0,packwjod,PA,0.0259794308996445
buffalcitywi,buffalcityia,buffal city,WI,IA,85.71428571428571,buffal city,SD,0.0957523449963185
rockawaybeachmc,rockawaybeachor,rockaway beach,MC,OR,100.0,rockaway beach,NY,0.2965007055030716
parkwayvillageky,parkwayvillageca,parkway village,KY,CA,90.5,parkway village,CT,0.0913667497270317
marengoohb,marengoil,marengo,OHB,IL,100.0,marengo,AL,0.3762528397849424
brownstownil,brownstownin,brownstown,IL,IN,100.0,brownstown,PA,0.084633380722883
silvertonco,silvertonco,silverton,CO,CO,100.0,silverton,OR,0.0643679945365229
molenaga,molenami,molena,GA,MI,85.71428571428571,molena,PA,0.0259794308996445
capronva,capronil,capron,VA,IL,100.0,capron,IL,0.0516646472090248
pinebendmn,pinebendaz,pine bend,MN,AZ,90.5,pine bend,OR,0.174166431315851
yorkal,yorkal,york,AL,AL,100.0,york,ME,0.4320845470701359
parkwayvillageky,parkwayvillageca,parkway village,KY,CA,90.5,parkway village,CT,0.0913667497270317
virgizsd,virgiznv,virgiz,SD,NV,80.0,virgiz,PA,0.0259794308996445
hawaiianagrdensca,hawaiianagrdensca,hawaiian agrdens,CA,CA,93.75,hawaiian agrdens,HI,0.965444220956552
soudersburgp,soudersburgpa,soudersburg,P,PA,90.9090909090909,soudersburg,PA,0.0259794308996445
higginsvillemo,higginsvillemo,higginsville,MO,MO,100.0,higginsville,MO,0.0412682841143835
stewartstownpa,stewartstownpa,stewartstown,PA,PA,100.0,stewartstown,PA,0.0361012609900843
aberdeengardenswa,aberdeengardenswa,aberdeen gardens,WA,WA,90.5,aberdeen gardens,ID,0.2389892688370225
southforkestatestx,southforkestatesal,south fork estates,TX,AL,81.81818181818183,south fork estates,VA,0.263139046846665
staleyn,staleync,staley,N,NC,85.71428571428571,staley,ND,0.1253195546725445
timberlakesut,timberlakessd,timber lakes,UT,SD,90.5,timber lakes,FL,0.1901872776810415
internationalfallsn,internationalfallsmn,international falls,N,MN,100.0,international falls,MN,0.465380357178193
queensny,queensny,queens,NY,NY,100.0,queens,NY,0.3954379892429434
maxtonnc,maxtonnc,maxton,NC,NC,100.0,maxton,NC,0.1248493285767102
moweaquail,moweaquail,moweaqua,IL,IL,100.0,moweaqua,IL,0.0747409259178022
lakeviewestatesga,lakeviewestatesga,lakeview estates,GA,GA,100.0,lakeview estates,GA,0.3467935375897806
perrysvillei,perrysvillefl,perrysville,I,FL,90.5,perrysville,PA,0.0259794308996445
heoenvillewi,heoenvillepa,heoenville,WI,PA,83.33333333333334,heoenville,PA,0.0259794308996445
st.annmo,st.annga,st. ann,MO,GA,71.42857142857143,st. ann,VT,0.3086721077793609
musepa,musepa,muse,PA,PA,100.0,muse,PA,0.0361012609900843
belleriveacresom,belleriveacresal,bellerive acres,OM,AL,90.5,bellerive acres,DE,0.5917039194788598
newkingstownpa,newkingstownpa,new kingstown,PA,PA,78.57142857142857,new kingstown,RI,0.902834462412936
ririeid,ririeca,ririe,ID,CA,83.33333333333334,ririe,PA,0.0259794308996445
lancastermn,lancasterca,lancaster,MN,CA,100.0,lancaster,SC,0.2644238687491454
sanctuarytx,sanctuaryks,sanctuary,TX,KS,71.42857142857143,sanctuary,PA,0.0259794308996445
penapobrepr,penapobrepr,pena pobre,PR,PR,90.0,pena pobre,PR,0.2790598923620571
hemphilltx,hemphilltx,hemphill,TX,TX,100.0,hemphill,TX,0.0869438074314265
chatsworohia,chatsworohca,chatsworoh,IA,CA,90.0,chatsworoh,PA,0.0259794308996445
columbiaal,columbiaca,columbia,AL,CA,100.0,columbia,OR,0.1419722346067793
elizabethi,elizabethco,elizabeth,I,CO,100.0,elizabeth,NC,0.1733180927303607
altamontny,altamontny,altamont,NY,NY,100.0,altamont,TN,0.0841071685156685
gilacrossingaz,gilacrossingma,gila crossing,AZ,MA,75.0,gila crossing,AZ,0.5419368190589293
ebrlinga,ebrlinks,ebrlin,GA,KS,85.71428571428571,ebrlin,PA,0.0259794308996445
signalmountaintn,signalmountaintn,signal mountain,TN,TN,100.0,signal mountain,TN,0.2692231502641459
portlndsy,portlndct,portlnd,SY,CT,87.5,portlnd,ME,0.1799668811748295
taospueblonm,taospueblonm,taos pueblo,NM,NM,100.0,taos pueblo,NM,0.9881235399774972
chinohillsca,chinohillsca,chino hills,CA,CA,100.0,chino hills,AZ,0.4045604465304993
pelicanbaytx,pelicanbaytx,pelican bay,TX,TX,100.0,pelican bay,MN,0.2189682276534549
charlottecourthouseva,charlottecourthouseva,charlotte court house,VA,VA,100.0,charlotte court house,VA,0.8041767973094702
roanokela,roanokeal,roanoke,LA,AL,100.0,roanoke,VA,0.3741830784271167
linwoodpa,linwoodpa,linwood,PA,PA,100.0,linwood,NJ,0.1193086386795787
grubbsar,grubbsco,grubbs,AR,CO,66.66666666666666,grubbs,PA,0.0259794308996445
fincastletn,fincastletn,fincastle,TN,TN,100.0,fincastle,TN,0.0961466627961799
uppersantanvillageaz,uppersantanvillageid,upper santan village,AZ,ID,83.33333333333334,upper santan village,CO,0.1520322826427008
flinthilla,flinthillmi,flint hill,A,MI,90.5,flint hill,AL,0.1118949854473426
fairhavenmn,fairhavenma,fairhaven,MN,MA,100.0,fairhaven,NJ,0.0715520430842617
haiglerne,haigleril,haigler,NE,IL,71.42857142857143,haigler,PA,0.0259794308996445
orangeburgny,orangeburgny,orangeburg,NY,NY,100.0,orangeburg,SC,0.628167721941102
indianhillscm,indianhillsco,indian hills,CM,CO,100.0,indian hills,NV,0.2425729629811443
goehnerne,goehnerok,goehner,NE,OK,85.71428571428571,goehner,PA,0.0259794308996445
statelinecityin,statelinecitypa,state line city,IN,PA,90.5,state line city,IA,0.2456815292757906
boulderflatswy,boulderflatsco,boulder flats,WY,CO,90.5,boulder flats,NV,0.2026761607789946
zelienoplepa,zelienoplepa,zelienople,PA,PA,100.0,zelienople,PA,0.0361012609900843
senceapa,senceapa,sencea,PA,PA,83.33333333333334,sencea,PA,0.0259794308996445
prosperitysc,prosperitysc,prosperity,SC,SC,100.0,prosperity,WV,0.0795824856764445
eastridgetn,eastridgetn,east ridge,TN,TN,100.0,east ridge,FL,0.2708292148602317
turrellar,turrelltn,turrell,AR,TN,87.5,turrell,PA,0.0259794308996445
aredaleia,aredaleca,aredale,IA,CA,85.71428571428571,aredale,PA,0.0259794308996445
hermleightx,hermleighme,hermleigh,TX,ME,77.77777777777779,hermleigh,PA,0.0259794308996445
caballonm,caballoil,caballo,NM,IL,90.5,caballo,PA,0.0259794308996445
nahuntaga,nahuntaga,nahunta,GA,GA,100.0,nahunta,GA,0.0407416937011491
koshkonongmo,koshkonongin,koshkonong,MO,IN,88.88888888888889,koshkonong,WI,0.0965348444402975
kensingtonca,kensingtonca,kensington,CA,CA,100.0,kensington,MD,0.2996488745103467
gzandwoodprakil,gzandwoodprakil,gzandwoodprak,IL,IL,85.71428571428571,gzandwoodprak,PA,0.0259794308996445
eastglobeaz,eastglobeaz,east globe,AZ,AZ,75.0,east globe,NY,0.0759714493343286
summitor,summitaz,summit,OR,AZ,100.0,summit,UT,0.5736817973295341
sevencornersa,sevencornersva,seven corners,A,VA,100.0,seven corners,VA,0.152336275886972
loganmt,logania,logan,MT,IA,100.0,logan,WV,0.1995148998362618
noconatx,noconatx,nocona,TX,TX,100.0,nocona,TX,0.0406938805053028
kapaauhi,kapaauhi,kapaau,HI,HI,100.0,kapaau,HI,0.4315098548623171
hinghammt,hinghamma,hingham,MT,MA,100.0,hingham,MA,0.1188553159556319
washburnia,washburnil,washburn,IA,IL,100.0,washburn,ND,0.4506285127742344
mounthermonca,mounthermonca,mount hermon,CA,CA,100.0,mount hermon,VA,0.1619158440593257
rennertnc,rennertnc,rennert,NC,NC,90.5,rennert,PA,0.0259794308996445
gidoenok,gidoenmo,gidoen,OK,MO,83.33333333333334,gidoen,PA,0.0259794308996445
bridgeportwa,bridgeportwa,bridgeport,WA,WA,100.0,bridgeport,CT,0.1954096073987161
bayboronc,bayboronc,bayboro,NC,NC,100.0,bayboro,NC,0.07518545924325
sheldonia,sheldonia,sheldon,IA,IA,100.0,sheldon,ND,0.2452274271146292
delsoltx,delsolga,del sol,TX,GA,75.0,del sol,CA,0.4274603587265581
hintonok,hintonok,hinton,OK,OK,100.0,hinton,WV,0.1879094766713464
littleelmtx,littleelmtx,little elm,TX,TX,100.0,little elm,AR,0.79059901491333
dwsontxc,dwsonga,dwson,TXC,GA,83.33333333333334,dwson,GA,0.1077477737799677
waiteparkmn,waiteparkmn,waite park,MN,MN,100.0,waite park,MN,0.2998140904099805
campbellsburgin,campbellsburgca,campbellsburg,IN,CA,90.5,campbellsburg,PA,0.0259794308996445
elizabethtqwnin,elizabethtqwnil,elizabethtqwn,IN,IL,92.3076923076923,elizabethtqwn,PA,0.0259794308996445
lakefothewoodsca,lakefothewoodsaz,lake fo the woods,CA,AZ,94.11764705882352,lake fo the woods,WA,0.1470772631980793
bethelnc,bethelnc,bethel,NC,NC,100.0,bethel,AK,0.2617385006755091
sycamoreok,sycamoreil,sycamore,OK,IL,100.0,sycamore,IL,0.0349335350713326
progressvillagefl,progressvillagefl,progress village,FL,FL,100.0,progress village,FL,0.1294211911591838
lawleria,lawlerca,lawler,IA,CA,83.33333333333334,lawler,PA,0.0259794308996445
mapletonut,mapletonut,mapleton,UT,UT,100.0,mapleton,UT,0.1808892451243551
hugoo,hugoco,hugo,O,CO,100.0,hugo,OK,0.1186463201611061
jacintocitytx,jacintocitytx,jacinto city,TX,TX,100.0,jacinto city,VA,0.1062646968907848
crystalmountianmi,crystalmountianmn,crystal mountian,MI,MN,90.5,crystal mountian,MS,0.1914572694890463
moffatco,moffattx,moffat,CO,TX,80.0,moffat,CO,0.6194331071201612
warsonwoodsmo,warsonwoodsmo,warson woods,MO,MO,100.0,warson woods,MO,0.2165617067923312
odinmn,odinil,odin,MN,IL,100.0,odin,IL,0.0516646472090248
aoklandmd,aoklandmd,aokland,MD,MD,85.71428571428571,aokland,PA,0.0259794308996445
portmonmouthnj,portmonmouthnj,port monmouth,NJ,NJ,100.0,port monmouth,NJ,0.6611444534206359
santaclarapueblonm,santaclarapueblonm,santa clara pueblo,NM,NM,100.0,santa clara pueblo,NM,0.9281943642961208
yorksc,yorksc,york,SC,SC,100.0,york,ME,0.4320845470701359
strattonco,strattonpa,stratton,CO,PA,100.0,stratton,PA,0.0259794308996445
haroldfl,haroldca,harold,FL,CA,83.33333333333334,harold,PA,0.0259794308996445
berkeleymo,berkeleymo,berkeley,MO,MO,100.0,berkeley,WV,0.4545684932422103
elmspringsar,elmspringsar,elm springs,AR,AR,100.0,elm springs,AR,0.4269283384435965
deckerin,deckerga,decker,IN,GA,83.33333333333334,decker,MN,0.0441160464595694
parkcrestpa,parkcrestil,park crest,PA,IL,81.81818181818183,park crest,IL,0.5429391167936105
adamstowndm,adamstownmd,adamstown,DM,MD,100.0,adamstown,MD,0.116613356930731
glendivemt,glendivemt,glendive,MT,MT,100.0,glendive,MT,0.8182760282177692
postonaz,postontx,poston,AZ,TX,90.5,poston,PA,0.0259794308996445
madisonheightsmi,madisonheightsmi,madison heights,MI,MI,100.0,madison heights,OH,0.1924500287347809
greenwoodar,greenwoodar,greenwood,AR,AR,100.0,greenwood,SC,0.1959582485727307
marinelandfl,marinelandoh,marineland,FL,OH,85.71428571428571,marineland,PA,0.0259794308996445
towercitypa,towercitypa,tower city,PA,PA,100.0,tower city,ND,0.2380229696707868
kickapoosite7ks,kickapoosite7ak,kickapoo site 7,KS,AK,80.0,kickapoo site 7,PA,0.0259794308996445
charlottetx,charlottetx,charlotte,TX,TX,100.0,charlotte,FL,0.2543387687328806
scammonk,scammonar,scammon,K,AR,75.0,scammon,PA,0.0259794308996445
omahatx,omahane,omaha,TX,NE,100.0,omaha,NE,0.3415925622986187
buchanannd,buchananga,buchanan,ND,GA,100.0,buchanan,IA,0.2185211708659124
mountcarmeloh,mountcarmeloh,mount carmel,OH,OH,100.0,mount carmel,TN,0.129578341028182
marionheightspa,marionheightsal,marion heights,PA,AL,90.5,marion heights,OH,0.1633497272631368
ocssamo,ocssanm,ocssa,MO,NM,80.0,ocssa,PA,0.0259794308996445
fountainhillpa,fountainhillpa,fountain hill,PA,PA,100.0,fountain hill,SC,0.1114162855899431
meadowbrookva,meadowbrookva,meadowbrook,VA,VA,100.0,meadowbrook,FL,0.115613269052634
cambridgeks,cambridgeil,cambridge,KS,IL,100.0,cambridge,IN,0.1976517096030216
tarponspringsfl,tarponspringsfl,tarpon springs,FL,FL,100.0,tarpon springs,FL,0.1656098763928986
cedarpoints,cedarpointnc,cedar point,S,NC,100.0,cedar point,OR,0.2371443955302765
sylviaks,sylvianc,sylvia,KS,NC,80.0,sylvia,PA,0.0259794308996445
prescottia,prescottaz,prescott,IA,AZ,100.0,prescott,AZ,0.2623569736705873
lawrencepah,lawrencein,lawrence,PAH,IN,100.0,lawrence,SD,0.1549605162539639
stillwatermn,stillwatermn,stillwater,MN,MN,100.0,stillwater,MT,0.3439660058193222
bowmansc,bowmannd,bowman,SC,ND,100.0,bowman,ND,0.7755926289209033
floralparkny,floralparkny,floral park,NY,NY,100.0,floral park,NY,0.285741879479731
pinebluffswy,pinebluffswy,pine bluffs,WY,WY,100.0,pine bluffs,WY,0.738280273956188
valesummitmd,valesummitor,vale summit,MD,OR,90.5,vale summit,UT,0.2193183522586348
reedsspringmo,reedsspringva,reeds spring,MO,VA,91.66666666666666,reeds spring,NV,0.2654706775558447
st.axviermt,st.axviernj,st. axvier,MT,NJ,63.63636363636363,st. axvier,VT,0.7324291186922878
athelstania,athelstanal,athelstan,IA,AL,83.33333333333334,athelstan,PA,0.0259794308996445
elcapitanaz,elcapitantx,el capitan,AZ,TX,75.0,el capitan,NM,0.3959228654736483
victorid,victorid,victor,ID,ID,100.0,victor,ID,0.134455669998837
springhillia,springhillfl,spring hill,IA,FL,100.0,spring hill,MD,0.1521285141733802
sthregisfallsny,sthregisfallsny,sth regis falls,NY,NY,76.47058823529412,sth regis falls,KY,0.0837789540517912
bellfl,bellca,bell,FL,CA,100.0,bell,KY,0.2318514291324435
huntingtonva,huntingtonva,huntington,VA,VA,100.0,huntington,IN,0.1954323977729845
haydelakeid,haydelakeid,hayde lake,ID,ID,83.33333333333334,hayde lake,WI,0.0751785198663559
aktanak,aktanak,aktan,AK,AK,83.33333333333334,aktan,PA,0.0259794308996445
ashfordwa,ashfordal,ashford,WA,AL,100.0,ashford,AL,0.1137889174124511
asewvillenc,asewvillenc,asewville,NC,NC,88.88888888888889,asewville,PA,0.0259794308996445
waynesboropa,waynesboropa,waynesboro,PA,PA,100.0,waynesboro,VA,0.1825795930708498
copalisbeachwa,copalisbeachnc,copalis beach,WA,NC,78.57142857142857,copalis beach,FL,0.6921067961747397
jensebeachfl,jensebeachfl,jense beach,FL,FL,91.66666666666666,jense beach,FL,0.6921067961747397
gascoynend,gascoyneny,gascoyne,ND,NY,83.33333333333334,gascoyne,PA,0.0259794308996445
hannawafallsny,hannawafallsny,hannawa falls,NY,NY,100.0,hannawa falls,NY,0.1660769025078546
tuskahomaok,tuskahomaok,tuskahoma,OK,OK,80.0,tuskahoma,PA,0.0259794308996445
pinebrookhillco,pinebrookhillaz,pine brook hill,CO,AZ,90.5,pine brook hill,NJ,0.2224599417836046
tarltonoh,tarltonmd,tarlton,OH,MD,100.0,tarlton,PA,0.0259794308996445
clintonin,clintonin,clinton,IN,IN,100.0,clinton,MI,0.0857037027438007
durhaca,durhaca,durha,CA,CA,83.33333333333334,durha,NH,0.1211127080631748
wallacenc,wallacenc,wallace,NC,NC,100.0,wallace,KS,0.4315833704040244
benoittms,benoittms,benoitt,MS,MS,85.71428571428571,benoitt,PA,0.0259794308996445
portjeffersonoh,portjeffersonny,port jefferson,OH,NY,100.0,port jefferson,NY,0.2260669217923088
st.anthonyid,st.anthonyks,st.anthony,ID,KS,71.42857142857143,st.anthony,VT,0.2739711165533
colomesd,colomenc,colome,SD,NC,85.71428571428571,colome,PA,0.0259794308996445
spenceroh,spencerin,spencer,OH,IN,100.0,spencer,IN,0.1447840949491466
hamlerho,hamlerfl,hamler,HO,FL,83.33333333333334,hamler,PA,0.0259794308996445
porto'connortx,porto'connortx,port o'connor,TX,TX,100.0,port o'connor,WA,0.1218163075555445
ferdinandid,ferdinandin,ferdinand,ID,IN,100.0,ferdinand,IN,0.0477571380942961
quratzsiteaz,quratzsiteaz,quratzsite,AZ,AZ,90.0,quratzsite,PA,0.0259794308996445
acmbridgecityin,acmbridgecityin,acmbridge city,IN,IN,92.85714285714286,acmbridge city,VA,0.4645090331104248
indutryil,indutrypa,indutry,IL,PA,87.5,indutry,PA,0.0259794308996445
yatesvillega,yatesvilleak,yatesville,GA,AK,90.5,yatesville,PA,0.0259794308996445
st.anthonyid,st.anthonyil,st. anthony,ID,IL,80.0,st. anthony,VT,0.2739711165533
missourivalleyaa,missourivalleyia,missouri valley,AA,IA,100.0,missouri valley,IA,0.0946090241826577
whiteoaktx,whiteoaktx,white oak,TX,TX,100.0,white oak,TN,0.268994637099099
thompsonfallsmt,thompsonfallsmt,thompson falls,MT,MT,100.0,thompson falls,MT,0.406251480294068
newtokak,newtokal,newtok,AK,AL,83.33333333333334,newtok,PA,0.0259794308996445
jacksonvilleo,jacksonvilleal,jacksonville,O,AL,100.0,jacksonville,IL,0.1017861085234802
okobojiia,okobojimn,okoboji,IA,MN,75.0,okoboji,PA,0.0259794308996445
stokesdalenc,stokesdalenc,stokesdale,NC,NC,100.0,stokesdale,NC,0.1248493285767102
oldsaybrookcenterct,oldsaybrookcenterct,old saybrook center,CT,CT,100.0,old saybrook center,CT,0.9922057757920512
wilburotnsk,wilburotnok,wilburotn,SK,OK,88.88888888888889,wilburotn,PA,0.0259794308996445
blawenburgnj,blawenburgmd,blawenburg,NJ,MD,81.81818181818183,blawenburg,PA,0.0259794308996445
tahoevistaca,tahoevistaca,tahoe vista,CA,CA,100.0,tahoe vista,CA,0.5322707593780022
brooksidevillaegtx,brooksidevillaegtx,brookside villaeg,TX,TX,94.11764705882352,brookside villaeg,DE,0.3542530394034631
greycliffmt,greycliffga,greycliff,MT,GA,75.0,greycliff,PA,0.0259794308996445
franklinin,franklinin,franklin,IN,IN,100.0,franklin,VT,0.138380527843946
shelbyin,shelbyal,shelby,IN,AL,100.0,shelby,AL,0.1526478994246981
hartsvillein,hartsvillesc,hartsville,IN,SC,100.0,hartsville,SC,0.3920569338938283
elimak,elimpa,elim,AK,PA,100.0,elim,PA,0.0361012609900843
deltonafl,deltonafl,deltona,FL,FL,100.0,deltona,FL,0.044689781507147
garrettpa,garrettin,garrett,PA,IN,100.0,garrett,MD,0.6614091059458733
oliverga,oliverpa,oliver,GA,PA,100.0,oliver,ND,0.4210152504764483
wheatonmo,wheatonil,wheaton,MO,IL,100.0,wheaton,MD,0.1807656099288413
colevilleca,colevillemd,coleville,CA,MD,90.0,coleville,PA,0.0259794308996445
farmingtonmo,farmingtonmo,farmington,MO,MO,100.0,farmington,MI,0.1052540374640426
moultonal,moultonal,moulton,AL,AL,100.0,moulton,AL,0.1206472361293829
triadelphiawv,triadelphiaar,triadelphia,WV,AR,81.81818181818183,triadelphia,PA,0.0259794308996445
delislpms,delislpwv,delislp,MS,WV,85.71428571428571,delislp,PA,0.0259794308996445
brookfieldmil,brookfieldil,brookfield,MIL,IL,100.0,brookfield,MA,0.2825725299171717
chelseama,chelseama,chelsea,MA,MA,100.0,chelsea,VT,0.2893460038874758
reddellla,reddellme,reddell,LA,ME,100.0,reddell,PA,0.0259794308996445
theodhsiamo,theodhsiail,theodhsia,MO,IL,66.66666666666666,theodhsia,PA,0.0259794308996445
elmava,elmawa,elma,VA,WA,100.0,elma,AL,0.2005011329250158
marmarthnd,marmarthde,marmarth,ND,DE,90.5,marmarth,PA,0.0259794308996445
blaineky,blainemn,blaine,KY,MN,100.0,blaine,ID,0.2775323540956932
woodycreekco,woodycreekwa,wood ycreek,CO,WA,90.9090909090909,wood ycreek,WV,0.2388651020011725
nweberryin,nweberryfl,nweberry,IN,FL,100.0,nweberry,PA,0.0259794308996445
andoveril,andoverfl,andover,IL,FL,100.0,andover,MA,0.2346063476734882
holmesvillene,holmesvillewi,holmesville,NE,WI,83.33333333333334,holmesville,PA,0.0259794308996445
shorthillsn,shorthillsnj,short hills,N,NJ,100.0,short hills,NJ,0.1830411387606875
yorkaz,yorkal,york,AZ,AL,100.0,york,ME,0.4320845470701359
bedfordia,bedfordia,bedford,IA,IA,100.0,bedford,MA,0.1670259574611781
garderela,garderela,gardere,LA,LA,100.0,gardere,LA,0.0601926739649647
mcarthuroh,mcarthuroh,mcarthur,OH,OH,100.0,mcarthur,OH,0.0373012794621199
adamstownmd,adamstownmd,adamstown,MD,MD,100.0,adamstown,MD,0.116613356930731
daltonmn,daltonga,dalton,MN,GA,100.0,dalton,ID,0.672075807860825
arriettami,arriettaga,arrietta,MI,GA,100.0,arrietta,PA,0.0259794308996445
ridgwayil,ridgwaypa,ridgway,IL,PA,100.0,ridgway,PA,0.0673338380874489
westmelbournefl,westmelbournefl,west melbourne,FL,FL,100.0,west melbourne,FL,0.3372857114708111
lakeciytx,lakeciyar,lake ciy,TX,AR,88.88888888888889,lake ciy,MI,0.1040757684873785
mountainnd,mountainco,mountain,ND,CO,87.5,mountain,UT,0.1611545301094157
helloggidu,helloggid,hellogg,IDU,ID,85.71428571428571,hellogg,PA,0.0259794308996445
waynesvilleil,waynesvilleil,waynesville,IL,IL,90.5,waynesville,NC,0.1070169045421484
davenportfl,davenportfl,davenport,FL,FL,100.0,davenport,IA,0.0975289516609793
bedfordwy,bedfordin,bedford,WY,IN,100.0,bedford,MA,0.1670259574611781
westcolumbiasc,westcolumbiasc,west columbia,SC,SC,100.0,west columbia,OR,0.1547059258212702
woodvilleoh,woodvilleoh,woodville,OH,OH,100.0,woodville,NH,0.0947816299058657
wasillaak,wasillaak,wasilla,AK,AK,100.0,wasilla,AK,0.2453854755188998
sandypointtx,sandypointny,sandy point,TX,NY,90.9090909090909,sandy point,UT,0.2394974762773715
centrevillem,centrevilleal,centreville,M,AL,100.0,centreville,MD,0.0907535894765448
searanchlakesfl,searanchlakesca,sea ranch lakes,FL,CA,90.5,sea ranch lakes,NJ,0.4326465678098009
ellisgroveil,ellisgrovepa,ellisgrove,IL,PA,90.9090909090909,ellisgrove,PA,0.0259794308996445
southvalleystreamny,southvalleystreamny,south valley stream,NY,NY,100.0,south valley stream,NY,0.3965359790258866
aftonok,aftonok,afton,OK,OK,100.0,afton,WY,0.566835966578481
springfieldco,springfieldco,springfield,CO,CO,100.0,springfield,MA,0.0712706106948685
pinebushny,pinebushny,pine bush,NY,NY,100.0,pine bush,SD,0.0647843831464579
labargewy,labargeca,la barge,WY,CA,75.0,la barge,NM,0.3401270040118779
cameronsc,cameronla,cameron,SC,LA,100.0,cameron,LA,0.1815989064090108
quincyfl,quincyfl,quincy,FL,FL,100.0,quincy,MA,0.0858418495746735
springlaketx,springlaketx,springlake,TX,TX,90.5,springlake,NC,0.0421718744266612
turtonsd,turtonmi,turton,SD,MI,100.0,turton,PA,0.0259794308996445
urichmo,urichtx,urich,MO,TX,66.66666666666666,urich,IL,0.0471612715333331
lavoniaga,lavoniaga,lavonia,GA,GA,100.0,lavonia,GA,0.0743335847478249
bluehillne,bluehillct,blue hill,NE,CT,90.0,blue hill,CT,0.1223445755122818
montellomwi,montellowi,montello,MWI,WI,100.0,montello,WI,0.1470515489224615
bellok,bellca,bell,OK,CA,100.0,bell,KY,0.2318514291324435
mooredok,mooreok,moore,DOK,OK,100.0,moore,TN,0.1872319940433413
southhavenmi,southhavenmi,south haven,MI,MI,100.0,south haven,CT,0.4274739983576381
clarencecenterny,clarencecenterny,clarence center,NY,NY,100.0,clarence center,CT,0.1562059272381056
amlamo,amlaal,amla,MO,AL,80.0,amla,PA,0.0259794308996445
wikieupaz,wikieupmd,wikieup,AZ,MD,80.0,wikieup,PA,0.0259794308996445
theresawi,theresawi,theresa,WI,WI,100.0,theresa,WI,0.0452684678024591
harlingentx,harlingentx,harlingen,TX,TX,100.0,harlingen,TX,0.0311476746087125
lakevillagein,lakevillagear,lake village,IN,AR,100.0,lake village,CT,0.2523026514190484
chickasawla,chickasawal,chickasaw,LA,AL,100.0,chickasaw,MS,0.3247912191109088
smyrnasc,smyrnade,smyrna,SC,DE,100.0,smyrna,DE,0.2775656923460738
bedfordwy,bedfordin,bedford,WY,IN,100.0,bedford,MA,0.1670259574611781
thorntonar,thorntonca,thornton,AR,CA,100.0,thornton,NH,0.2467543575302996
mountpleasantoi,mountpleasantia,mount pleasant,OI,IA,100.0,mount pleasant,UT,0.2146927881599997
couisnsislandme,couisnsislandms,couisns island,ME,MS,85.71428571428571,couisns island,SC,0.2383728095769824
anawaltwv,anawaltil,anawalt,WV,IL,90.5,anawalt,PA,0.0259794308996445
fontana-on-genevalakewi,fontana-on-genevalakewi,fontana-on-geneva lake,WI,WI,90.5,fontana-on-geneva lake,WI,0.2971604496494609
radfordva,radfordva,radford,VA,VA,100.0,radford,VA,0.164960250064053
almiraea,almirany,almira,EA,NY,83.33333333333334,almira,PA,0.0259794308996445
dawsonmn,dawsonmn,dawson,MN,MN,100.0,dawson,MT,0.2882365460073698
mbntrealmo,mbntrealca,mbntreal,MO,CA,71.42857142857143,mbntreal,PA,0.0259794308996445
connertonfl,connertonfl,connerton,FL,FL,100.0,connerton,FL,0.044689781507147
chiltontx,chiltonwi,chilton,TX,WI,100.0,chilton,AL,0.2308772039656038
anokae,anokamn,anoka,E,MN,100.0,anoka,MN,0.3471817023775345
leaguecitytx,leaguecitytx,league city,TX,TX,100.0,league city,VA,0.1009982699831999
sanpasqualca,sanpasqualca,san pasqual,CA,CA,100.0,san pasqual,CA,0.4826950888231456
mudbayak,mudbayok,mud bay,AK,OK,75.0,mud bay,AK,0.082583379714611
raynd,rayco,ray,ND,CO,75.0,ray,MO,0.1571297075218895
renfrowko,renfrownv,renfrow,KO,NV,75.0,renfrow,PA,0.0259794308996445
daykinne,daykinal,daykin,NE,AL,66.66666666666666,daykin,PA,0.0259794308996445
hasettmi,hasetttx,hasett,MI,TX,100.0,hasett,MI,0.0422036710995163
kickapoosite7ks,kickapoosite7ak,kickapoo site7,KS,AK,80.0,kickapoo site7,PA,0.0259794308996445
northhurleynm,northhurleyms,north hurley,NM,MS,85.71428571428571,north hurley,NY,0.1230501252742467
greenbackvilleva,greenbackvilleoh,greenbackville,VA,OH,90.5,greenbackville,PA,0.0259794308996445
oriskanyfallsny,oriskanyfallsny,oriskany falls,NY,NY,90.5,oriskany falls,RI,0.0924454606468458
senecas,senecail,seneca,S,IL,100.0,seneca,NY,0.2509683859727668
maesonwa,maesonwa,maeson,WA,WA,83.33333333333334,maeson,PA,0.0259794308996445
lincolncenterks,lincolncenterks,lincoln center,KS,KS,90.5,lincoln center,VT,0.1533218826502215
norvhmanchesterin,norvhmanchesterin,norvh manchester,IN,IN,93.75,norvh manchester,VT,0.0745061149733583
emmonakak,emmonakca,emmonak,AK,CA,83.33333333333334,emmonak,PA,0.0259794308996445
mackeyin,mackeyoh,mackey,IN,OH,90.5,mackey,PA,0.0259794308996445
arnchosdetaosnm,arnchosdetaosnm,arnchos de taos,NM,NM,93.33333333333331,arnchos de taos,NM,0.9088017467845614
kirkco,kirkal,kirk,CO,AL,75.0,kirk,PA,0.0259794308996445
frazeysburgoh,frazeysburgoh,frazeysburg,OH,OH,100.0,frazeysburg,OH,0.0373012794621199
bigcreekv,bigcreekca,big creek,V,CA,77.77777777777779,big creek,AK,0.5474296424942693
clinttx,clinttx,clint,TX,TX,100.0,clint,MI,0.0411488191142115
cameronparktx,cameronparktx,cameron park,TX,TX,100.0,cameron park,TX,0.1251443236729666
portlandco,portlandct,portland,CO,CT,100.0,portland,ME,0.3517075140164565
moundsok,moundsok,mounds,OK,OK,100.0,mounds,OK,0.0607032872786637
regalmn,regalca,regal,MN,CA,75.0,regal,PA,0.0259794308996445
cherokeeal,cherokeeal,cherokee,AL,AL,100.0,cherokee,OK,0.1314940566137667
boyntonok,boyntonva,boynton,OK,VA,100.0,boynton,FL,0.0725983419618714
milfordcityct,milfordcityct,milford city,CT,CT,90.5,milford city,CT,0.1366985369443171
bellwoodil,bellwoodil,bellwood,IL,IL,100.0,bellwood,VA,0.0697473668528976
madsionsd,madsionsd,madsion,SD,SD,85.71428571428571,madsion,PA,0.0259794308996445
elmcreektx,elmcreektx,elm creek,TX,TX,100.0,elm creek,WI,0.2087926431662511
pleasantprairiewi,pleasantprairiewi,pleasant prairie,WI,WI,100.0,pleasant prairie,WI,0.2277314669490956
corder,cordersc,corder,,SC,83.33333333333334,corder,PA,0.0259794308996445
johnsonvilleil,johnsonvilleil,johnsonville,IL,IL,91.66666666666666,johnsonville,TN,0.3232193495982744
awianaei,awianaehi,awianae,I,HI,85.71428571428571,awianae,PA,0.0259794308996445
ednaks,ednatx,edna,KS,TX,100.0,edna,TX,0.0406938805053028
yornwallpa,yornwallak,yornwall,PA,AK,90.5,yornwall,PA,0.0259794308996445
caledoniams,caledoniams,caledonia,MS,MS,100.0,caledonia,VT,0.7555889712368952
linngroveia,linngrovems,linn grove,IA,MS,90.5,linn grove,OR,0.5187773570678378
baldknobar,baldknobar,bald knob,AR,AR,100.0,bald knob,AR,0.5715239251967156
ingallsin,ingallsin,ingalls,IN,IN,100.0,ingalls,IN,0.0465081055245254
wallsms,wallsms,walls,MS,MS,100.0,walls,MS,0.062024735763326
hollandmo,hollandme,holland,MO,ME,100.0,holland,IL,0.0632066986942924
albinwy,albinil,albin,WY,IL,83.33333333333334,albin,IN,0.1083260681097597
wadehamptonsc,wadehamptonsc,wade hampton,SC,SC,100.0,wade hampton,SC,0.5810086006396865
mehlvillemo,mehlvillemo,mehlville,MO,MO,100.0,mehlville,MO,0.0412682841143835
valeor,valeor,vale,OR,OR,100.0,vale,NJ,0.2166727264527351
studybuttetx,studybutteco,study butte,TX,CO,69.23076923076923,study butte,SD,0.4225037138151479
collegeak,collegeak,college,AK,AK,100.0,college,WY,0.1465956973837401
redoaknc,redoaknc,red oak,NC,NC,100.0,red oak,MN,0.1868225952250952
witdomarca,witdomarca,witdomar,CA,CA,87.5,witdomar,PA,0.0259794308996445
mortonms,mortonms,morton,MS,MS,100.0,morton,ND,0.2967594473840308
pachutams,pachutafl,pachuta,MS,FL,75.0,pachuta,PA,0.0259794308996445
msithville-sandersin,msithville-sandersin,msithville-sanders,IN,IN,94.44444444444444,msithville-sanders,MT,0.5904968524785843
vallevistaca,vallevistaca,valle vista,CA,CA,100.0,valle vista,AZ,0.5146477134829304
northbendoh,northbendne,north bend,OH,NE,100.0,north bend,OR,0.1750489314145157
manisteemi,manisteemi,manistee,MI,MI,100.0,manistee,MI,0.2664268261368195
hatislandwa,hatislandtx,hat island,WA,TX,83.33333333333334,hat island,SC,0.1026044415893853
claytonwa,claytonal,clayton,WA,AL,100.0,clayton,DE,0.1633165236468542
upperlakeca,upperlakeca,upper lake,CA,CA,100.0,upper lake,NJ,0.2366879482215117
malinor,malinny,malin,OR,NY,83.33333333333334,malin,TX,0.0311476746087125
ewingky,ewingnj,ewing,KY,NJ,100.0,ewing,NJ,0.0424313089922792
parkcityil,parkcityil,park city,IL,IL,100.0,park city,FL,0.1409689249771775
ozonatx,ozonatx,ozona,TX,TX,100.0,ozona,TX,0.0311476746087125
bolckowm,bolckowca,bolckow,M,CA,66.66666666666666,bolckow,PA,0.0259794308996445
justiceil,justiceil,justice,IL,IL,100.0,justice,OK,0.0623835338694811
ballouok,balloula,ballou,OK,LA,90.5,ballou,PA,0.0259794308996445
kiefnd,kiefia,kief,ND,IA,75.0,kief,PA,0.0259794308996445
ak-chinvillageaz,ak-chinvillageca,ak-chin village,AZ,CA,73.33333333333333,ak-chin village,TN,0.0651625108544683
southtempelpa,southtempelpa,south tempel,PA,PA,91.66666666666666,south tempel,WY,0.1471634252404104
clarkpa,clarknj,clark,PA,NJ,100.0,clark,NV,0.3336996493749153
lakesecessionsc,lakesecessionsc,lake secession,SC,SC,100.0,lake secession,SC,0.2981312067777634
miltonnn,miltonde,milton,NN,DE,100.0,milton,DE,0.2533619792303451
parkcityut,parkcityut,park city,UT,UT,100.0,park city,FL,0.1409689249771775
newkingman-butleraz,newkingman-butleraz,new kingman-butler,AZ,AZ,100.0,new kingman-butler,AZ,0.611138533055236
irklandil,irklandil,irkland,IL,IL,87.5,irkland,IL,0.0495081487017117
imamitx,imamitx,imami,TX,TX,100.0,imami,PA,0.0259794308996445
alcaldefnm,alcaldeaz,alcalde,FNM,AZ,83.33333333333334,alcalde,PA,0.0259794308996445
st.lucasia,st.lucasmo,st. lucas,IA,MO,77.77777777777779,st. lucas,VT,0.326895785090371
masoncityil,masoncityil,mason city,IL,IL,100.0,mason city,IA,0.1634345898120363
pineriverwi,pineriveraz,pine river,WI,AZ,90.5,pine river,SD,0.2765755235294803
rowlesburgwv,rowlesburgma,rowlesburg,WV,MA,83.33333333333334,rowlesburg,PA,0.0259794308996445
polkvillecn,polkvillect,polkville,CN,CT,88.88888888888889,polkville,PA,0.0259794308996445
melbourneia,melbournear,melbourne,IA,AR,100.0,melbourne,FL,0.2283306782083905
mountolivems,mountoliveal,mount olive,MS,AL,100.0,mount olive,KY,0.2589357619729149
jenningsmi,jenningsla,jennings,MI,LA,100.0,jennings,LA,0.1707435456775673
pinedaleaz,pinedaleaz,pinedale,AZ,AZ,90.5,pinedale,WY,0.3017530946300409
cavaliernd,cavaliernd,cavalier,ND,ND,100.0,cavalier,ND,0.6755140677447059
cumberlandgapftn,cumberlandgapfin,cumberland gapf,TN,IN,90.5,cumberland gapf,RI,0.3631479672199364
goldengrovesc,goldengrovesc,golden grove,SC,SC,100.0,golden grove,SC,0.1419930484786012
kiblerar,kibleral,kibler,AR,AL,75.0,kibler,PA,0.0259794308996445
santiagowa,santiagoga,santiago,WA,GA,83.33333333333334,santiago,PR,0.3683972016046427
orangevilleil,orangevilleut,orangeville,IL,UT,100.0,orangeville,UT,0.2563114959228773
piamaz,piamaz,piam,AZ,AZ,75.0,piam,PA,0.0259794308996445
dicoenstx,dicoenstx,dicoens,TX,TX,85.71428571428571,dicoens,PA,0.0259794308996445
roxburyks,roxburywi,roxbury,KS,WI,100.0,roxbury,WI,0.0452684678024591
kanoshuk,kanoshor,kanosh,UK,OR,80.0,kanosh,PA,0.0259794308996445
mocksvillenb,mocksvillenc,mocksville,NB,NC,100.0,mocksville,NC,0.0421718744266612
johnscreekga,johnscreekga,johns creek,GA,GA,100.0,johns creek,AZ,0.2083636686449661
pattersonca,pattersonca,patterson,CA,CA,100.0,patterson,CA,0.1100258043185441
highlandparkmi,highlandparkmi,highland park,MI,MI,100.0,highland park,NJ,0.2020885222745072
poolerga,poolerga,pooler,GA,GA,100.0,pooler,GA,0.0407416937011491
harrellsvillenc,harrellsvillega,harrellsville,NC,GA,92.3076923076923,harrellsville,PA,0.0259794308996445
ineztx,ineztx,inez,TX,TX,100.0,inez,KY,0.0462126113251383
springdalear,springdalear,springdale,AR,AR,100.0,springdale,AR,0.1570442453782008
lamarok,lamarar,lamar,OK,AR,100.0,lamar,MS,0.1780447851922909
bronxvilleyy,bronxvilleyny,bronxvilley,Y,NY,90.5,bronxvilley,PA,0.0259794308996445
oaklandca,oaklandca,oakland,CA,CA,100.0,oakland,IN,0.1323011051215017
fawngovepa,fawngovemo,fawn gove,PA,MO,70.0,fawn gove,KS,0.353191470564608
eastonil,eastonca,easton,IL,CA,100.0,easton,CT,0.2456979035933568
vailndaca,vailndaaz,vailnda,CA,AZ,90.5,vailnda,PA,0.0259794308996445
whittenia,whittenfl,whitten,IA,FL,83.33333333333334,whitten,PA,0.0259794308996445
chatmossva,chatmossva,chatmoss,VA,VA,100.0,chatmoss,VA,0.0405997135808639
morrisonil,morrisonil,morrison,IL,IL,100.0,morrison,MN,0.2999022753396083
tellicovillagetn,tellicovillagetn,tellico village,TN,TN,100.0,tellico village,TN,0.2306390389755643
dyewms,dyewms,dyew,MS,MS,75.0,dyew,PA,0.0259794308996445
millvillagep,millvillageny,mill village,P,NY,85.71428571428571,mill village,CT,0.2784592898334533
blackriverfallswi,blackriverfallswi,black river falls,WI,WI,100.0,black river falls,WI,0.5278455803637441
bridgermt,bridgertx,bridger,MT,TX,80.0,bridger,PA,0.0259794308996445
algonaia,algonaia,algona,IA,IA,100.0,algona,WA,0.0911710866549199
luism.cintronpr,luism.cintronpr,luis m. cintron,PR,PR,100.0,luis m. cintron,PR,0.7014496126159667
soperok,soperar,soper,OK,AR,75.0,soper,PA,0.0259794308996445
riberanm,riberaks,ribera,NM,KS,85.71428571428571,ribera,PA,0.0259794308996445
rohrsburgpa,rohrsburgil,rohrsburg,PA,IL,88.88888888888889,rohrsburg,PA,0.0259794308996445
magnoliazs,magnoliaar,magnolia,ZS,AR,100.0,magnolia,MS,0.128169043004603
nemahaia,nemahama,nemaha,IA,MA,85.71428571428571,nemaha,NE,0.2639558070536276
meadowviewestatesky,meadowviewestatesco,meadowview estates,KY,CO,90.5,meadowview estates,HI,0.5217791187484723
horntownok,horntownin,horntown,OK,IN,88.88888888888889,horntown,IN,0.0477571380942961
ingramwi,ingrampa,ingram,WI,PA,100.0,ingram,TX,0.0507931066603304
laddoniamo,laddoniaar,laddonia,MO,AR,90.5,laddonia,PA,0.0259794308996445
pattersonspringsnc,pattersonspringsca,patterson springs,NC,CA,90.5,patterson springs,CA,0.1243150409634642
howetx,howetx,howe,TX,TX,100.0,howe,TX,0.0406938805053028
shidlerok,shidlerma,shidler,OK,MA,75.0,shidler,PA,0.0259794308996445
templepa,templepa,temple,PA,PA,100.0,temple,MD,0.1593497759025926
sonomaca,sonomaca,sonoma,CA,CA,100.0,sonoma,CA,0.2006628963264825
rosmannc,rosmannc,rosman,NC,NC,83.33333333333334,rosman,PA,0.0259794308996445
granadaco,granadams,granada,CO,MS,100.0,granada,CA,0.0493861735968753
reydonok,reydonny,reydon,OK,NY,83.33333333333334,reydon,PA,0.0259794308996445
hastingsok,hastingsmi,hastings,OK,MI,100.0,hastings,NE,0.0605522732715647
niceca,niceca,nice,CA,CA,100.0,nice,CA,0.031879825005699
chapinia,chapinsc,chapin,IA,SC,100.0,chapin,SC,0.0681182114097765
cedarrapidsia,cedarrapidsia,cedar rapids,IA,IA,100.0,cedar rapids,IA,0.5326606070160654
templega,templega,temple,GA,GA,100.0,temple,MD,0.1593497759025926
christianatn,christianatn,christiana,TN,TN,100.0,christiana,TN,0.0485244671937878
canonsburgpa,canonsburgpa,canonsburg,PA,PA,100.0,canonsburg,PA,0.0496484388263135
hoodca,hoodtx,hood,CA,TX,80.0,hood,OR,0.8963489766548407
ciboloxt,cibolotx,cibolo,XT,TX,100.0,cibolo,TX,0.0311476746087125
kimberlywi,kimberlywi,kimberly,WI,WI,100.0,kimberly,AL,0.1553062845195045
wallaceca,wallacefl,wallace,CA,FL,100.0,wallace,KS,0.4315833704040244
locustgrovega,locustgrovega,locust grove,GA,GA,100.0,locust grove,OK,0.1917398167958691
dixhillsyz,dixhillsny,dix hills,YZ,NY,100.0,dix hills,NY,0.1636981668698477
redrivernm,redriveraz,red river,NM,AZ,88.88888888888889,red river,LA,0.123627601270667
winchestero,winchesterca,winchester,O,CA,100.0,winchester,NV,0.2177453557815719
luxoraar,luxoraar,luxora,AR,AR,100.0,luxora,AR,0.0619033784071979
st.jotx,st.jofl,st. jo,TX,FL,66.66666666666666,st. jo,VT,0.3320299085550884
watkinsia,watkinstx,watkins,IA,TX,85.71428571428571,watkins,NY,0.0735959511257598
jenisonmi,jenisonmi,jenison,MI,MI,100.0,jenison,MI,0.0774140561277963
exelandwi,exelandmi,exeland,WI,MI,85.71428571428571,exeland,PA,0.0259794308996445
garfieldks,garfieldnj,garfield,KS,NJ,100.0,garfield,UT,0.239060453201214
dewittil,dewittar,de witt,IL,AR,100.0,de witt,IL,0.1936275659532267
pinehavenwy,pinehavenaz,pine haven,WY,AZ,90.5,pine haven,NJ,0.2086285959464483
livnoiala,livnoiala,livnoia,LA,LA,85.71428571428571,livnoia,PA,0.0259794308996445
winderga,winderga,winder,GA,GA,100.0,winder,GA,0.0401418663027391
gracetonpa,gracetonga,graceton,PA,GA,75.0,graceton,PA,0.0259794308996445
dolandusd,dolanduca,dolandu,SD,CA,83.33333333333334,dolandu,PA,0.0259794308996445
mathistonms,mathistontx,mathiston,MS,TX,90.5,mathiston,PA,0.0259794308996445
cntertonar,cntertonar,cnterton,AR,AR,88.88888888888889,cnterton,AR,0.0619033784071979
citrusspringsfl,citrusspringsfl,citrus springs,FL,FL,100.0,citrus springs,FL,0.5219427451602691
ollieya,ollieal,ollie,YA,AL,83.33333333333334,ollie,PA,0.0259794308996445
geotysburgsd,geotysburgsd,geotysburg,SD,SD,90.0,geotysburg,PA,0.0259794308996445
dunnellmn,dunnellme,dunnell,MN,ME,100.0,dunnell,PA,0.0259794308996445
weierdi,weierid,weier,DI,ID,83.33333333333334,weier,PA,0.0259794308996445
laselvabeachca,laselvabeachca,la selva beach,CA,CA,100.0,la selva beach,CA,0.3027555362927171
tahokatx,tahokatx,tahoka,TX,TX,100.0,tahoka,TX,0.0311476746087125
duncanaz,duncanok,duncan,AZ,OK,100.0,duncan,SC,0.2657262832238631
shamrockok,shamrocktx,shamrock,OK,TX,100.0,shamrock,WV,0.4147146451950329
tharptownpa,tharptownwi,tharptown,PA,WI,80.0,tharptown,PA,0.0259794308996445
kronnewetterwi,kronnewetterwi,kronnewetter,WI,WI,100.0,kronnewetter,PA,0.0259794308996445
defiancemo,defianceoh,defiance,MO,OH,100.0,defiance,AZ,0.4237820956539382
summitsh,summitaz,summit,SH,AZ,100.0,summit,UT,0.5736817973295341
rugbynd,rugbynd,rugby,ND,ND,100.0,rugby,ND,0.3889278464317063
mooresvillemo,mooresvillein,mooresville,MO,IN,100.0,mooresville,NC,0.0713899515153141
cliftonmaz,cliftonaz,clifton,MAZ,AZ,100.0,clifton,VA,0.1271282366934766
weippeiw,weippenh,weippe,IW,NH,71.42857142857143,weippe,PA,0.0259794308996445
falconheightstx,falconheightsmn,falcon heights,TX,MN,100.0,falcon heights,MN,0.3219319636638563
riogaktx,riogakwi,riogak,TX,WI,90.5,riogak,PA,0.0259794308996445
detmoldmd,detmoldoh,detmold,MD,OH,75.0,detmold,PA,0.0259794308996445
pocahontasia,pocahontasia,pocahontas,IA,IA,100.0,pocahontas,WV,0.3088185457163045
cundiyonm,cundiyoca,cundiyo,NM,CA,66.66666666666666,cundiyo,PA,0.0259794308996445
ellstonia,ellstonmo,ellston,IA,MO,87.5,ellston,PA,0.0259794308996445
cpecharlesva,cpecharlesva,cpe charles,VA,VA,91.66666666666666,cpe charles,MD,0.1110501274797085
ackleyia,ackleyia,ackley,IA,IA,100.0,ackley,IA,0.0484328843218749
lyttonia,lyttonut,lytton,IA,UT,100.0,lytton,PA,0.0259794308996445
kalispellmt,kalispellmt,kalispell,MT,MT,100.0,kalispell,MT,0.456553734505727
westhammondnm,westhammondnm,west hammond,NM,NM,100.0,west hammond,NM,0.3115641678911486
jewtttx,jewtttx,jewtt,TX,TX,83.33333333333334,jewtt,CT,0.0923736373160687
mulvanelks,mulvaneks,mulvane,LKS,KS,100.0,mulvane,KS,0.1356344638509416
kaufmantx,kaufmantx,kaufman,TX,TX,100.0,kaufman,TX,0.1155336336406168
bridgecitytx,bridgecitytx,bridge city,TX,TX,100.0,bridge city,NJ,0.2050414259611669
lenkervillepa,lenkervillenv,lenkerville,PA,NV,90.9090909090909,lenkerville,PA,0.0259794308996445
yeringtonnv,yeringtonnv,yerington,NV,NV,100.0,yerington,NV,0.2869363940874514
chitenangony,chitenangony,chitenango,NY,NY,90.9090909090909,chitenango,PA,0.0259794308996445
heritagehillsny,heritagehillsny,heritage hills,NY,NY,100.0,heritage hills,KY,0.267784079727903
southdennisma,southdennisma,south dennis,MA,MA,100.0,south dennis,MA,0.8028011446580828
elmontny,elmontny,elmont,NY,NY,100.0,elmont,MS,0.1052746907470464
irondaeal,irondaeal,irondae,AL,AL,87.5,irondae,AL,0.0535908604055508
lewistownm,lewistownil,lewistown,M,IL,100.0,lewistown,MT,0.3895272412702015
st.leofl,st.leofl,st. leo,FL,FL,66.66666666666666,st. leo,VT,0.2803899463614473
livoniain,livoniaga,livonia,IN,GA,100.0,livonia,NY,0.0562679310214129
wewcomelax,wewcomenc,wewcome,LAX,NC,85.71428571428571,wewcome,PA,0.0259794308996445
bellamyal,bellamyca,bellamy,AL,CA,90.5,bellamy,PA,0.0259794308996445
vaughnsvilleoh,vaughnsvillemd,vaughnsville,OH,MD,83.33333333333334,vaughnsville,PA,0.0259794308996445
covingtonk,covingtonga,covington,K,GA,100.0,covington,MS,0.1457765751529072
pajaroca,pajaroca,pajaro,CA,CA,100.0,pajaro,CA,0.031879825005699
shanikoor,shanikodc,shaniko,OR,DC,75.0,shaniko,PA,0.0259794308996445
brahammn,brahammn,braham,MN,MN,100.0,braham,MN,0.0441160464595694
shaerlakeca,shaerlakemn,shaer lake,CA,MN,83.33333333333334,shaer lake,WI,0.2212458142848364
wataugatx,wataugatx,watauga,TX,TX,100.0,watauga,NC,0.2742264375483305
uniondaleny,uniondaleny,uniondale,NY,NY,100.0,uniondale,NY,0.0330720197492479
amherstdalewv,amherstdalema,amherstdale,WV,MA,90.5,amherstdale,PA,0.0259794308996445
casscitymi,casscitymi,cass city,MI,MI,100.0,cass city,NE,0.1481680035989582
simthfieldnc,simthfieldnc,simthfield,NC,NC,90.0,simthfield,PA,0.0259794308996445
perezvilletx,perezvilletx,perezville,TX,TX,100.0,perezville,TX,0.0311476746087125
mercervillejn,mercervillenj,mercerville,JN,NJ,100.0,mercerville,NJ,0.2171255754386272
hdsonlakein,hdsonlakein,hdson lake,IN,IN,90.9090909090909,hdson lake,WI,0.1838971071972576
merrickny,merrickny,merrick,NY,NY,100.0,merrick,NE,0.2071782541146994
oleyal,oleypa,oley,AL,PA,100.0,oley,OK,0.0528803327657748
taylorsislandmd,taylorsislandal,taylors island,MD,AL,90.5,taylors island,SC,0.2272026239389861
fayettevillear,fayettevillear,fayetteville,AR,AR,100.0,fayetteville,WV,0.131617033426215
camdenmo,camdenal,camden,MO,AL,100.0,camden,DE,0.4220933990355492
hallrns,hallrak,hallr,NS,AK,80.0,hallr,PA,0.0259794308996445
fairoaksva,fairoaksca,fair oaks,VA,CA,100.0,fair oaks,CA,0.190958856888026
colliervilletn,colliervilletn,collierville,TN,TN,100.0,collierville,TN,0.1840047126546584
knoxvilleia,knoxvilleia,knoxville,IA,IA,100.0,knoxville,IA,0.0926874713958073
lewisvillewa,lewisvillewa,lewisville,WA,WA,100.0,lewisville,AR,0.1191251047910641
kandiyohimn,kandiyohiak,kandiyohi,MN,AK,80.0,kandiyohi,MN,0.400927545183217
edisonga,edisonga,edison,GA,GA,100.0,edison,NJ,0.0411904239853406
rossburgoh,rossburgoh,rossburg,OH,OH,90.5,rossburg,PA,0.0259794308996445
miamimo,miamiaz,miami,MO,AZ,100.0,miami,FL,0.4373232108510115
centervillemo,centervillemo,centerville,MO,MO,100.0,centerville,UT,0.1217844580125197
sandylevelv,sandylevelor,sandy level,V,OR,90.5,sandy level,AL,0.1993514026295306
opalnva,opalnal,opaln,VA,AL,66.66666666666666,opaln,PA,0.0259794308996445
dllaswi,dllasga,dllas,WI,GA,83.33333333333334,dllas,GA,0.1102997870827329
scotlandin,scotlandpa,scotland,IN,PA,100.0,scotland,NC,0.2981251154262868
clintonpa,clintonaz,clinton,PA,AZ,100.0,clinton,MI,0.0857037027438007
shawneehillsoh,shawneehillsoh,shawnee hills,OH,OH,100.0,shawnee hills,OH,0.2131897396332279
bertramtx,bertramtx,bertram,TX,TX,100.0,bertram,TX,0.0406938805053028
lomagrandetx,lomagrandeco,loma grande,TX,CO,90.5,loma grande,PR,0.301173214819249
floavistabnm,floavistanm,floa vista,BNM,NM,90.9090909090909,floa vista,AZ,0.1328416898121722
redbmdpil,redbmdil,red bmd,PIL,IL,85.71428571428571,red bmd,NE,0.204056140007636
dallastx,dallastx,dallas,TX,TX,100.0,dallas,IA,0.3115203223751672
bosquefarmsmn,bosquefarmsnm,bosque farms,MN,NM,100.0,bosque farms,NM,0.5788143561076202
sarahannwv,sarahanntx,sarah ann,WV,TX,80.0,sarah ann,MO,0.1528666073258355
westwoodmo,westwoodca,westwood,MO,CA,100.0,westwood,KS,0.0934460867238187
fosstonnm,fosstonmn,fosston,NM,MN,100.0,fosston,MN,0.0872135515776226
newbostonil,newbostonnh,new boston,IL,NH,100.0,new boston,NH,0.3423056366805156
portalleganypa,portalleganypa,port allegany,PA,PA,100.0,port allegany,NY,0.3054079611080222
crockerwa,crockerwa,crocker,WA,WA,100.0,crocker,WA,0.0463682856348906
grossepointewoodsmi,grossepointewoodsmi,grosse pointe woods,MI,MI,100.0,grosse pointe woods,MI,0.9225410734463312
bellhillwa,bellhillca,bell hill,WA,CA,90.5,bell hill,PA,0.1264271591513119
quincymi,quincymi,quincy,MI,MI,100.0,quincy,MA,0.0858418495746735
clmibinghillia,clmibinghillco,clmibing hill,IA,CO,77.77777777777779,clmibing hill,TN,0.1349011438370663
trego-rohrersvlilestationmd,trego-rohrersvlilestationmi,trego-rohrersvlile station,MD,MI,69.23076923076923,trego-rohrersvlile station,KS,0.1631538117265148
helenams,helenams,helena,MS,MS,100.0,helena,MT,0.5860984378374763
stockbridgemi,stockbridgemi,stockbridge,MI,MI,100.0,stockbridge,MA,0.1818568222843239
prinsburgmn,prinsburgar,prinsburg,MN,AR,80.0,prinsburg,PA,0.0259794308996445
springfieldil,springfieldil,springfield,IL,IL,100.0,springfield,MA,0.0712706106948685
gardendaletx,gardendaletx,gardendale,TX,TX,100.0,gardendale,AL,0.2091741337683796
conshohockenpa,conshohockenpa,conshohocken,PA,PA,100.0,conshohocken,PA,0.113698198288698
franklingrovexsl,franklingrovega,franklin grove,XSL,GA,90.5,franklin grove,IL,0.1438031130257316
rosedaleca,rosedaleca,rosedale,CA,CA,100.0,rosedale,WA,0.0788807337826366
broaviewparkfl,broaviewparkfl,broaview park,FL,FL,92.85714285714286,broaview park,IL,0.1546517677148243
redcreekgny,redcreekga,red creek,GNY,GA,90.0,red creek,NC,0.1535448717454566
southmonroemi,southmonroemi,south monroe,MI,MI,100.0,south monroe,MI,0.1187071888632469
edeni,edenny,eden,I,NY,100.0,eden,MN,0.5256828627219307
ahzeltonid,ahzeltonca,ahzelton,ID,CA,75.0,ahzelton,PA,0.0259794308996445
beaumonttx,beaumonttx,beaumont,TX,TX,100.0,beaumont,TX,0.0401624404288279
bruinpa,bruinpa,bruin,PA,PA,66.66666666666666,bruin,PA,0.0259794308996445
summitlakewi,summitlakeaz,summit lake,WI,AZ,90.5,summit lake,UT,0.2390468711368254
grandwoodparkil,grandwoodparkil,grandwood park,IL,IL,100.0,grandwood park,IL,0.2183451431902082
odemtx,odemtx,odem,TX,TX,100.0,odem,TX,0.0406938805053028
miamilakesfl,miamilakesfl,miami lakes,FL,FL,100.0,miami lakes,FL,0.6116419879244229
lincolnuniversitypa,lincolnuniversitypa,lincoln university,PA,PA,90.5,lincoln university,NM,0.2534670707081133
lofallwa,lofallwa,lofall,WA,WA,100.0,lofall,WA,0.0974155803818248
davistonal,davistonca,daviston,AL,CA,90.5,daviston,PA,0.0259794308996445
lacenterky,lacenterky,la center,KY,KY,100.0,la center,KS,0.250874620091119
lakewoopca,lakewoopca,lakewoop,CA,CA,87.5,lakewoop,TN,0.0493296923879667
souhtemplepa,souhtemplepa,souh temple,PA,PA,91.66666666666666,souh temple,MD,0.0971346127696663
northfortmyersfl,northfortmyersfl,north fort myers,FL,FL,100.0,north fort myers,FL,0.591617445817762
twinsburgheightsoh,twinsburgheightsoh,twinsburg heights,OH,OH,90.5,twinsburg heights,OH,0.1477243335595425
mcadenvillenc,mcadenvillega,mcadenville,NC,GA,80.0,mcadenville,PA,0.0259794308996445
laflinjpa,laflinjpa,laflinj,PA,PA,90.5,laflinj,PA,0.0259794308996445
rheoosiamo,rheoosiail,rheo osia,MO,IL,77.77777777777779,rheo osia,PA,0.0259794308996445
mockingbirdvalleyky,mockingbirdvalleyoh,mockingbird valley,KY,OH,75.0,mockingbird valley,NV,0.2827011123002172
starvalleyaz,starvalleyaz,star valley,AZ,AZ,100.0,star valley,DE,0.4543235065149948
knigstonmn,knigstonil,knigston,MN,IL,87.5,knigston,PA,0.0259794308996445
chestersc,chestersc,chester,SC,SC,100.0,chester,PA,0.1428052403286012
vanedrvoortar,vanedrvoorttx,vanedrvoort,AR,TX,90.5,vanedrvoort,PA,0.0259794308996445
ikngstonmn,ikngstonil,ikngston,MN,IL,87.5,ikngston,PA,0.0259794308996445
st.maryspointmno,st.maryspointga,st. marys point,MNO,GA,90.5,st. marys point,GA,0.2885011127960272
rutledgepa,rutledgetn,rutledge,PA,TN,100.0,rutledge,TN,0.1077091210331116
crossmounatintx,crossmounatintx,cross mounatin,TX,TX,92.85714285714286,cross mounatin,WV,0.2108507928922598
wintervillenc,wintervillenc,winterville,NC,NC,100.0,winterville,GA,0.0695914582783092
cubaal,cubail,cuba,AL,IL,100.0,cuba,WI,0.2386183552143507
mathistonmh,mathistontx,mathiston,MH,TX,90.5,mathiston,PA,0.0259794308996445
neoshowi,neoshomo,neosho,WI,MO,100.0,neosho,KS,0.1661418875691561
landrumsc,landrumsc,landrum,SC,SC,100.0,landrum,SC,0.1730187382917092
grayhawkmo,grayhawkga,grayhawk,MO,GA,90.5,grayhawk,PA,0.0259794308996445
cialepr,cialepr,ciale,PR,PR,83.33333333333334,ciale,PR,0.0773880032644101
onalaskawa,onalaskatx,onalaska,WA,TX,100.0,onalaska,WI,0.0440867062614646
shilohal,shilohil,shiloh,AL,IL,100.0,shiloh,OH,0.0541648995929519
evansmillsny,evansmillsco,evans mills,NY,CO,90.5,evans mills,GA,0.2228301320913492
chelyanwv,chelyanal,chelyan,WV,AL,71.42857142857143,chelyan,PA,0.0259794308996445
gilmaniw,gilmanil,gilman,IW,IL,100.0,gilman,IL,0.0349335350713326
hearnetx,hearnetx,hearne,TX,TX,100.0,hearne,TX,0.0406938805053028
middleportupa,middleportny,middleport,UPA,NY,100.0,middleport,OH,0.0367987679997563
fairfieldtn,fairfieldal,fairfield,TN,AL,100.0,fairfield,CT,0.3575966392233551
marinaeca,marinaca,marina,ECA,CA,100.0,marina,FL,0.1033429592975894
panguitchut,panguitchut,panguitch,UT,UT,100.0,panguitch,UT,0.0908805866970823
watsonla,watsonla,watson,LA,LA,100.0,watson,LA,0.0601926739649647
fennvillemi,fennvillemi,fennville,MI,MI,100.0,fennville,MI,0.0422036710995163
lamirhdaca,lamirhdaca,la mirhda,CA,CA,88.88888888888889,la mirhda,NM,0.3401270040118779
valentinene,valentinene,valentine,NE,NE,100.0,valentine,NE,0.3415925622986187
wakarusaks,wakarusain,wakarusa,KS,IN,100.0,wakarusa,IN,0.0477571380942961
ettrickqwi,ettrickva,ettrick,QWI,VA,100.0,ettrick,VA,0.0405997135808639
avonbc,avonco,avon,BC,CO,100.0,avon,OH,0.1377380178400975
radcliffeia,radcliffeky,radcliffe,IA,KY,90.5,radcliffe,PA,0.0259794308996445
westbuechelky,westbuechelky,west buechel,KY,KY,100.0,west buechel,KY,0.3128003169109135
cadontiw,cadontwi,cadont,IW,WI,83.33333333333334,cadont,PA,0.0259794308996445
ripleyil,ripleyms,ripley,IL,MS,100.0,ripley,IN,0.162726876491421
bainbridgepa,bainbridgepa,bainbridge,PA,PA,100.0,bainbridge,WA,0.1619840379933852
ellwoodcitypa,ellwoodcitypa,ellwood city,PA,PA,100.0,ellwood city,VA,0.1692543768412547
miltonla,miltonla,milton,LA,LA,100.0,milton,DE,0.2533619792303451
bryantownmd,bryantownar,bryantown,MD,AR,90.5,bryantown,PA,0.0259794308996445
californiahotspringsca,californiahotspringsmd,california hot springs,CA,MD,90.5,california hot springs,WY,0.287920670419078
kronenwetterwiq,kronenwetterwi,kronenwetter,WIQ,WI,100.0,kronenwetter,WI,0.0857032947806869
frankfortsd,frankfortil,frankfort,SD,IL,100.0,frankfort,IL,0.167873354770335
rockwellar,rockwellar,rockwell,AR,AR,100.0,rockwell,IA,0.2787553381470107
palisadestx,palisadesco,palisades,TX,CO,90.5,palisades,NJ,0.0617829864846242
bellarookoh,bellarookca,bellarook,OH,CA,90.5,bellarook,PA,0.0259794308996445
colonialparkpa,colonialparkpa,colonial park,PA,PA,100.0,colonial park,VA,0.264685636485646
litchfieldca,litchfieldct,litchfield,CA,CT,100.0,litchfield,CT,0.435307313315922
newyorkmillsyn,newyorkmillsmn,new york mills,YN,MN,100.0,new york mills,NY,0.2564254873136096
strausstownpa,strausstownky,strausstown,PA,KY,85.71428571428571,strausstown,PA,0.0259794308996445
russiaoh,russiams,russia,OH,MS,83.33333333333334,russia,PA,0.0441821669769889
lakekoshkonongwi,lakekoshkonongwi,lake koshkonong,WI,WI,100.0,lake koshkonong,WI,0.2643086132826419
atwoodks,atwoodks,atwood,KS,KS,100.0,atwood,KS,0.0529112233726889
topazsca,topazla,topaz,SCA,LA,75.0,topaz,NV,0.8990187441672207
mareniscomi,mareniscoaz,marenisco,MI,AZ,80.0,marenisco,PA,0.0259794308996445
bloomingdaletn,bloomingdaletn,bloomingdale,TN,TN,100.0,bloomingdale,DC,0.8944915551509177
sanpatrickotx,sanpatrickotx,san patricko,TX,TX,72.72727272727273,san patricko,CA,0.6515015480418912
lulingtx,lulingtx,luling,TX,TX,100.0,luling,LA,0.0572897732670047
lakebutlermfl,lakebutlerfl,lake butler,MFL,FL,100.0,lake butler,AZ,0.1251383042249976
commercega,commercega,commerce,GA,GA,100.0,commerce,CO,0.1419276932196787
gililammo,gililamca,gililam,MO,CA,85.71428571428571,gililam,PA,0.0259794308996445
mlerosema,mlerosema,mlerose,MA,MA,100.0,mlerose,PA,0.0259794308996445
lockportheightsla,lockportheightsla,lockport heights,LA,LA,100.0,lockport heights,LA,0.1955508085146122
lebanonva,lebanonva,lebanon,VA,VA,100.0,lebanon,DE,0.1816988812875838
northmankatomn,northmankatomn,north mankato,MN,MN,100.0,north mankato,MN,0.268875291466458
harisbxrgil,harisbxrgmn,harisbxrg,IL,MN,83.33333333333334,harisbxrg,PA,0.0259794308996445
orrstownpa,orrstownoh,orrstown,PA,OH,88.88888888888889,orrstown,PA,0.0259794308996445
pinelevelfl,pinelevelal,pine level,FL,AL,100.0,pine level,AL,0.3318766354294857
yorktownin,yorktownin,yorktown,IN,IN,100.0,yorktown,NY,0.1894955613324055
princetonnj,princetonnj,princeton,NJ,NJ,100.0,princeton,NJ,0.1782431559948585
rainieror,rainieror,rainier,OR,OR,100.0,rainier,MD,0.2623522300404003
vandivermo,vandiveral,vandiver,MO,AL,100.0,vandiver,AL,0.0554624517224576
genevaal,genevaal,geneva,AL,AL,100.0,geneva,AL,0.1175675964132445
valleyheadal,valleyheadal,valley head,AL,AL,90.5,valley head,NY,0.1745526903546948
ferndaelmd,ferndaelmd,ferndael,MD,MD,87.5,ferndael,PA,0.0259794308996445
cudjoekeyfl,cudjoekeyfl,cudjoe key,FL,FL,100.0,cudjoe key,FL,0.7002673746277817
southglensfallsny,southglensfallsny,south glens falls,NY,NY,100.0,south glens falls,NY,0.6184192021479628
hartfordct,hartfordct,hartford,CT,CT,100.0,hartford,CT,0.5686653066461406
garrettparkmd,garrettparkmd,garrettp ark,MD,MD,91.66666666666666,garrettp ark,NJ,0.089997312359877
elmdaleks,elmdaletx,elmdale,KS,TX,85.71428571428571,elmdale,PA,0.0259794308996445
syracuseks,syracuseks,syracuse,KS,KS,100.0,syracuse,NY,0.0737679689406948
ardentownde,ardentownca,ardentown,DE,CA,88.88888888888889,ardentown,PA,0.0259794308996445
rosevillepa,rosevilleca,roseville,PA,CA,100.0,roseville,MI,0.067175840869789
folsompa,folsompa,folsom,PA,PA,100.0,folsom,NJ,0.0730118865581629
cayceky,caycesc,cayce,KY,SC,100.0,cayce,SC,0.1730187382917092
kensingtonparkl,kensingtonparkfl,kensington park,L,FL,100.0,kensington park,MD,0.4172225193375389
pettustx,pettusmo,pettus,TX,MO,83.33333333333334,pettus,PA,0.0259794308996445
monmouthia,monmouthil,monmouth,IA,IL,100.0,monmouth,NJ,0.5739447538790412
hambergnd,hambergar,hamberg,ND,AR,85.71428571428571,hamberg,PA,0.0259794308996445
lakedallastx,lakedallastx,lake dallas,TX,TX,100.0,lake dallas,IA,0.359987966254324
fairviewok,fairviewok,fairview,OK,OK,100.0,fairview,AK,0.2343196785068705
debaryfl,debaryfl,debary,FL,FL,100.0,debary,FL,0.0299204782959883
senecavillerh,senecavilleil,senecaville,RH,IL,90.5,senecaville,PA,0.0259794308996445
northriversdeli,northriversdeil,north riversde,LI,IL,93.33333333333331,north riversde,MA,0.0819196300200933
glassboronj,glassboronj,glassboro,NJ,NJ,100.0,glassboro,NJ,0.0759671633685274
millingtonil,millingtonmi,millington,IL,MI,100.0,millington,TN,0.0964873629639168
kalamawa,kalamawa,kalama,WA,WA,100.0,kalama,WA,0.0479273400441341
chicopesks,chicopesca,chicopes,KS,CA,90.5,chicopes,PA,0.0259794308996445
lockharta,lockhartfl,lockhart,A,FL,100.0,lockhart,TX,0.0307217705043212
dentonne,dentonmd,denton,NE,MD,100.0,denton,MD,0.0966642697910262
lipantx,lipanil,lipan,TX,IL,80.0,lipan,PA,0.0259794308996445
mocksvillenc,mocksvillenc,mocksville,NC,NC,100.0,mocksville,NC,0.0421718744266612
foresthillca,foresthillca,foresthill,CA,CA,100.0,foresthill,CA,0.031879825005699
newfoldenmn,newfoldenpa,newfolden,MN,PA,77.77777777777779,newfolden,PA,0.0259794308996445
yanceyvillen,yanceyvillenc,yanceyville,N,NC,100.0,yanceyville,NC,0.0421718744266612
madisonfl,madisonfl,madison,FL,FL,100.0,madison,IN,0.0729723636142252
quintanatx,quintanaca,quintana,TX,CA,88.88888888888889,quintana,PA,0.0259794308996445
hwiteoaktx,hwiteoaktx,hwite oak,TX,TX,88.88888888888889,hwite oak,TN,0.120907916521697
kolaih,kolahi,kola,IH,HI,80.0,kola,PA,0.0259794308996445
dextermi,dextermi,dexter,MI,MI,100.0,dexter,ME,0.1205047462482128
palcoks,palcomt,palco,KS,MT,80.0,palco,PA,0.0259794308996445
chaseks,chaseal,chase,KS,AL,71.42857142857143,chase,DC,0.8457350580704662
oakhillks,oakhillfl,oak hill,KS,FL,100.0,oak hill,TN,0.2860821893033875
holidayfl,holidayfl,holiday,FL,FL,100.0,holiday,NJ,0.5012587791426159
gakonak,gakonca,gakon,AK,CA,66.66666666666666,gakon,PA,0.0259794308996445
akronmi,akronco,akron,MI,CO,100.0,akron,CO,0.1211650565764494
cherryvillenc,cherryvillenc,cherryville,NC,NC,100.0,cherryville,NC,0.0736223594251501
calhanco,calhanak,calhan,CO,AK,83.33333333333334,calhan,PA,0.0259794308996445
meadowviewestatesky,meadowviewestatesco,meadowview estates,KY,CO,90.5,meadowview estates,HI,0.5217791187484723
cnaonnm,cnaonca,cnaon,NM,CA,83.33333333333334,cnaon,PA,0.0259794308996445
shruboakny,shruboakny,shrub oak,NY,NY,100.0,shrub oak,TN,0.0599932225465494
daltongardensid,daltongardensid,dalton gardens,ID,ID,100.0,dalton gardens,ID,0.6932203042191705
oakleymi,oakleyca,oakley,MI,CA,100.0,oakley,UT,0.1888382891557088
dufweyut,dufweyma,dufwey,UT,MA,66.66666666666666,dufwey,PA,0.0259794308996445
eschbachwa,eschbachmn,eschbach,WA,MN,66.66666666666666,eschbach,PA,0.0259794308996445
eatontonga,eatontonga,eatonton,GA,GA,100.0,eatonton,GA,0.0407416937011491
uriewy,urieco,urie,WY,CO,75.0,urie,PA,0.0259794308996445
sacketsharborny,sacketsharborny,sackets harbor,NY,NY,100.0,sackets harbor,NY,0.3552530465514103
glenridgenj,glenridgenj,glen ridge,NJ,NJ,100.0,glen ridge,NJ,0.3791461122826742
wallacetonpa,wallacetonfl,wallaceton,PA,FL,90.5,wallaceton,PA,0.0259794308996445
dormontpa,dormontpa,dormont,PA,PA,100.0,dormont,PA,0.0496484388263135
nipinnawaseeca,nipinnawaseemo,nipinnawasee,CA,MO,87.5,nipinnawasee,PA,0.0259794308996445
irenamo,irenala,irena,MO,LA,80.0,irena,PA,0.0259794308996445
newburyporttma,newburyportma,newburyport,TMA,MA,100.0,newburyport,MA,0.0573726671731025
lowmooria,lowmooril,low moor,IA,IL,75.0,low moor,AZ,0.6048827515049209
fortworthtx,fortworthtx,fort worth,TX,TX,100.0,fort worth,FL,0.2404638395827762
lynxvillewi,lynxvilleal,lynxville,WI,AL,77.77777777777779,lynxville,PA,0.0259794308996445
amburgil,amburgar,amburg,IL,AR,85.71428571428571,amburg,IA,0.1017547693190662
fairfaxmmn,fairfaxmmn,fairfaxm,MN,MN,90.5,fairfaxm,PA,0.0259794308996445
coopersburgpa,coopersburgpa,coopersburg,PA,PA,100.0,coopersburg,PA,0.0496484388263135
mauldincs,mauldinsc,mauldin,CS,SC,100.0,mauldin,SC,0.1730187382917092
washtucnawa,washtucnail,washtucna,WA,IL,75.0,washtucna,PA,0.0259794308996445
durbigwv,durbigwv,durbig,WV,WV,66.66666666666666,durbig,PA,0.0259794308996445
highlandheightsoh,highlandheightsoh,highland heights,OH,OH,100.0,highland heights,OH,0.1780605780687618
southshoresd,southshoreil,south shore,SD,IL,100.0,south shore,MD,0.1780915366501479
millcreekil,millcreekwa,mill creek,IL,WA,100.0,mill creek,CO,0.1822574146381818
snowmassvillageco,snowmassvillageco,snowmass village,CO,CO,100.0,snowmass village,CO,0.5859324386334738
plumsteadvillepa,plumsteadvillepa,plumsteadville,PA,PA,100.0,plumsteadville,PA,0.0673338380874489
bourbonmo,bourbonmo,bourbon,MO,MO,100.0,bourbon,KS,0.3449588594147083
gasquetca,gasquetma,gasquet,CA,MA,66.66666666666666,gasquet,PA,0.0259794308996445
goldendalewa,goldendalewa,goldendale,WA,WA,100.0,goldendale,WA,0.0479273400441341
harriskia,harriskmn,harrisk,IA,MN,90.5,harrisk,PA,0.0259794308996445
muylintx,muylinsc,muylin,TX,SC,71.42857142857143,muylin,PA,0.0259794308996445
uticamq,uticami,utica,MQ,MI,100.0,utica,MI,0.0680708153942126
miiayla,miiayor,miiay,LA,OR,80.0,miiay,PA,0.0259794308996445
peconicny,peconicnm,peconic,NY,NM,80.0,peconic,PA,0.0259794308996445
plymouthnc,plymouthnc,plymouth,NC,NC,100.0,plymouth,MA,0.2022327381181619
canaloumo,canalouva,canalou,MO,VA,90.5,canalou,PA,0.0259794308996445
loganut,loganut,logan,UT,UT,100.0,logan,WV,0.1995148998362618
remindervilleoh,remindervilleoh,reminderville,OH,OH,100.0,reminderville,OH,0.0373012794621199
northwilkesboroncx,northwilkesboronc,north wilkesboro,NCX,NC,100.0,north wilkesboro,NC,0.0879384406544051
amherstwj,amherstma,amherst,WJ,MA,100.0,amherst,MA,0.359931838191844
normannc,normanok,norman,NC,OK,100.0,norman,MN,0.2075970202934209
fanningspringsfl,fanningspringspa,fanning springs,FL,PA,90.5,fanning springs,FL,0.11363555468657
fairfieldok,fairfieldal,fairfield,OK,AL,100.0,fairfield,CT,0.3575966392233551
fortgainesga,fortgainesga,fort gaines,GA,GA,100.0,fort gaines,TX,0.1000284784714583
gooseareeksc,gooseareeksc,goose areek,SC,SC,90.9090909090909,goose areek,SC,0.8026893267247581
crestone,crestonia,creston,E,IA,100.0,creston,IA,0.1029539885058815
st.augustineshoresl,st.augustineshoresfl,st. augustine shores,L,FL,86.36363636363636,st. augustine shores,FL,0.8247423137218823
wolverinelakemi,wolverinelakemi,wolverine lake,MI,MI,100.0,wolverine lake,MI,0.3938097402853707
wimletteil,wimletteil,wimlette,IL,IL,87.5,wimlette,PA,0.0259794308996445
oakridgenc,oakridgenc,oakr idge,NC,NC,88.88888888888889,oakr idge,FL,0.0567070630217455
piffardny,piffardct,piffard,NY,CT,71.42857142857143,piffard,PA,0.0259794308996445
williamsburgco,williamsburgfl,williamsburg,CO,FL,100.0,williamsburg,SC,0.219192673871641
pachutams,pachutafl,pachuta,MS,FL,75.0,pachuta,PA,0.0259794308996445
oxfordal,oxfordal,oxford,AL,AL,100.0,oxford,ME,0.2911732056459044
lakeprovidencela,lakeprovidencela,lake providence,LA,LA,100.0,lake providence,RI,0.4679397228530169
parkdaleor,parkdaleca,parkdale,OR,CA,88.88888888888889,parkdale,CA,0.031879825005699
griswoldia,griswoldct,griswold,IA,CT,71.42857142857143,griswold,PA,0.0259794308996445
swanquarternc,swanquarterdc,swan quarter,NC,DC,75.0,swan quarter,CA,0.0295214199985668
oysterbaycoveny,oysterbaycoveny,oyster bay cove,NY,NY,100.0,oyster bay cove,AK,0.2696542235442579
hissopal,hissopca,hissop,AL,CA,83.33333333333334,hissop,PA,0.0259794308996445
gayordmn,gayordmn,gayord,MN,MN,85.71428571428571,gayord,MN,0.0441160464595694
monroewa,monroewa,monroe,WA,WA,100.0,monroe,LA,0.1116534651863429
castlehaynenc,castlehaynenc,castle hayne,NC,NC,100.0,castle hayne,NC,0.1798802298953201
willisks,willistx,willis,KS,TX,100.0,willis,CA,0.0426441428325977
unhoncitymi,unhoncitymi,unhon city,MI,MI,90.0,unhon city,VA,0.4645090331104248
sherrillny,sherrillny,sherrill,NY,NY,100.0,sherrill,NC,0.0361151189222473
mikestx,mikesia,mikes,TX,IA,75.0,mikes,PA,0.0259794308996445
cliftonhillmo,cliftonhillaz,clifton hill,MO,AZ,90.5,clifton hill,VA,0.2056597856738898
bodegabayca,bodegabayca,bodega bay,CA,CA,100.0,bodega bay,CA,0.0899740447966712
edmondk,edmondok,edmond,K,OK,100.0,edmond,OR,0.0694903962602091
coldfootak,coldfootca,coldfoot,AK,CA,75.0,coldfoot,PA,0.0259794308996445
centrevilleova,centrevilleal,centreville,OVA,AL,100.0,centreville,MD,0.0907535894765448
lakesenecaoh,lakesenecawi,lake seneca,OH,WI,81.81818181818183,lake seneca,NY,0.2426482944903878
hamptonia,hamptonia,hampton,IA,IA,100.0,hampton,NH,0.523449377111472
lelandia,lelandfl,leland,IA,FL,100.0,leland,IL,0.1316639227896112
twinlakesmn,twinlakesca,twin lakes,MN,CA,100.0,twin lakes,NM,0.2230366641537482
soldiercreeksd,soldiercreekca,soldier creek,SD,CA,84.61538461538461,soldier creek,CO,0.1822574146381818
daytonin,daytonin,dayton,IN,IN,100.0,dayton,NV,0.1041783935080585
kenilworthnj,kenilworthnj,kenilworth,NJ,NJ,100.0,kenilworth,IL,0.0491940413246206
newauburndn,newauburnmn,new auburn,DN,MN,70.0,new auburn,NH,0.1269904592400447
moancapa,moancapa,moanca,PA,PA,83.33333333333334,moanca,PA,0.0259794308996445
fortyukonak,fortyukonco,fort yukon,AK,CO,72.72727272727273,fort yukon,CO,0.0634400584470166
pennvillpa,pennvillpa,pennvill,PA,PA,88.88888888888889,pennvill,PA,0.0361012609900843
hallny,hallak,hall,NY,AK,80.0,hall,MD,0.3233361031591485
asltpointny,asltpointga,aslt point,NY,GA,90.0,aslt point,AK,0.162804266294557
cedarhillmod,cedarhillmo,cedar hill,MOD,MO,100.0,cedar hill,OR,0.1637164008349183
zephyrovenv,zephyroveut,zephyr ove,NV,UT,60.0,zephyr ove,KS,0.1050915268856883
juddn,judfl,jud,DN,FL,50.0,jud,PA,0.0259794308996445
lakemoreoh,lakemoreoh,lakemore,OH,OH,100.0,lakemore,OH,0.0577745931942411
rudolphoh,rudolphsd,rudolph,OH,SD,80.0,rudolph,PA,0.0259794308996445
southamherstoh,southamherstoh,south amherst,OH,OH,100.0,south amherst,MA,0.5113780947699883
comforttx,comforttx,comfort,TX,TX,100.0,comfort,TX,0.0406938805053028
hillsanddalesoh,hillsanddalesnh,hills and dales,OH,NH,90.5,hills and dales,OR,0.0853413513130891
odumga,odumtx,odum,GA,TX,75.0,odum,PA,0.0259794308996445
toercitypa,toercitypa,toer city,PA,PA,90.0,toer city,VA,0.0959722408600947
mrtinsceekpa,mrtinsceeksd,mrtins ceek,PA,SD,83.33333333333334,mrtins ceek,NC,0.0392773240941805
southparkwy,southparkwy,south park,WY,WY,100.0,south park,WY,0.2291047172871236
poplar-cottoncenterca,poplar-cottoncenterca,poplar-cotton center,CA,CA,100.0,poplar-cotton center,CT,0.0978606697469757
chesterpa,chesterpa,chester,PA,PA,100.0,chester,PA,0.1428052403286012
dormontpa,dormontpa,dormont,PA,PA,100.0,dormont,PA,0.0496484388263135
saynrw,saynrks,saynr,W,KS,75.0,saynr,PA,0.0259794308996445
loevllwy,loevllwy,loevll,WY,WY,83.33333333333334,loevll,PA,0.0259794308996445
westamlinuv,westamlintx,west amlin,UV,TX,90.5,west amlin,WV,0.0695647990223719
colesbugia,colesbugca,colesbug,IA,CA,75.0,colesbug,PA,0.0259794308996445
petersburgak,petersburgak,petersburg,AK,AK,100.0,petersburg,AK,0.5271289458409624
sandlakeii,sandlakemi,sand lake,II,MI,100.0,sand lake,AK,0.5431227162119763
mccutchenvilleoh,mccutchenvilleoh,mccutchenville,OH,OH,75.0,mccutchenville,PA,0.0259794308996445
lakesarasotafl,lakesarasotafl,lake sarasota,FL,FL,100.0,lake sarasota,FL,0.7585270341466547
bentonia,bentonar,benton,IA,AR,100.0,benton,WA,0.1373908908466506
middleburgnc,middleburgfl,middleburg,NC,FL,100.0,middleburg,OH,0.1044730687109818
chelafallswa,chelafallswa,chela falls,WA,WA,83.33333333333334,chela falls,RI,0.0923319314642749
hazelparkmi,hazelparkmi,hazel park,MI,MI,100.0,hazel park,IL,0.2746540100483352
nilesmi,nilesmi,niles,MI,MI,100.0,niles,IL,0.0488510189232958
noveltymo,noveltyak,novelty,MO,AK,75.0,novelty,WA,0.3890909513777257
saukcitywi,saukcitywi,sauk city,WI,WI,100.0,sauk city,WI,0.1799245053033289
delawareparknj,delawareparkoh,delaware park,NJ,OH,90.5,delaware park,DE,0.2187028614389503
mullenne,mullenne,mullen,NE,NE,100.0,mullen,NE,0.1986854836953843
fairfaxok,fairfaxok,fairfax,OK,OK,100.0,fairfax,VA,0.3884166002366716
sandbovnin,sandbovnor,sandbovn,IN,OR,80.0,sandbovn,PA,0.0259794308996445
selmava,selmaal,selma,VA,AL,100.0,selma,AL,0.0512805762869683
acworthga,acworthga,acworth,GA,GA,100.0,acworth,GA,0.0407416937011491
germantowni,germantownil,germantown,I,IL,100.0,germantown,WI,0.1416409463482488
anthemza,anthemaz,anthem,ZA,AZ,100.0,anthem,AZ,0.0816111109390022
slasal,slasaz,slas,AL,AZ,80.0,slas,PA,0.0259794308996445
mounthermonnj,mounthermonca,mount hermon,NJ,CA,100.0,mount hermon,VA,0.1619158440593257
bucklandoh,bucklandma,buckland,OH,MA,100.0,buckland,MA,0.1188553159556319
edenut,edenny,eden,UT,NY,100.0,eden,MN,0.5256828627219307
atwaterca,atwaterca,atwater,CA,CA,100.0,atwater,MN,0.0854585079110814
wilkinsonni,wilkinsontx,wilkinson,NI,TX,85.71428571428571,wilkinson,SC,0.3248940241161004
drumomndid,drumomndnc,drumomnd,ID,NC,75.0,drumomnd,PA,0.0259794308996445
sugarcreekoh,sugarcreekoh,sugarcreek,OH,OH,100.0,sugarcreek,OH,0.181182866132577
playitapr,playitapr,playita,PR,PR,100.0,playita,PR,0.6655453834457823
martensdaleai,martensdaletx,martensdale,AI,TX,90.5,martensdale,PA,0.0259794308996445
hydenlakeid,hydenlakeky,hyden lake,ID,KY,90.5,hyden lake,WI,0.0766653252149351
bartonwilletx,bartonwilletx,bartonwille,TX,TX,90.9090909090909,bartonwille,PA,0.0259794308996445
courtlandks,courtlandva,courtland,KS,VA,100.0,courtland,VA,0.0405997135808639
kirtlyndnm,kirtlyndnm,kirtlynd,NM,NM,87.5,kirtlynd,PA,0.0259794308996445
windlakewi,windlakewi,wind lake,WI,WI,100.0,wind lake,WI,0.7777666788749258
hearfetx,hearfetx,hearfe,TX,TX,83.33333333333334,hearfe,PA,0.0259794308996445
westmiddlesexpa,westmiddlesextx,west middlesex,PA,TX,90.5,west middlesex,MA,0.3988175824693583
brownsvilleml,brownsvillefl,brownsville,ML,FL,100.0,brownsville,OR,0.1292514677139561
harrisonga,harrisonar,harrison,GA,AR,100.0,harrison,MS,0.1224732930494675
abnneril,abnneria,abnner,IL,IA,83.33333333333334,abnner,PA,0.0259794308996445
parkerxt,parkeraz,parker,XT,AZ,100.0,parker,SD,0.1412619529310601
sheridanca,sheridanca,sheridan,CA,CA,100.0,sheridan,WY,0.460589558570062
thecolonytx,thecolonytx,the colony,TX,TX,100.0,the colony,PA,0.1119584472694813
gardencityco,gardencityga,garden city,CO,GA,100.0,garden city,ID,0.176361002727491
washingtonmillsny,washingtonmillsny,washington mills,NY,NY,100.0,washington mills,DC,0.2663543859278765
mechanicstownny,mechanicstownny,mechanicstown,NY,NY,100.0,mechanicstown,NY,0.0330720197492479
inksternd,inkstermi,inkster,ND,MI,100.0,inkster,MI,0.0422036710995163
brendaaz,brendaal,brenda,AZ,AL,80.0,brenda,PA,0.0259794308996445
crasgmoorny,crasgmoorak,crasgmoor,NY,AK,80.0,crasgmoor,PA,0.0259794308996445
eubankrky,eubankal,eubank,RKY,AL,75.0,eubank,PA,0.0259794308996445
dillsboronc,dillsboroin,dillsboro,NC,IN,100.0,dillsboro,IN,0.0477571380942961
weedpatchca,weedpatchca,weedpatch,CA,CA,100.0,weedpatch,CA,0.031879825005699
finneytownoh,finneytownoh,finneytown,OH,OH,100.0,finneytown,OH,0.0577745931942411
midwayky,midwayky,midway,KY,KY,100.0,midway,AR,0.1014190221549143
unionbridgemd,unionbridgeky,union bridge,MD,KY,90.5,union bridge,NJ,0.3338463627486894
donaldor,donaldor,donald,OR,OR,100.0,donald,OR,0.4338797972187305
hellertownpa,hellertownpa,hellertown,PA,PA,100.0,hellertown,PA,0.0361012609900843
seadrifttx,seadrifttx,seadrift,TX,TX,100.0,seadrift,TX,0.0406938805053028
barrebt,barrema,barre,BT,MA,100.0,barre,VT,0.8174917283672491
versaillesmo,versaillesmo,versailles,MO,MO,100.0,versailles,OH,0.1520142276756283
advenportne,advenportfl,advenport,NE,FL,88.88888888888889,advenport,PA,0.0259794308996445
barrackvillewv,barrackvillewv,barrackville,WV,WV,100.0,barrackville,WV,0.0870394557792193
seymouria,seymourct,seymour,IA,CT,100.0,seymour,CT,0.0718024513521993
cohassettbeachwa,cohassettbeachma,cohassett beach,WA,MA,90.5,cohassett beach,FL,0.6921067961747397
weldonspringmo,weldonspringmo,weldon spring,MO,MO,100.0,weldon spring,MO,0.1739780881385611
crossvillagemi,crossvillagemi,cross village,MI,MI,83.33333333333334,cross village,AR,0.1481921235562098
northwestharwichma,northwestharwichma,northwest harwich,MA,MA,100.0,northwest harwich,MA,0.6953388587429921
douglaswy,douglaswy,douglas,WY,WY,100.0,douglas,NV,0.2701908682933658
reeltowna,reeltownnh,reeltown,A,NH,90.5,reeltown,PA,0.0259794308996445
sunnyside-tahoecityca,sunnyside-tahoecityca,sunnyside-tahoe city,CA,CA,100.0,sunnyside-tahoe city,CA,0.4270306468001524
westelizabethpa,westelizabethfl,wes telizabeth,PA,FL,75.0,wes telizabeth,UT,0.1277653009567926
peterstownwv,peterstownin,peterstown,WV,IN,90.0,peterstown,PA,0.0259794308996445
mcmechenwv,mcmechenwv,mcmechen,WV,WV,100.0,mcmechen,WV,0.0870394557792193
wecomenc,wecomenc,wecome,NC,NC,85.71428571428571,wecome,SC,0.1730187382917092
owlranchtx,owlranchnm,owl ranch,TX,NM,70.0,owl ranch,WY,0.5814137295559284
arnolca,arnolca,arnol,CA,CA,83.33333333333334,arnol,MN,0.0424286090643223
junctionil,junctiontx,junction,IL,TX,100.0,junction,AZ,0.2598246817298345
bethelmo,bethelak,bethel,MO,AK,100.0,bethel,AK,0.2617385006755091
martinsburgkne,martinsburgpa,martinsburg,KNE,PA,100.0,martinsburg,WV,0.3559093082850805
claremontnh,claremontnh,claremont,NH,NH,100.0,claremont,NH,0.1150200500784183
battlecreekne,battlecreekne,battle creek,NE,NE,100.0,battle creek,NV,0.5784155036360453
malden-on-hudsonny,malden-on-hudsonma,malden-on-hudson,NY,MA,90.5,malden-on-hudson,MA,0.1046672662648082
bakerca,bakerla,baker,CA,LA,100.0,baker,OR,0.5538884519271625
homosassafl,homosassafl,homosassa,FL,FL,100.0,homosassa,FL,0.2161503088652481
miodm,miodmi,miod,M,MI,90.5,miod,PA,0.0259794308996445
hoisingtonks,hoisingtonks,hoisington,KS,KS,100.0,hoisington,KS,0.1356344638509416
lakevalleynm,lakevalleyil,lake valley,NM,IL,90.0,lake valley,AZ,0.2199223209986204
abredeenoh,abredeenfl,abredeen,OH,FL,100.0,abredeen,PA,0.0259794308996445
scottsburgva,scottsburgin,scottsburg,VA,IN,100.0,scottsburg,IN,0.0971690238562343
branfordfl,branfordct,branford,FL,CT,100.0,branford,CT,0.8736934663476892
bellfl,bellca,bell,FL,CA,100.0,bell,KY,0.2318514291324435
elmoreoh,elmoreoh,elmore,OH,OH,100.0,elmore,ID,0.4093570976844007
deltamo,deltaco,delta,MO,CO,100.0,delta,CO,0.3522674270942382
slikvillepa,slikvilleal,slikville,PA,AL,88.88888888888889,slikville,PA,0.0259794308996445
brooklynheightsoh,brooklynheightsoh,brooklyn heights,OH,OH,100.0,brooklyn heights,OH,0.2456136105947866
hotchkissco,hotchkissil,hotchkiss,CO,IL,80.0,hotchkiss,PA,0.0259794308996445
hazelgreenky,hazelgreenal,hazel green,KY,AL,100.0,hazel green,WI,0.2799835456241689
waukeenahfl,waukeenahia,waukeenah,FL,IA,90.5,waukeenah,PA,0.0259794308996445
hudsonin,hudsonco,hudson,IN,CO,100.0,hudson,NY,0.1435949781514167
albionok,albionil,albion,OK,IL,100.0,albion,IN,0.0673496666617616
southboundbrooknj,southboundbrooknj,south bound brook,NJ,NJ,100.0,south bound brook,NJ,0.7006616823118429
persysburgoh,persysburgoh,persysburg,OH,OH,100.0,persysburg,PA,0.0259794308996445
schoeneckpa,schoeneckpa,schoeneck,PA,PA,100.0,schoeneck,PA,0.0361012609900843
junctioncitymo,junctioncityks,junction city,MO,KS,100.0,junction city,AZ,0.3684350032839732
delavanmn,delavanil,delavan,MN,IL,100.0,delavan,WI,0.3553806552595551
californiaky,californiamd,california,KY,MD,100.0,california,OH,0.0559380951316582
st.davidaz,st.davidaz,st. david,AZ,AZ,72.72727272727273,st. david,VT,0.2801143092837639
portsanilacxmi,portsanilactx,port sanilac,XMI,TX,75.0,port sanilac,WA,0.1208245829107893
livoniala,livoniala,livonia,LA,LA,100.0,livonia,NY,0.0562679310214129
eastpaloaltoca,eastpaloaltoca,east palo alto,CA,CA,100.0,east palo alto,CA,0.2049674375157789
knoxvilleil,knoxvilleil,knoxville,IL,IL,100.0,knoxville,IA,0.0926874713958073
darbyvilleoh,darbyvillepa,darbyville,OH,PA,90.5,darbyville,PA,0.0259794308996445
loviliaia,loviliany,lovilia,IA,NY,90.5,lovilia,PA,0.0259794308996445
signalhillca,signalhillca,signal hill,CA,CA,100.0,signal hill,TN,0.3007149981025414
antelopeor,antelopeca,antelope,OR,CA,100.0,antelope,WY,0.6550438224482333
windsornc,windsornc,windsor,NC,NC,100.0,windsor,VT,0.3383290470328593
goodmanwi,goodmanms,goodman,WI,MS,100.0,goodman,MS,0.0603592354701864
gilsonil,gilsonar,gilson,IL,AR,83.33333333333334,gilson,PA,0.0259794308996445
peytonco,peytontx,peyton,CO,TX,75.0,peyton,PA,0.0259794308996445
buffalony,buffalony,buffalo,NY,NY,100.0,buffalo,SD,0.2828378397836776
bloomerwi,bloomerwi,bloomer,WI,WI,100.0,bloomer,WI,0.1470515489224615
chamizalnm,chamizalnm,chamizal,NM,NM,80.0,chamizal,PA,0.0259794308996445
rbulewi,rbulede,rbule,WI,DE,66.66666666666666,rbule,PA,0.0259794308996445
ruletx,ruleca,rule,TX,CA,66.66666666666666,rule,PA,0.0259794308996445
otwelmin,otwelmpa,otwelm,IN,PA,80.0,otwelm,PA,0.0259794308996445
koosikaid,koosikaca,koosika,ID,CA,80.0,koosika,PA,0.0259794308996445
oldagencytm,oldagencymt,old agency,TM,MT,72.72727272727273,old agency,MT,0.2664969810242045
rhineandmo,rhineandin,rhineand,MO,IN,77.77777777777779,rhineand,PA,0.0259794308996445
pineypointmd,pineypointaz,piney point,MD,AZ,90.5,piney point,NC,0.2222005419962812
montebelloca,montebelloca,montebello,CA,CA,100.0,montebello,NY,0.0442062376867925
lturamn,lturaca,ltura,MN,CA,71.42857142857143,ltura,PA,0.0259794308996445
westonfl,westonfl,weston,FL,FL,100.0,weston,WY,0.5352459018405213
waconc,wacotx,waco,NC,TX,100.0,waco,TX,0.0399791527245822
willowcreekmt,willowcreekca,willow creek,MT,CA,100.0,willow creek,AK,0.4706085383734069
whitehavenpa,whitehavenpa,white haven,PA,PA,100.0,white haven,VT,0.2732747121464854
lapresaca,lapresaca,la presa,CA,CA,100.0,la presa,CA,0.1616751725527244
whelensprnigsra,whelensprnigsca,whelen sprnigs,RA,CA,80.0,whelen sprnigs,PA,0.0259794308996445
indiancreekfl,indiancreekpa,indian creek,FL,PA,85.71428571428571,indian creek,NV,0.261353385430203
heidelbergmn,heidelbergpa,heidelberg,MN,PA,100.0,heidelberg,PA,0.0489962330321535
castlepointeo,castlepointmo,castle point,EO,MO,100.0,castle point,DE,0.1520924533497297
garrochalespr,garrochalespr,garrochales,PR,PR,100.0,garrochales,PR,0.3410476837290574
siloamspringsa,siloamspringsar,siloa msprings,A,AR,92.85714285714286,siloa msprings,MO,0.0359686117566947
hartletonpa,hartletonmi,hartleton,PA,MI,90.5,hartleton,PA,0.0259794308996445
meserveyia,meserveypa,meservey,IA,PA,90.5,meservey,PA,0.0259794308996445
eggharborcitynjf,eggharborcitynj,egg harbor city,NJF,NJ,100.0,egg harbor city,NJ,0.3218494346947829
carminetx,carmineil,carmine,TX,IL,90.5,carmine,PA,0.0259794308996445
ayh-ta-heynm,ayh-ta-heyar,ayh-ta-hey,NM,AR,66.66666666666666,ayh-ta-hey,SD,0.1327502422733634
brodheadsvillepa,brodheadsvillepa,brodheadsville,PA,PA,100.0,brodheadsville,PA,0.0361012609900843
janelewwv,janelewla,jane lew,WV,LA,75.0,jane lew,ME,0.0558361329751467
swnkok,swnkok,swnk,OK,OK,60.0,swnk,PA,0.0259794308996445
millstoneky,millstonewy,millstone,KY,WY,90.5,millstone,PA,0.0259794308996445
bushtonks,bushtonco,bushton,KS,CO,80.0,bushton,PA,0.0259794308996445
hornsbytn,hornsbyal,hornsby,TN,AL,85.71428571428571,hornsby,TX,0.0430091075905035
argylga,argyltx,argyl,GA,TX,83.33333333333334,argyl,PA,0.0895648265527199
anchorageam,anchorageak,anchorage,AM,AK,100.0,anchorage,AK,0.8216052052118229
springfieldmo,springfieldmo,springfield,MO,MO,100.0,springfield,MA,0.0712706106948685
nettievw,nettiect,nettie,VW,CT,90.5,nettie,PA,0.0259794308996445
milburnok,milburnga,milburn,OK,GA,85.71428571428571,milburn,PA,0.0259794308996445
ostegomi,ostegomi,ostego,MI,MI,83.33333333333334,ostego,PA,0.0259794308996445
southwhittierc,southwhittierca,south whittier,C,CA,100.0,south whittier,CA,0.1237464237437984
southpatrickshoresfl,southpatrickshoresfl,south patrick shores,FL,FL,100.0,south patrick shores,FL,0.4539454923521425
hamburgmn,hamburgar,hamburg,MN,AR,100.0,hamburg,IA,0.0783196630003455
daleok,dalein,dale,OK,IN,100.0,dale,CT,0.2493657531209445
hammondil,hammondin,hammond,IL,IN,100.0,hammond,NM,0.6175433849484447
randallks,randallwv,randall,KS,WV,90.5,randall,OH,0.1315681017222794
hildaleu,hildaleut,hildale,U,UT,100.0,hildale,UT,0.0866273940479153
brookviewmd,brookviewky,brookview,MD,KY,83.33333333333334,brookview,PA,0.0259794308996445
miltonnc,miltonde,milton,NC,DE,100.0,milton,DE,0.2533619792303451
richmondky,richmondky,richmond,KY,KY,100.0,richmond,VA,0.0961045167567784
freesoilmi,freesoilfl,free soil,MI,FL,83.33333333333334,free soil,PA,0.0259794308996445
anzaca,anzaca,anza,CA,CA,100.0,anza,OH,0.0368372766440779
yonahag,yonahak,yonah,AG,AK,90.5,yonah,PA,0.0259794308996445
bellevilleny,bellevilleil,belleville,NY,IL,100.0,belleville,KS,0.1044193685395696
atholks,atholma,athol,KS,MA,100.0,athol,MA,0.0573726671731025
willivmsdaleoh,willivmsdaleaz,willivmsdale,OH,AZ,87.5,willivmsdale,PA,0.0259794308996445
keosauquaia,keosauquaia,keosauqua,IA,IA,100.0,keosauqua,IA,0.0484328843218749
hometownpa,hometownpa,hometown,PA,PA,100.0,hometown,PA,0.0486540887416497
hallamne,hallampa,hallam,NE,PA,100.0,hallam,PA,0.0496484388263135
nimmonsar,nimmonsca,nimmons,AR,CA,83.33333333333334,nimmons,PA,0.0259794308996445
leesburgfl,leesburgfl,leesburg,FL,FL,100.0,leesburg,AL,0.0902553626258587
collegeparkga,collegeparkga,college park,GA,GA,100.0,college park,WY,0.28957875596925
eekak,eekia,eek,AK,IA,75.0,eek,MI,0.0351268174806284
downsivllemd,downsivllemd,downsivlle,MD,MD,81.81818181818183,downsivlle,PA,0.0259794308996445
calipatriaca,calipatriaca,calipatria,CA,CA,100.0,calipatria,CA,0.031879825005699
hamersvilleoh,hamersvilleoh,hamersville,OH,OH,83.33333333333334,hamersville,PA,0.0259794308996445
coldspringsnv,coldspringsnv,cold springs,NV,NV,100.0,cold springs,NV,0.647044624448768
threepointsaz,threepointsaz,three points,AZ,AZ,100.0,three points,AZ,0.4945718008712257
lexingtontn,lexingtontn,lexington,TN,TN,100.0,lexington,SC,0.1715663995927168
rothvillemo,rothvillemi,rothville,MO,MI,90.0,rothville,PA,0.0259794308996445
eaganmn,eaganmn,eagan,MN,MN,100.0,eagan,MN,0.1538563929189449
pateroswa,paterosca,pateros,WA,CA,77.77777777777779,pateros,PA,0.0259794308996445
thomsonia,thomsonga,thomson,IA,GA,100.0,thomson,MT,0.135315530800359
newistea,newisteca,newiste,A,CA,66.66666666666666,newiste,PA,0.0259794308996445
wineglassrt,wineglassrnj,wineglassr,T,NJ,80.0,wineglassr,PA,0.0259794308996445
dunkirkoh,dunkirkin,dunkirk,OH,IN,100.0,dunkirk,MD,0.3397836649295097
paisleyfl,paisleyar,paisley,FL,AR,80.0,paisley,PA,0.0259794308996445
lebanonor,lebanonor,lebanon,OR,OR,100.0,lebanon,DE,0.1816988812875838
ekronky,ekronco,ekron,KY,CO,80.0,ekron,PA,0.0259794308996445
fresnotx,fresnotx,fresno,TX,TX,100.0,fresno,CA,0.1602248948773213
forrestonvil,forrestonvil,forrestonv,IL,IL,90.5,forrestonv,PA,0.0259794308996445
glenrosetx,glenrosetx,glen rose,TX,TX,100.0,glen rose,LA,0.1885938972809558
harrellsnc,harrellsmt,harrells,NC,MT,90.5,harrells,PA,0.0259794308996445
saugertiessouthnyl,saugertiessouthny,saugerties south,NYL,NY,100.0,saugerties south,NY,0.096903303054637
lowryssc,lowrysca,lowrys,SC,CA,66.66666666666666,lowrys,PA,0.0259794308996445
calleaz,calleaz,calle,AZ,AZ,83.33333333333334,calle,PA,0.0259794308996445
thedfordvne,thedfordne,thedford,VNE,NE,100.0,thedford,NE,0.1986854836953843
cairooh,cairoga,cairo,OH,GA,100.0,cairo,NY,0.0434125921790265
woodvilelms,woodvilelnh,woodvilel,MS,NH,90.0,woodvilel,PA,0.0259794308996445
cortlandne,cortlandil,cortland,NE,IL,100.0,cortland,NY,0.1971944349474145
fboeshillwa,fboeshillwa,fboes hill,WA,WA,90.0,fboes hill,TN,0.1349011438370663
aledoil,aledoil,aledo,IL,IL,100.0,aledo,IL,0.0735194699462322
derbyif,derbyco,derby,IF,CO,100.0,derby,CT,0.1940162405403666
bandonor,bandonor,bandon,OR,OR,100.0,bandon,SD,0.0886043691037881
kayakpointwa,kayakpointtx,kayak point,WA,TX,80.0,kayak point,AK,0.162804266294557
rafterjranchawy,rafterjranchawy,rafter j rancha,WY,WY,90.5,rafter j rancha,WY,0.7450542576728544
sterlingi,sterlingak,sterling,I,AK,100.0,sterling,AK,0.2286082569520656
ogdesburgwi,ogdesburgnj,ogde sburg,WI,NJ,90.0,ogde sburg,UT,0.3834796501900506
senatobidms,senatobidms,senatobid,MS,MS,88.88888888888889,senatobid,PA,0.0259794308996445
lincolnia,lincolnal,lincoln,IA,AL,100.0,lincoln,OR,0.0997703231853858
geringne,geringne,gering,NE,NE,100.0,gering,NE,0.0697996042229194
geyservilleca,geyservilleal,geyserville,CA,AL,83.33333333333334,geyserville,PA,0.0259794308996445
crownpointak,crownpointin,crown point,AK,IN,100.0,crown point,IN,0.1359772618040431
shelbyne,shelbyal,shelby,NE,AL,100.0,shelby,AL,0.1526478994246981
sandiaparknm,sandiaparkny,sandia park,NM,NY,90.9090909090909,sandia park,NM,0.8185516851372386
societyhillsc,societyhillnj,society hill,SC,NJ,100.0,society hill,NJ,0.3042392238637457
linglewc,lingleaz,lingle,WC,AZ,83.33333333333334,lingle,PA,0.0259794308996445
dellaireca,dellairega,dellaire,CA,GA,90.5,dellaire,PA,0.0259794308996445
portlandtx,portlandtx,portland,TX,TX,100.0,portland,ME,0.3517075140164565
paduachtx,paduachtx,paduach,TX,TX,85.71428571428571,paduach,PA,0.0259794308996445
fawngrovepa,fawngrovemo,fawn grove,PA,MO,80.0,fawn grove,IL,0.2531192149779287
montpelieroh,montpelieroh,montpelier,OH,OH,100.0,montpelier,VT,0.3002031861081532
villagegweenny,villagegweenny,village gween,NY,NY,92.3076923076923,village gween,CT,0.2784592898334533
elizabethtonnt,elizabethtontn,elizabethton,NT,TN,100.0,elizabethton,NC,0.0662320060881884
rufusr,rufusca,rufus,R,CA,75.0,rufus,PA,0.0259794308996445
cheyneyuniversitypa,cheyneyuniversityoh,cheyney university,PA,OH,87.5,cheyney university,NM,0.1870171915569529
kellsl,kellwi,kell,SL,WI,100.0,kell,PA,0.0259794308996445
sylvesterwv,sylvesterga,sylvester,WV,GA,100.0,sylvester,GA,0.1256998842123615
kerrckfmn,kerrckfla,kerrckf,MN,LA,80.0,kerrckf,PA,0.0259794308996445
burtontx,burtonmi,burton,TX,MI,100.0,burton,SC,0.0638497252432763
kalamawa,kalamawa,kalama,WA,WA,100.0,kalama,WA,0.0479273400441341
booydil,booydil,booyd,IL,IL,80.0,booyd,TX,0.0311476746087125
matamoraspa,matamoraspa,matamoras,PA,PA,100.0,matamoras,OH,0.0838380151880349
mountvernonoh,mountvernonoh,mount vernon,OH,OH,100.0,mount vernon,KY,0.1025655649272008
marianocolonpr,marianocolonpr,mariano colon,PR,PR,92.3076923076923,mariano colon,PR,0.6465024935295994
standishmi,standishmi,standish,MI,MI,100.0,standish,MI,0.1310082806463641
wrigleytna,wrigleyca,wrigley,TNA,CA,71.42857142857143,wrigley,PA,0.0259794308996445
collitsvilleal,collitsvilleal,collitsville,AL,AL,91.66666666666666,collitsville,PA,0.0259794308996445
pillowpa,pillowil,pillow,PA,IL,90.5,pillow,PA,0.0259794308996445
auroramns,auroraco,aurora,MNS,CO,100.0,aurora,SD,0.243219122205754
hartfordct,hartfordct,hartford,CT,CT,100.0,hartford,CT,0.5686653066461406
gerlachnv,gerlachmo,gerlach,NV,MO,66.66666666666666,gerlach,PA,0.0259794308996445
palmermi,palmerak,palmer,MI,AK,100.0,palmer,AK,0.1226331740957479
bergero,bergerak,berger,O,AK,100.0,berger,PA,0.0259794308996445
summitstationpa,summitstationaz,summit station,PA,AZ,90.5,summit station,UT,0.2089800185516535
cannonbeachor,cannonbeachor,cannon beach,OR,OR,100.0,cannon beach,OR,0.1779391520956972
mutualho,mutualoh,mutual,HO,OH,83.33333333333334,mutual,PA,0.0259794308996445
huntresvillenc,huntresvillenc,huntresville,NC,NC,91.66666666666666,huntresville,PA,0.0259794308996445
bethlehemga,bethlehemnc,bethlehem,GA,NC,100.0,bethlehem,CT,0.3277746353085582
thurstonne,thurstonca,thurston,NE,CA,75.0,thurston,NE,0.3276002740781532
barnesvillega,barnesvillega,barnesville,GA,GA,100.0,barnesville,GA,0.0669541465730173
bellflowerca,bellflowerca,bellflower,CA,CA,100.0,bellflower,CA,0.031879825005699
ojoamarillonm,ojoamarilloaz,ojo amarillo,NM,AZ,90.5,ojo amarillo,PR,0.1588640316256086
creswoodil,creswoodil,cres wood,IL,IL,88.88888888888889,cres wood,WV,0.1072400861579086
highlandcityfl,highlandcityfl,highland city,FL,FL,100.0,highland city,VA,0.6757576278904053
livingstonwheelernm,livingstonwheelernm,livingston wheeler,NM,NM,90.5,livingston wheeler,OR,0.2107283064049107
gowermo,gowermo,gower,MO,MO,100.0,gower,MO,0.0412682841143835
bradfordtn,bradfordtn,bradford,TN,TN,100.0,bradford,RI,0.2638904456859731
garretsnosd,garretsnosd,garretsno,SD,SD,88.88888888888889,garretsno,PA,0.0259794308996445
coralgablesl,coralgablesfl,coral gables,L,FL,100.0,coral gables,FL,0.4288810878061442
palmshoresfl,palmshorespr,palm shores,FL,PR,83.33333333333334,palm shores,FL,0.9746115346446824
viloawi,viloany,viloa,WI,NY,80.0,viloa,PA,0.0259794308996445
altasierraca,altasierraca,alta sierra,CA,CA,100.0,alta sierra,PR,0.244780749311011
bunkfosswa,bunkfosswa,bunk foss,WA,WA,100.0,bunk foss,WA,0.5349699321955249
sedaliamo,sedaliamo,sedalia,MO,MO,100.0,sedalia,MO,0.0412682841143835
jerseycitynj,jerseycitynj,jersey city,NJ,NJ,100.0,jersey city,NJ,0.1148745554499249
rktepa,rkteak,rkte,PA,AK,60.0,rkte,PA,0.0259794308996445
chenowethor,chenowethor,chenoweth,OR,OR,100.0,chenoweth,OR,0.0748243185628852
estherwoodlk,estherwoodmo,estherwood,LK,MO,90.5,estherwood,PA,0.0259794308996445
st.hedwigtx,st.hedwigtx,st. hedwig,TX,TX,75.0,st. hedwig,VT,0.3299793266661905
jeffersovillein,jeffersovillein,jeffersoville,IN,IN,92.85714285714286,jeffersoville,IN,0.0447851647139412
turpinhillsoh,turpinhillsoh,turpin hills,OH,OH,100.0,turpin hills,OH,0.1300141288201767
romeny,romeny,rome,NY,NY,100.0,rome,IN,0.2292572022335492
annamariafl,annamariafl,anna maria,FL,FL,100.0,anna maria,FL,0.1121707161326377
st.hilairemn,st.hilairemi,st. hilaire,MN,MI,72.72727272727273,st. hilaire,VT,0.7324291186922878
greenridgemo,greenridgetx,green ridge,MO,TX,91.66666666666666,green ridge,FL,0.1378398386108074
marshallar,marshallar,marshall,AR,AR,100.0,marshall,WV,0.0999302874396829
rushmoremvn,rushmoreva,rushmore,MVN,VA,87.5,rushmore,PA,0.0259794308996445
ellersliemd,ellerslieid,ellerslie,MD,ID,90.5,ellerslie,PA,0.0259794308996445
plainfieldin,plainfieldin,plainfield,IN,IN,100.0,plainfield,CT,0.3679315500018534
santababaraca,santababaraca,santa babara,CA,CA,92.3076923076923,santa babara,CA,0.4571923211841128
laparguerapr,laparguerapr,la parguera,PR,PR,100.0,la parguera,PR,0.7518992462209796
coldstreamy,coldstreamky,coldstream,Y,KY,100.0,coldstream,KY,0.0467781084926376
florencemn,florenceal,florence,MN,AL,100.0,florence,SC,0.3227981285156818
edgofieldcs,edgofieldsc,edgofield,CS,SC,88.88888888888889,edgofield,PA,0.0259794308996445
burnsvillewv,burnsvillemn,burnsville,WV,MN,100.0,burnsville,MN,0.0428323517756848
fontanelleia,fontanelleal,fontanelle,IA,AL,100.0,fontanelle,PA,0.0259794308996445
sheakleyvilepaj,sheakleyvilenc,sheakleyvile,PAJ,NC,71.42857142857143,sheakleyvile,PA,0.0259794308996445
mancosco,mancosco,mancos,CO,CO,100.0,mancos,CO,0.2862075968996455
newtownoh,newtownoh,newtown,OH,OH,100.0,newtown,ND,0.1071873361028752
eatonin,eatonin,eaton,IN,IN,100.0,eaton,MI,0.3871633391160939
manistiquemi,manistiquemi,manistique,MI,MI,100.0,manistique,MI,0.0422036710995163
vallevissaza,vallevissaaz,valle vissa,ZA,AZ,90.9090909090909,valle vissa,AZ,0.1294649393898245
tumaloor,tumaloaz,tumalo,OR,AZ,75.0,tumalo,PA,0.0259794308996445
henryne,henryil,henry,NE,IL,100.0,henry,AL,0.1360223390576913
mutualok,mutualoh,mutual,OK,OH,83.33333333333334,mutual,PA,0.0259794308996445
cetroniaap,cetroniapa,cetronia,AP,PA,100.0,cetronia,PA,0.0673338380874489
redlodgemt,redlodgemt,redl odge,MT,MT,88.88888888888889,redl odge,KS,0.0443762752758888
newrichmondin,newrichmondoh,new richmond,IN,OH,100.0,new richmond,NH,0.1423859487054479
chillicotheil,chillicotheil,chillicothe,IL,IL,100.0,chillicothe,MO,0.0732048307163757
lfatkickky,lfatkickmi,lfat kick,KY,MI,77.77777777777779,lfat kick,PA,0.0259794308996445
passamaquoddypleasantpointm,passamaquoddypleasantpointal,passamaquoddy pleasant point,M,AL,85.71428571428571,passamaquoddy pleasant point,WV,0.1349174373103863
connorvilleoh,connorvilleor,connorville,OH,OR,90.9090909090909,connorville,PA,0.0259794308996445
greenvilletx,greenvilletx,greenville,TX,TX,100.0,greenville,DE,0.2254298389100115
alpinenorthwestwyy,alpinenorthwestca,alpine northwest,WYY,CA,90.5,alpine northwest,AK,0.5319457086505649
greenvilleil,greenvilleil,greenville,IL,IL,100.0,greenville,DE,0.2254298389100115
atlanticbeachsc,atlanticbeachfl,atlantic beach,SC,FL,100.0,atlantic beach,NJ,0.3476910503961851
clydehillwa,clydehillwa,clyde hill,WA,WA,100.0,clyde hill,WA,0.3499259805880227
northhillsny,northhillsny,north hills,NY,NY,100.0,north hills,NY,0.1292174489219706
eatcarondeletil,eatcarondelettx,eat carondelet,IL,TX,75.0,eat carondelet,MA,0.073940838371878
palmbeachfl,palmbeachfl,palm beach,FL,FL,100.0,palm beach,FL,0.9886295345108448
bogueks,bogueor,bogue,KS,OR,66.66666666666666,bogue,PA,0.0259794308996445
othellkwa,othellkwa,othellk,WA,WA,85.71428571428571,othellk,PA,0.0259794308996445
cowlicaz,cowlicca,cowlic,AZ,CA,75.0,cowlic,PA,0.0259794308996445
crestwoodyk,crestwoodil,crestwood,YK,IL,100.0,crestwood,NJ,0.3831776072742258
hilbertwi,hilbertwi,hilbert,WI,WI,100.0,hilbert,WI,0.0452684678024591
elkaderna,elkaderia,elkader,,IA,100.0,elkader,IA,0.0484328843218749
noblela,nobleok,noble,LA,OK,100.0,noble,OK,0.239377440886097
westfalmouthma,westfalmouthma,west falmouth,MA,MA,100.0,west falmouth,MA,0.5256382023610456
brownfieldtx,brownfieldtx,brownfield,TX,TX,100.0,brownfield,ME,0.0784549286635488
encinitasca,encinitasca,encinitas,CA,CA,100.0,encinitas,CA,0.031879825005699
redbymn,redbymn,redby,MN,MN,100.0,redby,MN,0.0441160464595694
watsonil,watsonla,watson,IL,LA,100.0,watson,LA,0.0601926739649647
douglasshillsky,douglasshillsky,douglass hills,KY,KY,100.0,douglass hills,KY,0.4533468597251285
riversideor,riversideal,riverside,OR,AL,100.0,riverside,MT,0.2388511943223863
horizonwestf,horizonwestfl,horizon west,F,FL,100.0,horizon west,FL,0.1727945985909161
pikevilleky,pikevilleky,pikeville,KY,KY,100.0,pikeville,KY,0.0959929264731924
southbridgema,southbridgema,southbridge,MA,MA,100.0,southbridge,MA,0.0573726671731025
wagonerok,wagonerok,wagoner,OK,OK,100.0,wagoner,OK,0.5836373415271812
harveysburgoh,harveysburgil,harveysburg,OH,IL,90.5,harveysburg,PA,0.0259794308996445
greenbaywi,greenbaywi,green bay,WI,WI,100.0,green bay,WI,0.3932421380255217
roymt,royut,roy,MT,UT,100.0,roy,NY,0.0924544659076555
dicksontn,dicksontn,dickson,TN,TN,100.0,dickson,TN,0.2168673826182113
paynesvllemmn,paynesvllemn,paynesvlle,MMN,MN,90.9090909090909,paynesvlle,PA,0.0259794308996445
westwaytx,westwaytx,westway,TX,TX,100.0,westway,TX,0.0311476746087125
coppercenterak,coppercentertx,copper center,AK,TX,90.5,copper center,CT,0.1687440854500418
chililiinm,chililimn,chilili,INM,MN,87.5,chilili,PA,0.0259794308996445
pawhuskao,pawhuskaok,pawhuska,O,OK,100.0,pawhuska,OK,0.1512249121480798
daltonmo,daltonga,dalton,MO,GA,100.0,dalton,ID,0.672075807860825
fletchernc,fletchernc,fletcher,NC,NC,100.0,fletcher,OK,0.1426890960624765
murrysviglepa,murrysviglepa,murrysvigle,PA,PA,90.9090909090909,murrysvigle,PA,0.0259794308996445
lazrescenta-montroseca,lazrescenta-montroseca,la zrescenta-montrose,CA,CA,95.23809523809524,la zrescenta-montrose,CO,0.2855468546682635
rosmannc,rosmannc,rosman,NC,NC,83.33333333333334,rosman,PA,0.0259794308996445
vicksburgaz,vicksburgmi,vicksburg,AZ,MI,100.0,vicksburg,MS,0.1484462547194013
mossbluffla,mossbluffla,moss bluff,LA,LA,100.0,moss bluff,LA,0.3044580664935922
danvilleks,danvilleal,danville,KS,AL,100.0,danville,NH,0.1526897641529932
lakewinolapa,lakewinolaak,lake winola,PA,AK,80.0,lake winola,WI,0.2212458142848364
holtal,holtal,holt,AL,AL,100.0,holt,NE,0.3634665899579387
catheysvalleyca,catheysvalleynm,catheys valley,CA,NM,80.0,catheys valley,NV,0.2827011123002172
pelhamtn,pelhamal,pelham,TN,AL,100.0,pelham,AL,0.2036163011050517
lakewildwoodca,lakewildwoodca,lake wildwood,CA,CA,100.0,lake wildwood,NJ,0.2652359052742917
bardolphi,bardolphtx,bardolph,I,TX,80.0,bardolph,PA,0.0259794308996445
kingkvillemd,kingkvillenc,kingkville,MD,NC,90.5,kingkville,PA,0.0259794308996445
penapobrepr,penapobrepr,pena pobre,PR,PR,90.0,pena pobre,PR,0.2790598923620571
peoriaco,peoriaaz,peoria,CO,AZ,100.0,peoria,IL,0.7073341966214775
hildaleut,hildaleut,hildale,UT,UT,100.0,hildale,UT,0.0866273940479153
portlandtn,portlandtn,portland,TN,TN,100.0,portland,ME,0.3517075140164565
edenidc,edenny,eden,IDC,NY,100.0,eden,MN,0.5256828627219307
parsonswv,parsonswv,parsons,WV,WV,100.0,parsons,KS,0.1019229439892067
crookstonne,crookstonmn,crookston,NE,MN,100.0,crookston,MN,0.0441160464595694
faribaultmn,faribaultmn,faribault,MN,MN,100.0,faribault,MN,0.361644532111733
gillespieil,gillespieil,gillespie,IL,IL,100.0,gillespie,TX,0.0558195653399074
lopezvillettx,lopezvillettx,lopezvillet,TX,TX,90.5,lopezvillet,PA,0.0259794308996445
boonevillems,boonevillems,booneville,MS,MS,100.0,booneville,MS,0.1205157069108738
woodvilleoh,woodvilleoh,woodville,OH,OH,100.0,woodville,NH,0.0947816299058657
brooksga,brooksky,brooks,GA,KY,100.0,brooks,GA,0.1592506905548724
libbrmt,libbrne,libbr,MT,NE,83.33333333333334,libbr,PA,0.0259794308996445
burlingtonil,burlingtonco,burlington,IL,CO,100.0,burlington,VT,0.3897840519753575
blticsd,blticsd,bltic,SD,SD,83.33333333333334,bltic,SD,0.1089497833020755
elpradoestatesaz,elpradoestatesar,el prado estates,AZ,AR,77.77777777777779,el prado estates,HI,0.2333928094355905
newflorencemo,newflorencect,new florence,MO,CT,72.72727272727273,new florence,SC,0.1267958464886474
greencastlemo,greencastlein,greencastle,MO,IN,100.0,greencastle,IN,0.0469875173721827
leesburgin,leesburgal,leesburg,IN,AL,100.0,leesburg,AL,0.0902553626258587
gamalielky,gamalielaz,gamaliel,KY,AZ,75.0,gamaliel,PA,0.0259794308996445
wahpetonia,wahpetonnd,wahpeton,IA,ND,100.0,wahpeton,ND,0.1507471264175193
newviennaoh,newviennaoh,newv ienna,OH,OH,90.0,newv ienna,WV,0.1094310200293124
springfieldwv,springfieldco,springfield,WV,CO,100.0,springfield,MA,0.0712706106948685
purcellok,purcellok,purcell,OK,OK,100.0,purcell,OK,0.0638307543640831
dellwoodmo,dellwoodmo,dellwood,MO,MO,100.0,dellwood,MO,0.107583210081909
norwoodyoungamericamn,norwoodyoungamericamn,norwood young america,MN,MN,100.0,norwood young america,MN,0.8301432352166618
southjacksonvilleil,southjacksonvilleil,south jacksonville,IL,IL,100.0,south jacksonville,FL,0.1689552400694328
butlernj,butlernj,butler,NJ,NJ,100.0,butler,MO,0.1047091171789984
pateroswa,paterosca,pateros,WA,CA,77.77777777777779,pateros,PA,0.0259794308996445
coneyislandmo,coneyislandny,coney island,MO,NY,100.0,coney island,NY,0.1913598426730773
tubacaz,tubacaz,tubac,AZ,AZ,100.0,tubac,AZ,0.0816111109390022
ogdensburgwi,ogdensburgnj,ogdensburg,WI,NJ,100.0,ogdensburg,NJ,0.0418169922990991
adelphimd,adelphimd,adelphi,MD,MD,100.0,adelphi,MD,0.0553248928808209
kinospringsbz,kinospringsal,kino springs,BZ,AL,84.61538461538461,kino springs,FL,0.0568045253540292
adamsne,adamsma,adams,NE,MA,100.0,adams,DC,0.6747921095608709
midwynm,midwyar,midwy,NM,AR,83.33333333333334,midwy,LA,0.0956010376778629
healylakeak,healylakeak,healy lake,AK,AK,90.5,healy lake,AK,0.4981196041089915
millardmo,millardmo,millard,MO,MO,85.71428571428571,millard,UT,0.629343618345758
mountpennpa,mountpennpa,mount penn,PA,PA,100.0,mount penn,PA,0.5742522869180497
mauriceia,mauricela,maurice,IA,LA,100.0,maurice,LA,0.0601926739649647
moscowks,moscowid,moscow,KS,ID,100.0,moscow,MO,0.1311931294717841
eastonmh,eastonca,easton,MH,CA,100.0,easton,CT,0.2456979035933568
chaskamn,chaskamn,chaska,MN,MN,100.0,chaska,MN,0.0441160464595694
richfieldmn,richfieldmn,richfield,MN,MN,100.0,richfield,UT,0.1676643671246431
crawfordvillega,crawfordvillega,crawfordville,GA,GA,100.0,crawfordville,FL,0.0433770036095733
camporicopru,camporicopr,campo rico,PRU,PR,100.0,campo rico,PR,0.5835188628799621
ontroewv,ontroega,ontroe,WV,GA,83.33333333333334,ontroe,PA,0.0259794308996445
frieslandwi,frieslandfl,friesland,WI,FL,77.77777777777779,friesland,PA,0.0259794308996445
hdusontx,hdusontx,hduson,TX,TX,83.33333333333334,hduson,PA,0.0259794308996445
masthopepa,masthopepa,masthope,PA,PA,75.0,masthope,PA,0.0259794308996445
cpledoniami,cpledoniami,cpledonia,MI,MI,88.88888888888889,cpledonia,PA,0.0259794308996445
havremt,havremt,havre,MT,MT,100.0,havre,MD,0.1600796093647969
decaturvilletk,decaturvilletn,decaturville,TK,TN,100.0,decaturville,TN,0.0493296923879667
franklinil,franklinga,franklin,IL,GA,100.0,franklin,VT,0.138380527843946
lagrangeil,lagrangeil,la grange,IL,IL,100.0,la grange,KY,0.1724850056353874
delawarecityde,delawarecityde,delaware city,DE,DE,100.0,delaware city,DE,0.4660016019885139
ironwoodmi,ironwoodmi,ironwood,MI,MI,100.0,ironwood,MI,0.0422036710995163
racnhesterwy,racnhestermn,racnhester,WY,MN,83.33333333333334,racnhester,PA,0.0259794308996445
westmoestoca,westmoestoca,west moesto,CA,CA,91.66666666666666,west moesto,MA,0.0616377941329488
stockholmsd,stockholmca,stockholm,SD,CA,75.0,stockholm,PA,0.0259794308996445
indexwa,indexaz,index,WA,AZ,75.0,index,PA,0.0259794308996445
riveiratx,riveiraco,riveira,TX,CO,75.0,riveira,PA,0.0259794308996445
anacorteswa,anacorteswa,anacortes,WA,WA,100.0,anacortes,WA,0.0479273400441341
orchardmesaco,orchardmesaco,orchard mesa,CO,CO,100.0,orchard mesa,CO,0.8073418423033857
plazand,plazaia,plaza,ND,IA,80.0,plaza,KS,0.2494763550894865
mccomboh,mccomboh,mccomb,OH,OH,100.0,mccomb,MS,0.1512388101517743
spanishlakemo,spanishlakemo,spanish lake,MO,MO,100.0,spanish lake,NV,0.1537258461225134
worthingtonky,worthingtonky,worthington,KY,KY,100.0,worthington,KY,0.2228407876607009
asburymo,asburyia,asbury,MO,IA,100.0,asbury,NJ,0.0999406994272519
agendaks,agendaaz,agenda,KS,AZ,75.0,agenda,PA,0.0259794308996445
penasconm,penascoaz,penasco,NM,AZ,75.0,penasco,PA,0.0259794308996445
archercitytx,archercitytx,archer city,TX,TX,100.0,archer city,TX,0.1574321778324294
peetuco,peetuaz,peetu,CO,AZ,75.0,peetu,PA,0.0259794308996445
auburnny,auburnny,auburn,NY,NY,100.0,auburn,MI,0.0823719192475894
lenoxga,lenoxia,lenox,GA,IA,100.0,lenox,SD,0.3619422371153341
medinany,medinany,medina,NY,NY,100.0,medina,OH,0.1760537613761584
rockyforkpointoh,rockyforkpointco,rocky fork point,OH,CO,90.0,rocky fork point,VA,0.2473484111873141
velardeom,velardend,velarde,OM,ND,80.0,velarde,PA,0.0259794308996445
golcondanv,golcondail,golconda,NV,IL,100.0,golconda,IL,0.0349335350713326
washingtonva,washingtonva,washington,VA,VA,100.0,washington,DC,0.8308863657097861
tintonfallsnj,tintonfallsnj,tinton falls,NJ,NJ,100.0,tinton falls,NJ,0.0955589448464181
lajaran,lajaratx,la jara,N,TX,85.71428571428571,la jara,NM,0.3401270040118779
penargylpa,penargylpa,pen argyl,PA,PA,100.0,pen argyl,PA,0.2277028678302872
losolivosca,losolivosca,los olivos,CA,CA,100.0,los olivos,CA,0.4408714473569318
buckmanm,buckmanma,buckman,M,MA,75.0,buckman,PA,0.0259794308996445
milltownsd,milltownnj,milltown,SD,NJ,100.0,milltown,NJ,0.0424313089922792
fountainhillsaz,fountainhillsaz,fountain hills,AZ,AZ,100.0,fountain hills,UT,0.2029821328731574
gruetli-laagertn,gruetli-laagertn,gruetli-laager,TN,TN,100.0,gruetli-laager,TN,0.6145126359195962
highlandsranchc,highlandsranchco,highlands ranch,C,CO,100.0,highlands ranch,CA,0.293947261874984
alexanderia,alexanderar,alexander,IA,AR,100.0,alexander,IL,0.1589149553745983
nurembergp,nurembergaz,nuremberg,P,AZ,77.77777777777779,nuremberg,PA,0.0259794308996445
oberlinl,oberlinks,oberlin,L,KS,100.0,oberlin,KS,0.2125571754482015
elbertaim,elbertaal,elberta,IM,AL,100.0,elberta,AL,0.0554624517224576
kilgorene,kilgoretx,kilgore,NE,TX,100.0,kilgore,TX,0.0311476746087125
irwinpa,irwinpa,irwin,PA,PA,100.0,irwin,GA,0.1877072337939483
capronva,capronil,capron,VA,IL,100.0,capron,IL,0.0516646472090248
hratswv,hratsla,hrats,WV,LA,80.0,hrats,PA,0.0259794308996445
sheldontx,sheldontx,sheldon,TX,TX,100.0,sheldon,ND,0.2452274271146292
hollyponoal,hollyponomi,holly pono,AL,MI,90.5,holly pono,VT,0.4106789507157979
rdmondwa,rdmondwa,rdmond,WA,WA,85.71428571428571,rdmond,OR,0.0748243185628852
pleasantprairiewi,pleasantprairiewi,pleasant prairie,WI,WI,100.0,pleasant prairie,WI,0.2277314669490956
bedfordin,bedfordin,bedford,IN,IN,100.0,bedford,MA,0.1670259574611781
oakpointtx,oakpointtx,oak point,TX,TX,100.0,oak point,OR,0.1497291057906466
ohatcheeal,ohatcheeal,ohatchee,AL,AL,100.0,ohatchee,AL,0.2154511066925782
northyelmwa,northyelmwa,north yelm,WA,WA,100.0,north yelm,WA,0.5318126911484402
shamrocktx,shamrocktx,shamrock,TX,TX,100.0,shamrock,WV,0.4147146451950329
templega,templega,temple,GA,GA,100.0,temple,MD,0.1593497759025926
charlttesvillenva,charlttesvilleva,charlttesville,NVA,VA,93.33333333333331,charlttesville,PA,0.0259794308996445
andersonsc,andersonsc,anderson,SC,SC,100.0,anderson,SC,0.3662080914692484
ht.benewictia,ht.benewictin,ht. benewict,IA,IN,70.0,ht. benewict,AR,0.0499569643512228
amboywa,amboywa,amboy,WA,WA,100.0,amboy,NJ,0.3443563056155521
lewistonne,lewistonca,lewiston,NE,CA,100.0,lewiston,ID,0.3880222906234727
pinevalleyny,pinevalleyca,pine valley,NY,CA,100.0,pine valley,NV,0.5137762166807901
fourcornersmd,fourcornersmd,four corners,MD,MD,100.0,four corners,MT,0.2581113150159522
grandviewin,grandviewil,grandview,IN,IL,100.0,grandview,KS,0.2671284016323371
bartelsoil,bartelsoia,bartelso,IL,IA,83.33333333333334,bartelso,PA,0.0259794308996445
potlatchid,potlatchks,potlatch,ID,KS,80.0,potlatch,PA,0.0259794308996445
hickoryflatms,hickoryflatnc,hickory flat,MS,NC,90.5,hickory flat,NC,0.1619737485895036
jansenco,jansenid,jansen,CO,ID,83.33333333333334,jansen,PA,0.0259794308996445
groesbeckoh,groesbeckoh,groesbeck,OH,OH,100.0,groesbeck,OH,0.0569606922337823
russellar,russellga,russell,AR,GA,100.0,russell,KY,0.3207071011768531
cobbtownga,cobbtownca,cobbtown,GA,CA,90.5,cobbtown,PA,0.0259794308996445
southpatrickshoresf,southpatrickshoresfl,south patrick shores,F,FL,100.0,south patrick shores,FL,0.4539454923521425
corriganvillemd,corriganvilletx,corriganville,MD,TX,90.5,corriganville,PA,0.0259794308996445
winnsborotx,winnsborotx,winnsboro,TX,TX,100.0,winnsboro,SC,0.4171511228999186
hancockmn,hancockme,hancock,MN,ME,100.0,hancock,ME,0.2810370278037205
cobbislandmd,cobbislandmd,cobb island,MD,MD,100.0,cobb island,GA,0.2832057184923498
kendallwa,kendallfl,kendall,WA,FL,100.0,kendall,FL,0.3351250452307849
merrmacva,merrmacva,merrmac,VA,VA,87.5,merrmac,MA,0.0552648009879338
dustinok,dustinar,dustin,OK,AR,83.33333333333334,dustin,PA,0.0259794308996445
clervontfl,clervontfl,clervont,FL,FL,87.5,clervont,PA,0.0259794308996445
rockleighnw,rockleighfl,rockleigh,NW,FL,77.77777777777779,rockleigh,PA,0.0259794308996445
lignitend,ligniteil,lignite,ND,IL,80.0,lignite,PA,0.0259794308996445
saltrockwvl,saltrockco,salt rock,WVL,CO,81.81818181818183,salt rock,UT,0.8024476668586095
pleaktx,pleaktx,pleak,TX,TX,100.0,pleak,TX,0.0527447337762848
caliond,caliopa,calio,ND,PA,75.0,calio,PA,0.0259794308996445
northpoleak,northpoleak,north pole,AK,AK,100.0,north pole,AK,0.765970178370669
birimnghamal,birimnghamal,birimngham,AL,AL,90.0,birimngham,PA,0.0259794308996445
portclarenpeak,portclarenpefl,port clarenpe,AK,FL,78.57142857142857,port clarenpe,WA,0.2763676366345485
platterkk,plattersd,platter,KK,SD,90.5,platter,PA,0.0259794308996445
warmspringsor,warmspringsor,warm springs,OR,OR,100.0,warm springs,MT,0.3719170434568774
poelousasla,poelousasla,poelousas,LA,LA,100.0,poelousas,PA,0.0259794308996445
fargond,fargond,fargo,ND,ND,100.0,fargo,ND,0.7971160527359608
bardolphil,bardolphtx,bardolph,IL,TX,80.0,bardolph,PA,0.0259794308996445
westminstertxb,westminsterca,westminster,TXB,CA,100.0,westminster,SC,0.1506576204227699
fairburnga,fairburnga,fairburn,GA,GA,100.0,fairburn,GA,0.0407416937011491
frankfordmo,frankfordil,frankford,MO,IL,88.88888888888889,frankford,PA,0.0259794308996445
lfatrockoh,lfatrockmi,lfat rock,OH,MI,88.88888888888889,lfat rock,WY,0.3349817212681861
morrisontn,morrisonil,morrison,TN,IL,100.0,morrison,MN,0.2999022753396083
baltimoremd,baltimoremd,baltimore,MD,MD,100.0,baltimore,MD,0.6462611503085743
memphismo,memphismo,memphis,MO,MO,100.0,memphis,TN,0.2851045677860362
ocontone,ocontowi,oconto,NE,WI,100.0,oconto,WI,0.6297097528206447
perrymi,perrymi,perry,MI,MI,100.0,perry,AL,0.0853124530448354
kengoharbormi,kengoharbormi,kengo harbor,MI,MI,91.66666666666666,kengo harbor,NY,0.2175782751364709
monumetnro,monumetnco,monumetn,RO,CO,87.5,monumetn,PA,0.0259794308996445
lakeparkmn,lakeparkfl,lake park,MN,FL,100.0,lake park,IL,0.219200844748056
westphaliami,westphaliamd,westphalia,MI,MD,100.0,westphalia,MD,0.1234601020123073
oakparkca,oakparkca,oak park,CA,CA,100.0,oak park,IL,0.1309398179260363
capemaypointnj,capemaypointnj,cape may point,NJ,NJ,90.5,cape may point,NJ,0.6019401935877214
elfridaaz,elfridame,elfrida,AZ,ME,83.33333333333334,elfrida,PA,0.0259794308996445
haysti,haysks,hays,TI,KS,100.0,hays,KS,0.1005857501209812
minelamottemo,minelamotteny,mine la motte,MO,NY,85.71428571428571,mine la motte,NM,0.3401270040118779
ricemn,ricemn,rice,MN,MN,100.0,rice,KS,0.2311800111281014
lawtonok,lawtonok,lawton,OK,OK,100.0,lawton,OK,0.120321881912835
woodworthnd,woodworthla,woodworth,ND,LA,100.0,woodworth,LA,0.1373921452925714
mangumok,mangumok,mangum,OK,OK,100.0,mangum,OK,0.1512249121480798
litchfieldne,litchfieldct,litchfield,NE,CT,100.0,litchfield,CT,0.435307313315922
newcastleky,newcastleky,new castle,KY,KY,100.0,new castle,DE,0.7610266474510088
westyorkpa,westyorkpa,west york,PA,PA,100.0,west york,ME,0.3405014995202556
centrevlileal,centrevlileal,centrevlile,AL,AL,90.9090909090909,centrevlile,PA,0.0259794308996445
greshamne,greshamor,gresham,NE,OR,100.0,gresham,OR,0.1686585865300346
lafayettela,lafayettela,lafayette,LA,LA,100.0,lafayette,WI,0.0980183437618999
brightin,brightin,bright,IN,IN,100.0,bright,NJ,0.0688302369475157
remindervilleoh,remindervilleoh,reminderville,OH,OH,100.0,reminderville,OH,0.0373012794621199
mlllinssc,mlllinssc,mlllins,SC,SC,100.0,mlllins,PA,0.0259794308996445
crystalmn,crystalmn,crystal,MN,MN,100.0,crystal,MS,0.1914572694890463
wattsburgpa,wattsburgwa,wattsburg,PA,WA,100.0,wattsburg,PA,0.0259794308996445
fortoglethorpega,fortoglethorpega,fort oglethorpe,GA,GA,100.0,fort oglethorpe,GA,0.4480766328031657
ajckionvillega,ajckionvilleal,ajckionville,GA,AL,91.66666666666666,ajckionville,PA,0.0259794308996445
jenksok,jenksok,jenks,OK,OK,100.0,jenks,OK,0.2678531563218363
millersburgia,millersburgoh,millersburg,IA,OH,100.0,millersburg,OR,0.1610550933353282
lovelacevilleky,lovelacevilleca,lovelaceville,KY,CA,83.33333333333334,lovelaceville,PA,0.0259794308996445
lifear,lifeco,life,AR,CO,80.0,life,PA,0.0259794308996445
ugashikak,ugashikpr,ugashik,AK,PR,66.66666666666666,ugashik,PA,0.0259794308996445
lisbonfalsme,lisbonfalsme,lisbon fals,ME,ME,91.66666666666666,lisbon fals,ME,0.1666450914792097
andrsonal,andrsonca,andrson,AL,CA,87.5,andrson,SC,0.060104839301873
griffithin,griffithin,griffith,IN,IN,100.0,griffith,IN,0.0477571380942961
portervilleca,portervilleca,porterville,CA,CA,100.0,porterville,CA,0.101420153438222
fortluptongco,fortluptonco,fort lupton,GCO,CO,100.0,fort lupton,CO,0.6429643187477074
belfieldnd,belfieldnd,belfield,ND,ND,100.0,belfield,ND,0.516172500150344
westonid,westonfl,weston,ID,FL,100.0,weston,WY,0.5352459018405213
eatonvillewa,eatonvillewa,eatonville,WA,WA,100.0,eatonville,WA,0.046038536299032
augustawi,augustawi,augusta,WI,WI,100.0,augusta,SC,0.1472898120532093
parolemd,parolemd,parole,MD,MD,100.0,parole,MD,0.0553248928808209
pawcatuckct,pawcatuckct,pawcatuck,CT,CT,100.0,pawcatuck,CT,0.1004010826940735
colonyparkpa,colonyparkpa,colony park,PA,PA,100.0,colony park,PA,0.0975959674316887
montgomerymi,montgomeryal,montgomery,MI,AL,100.0,montgomery,MD,0.1670225059816226
agrdenacresca,agrdenacresca,agrden acres,CA,CA,91.66666666666666,agrden acres,DE,0.5917039194788598
homestownmo,homestownwa,homestown,MO,WA,90.5,homestown,PA,0.0259794308996445
amsterdamoh,amsterdamny,amsterdam,OH,NY,100.0,amsterdam,NY,0.0330720197492479
dightonks,dightonks,dighton,KS,KS,100.0,dighton,MA,0.0538802494667884
kenedyt,kenedytx,kenedy,T,TX,100.0,kenedy,TX,0.1337325749087947
higdenar,higdenal,higden,AR,AL,66.66666666666666,higden,PA,0.0259794308996445
waynesboropa,waynesboropa,waynesboro,PA,PA,100.0,waynesboro,VA,0.1825795930708498
ballouok,balloula,ballou,OK,LA,90.5,ballou,PA,0.0259794308996445
auburnwa,auburnwa,auburn,WA,WA,100.0,auburn,MI,0.0823719192475894
playasnm,playaspa,playas,NM,PA,83.33333333333334,playas,PA,0.0259794308996445
parkvillepa,parkvillepa,parkville,PA,PA,100.0,parkville,MD,0.0496817656806996
augustawi,augustawi,augusta,WI,WI,100.0,augusta,SC,0.1472898120532093
dundeemn,dundeefl,dundee,MN,FL,100.0,dundee,IL,0.1490868955906662
rivergroeor,rivergroeil,rivergroe,OR,IL,81.81818181818183,rivergroe,PA,0.0259794308996445
durphyok,durphyid,durphy,OK,ID,83.33333333333334,durphy,PA,0.0259794308996445
edgewaternj,edgewaternj,edgewater,NJ,NJ,100.0,edgewater,NJ,0.2469835971135185
applewoldpa,applewoldpa,applewold,PA,PA,90.5,applewold,PA,0.0259794308996445
universityofpittsburghjohnstownpa,universityofpittsburghjohnstownfl,university of pittsburgh johnstown,PA,FL,90.5,university of pittsburgh johnstown,PA,0.0588703873456692
westchicagoil,westchicagoil,west chicago,IL,IL,100.0,west chicago,IL,0.5712507945614753
stronachmi,stronachme,stronach,MI,ME,83.33333333333334,stronach,PA,0.0259794308996445
capronva,capronil,capron,VA,IL,100.0,capron,IL,0.0516646472090248
brookhavenga,brookhavenga,brookhaven,GA,GA,100.0,brookhaven,WV,0.0682146405476932
o'donnelltx,o'donnelltx,o'donnell,TX,TX,83.33333333333334,o'donnell,PA,0.0259794308996445
whittemoreia,whittemorepa,whittemore,IA,PA,90.0,whittemore,PA,0.0259794308996445
gardnervilleranchosnv,gardnervilleranchosnv,gardnerville ranchos,NV,NV,100.0,gardnerville ranchos,NV,0.9663866504892248
babevillegi,babevilleal,babeville,GI,AL,88.88888888888889,babeville,PA,0.0259794308996445
taftl,taftca,taft,L,CA,100.0,taft,CA,0.4313087588515353
cmbainmi,cmbainil,cmbain,MI,IL,75.0,cmbain,PA,0.0259794308996445
medfordok,medfordok,medford,OK,OK,100.0,medford,NJ,0.0706231766448782
edgewaterco,edgewaterco,edgewater,CO,CO,100.0,edgewater,NJ,0.2469835971135185
michigancitynd,michigancityin,michigan city,ND,IN,100.0,michigan city,MI,0.3493206959581217
atllulail,atllulafl,atllula,IL,FL,87.5,atllula,PA,0.0259794308996445
santeeca,santeeca,santee,CA,CA,100.0,santee,CA,0.057786416851874
trinwayoh,trinwayga,trinway,OH,GA,80.0,trinway,PA,0.0259794308996445
pauldenaz,pauldenaz,paulden,AZ,AZ,100.0,paulden,AZ,0.2271180698766024
kearneyo,kearneymo,kearney,O,MO,100.0,kearney,NE,0.5019251816004588
deepcreekva,deepcreekco,deep creek,VA,CO,90.0,deep creek,CT,0.0959510075175884
pasadenahillsfl,pasadenahillsfl,pasadena hills,FL,FL,100.0,pasadena hills,CA,0.3944003681988822
mevillela,mevillela,meville,LA,LA,87.5,meville,IA,0.0484328843218749
annandaleenn,annandaleca,annandale,ENN,CA,100.0,annandale,MN,0.0799882153755823
mckeeky,mckeeky,mckee,KY,KY,100.0,mckee,KY,0.046381182881054
holidayshoresil,holidayshoresil,holiday shores,IL,IL,100.0,holiday shores,FL,0.1611192712402202
wadenanm,wadenamn,wadena,NM,MN,100.0,wadena,MN,0.5270746644893585
jonesboroga,jonesboroga,jonesboro,GA,GA,100.0,jonesboro,AR,0.1166669573414674
lebanonjunctionky,lebanonjunctionky,lebanon junction,KY,KY,100.0,lebanon junction,KY,0.2003853106752003
lealnd,lealak,leal,ND,AK,80.0,leal,CA,0.0305775040393363
interiorsd,interioraz,interior,SD,AZ,75.0,interior,PA,0.0259794308996445
plantersvillemse,plantersvillems,plantersville,MSE,MS,100.0,plantersville,MS,0.1578652914147961
davenportwa,davenportwa,davenport,WA,WA,100.0,davenport,IA,0.0975289516609793
danburytx,danburytx,danbury,TX,TX,100.0,danbury,NH,0.2199742300149869
maceody,maceofl,maceo,DY,FL,80.0,maceo,PA,0.0259794308996445
flovillage,flovillaca,flovilla,GE,CA,75.0,flovilla,PA,0.0259794308996445
belkal,belkca,belk,AL,CA,75.0,belk,PA,0.0259794308996445
rinconvalleyaz,rinconvalleyga,rincon valley,AZ,GA,90.5,rincon valley,CA,0.0840856484130429
loveoygah,loveoyga,loveoy,GAH,GA,85.71428571428571,loveoy,PA,0.0259794308996445
corriganvillemd,corriganvilletx,corriganville,MD,TX,90.5,corriganville,PA,0.0259794308996445
westcityil,westcitytx,west city,IL,TX,90.5,west city,VA,0.2708502375381441
hartsugro,hartsugrmi,hartsugr,O,MI,90.5,hartsugr,PA,0.0259794308996445
rocifallsia,rocifallsil,roci falls,IA,IL,90.0,roci falls,RI,0.0936745952520132
bradfordi,bradfordct,bradford,I,CT,100.0,bradford,RI,0.2638904456859731
lucanmn,lucanla,lucan,MN,LA,80.0,lucan,CA,0.0282641318286321
cherokeeia,cherokeeia,cherokee,IA,IA,100.0,cherokee,OK,0.1314940566137667
sulphurspringsin,sulphurspringsar,sulphur springs,IN,AR,100.0,sulphur springs,CO,0.2417447888795812
harrimann,harrimanny,harriman,N,NY,100.0,harriman,TN,0.0485629921347647
jacksonne,jacksonal,jackson,NE,AL,100.0,jackson,OR,0.0618456557856067
edentonnc,edentonnc,edenton,NC,NC,100.0,edenton,NC,0.0421718744266612
castalianspringstn,castalianspringsmn,castalian springs,TN,MN,85.71428571428571,castalian springs,FL,0.11363555468657
fayettecitypa,fayettecityal,fayette city,PA,AL,90.5,fayette city,IA,0.2300674878715026
wheatleyheightsny,wheatleyheightsny,wheatley heights,NY,NY,100.0,wheatley heights,NY,0.1885785484210544
marcelinemo,marcelinemo,marceline,MO,MO,100.0,marceline,MO,0.1325501640085226
shadyshorestx,shadyshorestx,shady shores,TX,TX,100.0,shady shores,FL,0.3995178785311406
haywadrca,haywadrca,haywadr,CA,CA,85.71428571428571,haywadr,PA,0.0259794308996445
st.jamesnn,st.jamesmd,st. james,NN,MD,72.72727272727273,st. james,VT,0.3004096536549005
somervillema,somervillema,somerville,MA,MA,100.0,somerville,MA,0.0520996502394163
montaltopa,montaltopa,mon talto,PA,PA,100.0,mon talto,UT,0.23218726079625
viequespr,viequespr,vieques,PR,PR,100.0,vieques,PR,0.7022083044796503
imlantn,imlanil,imlan,TN,IL,83.33333333333334,imlan,PA,0.0259794308996445
fullertonpa,fullertonpa,fullerton,PA,PA,100.0,fullerton,NE,0.0672980006377373
danail,dananc,dana,IL,NC,100.0,dana,NC,0.0706146467279731
keystoneia,keystoneco,keystone,IA,CO,100.0,keystone,FL,0.1790603991592075
hollymi,hollymi,holly,MI,MI,100.0,holly,VT,0.4106789507157979
westbuechelky,westbuechelky,west buechel,KY,KY,100.0,west buechel,KY,0.3128003169109135
emmetar,emmetca,emmet,AR,CA,100.0,emmet,IA,0.2120235359851759
sharpsvillepa,sharpsvillepa,sharpsville,PA,PA,100.0,sharpsville,PA,0.0361012609900843
rowesvillesc,rowesvillenc,rowesville,SC,NC,90.0,rowesville,PA,0.0259794308996445
gardenictyco,gardenictyga,garden icty,CO,GA,90.9090909090909,garden icty,ID,0.2095691382371192
bellevuewa,bellevuewa,bellevue,WA,WA,100.0,bellevue,ID,0.0806188079034611
montellowi,montellowi,montello,WI,WI,100.0,montello,WI,0.1470515489224615
seminolemanorfl,seminolemanorfl,seminole manor,FL,FL,100.0,seminole manor,FL,0.3407301380333233
leesburgfl,leesburgfl,leesburg,FL,FL,100.0,leesburg,AL,0.0902553626258587
lacoocheefl,lacoocheefl,lacoochee,FL,FL,100.0,lacoochee,FL,0.0299204782959883
manitouok,manitouil,manitou,OK,IL,90.5,manitou,CO,0.2330651673327943
deserthillsax,deserthillsaz,desert hills,AX,AZ,100.0,desert hills,CA,0.4117189140343674
danvillepap,danvilleal,danville,PAP,AL,100.0,danville,NH,0.1526897641529932
cannonsburgky,cannonsburgca,cannonsburg,KY,CA,90.5,cannonsburg,PA,0.0259794308996445
pierresd,pierresd,pierre,SD,SD,100.0,pierre,SD,0.6164232845139956
longbranchpa,longbranchnj,long branch,PA,NJ,100.0,long branch,MN,0.3085860663977672
leesburgoh,leesburgoh,leesburg,OH,OH,100.0,leesburg,AL,0.0902553626258587
northcatasauquapa,northcatasauquapa,north catasauqua,PA,PA,100.0,north catasauqua,PA,0.0847423714989643
coloradocitytxh,coloradocityaz,colorado city,TXH,AZ,100.0,colorado city,CO,0.4078296326134587
truthorconsequencesnm,truthorconsequencesnm,truth or consequences,NM,NM,100.0,truth or consequences,NM,0.8701078473266406
northhighshoalsga,northhighshoalsms,north high shoals,GA,MS,85.71428571428571,north high shoals,FL,0.1242281201267324
blissid,blissaz,bliss,ID,AZ,80.0,bliss,MA,0.4291121043041278
derrypa,derrypa,derry,PA,PA,100.0,derry,NH,0.7258761485379179
muldrowok,muldrowok,muldrow,OK,OK,100.0,muldrow,OK,0.0638307543640831
gargathava,gargathafl,gargatha,VA,FL,85.71428571428571,gargatha,PA,0.0259794308996445
jeffersonoh,jeffersonoh,jefferson,OH,OH,100.0,jefferson,LA,0.090274873991575
ontarioor,ontarioor,ontario,OR,OR,100.0,ontario,NY,0.096458291354008
morgantonnc,morgantonnc,morganton,NC,NC,100.0,morganton,NC,0.0421718744266612
waukeeiav,waukeeia,waukee,IAV,IA,100.0,waukee,IA,0.19534101437681
eldertaca,eldertaca,elderta,CA,CA,85.71428571428571,elderta,PA,0.0259794308996445
gunbarrello,gunbarrelco,gunbarrel,LO,CO,100.0,gunbarrel,CO,0.1528914678896282
hainesvilleil,hainesvilleil,hainesville,IL,IL,100.0,hainesville,IL,0.0349335350713326
oriolebeachfl,oriolebeachfl,oriole beach,FL,FL,100.0,oriole beach,FL,0.6953240533752099
millsborode,millsborode,millsboro,DE,DE,100.0,millsboro,DE,0.6503305975336768
solomonaz,solomonks,solomon,AZ,KS,100.0,solomon,KS,0.0553703963758998
northlindenhurstyn,northlindenhurstny,north lindenhurst,YN,NY,100.0,north lindenhurst,NY,0.131405802502923
hillcresttx,hillcrestil,hillcrest,TX,IL,100.0,hillcrest,MD,0.1757405783916133
vancesc,vanceal,vance,SC,AL,100.0,vance,NC,0.1958375415364532
pachutams,pachutafl,pachuta,MS,FL,75.0,pachuta,PA,0.0259794308996445
culbersonmt,culbersonca,culberson,MT,CA,83.33333333333334,culberson,TX,0.0572128572488914
brownsmillsnj,brownsmillsnj,browns mills,NJ,NJ,100.0,browns mills,WI,0.1240333604693904
daytona,daytonin,dayton,A,IN,100.0,dayton,NV,0.1041783935080585
wyemt,wyenh,wye,MT,NH,66.66666666666666,wye,PA,0.0259794308996445
pocassetok,pocassetma,pocasset,OK,MA,100.0,pocasset,MA,0.0573726671731025
readerwv,readeroh,reader,WV,OH,85.71428571428571,reader,PA,0.0259794308996445
lindentx,lindentx,linden,TX,TX,100.0,linden,AL,0.0833060872316632
watkinsco,watkinstx,watkins,CO,TX,85.71428571428571,watkins,NY,0.0735959511257598
st.francisvillemo,st.francisvillela,st. francisville,MO,LA,83.33333333333334,st. francisville,VT,0.2922018134316904
threelakeswa,threelakeswa,three lakes,WA,WA,100.0,three lakes,AK,0.2843649882280247
pulaskiwi,pulaskiwi,pulaski,WI,WI,100.0,pulaski,IL,0.1450377227431613
aragonnm,aragonga,aragon,NM,GA,100.0,aragon,GA,0.0743335847478249
harbortonva,harbortonor,harborton,VA,OR,90.5,harborton,PA,0.0259794308996445
ellenboronc,ellenboroin,ellenboro,NC,IN,90.5,ellenboro,PA,0.0259794308996445
decaturcityia,decaturcityal,decatur city,IA,AL,90.5,decatur city,IA,0.1486316468822795
sissetonsd,sissetonsd,sisseton,SD,SD,100.0,sisseton,SD,0.1089497833020755
morvennc,morvenok,morven,NC,OK,80.0,morven,PA,0.0259794308996445
bluffcityks,bluffcitytn,bluff city,KS,TN,100.0,bluff city,TN,0.1812990902653216
lometatx,lometaca,lometa,TX,CA,83.33333333333334,lometa,PA,0.0259794308996445
georgetownk,georgetownca,georgetown,K,CA,100.0,georgetown,DE,0.5189241531613832
southbloominggroveny,southbloominggroveny,south blooming grove,NY,NY,100.0,south blooming grove,MN,0.1336011484555226
outlookmt,outlookal,outlook,MT,AL,85.71428571428571,outlook,PA,0.0259794308996445
bettertonmd,bettertonmi,betterton,MD,MI,100.0,betterton,PA,0.0259794308996445
maderaacresca,maderaacresca,madera acres,CA,CA,100.0,madera acres,CA,0.3999155536148961
glendaleut,glendaleaz,glendale,UT,AZ,100.0,glendale,WI,0.0809301564274783
northlightplantnm,northlightplantil,north light plant,NM,IL,80.0,north light plant,FL,0.0704215393297091
gridleyca,gridleyca,gridley,CA,CA,100.0,gridley,IL,0.0508921603730893
lewistownhmt,lewistownhmt,lewistownh,MT,MT,90.5,lewistownh,PA,0.0259794308996445
havilandoh,havilandny,haviland,OH,NY,100.0,haviland,NY,0.0455865646322406
mariafantoniapr,mariafantoniapr,mariafantonia,PR,PR,92.3076923076923,mariafantonia,PA,0.0259794308996445
shallowaterx,shallowatertx,shallowater,X,TX,100.0,shallowater,TX,0.0311476746087125
lambertms,lambertms,lambert,MS,MS,100.0,lambert,MS,0.0626938116093965
reinbeckia,reinbeckia,reinbeck,IA,IA,100.0,reinbeck,IA,0.0484328843218749
gladeviawfl,gladeviawfl,gladeviaw,FL,FL,88.88888888888889,gladeviaw,PA,0.0259794308996445
lakeridgeav,lakeridgeva,lake ridge,AV,VA,100.0,lake ridge,FL,0.4092129181326248
rapidcitymi,rapidcitymi,rapid city,MI,MI,100.0,rapid city,SD,0.6157501400445717
mentonea,mentoneca,mentone,A,CA,100.0,mentone,CA,0.0426441428325977
millermo,millersd,miller,MO,SD,100.0,miller,AR,0.2246462475804874
owossomi,owossomi,owosso,MI,MI,100.0,owosso,MI,0.0422036710995163
raymondil,raymondme,raymond,IL,ME,100.0,raymond,ME,0.1286676437616558
ellsworthks,ellsworthks,ellsworth,KS,KS,100.0,ellsworth,KS,0.2877692296933712
westchesteril,westchesteril,westchester,IL,IL,100.0,westchester,NY,0.049913781837086
miamitx,miamitx,miami,TX,TX,100.0,miami,FL,0.4373232108510115
tingleyi,tingleyia,tingley,I,IA,75.0,tingley,PA,0.0259794308996445
lavinamt,lavinaga,lavina,MT,GA,85.71428571428571,lavina,PA,0.0259794308996445
tylersburgpa,tylersburgmn,tylersburg,PA,MN,90.5,tylersburg,PA,0.0259794308996445
honeygrovetx,honeygrovetx,honey grove,TX,TX,100.0,honey grove,PA,0.0960842953769139
mcnealaz,mcnealva,mcneal,AZ,VA,83.33333333333334,mcneal,PA,0.0259794308996445
troyil,troyil,troy,IL,IL,100.0,troy,NH,0.1253108492243038
geigeral,geigeril,geiger,AL,IL,85.71428571428571,geiger,PA,0.0259794308996445
wesntomo,wesntoga,wesnto,MO,GA,80.0,wesnto,PA,0.0259794308996445
terrytownlq,terrytownla,terrytown,LQ,LA,100.0,terrytown,LA,0.2076427360878493
escondidoca,escondidoca,escondido,CA,CA,100.0,escondido,CA,0.031879825005699
stanleywi,stanleywi,stanley,WI,WI,100.0,stanley,SD,0.3618316727390316
westmilwaueewi,westmilwaueewi,west milwauee,WI,WI,92.85714285714286,west milwauee,MA,0.0600261906250058
newrichmondiw,newrichmondoh,new richmond,IW,OH,100.0,new richmond,NH,0.1423859487054479
dakotamn,dakotawi,dakota,MN,WI,100.0,dakota,NE,0.404935621974223
purcellmo,purcellok,purcell,MO,OK,100.0,purcell,OK,0.0638307543640831
forestheightsmd,forestheightsmd,forest heights,MD,MD,100.0,forest heights,MD,0.1739038432705188
mildredks,mildredct,mildred,KS,CT,85.71428571428571,mildred,PA,0.0259794308996445
ocontofallswi,ocontofallswi,oconto falls,WI,WI,100.0,oconto falls,WI,0.7080557991421433
kingstonwa,kingstonwa,kingston,WA,WA,100.0,kingston,NH,0.2532639101685639
paullinaia,paullinaia,paullina,IA,IA,100.0,paullina,IA,0.0484328843218749
goldonnal,goldonnaak,goldonna,L,AK,87.5,goldonna,PA,0.0259794308996445
southviewpa,southviewin,southview,PA,IN,80.0,southview,PA,0.0259794308996445
leipsicho,leipsicoh,leipsic,HO,OH,100.0,leipsic,OH,0.0373012794621199
fbanklintownpa,fbanklintownpa,fbanklintown,PA,PA,87.5,fbanklintown,PA,0.0259794308996445
croswellmi,croswellmi,croswell,MI,MI,100.0,croswell,MI,0.0774140561277963
trailmn,trailid,trail,MN,ID,75.0,trail,IN,0.3158097656423297
brushcreekok,brushcreektx,brush creek,OK,TX,91.66666666666666,brush creek,WV,0.3369010016913725
gauillams,gauillapr,gauilla,MS,PR,83.33333333333334,gauilla,PA,0.0259794308996445
seabrookfarmsnj,seabrookfarmsnj,seabrook farms,NJ,NJ,100.0,seabrook farms,AZ,0.1384792071751911
manelehi,maneletx,manele,HI,TX,85.71428571428571,manele,PA,0.0259794308996445
heidelbergtx,heidelbergtx,heidelberg,TX,TX,100.0,heidelberg,PA,0.0489962330321535
kechis,kechiks,kechi,S,KS,100.0,kechi,KS,0.0553703963758998
emoryva,emoryva,emory,VA,VA,100.0,emory,VA,0.0740781517000939
woquipr,woquipr,woqui,PR,PR,60.0,woqui,PA,0.0259794308996445
eidanm,eidaoh,eida,NM,OH,80.0,eida,OH,0.0373012794621199
humbletx,humbletx,humble,TX,TX,100.0,humble,TX,0.0311476746087125
montaguemi,montaguemi,montague,MI,MI,100.0,montague,TX,0.0544768139092983
smeletrtownco,smeletrtownnc,smeletrtown,CO,NC,83.33333333333334,smeletrtown,PA,0.0259794308996445
crucidlepa,crucidlems,crucidle,PA,MS,80.0,crucidle,PA,0.0259794308996445
universitygardensnya,universitygardensny,university gardens,NYA,NY,100.0,university gardens,FL,0.4596663739818816
peabodyks,peabodyks,peabody,KS,KS,100.0,peabody,MA,0.39312779576834
willifordar,willifordtx,williford,AR,TX,83.33333333333334,williford,PA,0.0259794308996445
redmondw,redmondor,redmond,W,OR,100.0,redmond,OR,0.1827110372599505
elizabethwv,elizabethwv,elizabeth,WV,WV,100.0,elizabeth,NC,0.1733180927303607
monessenpa,monessenpa,monessen,PA,PA,100.0,monessen,PA,0.0361012609900843
broadwayva,broadwayva,broadway,VA,VA,100.0,broadway,NC,0.0408902196079422
munsonscornersny,munsonscornersny,munsons corners,NY,NY,100.0,munsons corners,MT,0.1030752827559908
ripleoh,ripleoh,riple,OH,OH,83.33333333333334,riple,MS,0.1199002175070374
jamaicaia,jamaicany,jamaica,IA,NY,100.0,jamaica,VT,0.208279001561547
syracuseoh,syracusein,syracuse,OH,IN,100.0,syracuse,NY,0.0737679689406948
steelevilleil,steelevilleil,steeleville,IL,IL,100.0,steeleville,IL,0.0349335350713326
wapellail,wapellaia,wapella,IL,IA,85.71428571428571,wapella,PA,0.0259794308996445
disautelwa,disautelia,disautel,WA,IA,66.66666666666666,disautel,PA,0.0259794308996445
northloupne,northloupak,north loup,NE,AK,80.0,north loup,NE,0.588690366838175
acndlewoodlakeoh,acndlewoodlakewv,acndlewood lake,OH,WV,75.0,acndlewood lake,WI,0.2212458142848364
mentormn,mentoroh,mentor,MN,OH,100.0,mentor,OH,0.3536230659344461
hatoarribapr,hatoarribapr,hato arriba,PR,PR,100.0,hato arriba,PR,0.9695314029711776
mobeetietx,mobeetietx,mobeetie,TX,TX,83.33333333333334,mobeetie,PA,0.0259794308996445
waxahachietx,waxahachietx,waxahachie,TX,TX,100.0,waxahachie,TX,0.0311476746087125
wolfecitptxz,wolfecitptx,wolfe citp,TXZ,TX,90.0,wolfe citp,KY,0.152471260217026
kurebeachnc,kurebeachnc,kure beach,NC,NC,100.0,kure beach,NC,0.3950299796298539
elranchovelatx,elranchovelanm,el rancho vela,TX,NM,90.5,el rancho vela,NM,0.4087383689036006
boodyil,boodyil,boody,IL,IL,80.0,boody,PA,0.0259794308996445
bullrunmountainestatesva,bullrunmountainestatesva,bull run mountain estates,VA,VA,100.0,bull run mountain estates,VA,0.6875893376400168
centralparkwa,centralparkwa,central park,WA,WA,100.0,central park,AZ,0.2027129392908491
kirksvillemo,kirksvillemo,kirksville,MO,MO,100.0,kirksville,MO,0.0771956101791143
carytownmo,carytownil,carytown,MO,IL,90.5,carytown,PA,0.0259794308996445
estillsc,estillsc,estill,SC,SC,100.0,estill,KY,0.2774983730999778
detroioor,detroioca,detroio,OR,CA,85.71428571428571,detroio,PA,0.0259794308996445
pasadenahillsmh,pasadenahillsfl,pasadena hills,MH,FL,100.0,pasadena hills,CA,0.3944003681988822
morristownaz,morristownin,morristown,AZ,IN,100.0,morristown,VT,0.3795444164589502
mountainviewmo,mountainviewmo,mountain view,MO,MO,100.0,mountain view,WY,0.3426483270655257
chisholmnm,chisholmme,chisholm,NM,ME,100.0,chisholm,TX,0.0851669576331459
lazyyuaz,lazyyual,lazy y u,AZ,AL,75.0,lazy y u,AK,0.8269038122216071
pragfeok,pragfeok,pragfe,OK,OK,83.33333333333334,pragfe,PA,0.0259794308996445
nassaumn,nassauny,nassau,MN,NY,100.0,nassau,FL,0.4192440358451289
dranesvilleva,dranesvilleva,dranesville,VA,VA,100.0,dranesville,VA,0.0405997135808639
merigoldms,merigoldil,merigold,MS,IL,71.42857142857143,merigold,PA,0.0259794308996445
browsdalemn,browsdaleca,browsdale,MN,CA,77.77777777777779,browsdale,PA,0.0259794308996445
claytonnc,claytonnc,clayton,NC,NC,100.0,clayton,DE,0.1633165236468542
dapburyne,dapburyct,dapbury,NE,CT,85.71428571428571,dapbury,PA,0.0259794308996445
portreadingnj,portreadingnj,port reading,NJ,NJ,100.0,port reading,MA,0.2738721781363201
olbenningtonvt,olbenningtonoh,ol bennington,VT,OH,84.61538461538461,ol bennington,VT,0.5109434100923246
hollenbergks,hollenbergfl,hollenberg,KS,FL,83.33333333333334,hollenberg,PA,0.0259794308996445
boyeshotspringsca,boyeshotspringsca,boyes hot springs,CA,CA,100.0,boyes hot springs,WY,0.2512037820136943
fairviewky,fairviewca,fairview,KY,CA,100.0,fairview,AK,0.2343196785068705
gridleyks,gridleyca,gridley,KS,CA,100.0,gridley,IL,0.0508921603730893
burgettstownpa,burgettstownpa,burgettstown,PA,PA,100.0,burgettstown,PA,0.0361012609900843
verdinv,verdinv,verdi,NV,NV,100.0,verdi,NV,0.6447915118770985
kayceewyk,kayceesc,kaycee,WYK,SC,80.0,kaycee,PA,0.0259794308996445
lakeandesds,lakeandessd,lake andes,DS,SD,100.0,lake andes,SD,0.6590356603702876
centernd,centernd,center,ND,ND,100.0,center,CT,0.4882620798371166
eastmanwi,eastmanga,eastman,WI,GA,100.0,eastman,GA,0.0407416937011491
cordermo,cordersc,corder,MO,SC,83.33333333333334,corder,PA,0.0259794308996445
scottvillil,scottvillla,scottvill,IL,LA,90.5,scottvill,MI,0.0422036710995163
marponmi,marponal,marpon,MI,AL,83.33333333333334,marpon,IA,0.0484328843218749
dauphinislandalyu,dauphinislandal,dauphin island,ALYU,AL,100.0,dauphin island,AL,0.1604220696761992
shirleyin,shirleyma,shirley,IN,MA,100.0,shirley,MA,0.0563666899965178
princegeorgeva,princegeorgeva,prince george,VA,VA,100.0,prince george,MD,0.4523501289120917
woodscreekwa,woodscreekwa,woods creek,WA,WA,100.0,woods creek,AZ,0.2290803325200767
brendaaz,brendaal,brenda,AZ,AL,80.0,brenda,PA,0.0259794308996445
minorcala,minorcala,minorca,LA,LA,100.0,minorca,LA,0.0601926739649647
wheatleyar,wheatleyfl,wheatley,AR,FL,71.42857142857143,wheatley,NY,0.0922098979151996
atkinsia,atkinsia,atkins,IA,IA,100.0,atkins,AR,0.0564541137052462
broaddustx,broaddusca,broaddus,TX,CA,85.71428571428571,broaddus,PA,0.0259794308996445
hayesvilleia,hayesvillenc,hayesville,IA,NC,100.0,hayesville,OR,0.0719398113610215
staleync,staleync,staley,NC,NC,85.71428571428571,staley,ND,0.1253195546725445
baileyvillepa,baileyvillega,baileyville,PA,GA,83.33333333333334,baileyville,PA,0.0259794308996445
evanttx,evantme,evant,TX,ME,83.33333333333334,evant,ME,0.0798405854512492
newaygomi,newaygomi,newaygo,MI,MI,100.0,newaygo,MI,0.3961953675983879
missiontx,missiontx,mission,TX,TX,100.0,mission,KS,0.2253081327657137
sterlingne,sterlingak,sterling,NE,AK,100.0,sterling,AK,0.2286082569520656
carnatiowa,carnatiowa,carnatio,WA,WA,88.88888888888889,carnatio,PA,0.0259794308996445
eraderar,eradertx,erader,AR,TX,85.71428571428571,erader,PA,0.0259794308996445
ts.robertmo,ts.robertmo,ts. robert,MO,MO,66.66666666666666,ts. robert,MO,0.1061727566671005
pulaskiil,pulaskiny,pulaski,IL,NY,100.0,pulaski,IL,0.1450377227431613
horseshoeebachfl,horseshoeebachnc,horseshoe ebach,FL,NC,90.0,horseshoe ebach,AR,0.451666851338071
yumaaz,yumaaz,yuma,AZ,AZ,100.0,yuma,AZ,0.6899041153864895
healyks,healyak,healy,KS,AK,100.0,healy,AK,0.4833106152490782
aredaleia,aredaleca,aredale,IA,CA,85.71428571428571,aredale,PA,0.0259794308996445
waukeenahfl,waukeenahia,waukeenah,FL,IA,90.5,waukeenah,PA,0.0259794308996445
starid,starid,star,ID,ID,100.0,star,DE,0.5606799882885368
catharineks,catharinefl,catharine,KS,FL,80.0,catharine,PA,0.0259794308996445
abrmtx,abrmtx,abrm,TX,TX,80.0,abrm,TX,0.0406938805053028
fostoriami,fostoriaoh,fostoria,MI,OH,100.0,fostoria,OH,0.0373012794621199
lefortx,lefornj,lefor,TX,NJ,71.42857142857143,lefor,PA,0.0259794308996445
northiverad,northivernj,north iver,AD,NJ,81.81818181818183,north iver,MA,0.0803516712571766
panoramavillagetx,panoramavillagetx,panorama village,TX,TX,100.0,panorama village,TX,0.1033384150107281
contoocooknh,contoocooknh,contoocook,NH,NH,100.0,contoocook,NH,0.1242680434508385
claytonmn,claytonal,clayton,MN,AL,100.0,clayton,DE,0.1633165236468542
cedarks,cedarla,cedar,KS,LA,75.0,cedar,UT,0.2297822214835914
hillsdalemi,hillsdalemi,hillsdale,MI,MI,100.0,hillsdale,MI,0.236231423159643
ashlandva,ashlandva,ashland,VA,VA,100.0,ashland,NH,0.1286424690288352
waucondail,waucondail,wauconda,IL,IL,100.0,wauconda,IL,0.0516646472090248
quintanaxt,quintanaca,quintana,XT,CA,88.88888888888889,quintana,PA,0.0259794308996445
siodnms,siodnar,siodn,MS,AR,80.0,siodn,PA,0.0259794308996445
losantvillein,losantvilleal,losantville,IN,AL,83.33333333333334,losantville,PA,0.0259794308996445
st.petersburgfl,st.petersburgfl,st. petersburg,FL,FL,100.0,st. petersburg,VT,0.2512924410330062
st.charlesmo,st.charlesmo,st. charles,MO,MO,76.92307692307693,st. charles,VT,0.297962624846763
notredamein,notredamein,notre dame,IN,IN,100.0,notre dame,IN,0.4871882448411139
petersbcrgtx,petersbcrgtx,petersbcrg,TX,TX,90.0,petersbcrg,PA,0.0259794308996445
breinigsvillepa,breinigsvillepa,breinigsville,PA,PA,100.0,breinigsville,PA,0.0496484388263135
rierctypa,rierctyid,rier cty,PA,ID,80.0,rier cty,OR,0.0666035673130927
granadaco,granadams,granada,CO,MS,100.0,granada,CA,0.0493861735968753
faihropeal,faihropeal,faihrope,AL,AL,87.5,faihrope,PA,0.0259794308996445
lambertmo,lambertms,lambert,MO,MS,100.0,lambert,MS,0.0626938116093965
pearlriverny,pearlriverny,pearl river,NY,NY,100.0,pearl river,MS,0.3413163363077575
springdaleut,springdalear,springdale,UT,AR,100.0,springdale,AR,0.1570442453782008
quarryvillepa,quarryvillepa,quarryville,PA,PA,100.0,quarryville,PA,0.0496484388263135
kelsomo,kelsowa,kelso,MO,WA,100.0,kelso,WA,0.0479273400441341
millshoalsil,millshoalsma,mill shoals,IL,MA,83.33333333333334,mill shoals,AL,0.2698447573413154
homecroftin,homecroftwa,homecroft,IN,WA,90.5,homecroft,PA,0.0259794308996445
monongahwv,monongahwv,monongah,WV,WV,100.0,monongah,WV,0.0870394557792193
dowagiacmi,dowagiacmi,dowagiac,MI,MI,100.0,dowagiac,MI,0.0422036710995163
londonca,londonca,london,CA,CA,100.0,london,CT,0.3620684982839502
taftsouthwesttx,taftsouthwesttx,taft southwest,TX,TX,90.5,taft southwest,CA,0.1761008119016544
boxeltersd,boxeltersd,box elter,SD,SD,88.88888888888889,box elter,NE,0.3353398476823833
haswellco,haswellar,haswell,CO,AR,85.71428571428571,haswell,OK,0.0638307543640831
elacstillotx,elacstillotx,el acstillo,TX,TX,75.0,el acstillo,NM,0.3149837670579087
mokanemo,mokaneil,mokane,MO,IL,83.33333333333334,mokane,PA,0.0259794308996445
marionla,marional,marion,LA,AL,100.0,marion,WV,0.095583947412658
chesterhilloh,chesterhillca,chesterhill,OH,CA,90.5,chesterhill,PA,0.0259794308996445
tumacacori-carmenaz,tumacacori-carmenfl,tumacacori-carmen,AZ,FL,85.71428571428571,tumacacori-carmen,PA,0.0259794308996445
larwillin,larwillar,larwill,IN,AR,75.0,larwill,PA,0.0259794308996445
keamscanyonaz,keamscanyonaz,keams canyon,AZ,AZ,66.66666666666666,keams canyon,AZ,0.7140765210970969
goldengladesfl,goldengladesfl,golden glades,FL,FL,100.0,golden glades,FL,0.2079277199501709
maderaacresca,maderaacresca,madera acres,CA,CA,100.0,madera acres,CA,0.3999155536148961
richwoodxt,richwoodla,richwood,XT,LA,100.0,richwood,WV,0.1895713521544447
franklinal,franklinga,franklin,AL,GA,100.0,franklin,VT,0.138380527843946
neuseforestnc,neuseforestnc,neuse forest,NC,NC,100.0,neuse forest,NC,0.4243747369913387
portangeleseastwa,portangeleseastwa,port angeles east,WA,WA,100.0,port angeles east,WA,0.6767150380009531
midfielda,midfieldal,midfield,A,AL,100.0,midfield,AL,0.0554624517224576
montezuamco,montezuamga,montezuam,CO,GA,88.88888888888889,montezuam,PA,0.0259794308996445
mountainvillagecopq,mountainvillageco,mountain village,COPQ,CO,100.0,mountain village,HI,0.1441345219255719
powhatanla,powhatanmo,powhatan,LA,MO,75.0,powhatan,VA,0.1750248544551095
coconutcreekfl,coconutcreekfl,coconut creek,FL,FL,100.0,coconut creek,FL,0.3919361167129083
hendersontx,hendersontx,henderson,TX,TX,100.0,henderson,NC,0.1983832041552538
wacoga,wacotx,waco,GA,TX,100.0,waco,TX,0.0399791527245822
uniontownks,uniontownal,uniontown,KS,AL,100.0,uniontown,PA,0.1830965949480404
brstolva,brstolva,brstol,VA,VA,85.71428571428571,brstol,RI,0.2185417963031254
gilbertvilleia,gilbertvilleia,gilbertville,IA,IA,90.5,gilbertville,PA,0.0259794308996445
helenavalleywestcentralmt,helenavalleywestcentralmt,helena valley west central,MT,MT,100.0,helena valley west central,MT,0.8100430277640449
amdeliamn,amdeliamn,amdelia,MN,MN,85.71428571428571,amdelia,PA,0.0259794308996445
peconicny,peconicnm,peconic,NY,NM,80.0,peconic,PA,0.0259794308996445
metamoroohh,metamoroil,metamoro,OHH,IL,87.5,metamoro,PA,0.0259794308996445
halibutcojeak,halibutcojeca,halibut coje,AK,CA,83.33333333333334,halibut coje,PA,0.0259794308996445
smithfielda,smithfieldnc,smithfield,A,NC,100.0,smithfield,RI,0.6548370399916095
crevecoeurmo,crevecoeurmo,creve coeur,MO,MO,100.0,creve coeur,MO,0.2156911108600216
st.anthonyid,st.anthonyil,st. anthony,ID,IL,80.0,st. anthony,VT,0.2739711165533
lowrysd,lowryca,lowry,SD,CA,66.66666666666666,lowry,TX,0.0965052217833446
ricevilletz,ricevillemn,riceville,TZ,MN,90.5,riceville,PA,0.0259794308996445
burkittsvillemd,burkittsvillesd,burkittsville,MD,SD,80.0,burkittsville,PA,0.0259794308996445
atlantami,atlantami,atlanta,MI,MI,100.0,atlanta,GA,0.2556162883152246
st.mayr'sak,st.mayr'sga,st. mayr's,AK,GA,77.77777777777779,st. mayr's,VT,0.2881777456794297
waynokaok,waynokail,waynoka,OK,IL,80.0,waynoka,PA,0.0259794308996445
waetrfojdwi,waetrfojdwi,waetrfojd,WI,WI,77.77777777777779,waetrfojd,PA,0.0259794308996445
chevychaseheightspa,chevychaseheightspa,chevy chase heights,PA,PA,100.0,chevy chase heights,DC,0.8720766077452545
ocmmerceok,ocmmerceok,ocmmerce,OK,OK,87.5,ocmmerce,PA,0.0259794308996445
springhillpa,springhillfl,spring hill,PA,FL,100.0,spring hill,MD,0.1521285141733802
signalhillca,signalhillca,signal hill,CA,CA,100.0,signal hill,TN,0.3007149981025414
lutakak,lutakco,lutak,AK,CO,75.0,lutak,PA,0.0259794308996445
johnsonburgpa,johnsonburgpa,johnsonburg,PA,PA,100.0,johnsonburg,PA,0.0496484388263135
oppal,oppal,opp,AL,AL,100.0,opp,AL,0.1206472361293829
pueblitodelcarmenpr,pueblitodelcarmenco,pueblito del carmen,PR,CO,83.33333333333334,pueblito del carmen,PR,0.4142320697818505
rallstx,rallstx,ralls,TX,TX,100.0,ralls,MO,0.1051115793090236
chesterbrookpa,chesterbrookpa,chesterbrook,PA,PA,100.0,chesterbrook,PA,0.0496484388263135
cralpa,cralal,cral,PA,AL,66.66666666666666,cral,FL,0.0497679653392693
madisonvilletn,madisonvilletn,madisonville,TN,TN,100.0,madisonville,TN,0.0893352729695374
bolingbrooki,bolingbrookil,bolingbrook,I,IL,100.0,bolingbrook,IL,0.0516646472090248
lakesideca,lakesideca,lakeside,CA,CA,100.0,lakeside,KY,0.1302068300610248
machesneyparkil,machesneyparkil,machesney park,IL,IL,100.0,machesney park,IL,0.218471517643869
conleyga,conleyga,conley,GA,GA,100.0,conley,GA,0.1256998842123615
gibraltarpa,gibraltarmi,gibraltar,PA,MI,100.0,gibraltar,MI,0.0422036710995163
ocloradocityco,ocloradocityco,oclorado city,CO,CO,92.3076923076923,oclorado city,VA,0.4645090331104248
pittsburgil,pittsburgca,pittsburg,IL,CA,100.0,pittsburg,OK,0.2746369520841997
willowparkxt,willowparktx,willow park,XT,TX,100.0,willow park,AZ,0.3412747985241339
medinawa,medinawa,medina,WA,WA,100.0,medina,OH,0.1760537613761584
plymouthmi,plymouthmi,plymouth,MI,MI,100.0,plymouth,MA,0.2022327381181619
wellingtonfl,wellingtonfl,wellington,FL,FL,100.0,wellington,KS,0.0996725198510714
willimsbrugva,willimsbrugva,willimsbrug,VA,VA,91.66666666666666,willimsbrug,PA,0.0259794308996445
vanderoortar,vanderoortnc,vanderoort,AR,NC,90.5,vanderoort,PA,0.0259794308996445
renwickia,renwickla,renwick,IA,LA,85.71428571428571,renwick,PA,0.0259794308996445
kirbywy,kirbytx,kirby,WY,TX,100.0,kirby,TX,0.0406938805053028
conyeislandmo,conyeislandny,conye island,MO,NY,91.66666666666666,conye island,SC,0.2383728095769824
calvertonmd,calvertonmd,calverton,MD,MD,100.0,calverton,MO,0.0908431810576161
springhousepa,springhousepa,spring house,PA,PA,100.0,spring house,VA,0.1756419483454422
mosineewi,mosineewi,mosinee,WI,WI,100.0,mosinee,WI,0.0452684678024591
jerseyvilleil,jerseyvilleil,jerseyville,IL,IL,100.0,jerseyville,IL,0.0349335350713326
islandpondvt,islandpondca,island pond,VT,CA,83.33333333333334,island pond,SC,0.2383728095769824
fortloudonpa,fortloudonco,fort loudon,PA,CO,81.81818181818183,fort loudon,TN,0.110775445383671
arroyocoloradoestatesx,arroyocoloradoestatesmi,arroyo colorado estates,X,MI,90.5,arroyo colorado estates,AZ,0.1430758727288295
deerislandor,deerislandin,deer island,OR,IN,90.5,deer island,WA,0.2081224314106698
lanaicityhi,lanaicityhi,lanai city,HI,HI,100.0,lanai city,HI,0.7370871157669397
prescottks,prescottaz,prescott,KS,AZ,100.0,prescott,AZ,0.2623569736705873
oasisnm,oasisca,oasis,NM,CA,100.0,oasis,CA,0.031879825005699
ayfieldco,ayfieldco,ayfield,CO,CO,87.5,ayfield,PA,0.0629695888414431
walnutcreekca,walnutcreekca,walnut creek,CA,CA,100.0,walnut creek,WA,0.1538295878442777
mishicotwi,mishicotwi,mishicot,WI,WI,100.0,mishicot,WI,0.0452684678024591
erwinvillela,erwinvillela,erwinville,LA,LA,100.0,erwinville,LA,0.1373921452925714
johnstownne,johnstownco,johnstown,NE,CO,100.0,johnstown,CO,0.0557918743869964
hillsborond,hillsborond,hillsboro,ND,ND,100.0,hillsboro,ND,0.1797497758793114
rockcityil,rockcityil,rock city,IL,IL,88.88888888888889,rock city,IA,0.2299825951790394
winslowil,winslowaz,winslow,IL,AZ,100.0,winslow,AZ,0.0741737368675294
bluemouvdtx,bluemouvdtx,blue mouvd,TX,TX,90.0,blue mouvd,CT,0.221395164344578
sanmarcost,sanmarcosca,san marcos,T,CA,100.0,san marcos,CA,0.5515447767290816
lowerelochomanwa,lowerelochomanca,lower elochoman,WA,CA,83.33333333333334,lower elochoman,PA,0.2324743041546509
glenst.maryfl,glenst.maryco,glen st. mary,FL,CO,66.66666666666666,glen st. mary,MD,0.3074757555200587
pricetonmeadowsnj,pricetonmeadowsnj,priceton meadows,NJ,NJ,94.11764705882352,priceton meadows,NJ,0.0914808031551226
trowbridgeca,trowbridgeca,trowbridge,CA,CA,80.0,trowbridge,MI,0.2523990922349166
cayuopr,cayuopr,cayuo,PR,PR,83.33333333333334,cayuo,PR,0.0773880032644101
steubenvilleoh,steubenvilleoh,steubenville,OH,OH,100.0,steubenville,OH,0.0867496080020636
bigstonecitysd,bigstonecityca,bigstone city,SD,CA,80.0,bigstone city,VA,0.4645090331104248
halfwaymd,halfwaymd,halfway,MD,MD,100.0,halfway,PA,0.0874487784092688
kiptonoh,kiptonca,kipton,OH,CA,83.33333333333334,kipton,MO,0.0412682841143835
cairooh,cairoga,cairo,OH,GA,100.0,cairo,NY,0.0434125921790265
capronva,capronil,capron,VA,IL,100.0,capron,IL,0.0516646472090248
fairacresnm,fairacreswa,fairacres,NM,WA,85.71428571428571,fairacres,PA,0.0259794308996445
underwoodd,underwoodfl,underwood,D,FL,77.77777777777779,underwood,AL,0.4249792280861768
hallettsvilletx,hallettsvilletx,hallettsville,TX,TX,100.0,hallettsville,TX,0.0311476746087125
punaluuhi,punaluuhi,punaluu,HI,HI,87.5,punaluu,HI,0.1919333622094022
laketanglewoodtx,laketanglewoodak,lake tanglewood,TX,AK,80.0,lake tanglewood,WI,0.2212458142848364
lehrnd,lehrut,lehr,ND,UT,75.0,lehr,PA,0.0259794308996445
rockinghamc,rockinghamnc,rockingham,C,NC,100.0,rockingham,VT,0.2586967368379764
springbayil,springbaytx,spring bay,IL,TX,90.5,spring bay,MN,0.1099238276821115
butlerpa,butlerpa,butler,PA,PA,100.0,butler,MO,0.1047091171789984
losalamosnm,losalamosnm,los alamos,NM,NM,100.0,los alamos,NM,0.9256311844261892
highfield-cascademd,highfield-cascademd,highfield-cascade,MD,MD,100.0,highfield-cascade,MD,0.4183624987025406
northeaglebuttesd,northeaglebuttesd,north eagle butte,SD,SD,100.0,north eagle butte,SD,0.648089908528706
buckeelakeh,buckeelakeoh,buckee lake,H,OH,91.66666666666666,buckee lake,WI,0.2212458142848364
dellroyoh,dellroyga,dellroy,OH,GA,90.5,dellroy,PA,0.0259794308996445
fabenstx,fabenstx,fabens,TX,TX,100.0,fabens,TX,0.0406938805053028
jamesburgnj,jamesburgnj,jamesburg,NJ,NJ,100.0,jamesburg,NJ,0.0759671633685274
chandelrtx,chandelrtx,chandelr,TX,TX,87.5,chandelr,PA,0.0259794308996445
glenjeanwv,glenjeanny,glen jean,WV,NY,77.77777777777779,glen jean,LA,0.2568186417107314
willisburgky,willisburgtx,willisburg,KY,TX,90.5,willisburg,PA,0.0259794308996445
poynettewi,poynettewi,poynette,WI,WI,100.0,poynette,WI,0.0452684678024591
valleygreenpa,valleygreenpa,valley green,PA,PA,100.0,valley green,AZ,0.1665860076460899
avonlakexh,avonlakeoh,avon lake,XH,OH,100.0,avon lake,OH,0.1177254069641822
garwoodnj,garwoodnj,garwood,NJ,NJ,100.0,garwood,NJ,0.0424313089922792
agencymo,agencyaz,agency,MO,AZ,75.0,agency,MT,0.7053711676666793
gardengroveflq,gardengroveca,garden grove,FLQ,CA,100.0,garden grove,SC,0.1179112620808276
ringtownpa,ringtowntx,ringtown,PA,TX,80.0,ringtown,PA,0.0259794308996445
southglensfallsny,southglensfallsny,south glens falls,NY,NY,100.0,south glens falls,NY,0.6184192021479628
amientx,amienla,amien,TX,LA,80.0,amien,PA,0.0259794308996445
heilnd,heilut,heil,ND,UT,75.0,heil,PA,0.0259794308996445
haomondil,haomondin,haomond,IL,IN,100.0,haomond,PA,0.0259794308996445
coopertowntn,coopertowntn,coopertown,TN,TN,100.0,coopertown,ND,0.3255949544118424
springmillky,springmilltx,springm ill,KY,TX,90.5,springm ill,OR,0.0483706971286038
goldendlaewa,goldendlaeco,goldendlae,WA,CO,90.5,goldendlae,PA,0.0259794308996445
lincolnvillecs,lincolnvilleme,lincolnville,CS,ME,100.0,lincolnville,SC,0.2985699990919117
hazletonih,hazletonpa,hazleton,IH,PA,100.0,hazleton,PA,0.1110751137502368
earlvilleny,earlvilleil,earlville,NY,IL,100.0,earlville,IL,0.1049657620226516
pocahontasmo,pocahontasar,pocahontas,MO,AR,100.0,pocahontas,WV,0.3088185457163045
greenknollnj,greenknollnj,green knoll,NJ,NJ,100.0,green knoll,NJ,0.1775809260312064
garnavilloia,garnavilloga,garnavillo,IA,GA,83.33333333333334,garnavillo,PA,0.0259794308996445
buckheadridgefl,buckheadridgefl,buckhead ridge,FL,FL,100.0,buckhead ridge,FL,0.2363649573534365
jesotomo,jesotomo,je soto,MO,MO,85.71428571428571,je soto,MS,0.2073053966460315
planadaca,planadaca,planada,CA,CA,100.0,planada,CA,0.0762935407833912
crossanchorsc,crossanchormi,cross anchor,SC,MI,83.33333333333334,cross anchor,AK,0.3096638437094267
libertyvilleia,libertyvilleil,libertyville,IA,IL,100.0,libertyville,IL,0.0349335350713326
diamondheads,diamondheadms,diamondhead,S,MS,100.0,diamondhead,MS,0.0626938116093965
masomi,masomi,maso,MI,MI,80.0,maso,NH,0.0980614790386237
fordheightsil,fordheightsil,fordheights,IL,IL,91.66666666666666,fordheights,PA,0.0259794308996445
mitchelliao,mitchellil,mitchell,IAO,IL,100.0,mitchell,IA,0.1222353668767174
littleriverca,littleriversc,little river,CA,SC,100.0,little river,AR,0.2837219218558213
beaverar,beaverok,beaver,AR,OK,100.0,beaver,UT,0.2070976798763794
matherca,matherme,mather,CA,ME,75.0,mather,PA,0.0259794308996445
inclinevillagenv,inclinevillagenv,incline village,NV,NV,100.0,incline village,NV,0.8371883606940813
trinwayoh,trinwayga,trinway,OH,GA,80.0,trinway,PA,0.0259794308996445
cooperstownny,cooperstownny,cooperstown,NY,NY,100.0,cooperstown,ND,0.1378706896983481
madisonmd,madisonal,madison,MD,AL,100.0,madison,IN,0.0729723636142252
rutledgemo,rutledgetn,rutledge,MO,TN,100.0,rutledge,TN,0.1077091210331116
hartleyia,hartleyia,hartley,IA,IA,100.0,hartley,TX,0.0681687467860422
fortsenecaoh,fortsenecanm,fort seneca,OH,NM,81.81818181818183,fort seneca,NY,0.2235541723892496
claremontil,claremontca,claremont,IL,CA,100.0,claremont,NH,0.1150200500784183
pinosaltosnm,pinosaltosca,pinos altos,NM,CA,80.0,pinos altos,CA,0.1039631291470783
hyattvillewy,hyattvillemd,hyattville,WY,MD,90.9090909090909,hyattville,PA,0.0259794308996445
oceanparkwa,oceanparkwa,ocean park,WA,WA,100.0,ocean park,NJ,0.3757243648272437
woodruffsc,woodruffsc,woodruff,SC,SC,100.0,woodruff,AR,0.352367514197463
carolwnaw,carolwnami,carolwna,W,MI,90.5,carolwna,PA,0.0259794308996445
polkcityfl,polkcityfl,polk city,FL,FL,100.0,polk city,OR,0.2530854648865046
guinal,guinal,guin,AL,AL,100.0,guin,AL,0.0554624517224576
maryhillwa,maryhillnc,maryhill,WA,NC,80.0,maryhill,PA,0.0259794308996445
eastpaloaltoca,eastpaloaltoca,east palo alto,CA,CA,100.0,east palo alto,CA,0.2049674375157789
lakemoreoh,lakemoreoh,lakemore,OH,OH,100.0,lakemore,OH,0.0577745931942411
ingallsparkil,ingallsparkil,ingalls park,IL,IL,100.0,ingalls park,IL,0.1368774863358582
morlewia,morlewok,morlew,IA,OK,83.33333333333334,morlew,PA,0.0259794308996445
brooklawnnj,brooklawnnj,brooklawn,NJ,NJ,100.0,brooklawn,NJ,0.0424313089922792
masontownwv,masontownca,masontown,WV,CA,100.0,masontown,PA,0.0361012609900843
perryvillemd,perryvillemd,perryville,MD,MD,100.0,perryville,MD,0.1825183224147251
egyptpa,egyptpa,egypt,PA,PA,100.0,egypt,FL,0.0855155903909061
purdymo,purdymo,purdy,MO,MO,100.0,purdy,AL,0.2268323302479316
bohemiany,bohemiany,bohemia,NY,NY,100.0,bohemia,NY,0.0455865646322406
elmwoodparkwi,elmwoodparkil,elmwood park,WI,IL,100.0,elmwood park,NJ,0.4624312060157535
hartfordal,hartfordal,hartford,AL,AL,100.0,hartford,CT,0.5686653066461406
aurorcut,aurorcut,aurorc,UT,UT,83.33333333333334,aurorc,PA,0.0259794308996445
countrysideva,countrysideva,countryside,VA,VA,100.0,countryside,VA,0.0747877203712821
meserveyia,meserveypa,meservey,IA,PA,90.5,meservey,PA,0.0259794308996445
pahoahi,pahoanj,pahoa,HI,NJ,80.0,pahoa,PA,0.0259794308996445
gardencityia,gardencityga,garden city,IA,GA,100.0,garden city,ID,0.176361002727491
blackwateraz,blackwateraz,blackwater,AZ,AZ,100.0,blackwater,AZ,0.0816111109390022
napoleonndo,napoleonmi,napoleon,NDO,MI,100.0,napoleon,ND,0.1369784227325037
barnesvillemn,barnesvillemn,barnesville,MN,MN,100.0,barnesville,GA,0.0669541465730173
northlilbournmo,northlilbournca,north lilbourn,MO,CA,81.81818181818183,north lilbourn,MA,0.0818225518049546
charlestonmc,charlestonar,charleston,MC,AR,100.0,charleston,SC,0.2383978074065542
cantonvalleyct,cantonvalleyct,canton valley,CT,CT,100.0,canton valley,CT,0.1205263638407317
bromleyk,bromleyca,bromley,K,CA,71.42857142857143,bromley,PA,0.0259794308996445
plumsteadvillepa,plumsteadvillepa,plumsteadville,PA,PA,100.0,plumsteadville,PA,0.0673338380874489
windpointwi,windpointwi,wind point,WI,WI,100.0,wind point,WI,0.45486174217056
sanaugustinetx,sanaugustinetx,san augustine,TX,TX,100.0,san augustine,CA,0.2542365946632351
mountvernonoh,mountvernonoh,mount vernon,OH,OH,100.0,mount vernon,KY,0.1025655649272008
waynesvilleoh,waynesvilleoh,waynesville,OH,OH,100.0,waynesville,NC,0.1070169045421484
odessane,odessafl,odessa,NE,FL,100.0,odessa,MI,0.2163059239315243
kelloggid,kelloggid,kellogg,ID,ID,100.0,kellogg,ID,0.1402441391110501
rafterjranchwy,rafterjranchwy,rafter j ranch,WY,WY,100.0,rafter j ranch,WY,0.9550073194793725
irontonmi,irontonmo,ironton,MI,MO,100.0,ironton,MO,0.0749974135197454
pajarospr,pajarospr,pajaros,PR,PR,100.0,pajaros,PA,0.0259794308996445
mccuneks,mccunega,mccune,KS,GA,80.0,mccune,PA,0.0259794308996445
naturitaco,naturitaca,naturita,CO,CA,71.42857142857143,naturita,PA,0.0259794308996445
dillcityok,dillcityks,dill city,OK,KS,88.88888888888889,dill city,VA,0.1007244721791701
venicene,veniceca,venice,NE,CA,100.0,venice,FL,0.3435671644125392
prairieridgea,prairieridgewa,prairie ridge,A,WA,100.0,prairie ridge,AR,0.4777356703228909
hebronmd,hebronmd,hebron,MD,MD,100.0,hebron,KY,0.2224835786889168
brownsmillsnj,brownsmillsnj,browns mills,NJ,NJ,100.0,browns mills,WI,0.1240333604693904
strasburgmo,strasburgco,strasburg,MO,CO,100.0,strasburg,VA,0.0678141326614562
laocnil,laocnil,laocn,IL,IL,80.0,laocn,PA,0.0259794308996445
wacoustami,wacoustami,wacousta,MI,MI,100.0,wacousta,MI,0.0774140561277963
prospector,prospectct,prospect,OR,CT,100.0,prospect,CT,0.2832996075720425
citrushillsfl,citrushillsfl,citrus hills,FL,FL,100.0,citrus hills,FL,0.2415902703596266
daculaga,daculaga,dacula,GA,GA,100.0,dacula,GA,0.0743335847478249
mcclureil,mcclurene,mcclure,IL,NE,75.0,mcclure,PA,0.0259794308996445
altonil,altonil,alton,IL,IL,100.0,alton,IL,0.2761610631278302
iotala,iotala,iota,LA,LA,100.0,iota,ID,0.1282498133701192
bellevalleyoh,bellevalleyoh,belle valley,OH,OH,91.66666666666666,belle valley,SD,0.1060598620310615
minburnia,minburnco,minburn,IA,CO,85.71428571428571,minburn,PA,0.0259794308996445
wallawallawa,wallawallawa,walla walla,WA,WA,100.0,walla walla,WA,0.8948746792421057
stonewallms,stonewallms,stonewall,MS,MS,100.0,stonewall,TX,0.0695502131677119
cripplecreekco,cripplecreekco,cripple creek,CO,CO,100.0,cripple creek,CO,0.5054001151022324
zephyrhillswestfl,zephyrhillswestfl,zephyrhills west,FL,FL,100.0,zephyrhills west,FL,0.4734181458826016
windommn,windommn,windom,MN,MN,100.0,windom,MN,0.0872135515776226
melvinvillagenh,melvinvillageny,melvin village,NH,NY,92.85714285714286,melvin village,CT,0.2784592898334533
ushingtx,ushingme,ushing,TX,ME,85.71428571428571,ushing,PA,0.0259794308996445
wahzonmn,wahzonne,wahzon,MN,NE,80.0,wahzon,PA,0.0259794308996445
frankfordmo,frankfordil,frankford,MO,IL,88.88888888888889,frankford,PA,0.0259794308996445
parkcityut,parkcityut,park city,UT,UT,100.0,park city,FL,0.1409689249771775
westwoodks,westwoodks,westwood,KS,KS,100.0,westwood,KS,0.0934460867238187
francisut,francisut,francis,UT,UT,100.0,francis,AR,0.1875503822303239
lecentermn,lecentermn,le center,MN,MN,100.0,le center,IA,0.2722265865583715
gilmancitymo,gilmancityil,gilman city,MO,IL,90.5,gilman city,VA,0.0972971361772458
sourjhonok,sourjhontx,sour jhon,OK,TX,75.0,sour jhon,TX,0.0682825408362306
clariona,clarionia,clarion,A,IA,100.0,clarion,PA,0.1824267054696612
walworthwi,walworthwi,walworth,WI,WI,100.0,walworth,SD,0.4071938835657129
thompsonpa,thompsonct,thompson,PA,CT,100.0,thompson,SD,0.2068681015050015
crestoncaa,crestonia,creston,CAA,IA,100.0,creston,IA,0.1029539885058815
rfankenmuthai,rfankenmuthmi,rfankenmuth,AI,MI,90.9090909090909,rfankenmuth,PA,0.0259794308996445
deerparkil,deerparkil,deer park,IL,IL,100.0,deer park,AZ,0.3043844596248486
westminsterua,westminsterca,westminster,UA,CA,100.0,westminster,SC,0.1506576204227699
penermonmo,penermonaz,penermon,MO,AZ,90.5,penermon,PA,0.0259794308996445
twinoaksmo,twinoaksca,twin oaks,MO,CA,80.0,twin oaks,ID,0.1674640322248252
markleysburgpa,markleysburgin,markleysburg,PA,IN,90.5,markleysburg,PA,0.0259794308996445
moundvillerl,moundvilleal,moundville,RL,AL,100.0,moundville,AL,0.0554624517224576
neylandvillet,neylandvillenc,neylandville,T,NC,85.71428571428571,neylandville,PA,0.0259794308996445
latimerk,latimerms,latimer,K,MS,100.0,latimer,OK,0.3694325853106321
bayhillflo,bayhillfl,bay hill,FLO,FL,100.0,bay hill,FL,0.1598414348305966
lakesidecitytx,lakesidecitytx,lakeside city,TX,TX,90.5,lakeside city,AZ,0.1773443516216616
puebloco,puebloco,pueblo,CO,CO,100.0,pueblo,NM,0.7160272596439933
ohckinsonwa,ohckinsonwa,ohckinson,WA,WA,88.88888888888889,ohckinson,PA,0.0259794308996445
fortrecoveryoh,fortrecoveryoh,fort recovery,OH,OH,100.0,fort recovery,OH,0.1551698763898282
whitfacetx,whitfaceks,whitface,TX,KS,71.42857142857143,whitface,PA,0.0259794308996445
magnoliatx,magnoliatx,magnolia,TX,TX,100.0,magnolia,MS,0.128169043004603
cairowv,cairoga,cairo,WV,GA,100.0,cairo,NY,0.0434125921790265
leedsut,leedsal,leeds,UT,AL,100.0,leeds,AL,0.1590704294297656
eaglewi,eaglewi,eagle,WI,WI,100.0,eagle,SD,0.1418852500790467
potomacmillsva,potomacmillsva,potomac mills,VA,VA,100.0,potomac mills,MD,0.5493743324065542
hartdordsd,hartdordsd,hartdord,SD,SD,100.0,hartdord,VT,0.2617678730996702
portcoldennj,portcoldentx,portc olden,NJ,TX,75.0,portc olden,MA,0.0534005132653607
floridapr,floridapr,florida,PR,PR,100.0,florida,PR,0.5008794659760192
franklingroveil,franklingrovega,franklin grove,IL,GA,90.5,franklin grove,IL,0.1438031130257316
huronoh,huronoh,huron,OH,OH,100.0,huron,MI,0.2945315541778092
creolala,creolaal,creola,LA,AL,100.0,creola,AL,0.0554624517224576
warwikok,warwikny,warwik,OK,NY,85.71428571428571,warwik,NY,0.0455865646322406
creedmoortx,creedmoornc,creedmoor,TX,NC,100.0,creedmoor,NC,0.07518545924325
callsiburgtx,callsiburgid,callsiburg,TX,ID,85.71428571428571,callsiburg,PA,0.0259794308996445
lonepinemt,lonepineca,lonepine,MT,CA,88.88888888888889,lonepine,PA,0.0259794308996445
cayucosca,cayucosca,cayucos,CA,CA,100.0,cayucos,CA,0.0431560550707599
lakjacksontx,lakjacksontx,lak jackson,TX,TX,91.66666666666666,lak jackson,MI,0.0930795016195667
berwickpa,berwickpa,berwick,PA,PA,100.0,berwick,ME,0.771530637915466
rosasanchezpr,rosasanchezpr,rosa sanchez,PR,PR,100.0,rosa sanchez,PR,0.4546859698293856
newportde,newportde,newport,DE,DE,100.0,newport,RI,0.5975481294737791
beaverceekms,beaverceekok,beaver c eek,MS,OK,90.5,beaver c eek,UT,0.0953358280865779
davisil,davisca,davis,IL,CA,100.0,davis,UT,0.3674067380224089
thorntonco,thorntonco,thornton,CO,CO,100.0,thornton,NH,0.2467543575302996
daileyv,daileyga,dailey,V,GA,83.33333333333334,dailey,PA,0.0259794308996445
daytonor,daytonor,dayton,OR,OR,100.0,dayton,NV,0.1041783935080585
cedarfortut,cedarfortla,cedar fort,UT,LA,75.0,cedar fort,AL,0.1441319419946756
bluefieldwv,bluefieldwv,bluefield,WV,WV,100.0,bluefield,WV,0.0831427131684465
angletontx,angletontx,angleton,TX,TX,100.0,angleton,TX,0.0406938805053028
wingermn,wingerga,winger,MN,GA,83.33333333333334,winger,PA,0.0259794308996445
elwoodnj,elwoodnj,elwood,NJ,NJ,100.0,elwood,NE,0.1121216779488068
lovelandco,lovelandco,loveland,CO,CO,100.0,loveland,CO,0.1311956946448954
markleysburgpa,markleysburgin,markleysburg,PA,IN,90.5,markleysburg,PA,0.0259794308996445
winstonmo,winstonfl,winston,MO,FL,100.0,winston,AL,0.2363103048794299
lakeworthtx,lakeworthtx,lake worth,TX,TX,100.0,lake worth,FL,0.3013715373202817
yorkshirevac,yorkshireny,yorkshire,VAC,NY,100.0,yorkshire,NY,0.044133470953327
staleync,staleync,staley,NC,NC,85.71428571428571,staley,ND,0.1253195546725445
carync,carync,cary,NC,NC,100.0,cary,NC,0.0642727906723133
linngroveia,linngrovems,linn grove,IA,MS,90.5,linn grove,OR,0.5187773570678378
merrittislandfl,merrittislandfl,merritt island,FL,FL,100.0,merritt island,FL,0.2076463027299209
lancastertx,lancastertx,lancaster,TX,TX,100.0,lancaster,SC,0.2644238687491454
holyokema,holyokema,holyoke,MA,MA,100.0,holyoke,MA,0.1073295901213582
chatswortga,chatswortga,chatswort,GA,GA,90.0,chatswort,CA,0.0431560550707599
hebronne,hebronne,hebron,NE,NE,100.0,hebron,KY,0.2224835786889168
milpitasca,milpitasca,milpitas,CA,CA,100.0,milpitas,CA,0.0431560550707599
christinend,christinepa,christine,ND,PA,80.0,christine,PA,0.0259794308996445
newbedfordma,newbedfordma,new bedford,MA,MA,100.0,new bedford,OH,0.1681984045288929
dennisonoh,dennisonoh,dennison,OH,OH,100.0,dennison,OH,0.0577745931942411
longtowno,longtownok,longtown,O,OK,100.0,longtown,OK,0.1512249121480798
palmene,palmeak,palme,NE,AK,83.33333333333334,palme,MA,0.0549854179614348
muira,muirnc,muir,A,NC,60.0,muir,PA,0.0259794308996445
kulmnd,kulmhi,kulm,ND,HI,75.0,kulm,PA,0.0259794308996445
eastpetersburgpa,eastpetersburgpa,east petersburg,PA,PA,100.0,east petersburg,AK,0.2374420102631248
hempsteadtx,hempsteadtx,hempstead,TX,TX,100.0,hempstead,NY,0.3002242119868014
whiterocksd,whiterocknm,white rock,SD,NM,100.0,white rock,NM,0.4558915697262509
dillonbeachca,dillonbeachmt,dillon beach,CA,MT,90.5,dillon beach,SC,0.6468119016884817
bunkerhillil,bunkerhillil,bunker hill,IL,IL,100.0,bunker hill,OR,0.4064345246857022
cearrocknc,cearrockmi,cear rock,NC,MI,80.0,cear rock,WY,0.1064848403562943
ladsonsc,ladsonsc,ladson,SC,SC,100.0,ladson,SC,0.4032786986504788
peachspringsaz,peachspringsaz,peach springs,AZ,AZ,100.0,peach springs,AZ,0.3674804106620929
shoalsin,shoalsin,shoals,IN,IN,100.0,shoals,AL,0.2698447573413154
fortdodgei,fortdodgeia,fort dodge,I,IA,100.0,fort dodge,GA,0.159878232880072
southtucsonaz,southtucsonaz,south tucson,AZ,AZ,100.0,south tucson,AZ,0.6703002606109302
greenfieldoh,greenfieldoh,greenfield,OH,OH,100.0,greenfield,MA,0.0964414361161617
festusmo,festusmo,festus,MO,MO,100.0,festus,MO,0.0412682841143835
eaglepointor,eaglepointor,eagle point,OR,OR,100.0,eagle point,AK,0.2843175781227824
lagrangemo,lagrangeil,la grange,MO,IL,100.0,la grange,KY,0.1724850056353874
greenfieldtn,greenfieldtn,greenfield,TN,TN,100.0,greenfield,MA,0.0964414361161617
blufftonin,blufftonin,bluffton,IN,IN,100.0,bluffton,SC,0.0632655804782822
freeburgpa,freeburgil,freeburg,PA,IL,100.0,freeburg,IL,0.0349335350713326
hudsonlakein,hudsonlakein,hudson lake,IN,IN,100.0,hudson lake,WI,0.3271321441813684
kinospringsaz,kinospringsal,kino springs,AZ,AL,84.61538461538461,kino springs,FL,0.0568045253540292
granvillesouthoh,granvillesouthoh,granville south,OH,OH,100.0,granville south,MA,0.2187901615787948
mtleymn,mtleyva,mtley,MN,VA,83.33333333333334,mtley,VA,0.0766765018140381
waiohinuhi,waiohinutx,waiohinu,HI,TX,75.0,waiohinu,PA,0.0259794308996445
bellcenterwi,bellcenterca,bell center,WI,CA,90.5,bell center,KY,0.184340325536028
harmonn,harmonme,harmon,N,ME,83.33333333333334,harmon,OK,0.4082208025623041
stovermo,stovermo,stover,MO,MO,100.0,stover,MO,0.0771956101791143
bancroftne,bancrofttx,bancroft,NE,TX,83.33333333333334,bancroft,PA,0.0259794308996445
northacomitavillagenm,northacomitavillagefl,north acomita village,NM,FL,81.81818181818183,north acomita village,CT,0.3588109158815101
kanoshut,kanoshor,kanosh,UT,OR,80.0,kanosh,PA,0.0259794308996445
christianatn,christianatn,christiana,TN,TN,100.0,christiana,TN,0.0485244671937878
roseburgnorthor,roseburgnorthor,roseburg north,OR,OR,100.0,roseburg north,OR,0.6048178483868594
botkinga,botkinoh,botkin,GA,OH,85.71428571428571,botkin,OH,0.0577745931942411
wanlutcreeknc,wanlutcreekca,wanlut creek,NC,CA,91.66666666666666,wanlut creek,CO,0.1822574146381818
texlientx,texlientx,texlien,TX,TX,66.66666666666666,texlien,PA,0.0259794308996445
kirbytx,kirbytx,kirby,TX,TX,100.0,kirby,TX,0.0406938805053028
minfordoh,minfordoh,minford,OH,OH,85.71428571428571,minford,PA,0.0259794308996445
palosparkil,palosparkil,palos park,IL,IL,100.0,palos park,IL,0.627975101792825
foremanar,foremanmi,foreman,AR,MI,71.42857142857143,foreman,PA,0.0259794308996445
bandonor,bandonor,bandon,OR,OR,100.0,bandon,SD,0.0886043691037881
strasburgil,strasburgco,strasburg,IL,CO,100.0,strasburg,VA,0.0678141326614562
stratfordsd,stratfordca,stratford,SD,CA,100.0,stratford,WI,0.1169056558671175
grayridgemoz,grayridgega,grayridge,MOZ,GA,90.5,grayridge,PA,0.0259794308996445
southwestcitymo,southwestcityin,southwest city,MO,IN,80.0,southwest city,FL,0.1807143591083478
dibbleok,dibbleca,dibble,OK,CA,83.33333333333334,dibble,PA,0.0259794308996445
veroilionil,veroilionoh,veroilion,IL,OH,100.0,veroilion,PA,0.0259794308996445
stroudsburgpa,stroudsburgpa,stroudsburg,PA,PA,100.0,stroudsburg,PA,0.0897015341247625
lutzfl,lutzfl,lutz,FL,FL,100.0,lutz,FL,0.0299204782959883
vernncentermn,vernncenternj,vernn center,MN,NJ,92.3076923076923,vernn center,CT,0.1720412601414568
societyhillnj,societyhillnj,society hill,NJ,NJ,100.0,society hill,NJ,0.3042392238637457
sallissm,sallisin,sallis,SM,IN,83.33333333333334,sallis,PA,0.0259794308996445
milfordpa,milfordpa,milford,PA,PA,100.0,milford,CT,0.2387980306433143
cotonortepr,cotonortepr,coto norte,PR,PR,100.0,coto norte,PR,0.8164693020880444
newbuwgwv,newbuwgky,newbuwg,WV,KY,85.71428571428571,newbuwg,PA,0.0259794308996445
sugartownla,sugartownfl,sugartown,LA,FL,83.33333333333334,sugartown,PA,0.0259794308996445
hanoverya,hanoverin,hanover,YA,IN,100.0,hanover,VA,0.1462647749427628
northmyrtlebeachsc,northmyrtlebeachsc,north myrtle beach,SC,SC,100.0,north myrtle beach,SC,0.4009121363992021
woodstockga,woodstockga,woodstock,GA,GA,100.0,woodstock,VT,0.2026222397918318
weaderar,weaderal,weader,AR,AL,83.33333333333334,weader,PA,0.0259794308996445
camdenar,camdenar,camden,AR,AR,100.0,camden,DE,0.4220933990355492
riverbendmo,riverbendnc,river bend,MO,NC,100.0,river bend,OR,0.2987190023806208
wiltonar,wiltonca,wilton,AR,CA,100.0,wilton,NH,0.1396752308290639
alturasfl,alturasfl,alturas,FL,FL,100.0,alturas,FL,0.0433835214898958
stonycreekva,stonycreekma,stony creek,VA,MA,75.0,stony creek,NC,0.2187553792305164
greeleycenterne,greeleycenterne,greeley center,NE,NE,90.5,greeley center,NE,0.2912572552649078
sanpabloca,sanpabloca,san pablo,CA,CA,100.0,san pablo,CA,0.5986980032188225
sandiatx,sandiamn,sandia,TX,MN,85.71428571428571,sandia,NM,0.8469456659217905
maringouinla,maringouinla,maringouin,LA,LA,100.0,maringouin,LA,0.0601926739649647
rooseveltut,rooseveltut,roosevelt,UT,UT,100.0,roosevelt,NM,0.325879749752979
campbellne,campbellca,campbell,NE,CA,100.0,campbell,WY,0.4203126597383174
airportroadadditiontx,airportroadadditionny,airport road addition,TX,NY,87.5,airport road addition,WY,0.1188271775757071
forestoh,forestoh,forest,OH,OH,100.0,forest,NC,0.1427132768825185
torreyut,torreyal,torrey,UT,AL,83.33333333333334,torrey,PA,0.0259794308996445
datelandaz,datelandin,dateland,AZ,IN,77.77777777777779,dateland,PA,0.0259794308996445
elsmerede,elsmerede,elsmere,DE,DE,100.0,elsmere,DE,0.3973652481432495
unioncenterwi,unioncenterky,union center,WI,KY,90.5,union center,CT,0.1423925774848824
lakewooisny,lakewooica,lakewooi,SNY,CA,87.5,lakewooi,PA,0.0259794308996445
ashlandvak,ashlandal,ashland,VAK,AL,100.0,ashland,NH,0.1286424690288352
silveradoresortca,silveradoresortil,silverado resort,CA,IL,80.0,silverado resort,FL,0.1184180829857261
hillcresttx,hillcrestil,hillcrest,TX,IL,100.0,hillcrest,MD,0.1757405783916133
grandbayal,grandbayal,grand bay,AL,AL,100.0,grand bay,MI,0.3314087119576196
ironwoodymi,ironwoodmi,ironwood,YMI,MI,100.0,ironwood,MI,0.0422036710995163
willouhgbyoh,willouhgbyoh,willouhgby,OH,OH,90.0,willouhgby,PA,0.0259794308996445
earthtx,earthtx,earth,TX,TX,100.0,earth,MN,0.550829255597092
laktoaia,laktoand,laktoa,IA,ND,83.33333333333334,laktoa,PA,0.0259794308996445
oleanmo,oleanny,olean,MO,NY,100.0,olean,NY,0.0330720197492479
chrostiansburgva,chrostiansburgva,chrostiansburg,VA,VA,92.85714285714286,chrostiansburg,PA,0.0259794308996445
kaskaskiail,kaskaskiami,kaskaskia,IL,MI,87.5,kaskaskia,PA,0.0259794308996445
elmacenterny,elmacenterny,elma center,NY,NY,100.0,elma center,CT,0.1542141781646046
dennisonmn,dennisonoh,dennison,MN,OH,100.0,dennison,OH,0.0577745931942411
summerlinsouthnv,summerlinsouthnv,summerlin south,NV,NV,100.0,summerlin south,NV,0.819642959706285
mayfieldpa,mayfieldpa,mayfield,PA,PA,100.0,mayfield,OH,0.1786262915665043
weymouthma,weymouthma,weymouth,MA,MA,100.0,weymouth,MA,0.0573726671731025
pecanacrestx,pecanacrestx,pecan acres,TX,TX,100.0,pecan acres,DE,0.2272171565824891
ridgevillein,ridgevillesc,ridgeville,IN,SC,100.0,ridgeville,OH,0.1022773480410088
beechwoodvillageky,beechwoodvillageky,beechwood village,KY,KY,100.0,beechwood village,KY,0.2352894098197141
applevaleyut,applevaleyca,apple valey,UT,CA,91.66666666666666,apple valey,OH,0.1437735598542441
doranmn,doranal,doran,MN,AL,90.5,doran,PA,0.0259794308996445
plymptonvillepa,plymptonvillema,plymptonville,PA,MA,90.5,plymptonville,PA,0.0259794308996445
inglewoodne,inglewoodca,inglewood,NE,CA,100.0,inglewood,WA,0.1432207807958571
itffinia,itffinia,itffin,IA,IA,83.33333333333334,itffin,PA,0.0259794308996445
northloupjne,northloupak,north loup,JNE,AK,80.0,north loup,NE,0.588690366838175
tonicail,tonicail,tonica,IL,IL,85.71428571428571,tonica,PA,0.0259794308996445
applegatemi,applegatepa,applegate,MI,PA,90.5,applegate,PA,0.0259794308996445
anthemaz,anthemaz,anthem,AZ,AZ,100.0,anthem,AZ,0.0816111109390022
northyelmwa,northyelmwa,north yelm,WA,WA,100.0,north yelm,WA,0.5318126911484402
harrisonar,harrisonar,harrison,AR,AR,100.0,harrison,MS,0.1224732930494675
evansvillein,evansvillein,evansville,IN,IN,100.0,evansville,WY,0.2375857967486738
sycamoreil,sycamoreil,sycamore,IL,IL,100.0,sycamore,IL,0.0349335350713326
manorvilleny,manorvilleny,manorville,NY,NY,100.0,manorville,MN,0.0434745805466498
epburnia,epburnil,epburn,IA,IL,83.33333333333334,epburn,PA,0.0259794308996445
danburyia,danburyct,danbury,IA,CT,100.0,danbury,NH,0.2199742300149869
springfieldrga,springfieldco,springfield,RGA,CO,100.0,springfield,MA,0.0712706106948685
burkettxvilleoh,burkettxvillesd,burkettxville,OH,SD,90.5,burkettxville,PA,0.0259794308996445
vanvoorhispa,vanvoorhistx,van voorhis,PA,TX,90.5,van voorhis,IA,0.2588994352518868
h.riveracolonpr,h.riveracolonpr,h. rivera colon,PR,PR,100.0,h. rivera colon,PR,0.7051617208145678
nespelemwa,nespelemar,nespelem,WA,AR,71.42857142857143,nespelem,PA,0.0259794308996445
albertlealmn,albertleamn,albert lea,LMN,MN,100.0,albert lea,MN,0.3512976316430332
meyersdalea,meyersdalepa,meyersdale,A,PA,100.0,meyersdale,PA,0.0496484388263135
winnebagone,winnebagoil,winnebago,NE,IL,100.0,winnebago,IA,0.1537335946325153
valmyvn,valmyaz,valmy,VN,AZ,75.0,valmy,PA,0.0259794308996445
mazeppamn,mazeppaks,mazeppa,MN,KS,80.0,mazeppa,PA,0.0259794308996445
tunapiermi,tunapiermi,tuna pier,MI,MI,88.88888888888889,tuna pier,RI,0.95292574396981
wildwooacrestnj,wildwooacrestnj,wildwooa crest,NJ,NJ,92.85714285714286,wildwooa crest,IL,0.248585262749518
mancosco,mancosco,mancos,CO,CO,100.0,mancos,CO,0.2862075968996455
dallastownpa,dallastownpa,dallastown,PA,PA,100.0,dallastown,PA,0.0361012609900843
oeansideca,oeansideca,oeanside,CA,CA,88.88888888888889,oeanside,NY,0.0330720197492479
pelicanbayfl,pelicanbayfl,pelican bay,FL,FL,100.0,pelican bay,MN,0.2189682276534549
royaltonil,royaltonil,royalton,IL,IL,100.0,royalton,MN,0.0778997312017906
madsonheightsmi,madsonheightsmi,madson heights,MI,MI,93.33333333333331,madson heights,OH,0.1562252353529425
blackhammockfl,blackhammockfl,black hammock,FL,FL,76.92307692307693,black hammock,NM,0.3163501155486251
lutakak,lutakco,lutak,AK,CO,75.0,lutak,PA,0.0259794308996445
lascrucesnm,lascrucesnm,las cruces,NM,NM,100.0,las cruces,NM,0.630941370385959
normangeetx,normangeeok,normangee,TX,OK,90.5,normangee,PA,0.0259794308996445
sabanapr,sabanapr,sabana,PR,PR,100.0,sabana,PR,0.9233421691400088
islandtonsc,islandtonca,islandton,SC,CA,83.33333333333334,islandton,PA,0.0259794308996445
idkeia,idkeia,idke,IA,IA,75.0,idke,PA,0.0259794308996445
claremontil,claremontca,claremont,IL,CA,100.0,claremont,NH,0.1150200500784183
inkermanpa,inkermanpa,inkerman,PA,PA,100.0,inkerman,PA,0.0361012609900843
chandlervilleil,chandlervilleaz,chandlerville,IL,AZ,90.5,chandlerville,PA,0.0259794308996445
frontenacmo,frontenacmo,frontenac,MO,MO,100.0,frontenac,KS,0.0534704928238851
parksdaleca,parksdaleca,parksdale,CA,CA,100.0,parksdale,CA,0.031879825005699
wapelloia,wapelloia,wapello,IA,IA,100.0,wapello,IA,0.4067542161252973
smithsgrovesyk,smithsgrovenv,smiths grove,SYK,NV,90.5,smiths grove,AL,0.3813707454364308
winslowil,winslowaz,winslow,IL,AZ,100.0,winslow,AZ,0.0741737368675294
labarquecreekmo,labarquecreekmo,labarque creek,MO,MO,100.0,labarque creek,MO,0.0827942872827687
rgainfieldks,rgainfieldky,rgainfield,KS,KY,90.9090909090909,rgainfield,PA,0.0259794308996445
hanlontownia,hanlontownmn,hanlontown,IA,MN,90.0,hanlontown,PA,0.0259794308996445
mapelviewmn,mapelviewin,mapelview,MN,IN,80.0,mapelview,PA,0.0259794308996445
jewellis,jewellia,jewell,IS,IA,100.0,jewell,KS,0.1611069663546324
oliverspringstn,oliverspringstn,oliver springs,TN,TN,100.0,oliver springs,TN,0.208906727396667
garfieldnj,garfieldnj,garfield,NJ,NJ,100.0,garfield,UT,0.239060453201214
winchesteril,winchesteril,winchester,IL,IL,100.0,winchester,NV,0.2177453557815719
lonerockwi,lonerockde,lone rock,WI,DE,77.77777777777779,lone rock,IA,0.3011385703143281
crawfordx,crawfordnj,crawford,X,NJ,87.5,crawford,AR,0.1113176948744953
lakehritagepa,lakehritagepa,lake hritage,PA,PA,92.3076923076923,lake hritage,WI,0.2212458142848364
heidelbergmn,heidelbergpa,heidelberg,MN,PA,100.0,heidelberg,PA,0.0489962330321535
countrysquirelakesihn,countrysquirelakesin,country squire lakes,IHN,IN,100.0,country squire lakes,IN,0.4671218135046976
hanocckwi,hanocckme,hanocck,WI,ME,100.0,hanocck,PA,0.0259794308996445
waldorfmd,waldorfmd,waldorf,MD,MD,100.0,waldorf,MD,0.0553248928808209
paskersburgwvz,paskersburgia,paskersburg,WVZ,IA,100.0,paskersburg,PA,0.0259794308996445
bombaybeachca,bombaybeachca,bombay beach,CA,CA,75.0,bombay beach,FL,0.6921067961747397
sowa,soca,so,WA,CA,50.0,so,PA,0.0259794308996445
ridgevilleal,ridgevillesc,ridgeville,AL,SC,100.0,ridgeville,OH,0.1022773480410088
primeratx,primeratx,primera,TX,TX,100.0,primera,TX,0.0311476746087125
springbayil,springbaytx,spring bay,IL,TX,90.5,spring bay,MN,0.1099238276821115
chillummd,chillummd,chillum,MD,MD,100.0,chillum,MD,0.1234601020123073
hilliardoh,hilliardoh,hilliard,OH,OH,100.0,hilliard,OH,0.0367305057578325
springcreeksd,springcreeknv,spring creek,SD,NV,100.0,spring creek,NV,0.221687462341573
reynoa,reynola,reyno,A,LA,80.0,reyno,PA,0.0259794308996445
eastgalesburgil,eastgalesburgfl,east galesburg,IL,FL,81.81818181818183,east galesburg,NY,0.0789674284656633
almawr,almaar,alma,WR,AR,100.0,alma,NE,0.1151678997970225
marrowboneky,marrowboneak,marrowbone,KY,AK,83.33333333333334,marrowbone,PA,0.0259794308996445
weldonaco,weldonaca,weldona,CO,CA,90.5,weldona,PA,0.0259794308996445
lindara,lindaca,linda,RA,CA,100.0,linda,CA,0.477368009885134
ewstdqnnsma,ewstdqnnstx,ewst dqnns,MA,TX,75.0,ewst dqnns,PA,0.0259794308996445
saukvillewi,saukvillewi,saukville,WI,WI,100.0,saukville,WI,0.0452684678024591
vardamanms,vardamanms,vardaman,MS,MS,100.0,vardaman,MS,0.0626938116093965
winchistertn,winchistertn,winchister,TN,TN,90.0,winchister,PA,0.0259794308996445
mancheterok,mancheterct,mancheter,OK,CT,90.0,mancheter,NH,0.0865715073133889
manteezms,manteeca,mantee,ZMS,CA,83.33333333333334,mantee,FL,0.0274410639331249
chigniklagoonak,chigniklagoontx,chignik lagoon,AK,TX,75.0,chignik lagoon,FL,0.4791395453978699
shannonms,shannonms,shannon,MS,MS,100.0,shannon,AR,0.2473988202159298
troyc,troyal,troy,C,AL,100.0,troy,NH,0.1253108492243038
georgetownuga,georgetownca,georgetown,UGA,CA,100.0,georgetown,DE,0.5189241531613832
elizabethvillepa,elizabethvillepa,elizabethville,PA,PA,100.0,elizabethville,PA,0.0361012609900843
ugcanm,ugcaaz,ugca,NM,AZ,60.0,ugca,PA,0.0259794308996445
malinor,malinny,malin,OR,NY,83.33333333333334,malin,TX,0.0311476746087125
farmingtonhillsmi,farmingtonhillsmi,farmington hills,MI,MI,100.0,farmington hills,MI,0.1812251850720133
haskellok,haskellok,haskell,OK,OK,100.0,haskell,OK,0.3660579659335866
koholak,koholma,kohol,AK,MA,80.0,kohol,PA,0.0259794308996445
veritagelakeil,veritagelakeil,veritage lake,IL,IL,92.3076923076923,veritage lake,WI,0.2212458142848364
oaklandne,oaklandne,oakland,NE,NE,100.0,oakland,IN,0.1323011051215017
hallandalebeachfl,hallandalebeachfl,hallandale beach,FL,FL,100.0,hallandale beach,FL,0.415966840311087
beechwoodvillageky,beechwoodvillageky,beechwood village,KY,KY,100.0,beechwood village,KY,0.2352894098197141
grandviewin,grandviewil,grandview,IN,IL,100.0,grandview,KS,0.2671284016323371
windsorsc,windsorca,windsor,SC,CA,100.0,windsor,VT,0.3383290470328593
rocketnd,rocketal,rocket,ND,AL,75.0,rocket,PA,0.0259794308996445
rudyar,rudymo,rudy,AR,MO,80.0,rudy,PA,0.0259794308996445
lamasc,lamaar,lama,SC,AR,100.0,lama,CO,0.1385999603440087
milnvilleut,milnvilleut,milnville,UT,UT,88.88888888888889,milnville,PA,0.0259794308996445
tyonekak,tyonekga,tyonek,AK,GA,83.33333333333334,tyonek,PA,0.0259794308996445
sandyridgepm,sandyridgeor,sandy ridge,PM,OR,90.5,sandy ridge,UT,0.2396975550560999
bloomingtonwi,bloomingtonca,bloomington,WI,CA,100.0,bloomington,MN,0.0727826485291644
conwayfl,conwayfl,conway,FL,FL,100.0,conway,NH,0.4598786751830712
langdonplaceky,langdonplacend,langdon place,KY,ND,90.5,langdon place,WA,0.2133404235495675
danvilleia,danvilleal,danville,IA,AL,100.0,danville,NH,0.1526897641529932
morantx,moranmn,moran,TX,MN,90.5,moran,LA,0.1806467906819396
kenilworthnj,kenilworthnj,kenilworth,NJ,NJ,100.0,kenilworth,IL,0.0491940413246206
waubekai,waubekail,waubeka,I,IL,71.42857142857143,waubeka,PA,0.0259794308996445
stocktonmd,stocktonca,stockton,MD,CA,100.0,stockton,ME,0.3769576853313608
fairviewwv,fairviewca,fairview,WV,CA,100.0,fairview,AK,0.2343196785068705
caruthersvillemo,caruthersvillemo,caruthersville,MO,MO,100.0,caruthersville,MO,0.0412682841143835
lakeportca,lakeportca,lakeport,CA,CA,100.0,lakeport,CA,0.1177571525753273
whatcheeria,whatcheerwa,what cheer,IA,WA,77.77777777777779,what cheer,PA,0.0259794308996445
skyvalleyca,skyvalleyca,sky valley,CA,CA,100.0,sky valley,MT,0.3272388064383534
bloomingdaleoh,bloomingdaledc,bloomingdale,OH,DC,100.0,bloomingdale,DC,0.8944915551509177
greenmountainia,greenmountainoh,green mountain,IA,OH,90.5,green mountain,UT,0.3925557181260679
kelolggmn,kelolggid,kelolgg,MN,ID,85.71428571428571,kelolgg,PA,0.0259794308996445
bonnieil,bonnietx,bonnie,IL,TX,85.71428571428571,bonnie,MO,0.0330206904741854
elmacenterny,elmacenterny,elma center,NY,NY,100.0,elma center,CT,0.1542141781646046
elkhorncityky,elkhorncityca,elkhorn city,KY,CA,90.5,elkhorn city,NE,0.2519698521644695
maxnd,maxla,max,ND,LA,66.66666666666666,max,PA,0.0259794308996445
manzanolaco,manzanolaca,manzanola,CO,CA,83.33333333333334,manzanola,PA,0.0259794308996445
trentonky,trentonal,trenton,KY,AL,100.0,trenton,ME,0.098045238638332
janphylvillagefl,janphylvillagefl,jan phyl village,FL,FL,93.75,jan phyl village,FL,0.1540399072675043
wajesmnc,wajesma,wajes,MNC,MA,80.0,wajes,PA,0.0259794308996445
delaireca,delaireca,del aire,CA,CA,100.0,del aire,CA,0.2378379744430599
whiteriveraz,whiteriveraz,whiteriver,AZ,AZ,100.0,whiteriver,AZ,0.3709028683430965
centerpointiqn,centerpointal,center point,IQN,AL,100.0,center point,IA,0.1130770865296736
calhounmo,calhounga,calhoun,MO,GA,100.0,calhoun,SC,0.2822976324032947
mcmullinva,mcmullinwa,mcmullin,VA,WA,87.5,mcmullin,PA,0.0259794308996445
trempealeauwi,trempealeauwi,trempealeau,WI,WI,100.0,trempealeau,WI,0.1901368700143615
wheatleyheightsny,wheatleyheightsny,wheatle yheights,NY,NY,93.75,wheatle yheights,MI,0.0343352019391226
cherrygrovewa,cherrygroveoh,cherry grove,WA,OH,100.0,cherry grove,NJ,0.2137359224965369
powdersvillesc,powdersvillesc,powdersville,SC,SC,100.0,powdersville,SC,0.0681182114097765
pidmontal,pidmontal,pi dmont,AL,AL,87.5,pi dmont,NJ,0.0759671633685274
aromaparkil,aromaparkca,aroma park,IL,CA,83.33333333333334,aroma park,IL,0.2118818280409961
gasquetca,gasquetma,gasquet,CA,MA,66.66666666666666,gasquet,PA,0.0259794308996445
minturnco,minturnco,minturn,CO,CO,100.0,minturn,CO,0.0620921738486714
apollopa,apollopa,apollo,PA,PA,100.0,apollo,PA,0.1692937711957659
pickenswv,pickensms,pickens,WV,MS,100.0,pickens,SC,0.3899581248823441
westmonroemi,westmonroemi,west monroe,MI,MI,100.0,west monroe,UT,0.1054046149896545
balfournd,balfournc,balfour,ND,NC,100.0,balfour,NC,0.0421718744266612
newfranklinmo,newfranklinmo,new franklin,MO,MO,100.0,new franklin,OH,0.1629021853231843
bellamyal,bellamyca,bellamy,AL,CA,90.5,bellamy,PA,0.0259794308996445
newtongrovenc,newtongrovenc,newton grove,NC,NC,90.5,newton grove,MS,0.118446988538087
kooksiaid,kooksiatx,kooksia,ID,TX,90.5,kooksia,PA,0.0259794308996445
franklintownpa,franklintownpa,franklintown,PA,PA,90.5,franklintown,PA,0.0259794308996445
fonddulacwi,fonddulacwi,fond du lac,WI,WI,100.0,fond du lac,WI,0.9294399713005664
mountainlakesnh,mountainlakesnj,mountain lakes,NH,NJ,100.0,mountain lakes,AK,0.2744327673015456
duttonmt,duttonga,dutton,MT,GA,83.33333333333334,dutton,PA,0.0259794308996445
ephratapa,ephratapa,ephrata,PA,PA,100.0,ephrata,PA,0.0475712893014899
fernparkfl,fernparkfl,fern park,FL,FL,100.0,fern park,HI,0.3180714144083236
westwoodmi,westwoodmi,westwood,MI,MI,100.0,westwood,KS,0.0934460867238187
saratogawy,saratogawy,saratoga,WY,WY,100.0,saratoga,UT,0.3832700347401488
millingtont,millingtonmi,millington,T,MI,100.0,millington,TN,0.0964873629639168
waterloowi,waterloowi,waterloo,WI,WI,100.0,waterloo,NE,0.1223965904404558
northsaltlakeut,northsaltlakeut,north salt lake,UT,UT,100.0,north salt lake,UT,0.8565647059037859
lehighok,lehighne,lehigh,OK,NE,100.0,lehigh,PA,0.1733207468331174
oxlymo,oxlyal,oxly,MO,AL,66.66666666666666,oxly,PA,0.0259794308996445
fairviewbeachva,fairviewbeachca,fairview beach,VA,CA,90.5,fairview beach,FL,0.3082682022328632
grandlakeco,grandlakeny,grand lake,CO,NY,81.81818181818183,grand lake,MI,0.2824527502222723
alexandriasd,alexandriasd,alexandria,SD,SD,100.0,alexandria,NH,0.1299611036299887
oberlicoh,oberliks,oberli,COH,KS,85.71428571428571,oberli,LA,0.0601926739649647
portwashingtonnorthny,portwashingtonnorthny,port washington north,NY,NY,100.0,port washington north,NY,0.2832513719706063
homermn,homerak,homer,MN,AK,100.0,homer,AK,0.3120518975750033
portlandtn,portlandtn,portland,TN,TN,100.0,portland,ME,0.3517075140164565
panamany,panamaok,panama,NY,OK,100.0,panama,OK,0.127362713802307
newellpa,newellwv,newell,PA,WV,100.0,newell,WV,0.24242194223078
mchenrynd,mchenryil,mchenry,ND,IL,100.0,mchenry,ND,0.5847730405001431
southashburnhamma,southashburnhamma,south ashburnham,MA,MA,100.0,south ashburnham,MA,0.6176627197760691
craigak,craigak,craig,AK,AK,100.0,craig,AK,0.3309940883016847
eastmillstonejn,eastmillstoneny,east millstone,JN,NY,90.0,east millstone,RI,0.1964166066466119
loganmt,logania,logan,MT,IA,100.0,logan,WV,0.1995148998362618
russellvillesc,russellvilleal,russellville,SC,AL,100.0,russellville,AL,0.0945211865866757
louisetx,louiseky,louise,TX,KY,83.33333333333334,louise,PA,0.0259794308996445
havanand,havanafl,havana,ND,FL,100.0,havana,IL,0.0507002016812963
akrona,akronco,akron,A,CO,100.0,akron,CO,0.1211650565764494
wormleysburga,wormleysburgpa,wormleysburg,A,PA,100.0,wormleysburg,PA,0.0496484388263135
moshannonpa,moshannonct,moshannon,PA,CT,88.88888888888889,moshannon,PA,0.0259794308996445
neylandvilletx,neylandvillenc,neylandville,TX,NC,85.71428571428571,neylandville,PA,0.0259794308996445
bartonvilleil,bartonvilleil,bartonville,IL,IL,100.0,bartonville,IL,0.0345681647667878
chestechilloh,chestechillca,chestechill,OH,CA,85.71428571428571,chestechill,PA,0.0259794308996445
grassflatpa,grassflatnm,grassflat,PA,NM,83.33333333333334,grassflat,PA,0.0259794308996445
desmoinesia,desmoinesia,des moines,IA,IA,100.0,des moines,IA,0.7877107245961931
lincolnid,lincolnid,lincoln,ID,ID,100.0,lincoln,OR,0.0997703231853858
brickervillepa,brickervillepa,brickerville,PA,PA,100.0,brickerville,PA,0.0361012609900843
staatsburgny,staatsburgny,staatsburg,NY,NY,100.0,staatsburg,PA,0.0259794308996445
pelionsc,pelionms,pelion,SC,MS,71.42857142857143,pelion,PA,0.0259794308996445
northdalefl,northdalefl,northdale,FL,FL,100.0,northdale,FL,0.118125252715778
baskervilleva,baskervillein,baskerville,VA,IN,83.33333333333334,baskerville,PA,0.0259794308996445
overlandmo,overlandmo,overland,MO,MO,100.0,overland,KS,0.2834048256455004
wakondasd,wakondaia,wakonda,SD,IA,83.33333333333334,wakonda,PA,0.0259794308996445
estellmanornj,estellmanornj,estell manor,NJ,NJ,100.0,estell manor,NJ,0.197108435004788
hollisterid,hollisterca,hollister,ID,CA,100.0,hollister,MO,0.075750020009713
trinitytx,trinitytx,trinity,TX,TX,100.0,trinity,CA,0.0905860000386651
breinigsvillipa,breinigsvillipa,breinigsvilli,PA,PA,92.3076923076923,breinigsvilli,PA,0.0259794308996445
vincedtca,vincedtca,vincedt,CA,CA,85.71428571428571,vincedt,PA,0.0259794308996445
cochitilakenm,cochitilakeca,cochiti lake,NM,CA,80.0,cochiti lake,WI,0.2212458142848364
delhica,delhica,delhi,CA,CA,100.0,delhi,OH,0.1223613183388008
lakeshoregardens-hiddenacrestx,lakeshoregardens-hiddenacresak,lakeshore gardens-hidden acres,TX,AK,90.5,lakeshore gardens-hidden acres,CA,0.1928504890370433
shawneehillsoh,shawneehillsoh,shawnee hills,OH,OH,100.0,shawnee hills,OH,0.2131897396332279
sharpsvillein,sharpsvillepa,sharpsville,IN,PA,100.0,sharpsville,PA,0.0361012609900843
gilbqrtwv,gilbqrtaz,gilbqrt,WV,AZ,85.71428571428571,gilbqrt,PA,0.0259794308996445
delightar,delightne,delight,AR,NE,83.33333333333334,delight,PA,0.0259794308996445
callaoom,callaofl,callao,OM,FL,90.5,callao,PA,0.0259794308996445
coldwateron,coldwaterks,coldwater,ON,KS,100.0,coldwater,MS,0.0541615394986679
brokisdeal,brokisdeal,brokisde,AL,AL,88.88888888888889,brokisde,PA,0.0259794308996445
hornlakems,hornlakems,horn lake,MS,MS,100.0,horn lake,WY,0.1517048965909529
orlandparkil,orlandparkil,orland park,IL,IL,100.0,orland park,IL,0.527711470030325
kpopelpa,kpopeltx,kpopel,PA,TX,75.0,kpopel,PA,0.0259794308996445
wood-ridgennj,wood-ridgennj,wood-ridgen,NJ,NJ,90.5,wood-ridgen,WV,0.0985779334280374
tryonne,tryonne,tryon,NE,NE,100.0,tryon,NC,0.0682110736579783
tanqueverdeaz,tanqueverdeaz,tanque verde,AZ,AZ,100.0,tanque verde,AZ,0.9051369817910886
northwoond,northwooia,northwoo,ND,IA,88.88888888888889,northwoo,NH,0.1017157765594683
belfairwa,belfairwa,belfair,WA,WA,100.0,belfair,WA,0.0974155803818248
duluthga,duluthga,duluth,GA,GA,100.0,duluth,GA,0.0709361666238373
prsonsks,prsonsks,prsons,KS,KS,85.71428571428571,prsons,KS,0.1100452964739271
bellechassela,bellechassela,belle chasse,LA,LA,100.0,belle chasse,LA,0.5561042333068559
eastaovnny,eastaovnia,east aovn,NY,IA,83.33333333333334,east aovn,RI,0.1964166066466119
whittenia,whittenfl,whitten,IA,FL,83.33333333333334,whitten,PA,0.0259794308996445
dupontpa,dupontpa,dupont,PA,PA,100.0,dupont,PA,0.0475712893014899
alichuksonaz,alichuksonaz,ali chukson,AZ,AZ,75.0,ali chukson,PA,0.0259794308996445
burchinalia,burchinalmi,burchinal,IA,MI,75.0,burchinal,PA,0.0259794308996445
tincolnparkpa,tincolnparkpa,tincoln park,PA,PA,91.66666666666666,tincoln park,IL,0.2118818280409961
kingarthurparkmt,kingarthurparknc,king arthur park,MT,NC,90.5,king arthur park,VA,0.10788653811076
larrabeeia,larrabeeil,larrabee,IA,IL,90.5,larrabee,PA,0.0259794308996445
whittinghamnj,whittinghamnj,whittingham,NJ,NJ,100.0,whittingham,NJ,0.0424313089922792
livoniacentery,livoniacenterga,livonia center,Y,GA,90.5,livonia center,CT,0.1605720293324702
drippingspringso,drippingspringstx,dripping springs,O,TX,100.0,dripping springs,TX,0.0724325537563047
luisllorenstorrespr,luisllorenstorrespr,luis llorens torres,PR,PR,94.73684210526316,luis llorens torres,PR,0.8183102651212462
cherokeeal,cherokeeal,cherokee,AL,AL,100.0,cherokee,OK,0.1314940566137667
swanquarternc,swanquarterdc,swan quarter,NC,DC,75.0,swan quarter,CA,0.0295214199985668
lazyuyuaz,lazyuyual,lazyuy u,AZ,AL,75.0,lazyuy u,PA,0.0259794308996445
st.nazianzwi,st.nazianzca,st. nazianz,WI,CA,66.66666666666666,st. nazianz,VT,0.7324291186922878
oaklandmd,oaklandmd,oakland,MD,MD,100.0,oakland,IN,0.1323011051215017
tensleepwy,tensleepor,ten sleep,WY,OR,80.0,ten sleep,CA,0.0363500530747184
crellinmd,crellinks,crellin,MD,KS,85.71428571428571,crellin,PA,0.0259794308996445
bradleybeachnj,bradleybeachnj,bradley beach,NJ,NJ,100.0,bradley beach,NJ,0.3540015963168997
nislandsd,nislandga,nisland,SD,GA,77.77777777777779,nisland,PA,0.0259794308996445
arenawi,arenapr,arena,WI,PR,83.33333333333334,arena,NM,0.0763351566039325
claytonin,claytonal,clayton,IN,AL,100.0,clayton,DE,0.1633165236468542
debaryfl,debaryfl,debary,FL,FL,100.0,debary,FL,0.0299204782959883
woodriveril,woodriveril,wood river,IL,IL,100.0,wood river,OR,0.2490865005288415
louisviyleco,louisviyleco,louisviyle,CO,CO,90.0,louisviyle,PA,0.0259794308996445
oakgrovemo,oakgrovemo,oak grove,MO,MO,100.0,oak grove,IL,0.1343314362448212
lindcoveca,lindcoveca,lindcove,CA,CA,80.0,lindcove,PA,0.0259794308996445
naplesmanorfl,naplesmanorfl,naples manor,FL,FL,100.0,naples manor,FL,0.4271949259946178
boyntonok,boyntonva,boynton,OK,VA,100.0,boynton,FL,0.0725983419618714
bowdonnd,bowdonga,bowdon,ND,GA,100.0,bowdon,GA,0.0407416937011491
gustinea,gustineca,gustine,A,CA,100.0,gustine,CA,0.0431560550707599
springvilleny,springvilleny,springville,NY,NY,100.0,springville,UT,0.1641642827412406
percecitymo,percecitymo,perce city,MO,MO,90.9090909090909,perce city,NE,0.2233800374222628
craigco,craigco,craig,CO,CO,100.0,craig,AK,0.3309940883016847
farmersvillepa,farmersvilleca,farmersville,PA,CA,100.0,farmersville,OH,0.0364449054050466
riversideil,riversideil,riverside,IL,IL,100.0,riverside,MT,0.2388511943223863
willowspringsil,willowspringsil,willow springs,IL,IL,100.0,willow springs,AZ,0.2951503463414889
cathedralcityca,cathedralcityca,cathedral city,CA,CA,100.0,cathedral city,VA,0.1003008222610732
breckenridgeok,breckenridgeco,breckenridge,OK,CO,100.0,breckenridge,CO,0.1659401050879297
greatneckestatesny,greatneckestatesny,great neck estates,NY,NY,100.0,great neck estates,NY,0.6983481120307152
butteak,butteak,butte,AK,AK,100.0,butte,SD,0.4225037138151479
rockriverwy,rockriveroh,rock river,WY,OH,90.9090909090909,rock river,WY,0.4796405189735009
wesleychapelnc,wesleychapelnc,wesley chapel,NC,NC,100.0,wesley chapel,NC,0.3778504449682837
carneyok,carneymd,carney,OK,MD,100.0,carney,MD,0.0553248928808209
ballypa,ballypa,bally,PA,PA,100.0,bally,PA,0.0673338380874489
lmondwi,lmondco,lmond,WI,CO,80.0,lmond,PA,0.0259794308996445
gardenrplainks,gardenrplainme,gardenrplain,KS,ME,87.5,gardenrplain,PA,0.0259794308996445
naturalbridgeal,naturalbridgela,natural bridge,AL,LA,85.71428571428571,natural bridge,LA,0.3358022930574436
armadami,armadami,armada,MI,MI,100.0,armada,MI,0.0774140561277963
valindaca,valindaca,valinda,CA,CA,100.0,valinda,CA,0.031879825005699
jakinga,jakinks,jakin,GA,KS,80.0,jakin,PA,0.0259794308996445
essexvillagect,essexvillagect,essex village,CT,CT,100.0,essex village,CT,0.4718909047452729
waynesbrotn,waynesbroil,waynesbro,TN,IL,90.5,waynesbro,VA,0.0724073473166033
oountoliveml,oountoliveal,oount olive,ML,AL,100.0,oount olive,MS,0.0781262623648035
burotnsvillemg,burotnsvillemd,burotnsville,MG,MD,91.66666666666666,burotnsville,PA,0.0259794308996445
gideondmo,gideondmo,gideond,MO,MO,90.5,gideond,PA,0.0259794308996445
johnstonsc,johnstonsc,johnston,SC,SC,100.0,johnston,RI,0.4458359421606929
st.leonin,st.leontx,st. leon,IN,TX,75.0,st. leon,FL,0.4774109090130786
sweetwaterok,sweetwaterfl,sweetwater,OK,FL,100.0,sweetwater,WY,0.7292236852767123
wilmoreky,wilmoreky,wilmore,KY,KY,100.0,wilmore,KY,0.0467781084926376
mytntt,mytnms,mytn,TT,MS,60.0,mytn,PA,0.0259794308996445
richfieldks,richfieldmn,richfield,KS,MN,100.0,richfield,UT,0.1676643671246431
roamingshoresoh,roamingshoresoh,roaming shores,OH,OH,100.0,roaming shores,FL,0.1565221245368938
rosaliak,rosaliafl,rosalia,K,FL,80.0,rosalia,PA,0.0259794308996445
newbrocktonal,newbrocktonal,new brockton,AL,AL,100.0,new brockton,AL,0.1222043448056847
vincental,vincental,vincent,AL,AL,100.0,vincent,AL,0.1113945193139507
mobilecitytx,mobilecityal,mobile city,TX,AL,90.5,mobile city,AL,0.4955147611144367
tubacaz,tubacaz,tubac,AZ,AZ,100.0,tubac,AZ,0.0816111109390022
tumacacoir-carmenaz,tumacacoir-carmenfl,tumacacoir-carmen,AZ,FL,85.71428571428571,tumacacoir-carmen,PA,0.0259794308996445
springhillia,springhillfl,spring hill,IA,FL,100.0,spring hill,MD,0.1521285141733802
vintnova,vintnoil,vintno,VA,IL,85.71428571428571,vintno,PA,0.0259794308996445
sulphurspringstx,sulphurspringstx,sulphur springs,TX,TX,100.0,sulphur springs,CO,0.2417447888795812
lawardtx,lawardtx,la ward,TX,TX,71.42857142857143,la ward,TX,0.2134928758939387
rentiesvilleok,rentiesvilleok,rentiesville,OK,OK,91.66666666666666,rentiesville,PA,0.0259794308996445
forestcityil,forestcityfl,forest city,IL,FL,100.0,forest city,OR,0.1772648389958687
newpittsburgoh,newpittsburgoh,new pittsburg,OH,OH,77.77777777777779,new pittsburg,TN,0.218377391057681
suttonne,suttonne,sutton,NE,NE,100.0,sutton,AK,0.3825922866052823
perkasiepa,perkasiepa,perkasie,PA,PA,100.0,perkasie,PA,0.0361012609900843
walkerla,walkerla,walker,LA,LA,100.0,walker,MD,0.1786739831567888
goodlettsvilletn,goodlettsvilletn,goodlettsville,TN,TN,100.0,goodlettsville,TN,0.1077091210331116
wilsonar,wilsonny,wilson,AR,NY,100.0,wilson,WY,0.2863474853488962
desplainesil,desplainesil,des plaines,IL,IL,100.0,des plaines,IA,0.1580688662814033
morristownn,morristownin,morristown,N,IN,100.0,morristown,VT,0.3795444164589502
southbradentonf,southbradentonfl,south bradenton,F,FL,100.0,south bradenton,FL,0.469134504146848
hooperci,hooperut,hooper,CI,UT,100.0,hooper,AK,0.4505369810826904
southvalleynm,southvalleynm,south valley,NM,NM,100.0,south valley,NV,0.2182224480605957
mineralpointmo,mineralpointwi,mineral point,MO,WI,100.0,mineral point,WV,0.2671469684390893
haeiwahi,haeiwahi,haeiwa,HI,HI,83.33333333333334,haeiwa,PA,0.0259794308996445
angustx,angustx,angus,TX,TX,80.0,angus,PA,0.0259794308996445
montaraca,montaraca,montara,CA,CA,100.0,montara,MT,0.0934884183202902
broadwellml,broadwellco,broadwell,ML,CO,80.0,broadwell,PA,0.0259794308996445
hampotnia,hampotnia,hampotn,IA,IA,85.71428571428571,hampotn,PA,0.0259794308996445
robinwoodmd,robinwoodmd,robinwood,MD,MD,100.0,robinwood,MD,0.1234601020123073
lynna,lynnin,lynn,A,IN,100.0,lynn,TX,0.0901507130608915
grandfathernc,grandfatherms,grandfather,NC,MS,85.71428571428571,grandfather,PA,0.0259794308996445
doraal,doraal,dora,AL,AL,100.0,dora,FL,0.2152974484629272
ragsdalein,ragsdaleca,ragsdale,IN,CA,77.77777777777779,ragsdale,PA,0.0259794308996445
garnernc,garnernc,garner,NC,NC,100.0,garner,MA,0.0879738667216081
