CityStateID,City,ISO_Code_x,State,StateID,ISO_Code_y
abbevilleal,abbeville,al,alabama,0,al
adamsvilleal,adamsville,al,alabama,0,al
alabasteral,alabaster,al,alabama,0,al
albertvilleal,albertville,al,alabama,0,al
alexandercityal,alexander city,al,alabama,0,al
alexandriaal,alexandria,al,alabama,0,al
alicevilleal,aliceville,al,alabama,0,al
andalusiaal,andalusia,al,alabama,0,al
annistonal,anniston,al,alabama,0,al
arabal,arab,al,alabama,0,al
argoal,argo,al,alabama,0,al
ashfordal,ashford,al,alabama,0,al
ashlandal,ashland,al,alabama,0,al
ashvilleal,ashville,al,alabama,0,al
athensal,athens,al,alabama,0,al
atmoreal,atmore,al,alabama,0,al
attallaal,attalla,al,alabama,0,al
auburnal,auburn,al,alabama,0,al
autaugacountyal,autauga county,al,alabama,0,al
baldwincountyal,baldwin county,al,alabama,0,al
ballplayal,ballplay,al,alabama,0,al
barbourcountyal,barbour county,al,alabama,0,al
bayminetteal,bay minette,al,alabama,0,al
bayoulabatreal,bayou la batre,al,alabama,0,al
bearcreekal,bear creek,al,alabama,0,al
berryal,berry,al,alabama,0,al
bessemeral,bessemer,al,alabama,0,al
bibbcountyal,bibb county,al,alabama,0,al
birminghamal,birmingham,al,alabama,0,al
blountcountyal,blount county,al,alabama,0,al
blountsvilleal,blountsville,al,alabama,0,al
blueridgeal,blue ridge,al,alabama,0,al
boazal,boaz,al,alabama,0,al
brental,brent,al,alabama,0,al
brewtonal,brewton,al,alabama,0,al
bridgeportal,bridgeport,al,alabama,0,al
brightonal,brighton,al,alabama,0,al
brookhighlandal,brook highland,al,alabama,0,al
brooksideal,brookside,al,alabama,0,al
brookwoodal,brookwood,al,alabama,0,al
brundidgeal,brundidge,al,alabama,0,al
bullockcountyal,bullock county,al,alabama,0,al
butleral,butler,al,alabama,0,al
butlercountyal,butler county,al,alabama,0,al
bynumal,bynum,al,alabama,0,al
cahabaheightsal,cahaba heights,al,alabama,0,al
caleraal,calera,al,alabama,0,al
calhouncountyal,calhoun county,al,alabama,0,al
camdenal,camden,al,alabama,0,al
carbonhillal,carbon hill,al,alabama,0,al
carlisle-rockledgeal,carlisle-rockledge,al,alabama,0,al
carrolltonal,carrollton,al,alabama,0,al
cedarbluffal,cedar bluff,al,alabama,0,al
centerpointal,center point,al,alabama,0,al
centreal,centre,al,alabama,0,al
centrevilleal,centreville,al,alabama,0,al
chalkvilleal,chalkville,al,alabama,0,al
chamberscountyal,chambers county,al,alabama,0,al
chatomal,chatom,al,alabama,0,al
chelseaal,chelsea,al,alabama,0,al
cherokeeal,cherokee,al,alabama,0,al
cherokeecountyal,cherokee county,al,alabama,0,al
chickasawal,chickasaw,al,alabama,0,al
childersburgal,childersburg,al,alabama,0,al
chiltoncountyal,chilton county,al,alabama,0,al
choccoloccoal,choccolocco,al,alabama,0,al
choctawcountyal,choctaw county,al,alabama,0,al
citronelleal,citronelle,al,alabama,0,al
clantonal,clanton,al,alabama,0,al
clarkecountyal,clarke county,al,alabama,0,al
clayal,clay,al,alabama,0,al
claycountyal,clay county,al,alabama,0,al
claytonal,clayton,al,alabama,0,al
cleburnecountyal,cleburne county,al,alabama,0,al
clevelandal,cleveland,al,alabama,0,al
clioal,clio,al,alabama,0,al
coalingal,coaling,al,alabama,0,al
coffeecountyal,coffee county,al,alabama,0,al
colbertcountyal,colbert county,al,alabama,0,al
collinsvilleal,collinsville,al,alabama,0,al
columbianaal,columbiana,al,alabama,0,al
concordal,concord,al,alabama,0,al
conecuhcountyal,conecuh county,al,alabama,0,al
coosacountyal,coosa county,al,alabama,0,al
coosadaal,coosada,al,alabama,0,al
cordovaal,cordova,al,alabama,0,al
cottonwoodal,cottonwood,al,alabama,0,al
covingtoncountyal,covington county,al,alabama,0,al
cowartsal,cowarts,al,alabama,0,al
crenshawcountyal,crenshaw county,al,alabama,0,al
creolaal,creola,al,alabama,0,al
crossvilleal,crossville,al,alabama,0,al
cullmanal,cullman,al,alabama,0,al
cullmancountyal,cullman county,al,alabama,0,al
dadevilleal,dadeville,al,alabama,0,al
dalecountyal,dale county,al,alabama,0,al
dalevilleal,daleville,al,alabama,0,al
dallascountyal,dallas county,al,alabama,0,al
danvilleal,danville,al,alabama,0,al
daphneal,daphne,al,alabama,0,al
dauphinislandal,dauphin island,al,alabama,0,al
dekalbcountyal,dekalb county,al,alabama,0,al
deatsvilleal,deatsville,al,alabama,0,al
decatural,decatur,al,alabama,0,al
demopolisal,demopolis,al,alabama,0,al
dixianaal,dixiana,al,alabama,0,al
doraal,dora,al,alabama,0,al
dothanal,dothan,al,alabama,0,al
doublespringsal,double springs,al,alabama,0,al
eastbrewtonal,east brewton,al,alabama,0,al
eastflorenceal,east florence,al,alabama,0,al
eclectical,eclectic,al,alabama,0,al
elbaal,elba,al,alabama,0,al
elbertaal,elberta,al,alabama,0,al
elmoreal,elmore,al,alabama,0,al
elmorecountyal,elmore county,al,alabama,0,al
emeraldmountainal,emerald mountain,al,alabama,0,al
enterpriseal,enterprise,al,alabama,0,al
escambiacountyal,escambia county,al,alabama,0,al
etowahcountyal,etowah county,al,alabama,0,al
eufaulaal,eufaula,al,alabama,0,al
eutawal,eutaw,al,alabama,0,al
evergreenal,evergreen,al,alabama,0,al
fairfieldal,fairfield,al,alabama,0,al
fairhopeal,fairhope,al,alabama,0,al
falkvilleal,falkville,al,alabama,0,al
fayetteal,fayette,al,alabama,0,al
fayettecountyal,fayette county,al,alabama,0,al
fayettevilleal,fayetteville,al,alabama,0,al
flintcityal,flint city,al,alabama,0,al
flomatonal,flomaton,al,alabama,0,al
floralaal,florala,al,alabama,0,al
florenceal,florence,al,alabama,0,al
foleyal,foley,al,alabama,0,al
forestdaleal,forestdale,al,alabama,0,al
fortdeposital,fort deposit,al,alabama,0,al
fortpayneal,fort payne,al,alabama,0,al
fortruckeral,fort rucker,al,alabama,0,al
franklincountyal,franklin county,al,alabama,0,al
friscocityal,frisco city,al,alabama,0,al
fultondaleal,fultondale,al,alabama,0,al
fyffeal,fyffe,al,alabama,0,al
gadsdenal,gadsden,al,alabama,0,al
gardendaleal,gardendale,al,alabama,0,al
genevaal,geneva,al,alabama,0,al
genevacountyal,geneva county,al,alabama,0,al
georgianaal,georgiana,al,alabama,0,al
glencoeal,glencoe,al,alabama,0,al
goodhopeal,good hope,al,alabama,0,al
goodwateral,goodwater,al,alabama,0,al
gordoal,gordo,al,alabama,0,al
grandbayal,grand bay,al,alabama,0,al
graysonvalleyal,grayson valley,al,alabama,0,al
graysvilleal,graysville,al,alabama,0,al
greenecountyal,greene county,al,alabama,0,al
greensboroal,greensboro,al,alabama,0,al
greenvilleal,greenville,al,alabama,0,al
grovehillal,grove hill,al,alabama,0,al
guinal,guin,al,alabama,0,al
gulfshoresal,gulf shores,al,alabama,0,al
guntersvilleal,guntersville,al,alabama,0,al
hackleburgal,hackleburg,al,alabama,0,al
halecountyal,hale county,al,alabama,0,al
haleyvilleal,haleyville,al,alabama,0,al
hamiltonal,hamilton,al,alabama,0,al
hancevilleal,hanceville,al,alabama,0,al
harpersvilleal,harpersville,al,alabama,0,al
hartfordal,hartford,al,alabama,0,al
hartselleal,hartselle,al,alabama,0,al
harvestal,harvest,al,alabama,0,al
haydenal,hayden,al,alabama,0,al
haynevilleal,hayneville,al,alabama,0,al
hazelgreenal,hazel green,al,alabama,0,al
headlandal,headland,al,alabama,0,al
heflinal,heflin,al,alabama,0,al
helenaal,helena,al,alabama,0,al
henagaral,henagar,al,alabama,0,al
henrycountyal,henry county,al,alabama,0,al
highlandlakesal,highland lakes,al,alabama,0,al
hokesbluffal,hokes bluff,al,alabama,0,al
holtal,holt,al,alabama,0,al
holtvilleal,holtville,al,alabama,0,al
homewoodal,homewood,al,alabama,0,al
hooveral,hoover,al,alabama,0,al
houstoncountyal,houston county,al,alabama,0,al
hueytownal,hueytown,al,alabama,0,al
huguleyal,huguley,al,alabama,0,al
huntsvilleal,huntsville,al,alabama,0,al
indianspringsvillageal,indian springs village,al,alabama,0,al
invernessal,inverness,al,alabama,0,al
irondaleal,irondale,al,alabama,0,al
jacksonal,jackson,al,alabama,0,al
jacksoncountyal,jackson county,al,alabama,0,al
jacksonvilleal,jacksonville,al,alabama,0,al
jasperal,jasper,al,alabama,0,al
jeffersoncountyal,jefferson county,al,alabama,0,al
jemisonal,jemison,al,alabama,0,al
kimberlyal,kimberly,al,alabama,0,al
kinseyal,kinsey,al,alabama,0,al
ladoniaal,ladonia,al,alabama,0,al
lafayetteal,lafayette,al,alabama,0,al
lakepurdyal,lake purdy,al,alabama,0,al
lakeviewal,lake view,al,alabama,0,al
lamarcountyal,lamar county,al,alabama,0,al
lanettal,lanett,al,alabama,0,al
lauderdalecountyal,lauderdale county,al,alabama,0,al
lawrencecountyal,lawrence county,al,alabama,0,al
leecountyal,lee county,al,alabama,0,al
leedsal,leeds,al,alabama,0,al
leesburgal,leesburg,al,alabama,0,al
levelplainsal,level plains,al,alabama,0,al
limestonecountyal,limestone county,al,alabama,0,al
lincolnal,lincoln,al,alabama,0,al
lindenal,linden,al,alabama,0,al
linevilleal,lineville,al,alabama,0,al
lipscombal,lipscomb,al,alabama,0,al
livingstonal,livingston,al,alabama,0,al
locustforkal,locust fork,al,alabama,0,al
lowndescountyal,lowndes county,al,alabama,0,al
loxleyal,loxley,al,alabama,0,al
luverneal,luverne,al,alabama,0,al
maconcountyal,macon county,al,alabama,0,al
madisonal,madison,al,alabama,0,al
madisoncountyal,madison county,al,alabama,0,al
malvernal,malvern,al,alabama,0,al
marburyal,marbury,al,alabama,0,al
marengocountyal,marengo county,al,alabama,0,al
margaretal,margaret,al,alabama,0,al
marional,marion,al,alabama,0,al
marioncountyal,marion county,al,alabama,0,al
marshallcountyal,marshall county,al,alabama,0,al
meadowbrookal,meadowbrook,al,alabama,0,al
meridianvilleal,meridianville,al,alabama,0,al
midfieldal,midfield,al,alabama,0,al
midlandcityal,midland city,al,alabama,0,al
mignonal,mignon,al,alabama,0,al
millbrookal,millbrook,al,alabama,0,al
minoral,minor,al,alabama,0,al
mobileal,mobile,al,alabama,0,al
mobilecountyal,mobile county,al,alabama,0,al
monroecountyal,monroe county,al,alabama,0,al
monroevilleal,monroeville,al,alabama,0,al
montevalloal,montevallo,al,alabama,0,al
montgomeryal,montgomery,al,alabama,0,al
montgomerycountyal,montgomery county,al,alabama,0,al
moodyal,moody,al,alabama,0,al
mooresmillal,moores mill,al,alabama,0,al
morgancountyal,morgan county,al,alabama,0,al
morrisal,morris,al,alabama,0,al
moultonal,moulton,al,alabama,0,al
moundvilleal,moundville,al,alabama,0,al
mountoliveal,mount olive,al,alabama,0,al
mountvernonal,mount vernon,al,alabama,0,al
mountainbrookal,mountain brook,al,alabama,0,al
munfordal,munford,al,alabama,0,al
muscleshoalsal,muscle shoals,al,alabama,0,al
newbrocktonal,new brockton,al,alabama,0,al
newhopeal,new hope,al,alabama,0,al
newmarketal,new market,al,alabama,0,al
newtonal,newton,al,alabama,0,al
northbibbal,north bibb,al,alabama,0,al
northportal,northport,al,alabama,0,al
odenvilleal,odenville,al,alabama,0,al
ohatcheeal,ohatchee,al,alabama,0,al
oneontaal,oneonta,al,alabama,0,al
opelikaal,opelika,al,alabama,0,al
oppal,opp,al,alabama,0,al
orangebeachal,orange beach,al,alabama,0,al
owenscrossroadsal,owens cross roads,al,alabama,0,al
oxfordal,oxford,al,alabama,0,al
ozarkal,ozark,al,alabama,0,al
pelhamal,pelham,al,alabama,0,al
pellcityal,pell city,al,alabama,0,al
perrycountyal,perry county,al,alabama,0,al
phenixcityal,phenix city,al,alabama,0,al
philcampbellal,phil campbell,al,alabama,0,al
pickenscountyal,pickens county,al,alabama,0,al
piedmontal,piedmont,al,alabama,0,al
pikecountyal,pike county,al,alabama,0,al
pikeroadal,pike road,al,alabama,0,al
pinelevelal,pine level,al,alabama,0,al
pinsonal,pinson,al,alabama,0,al
pleasantgroveal,pleasant grove,al,alabama,0,al
pointclearal,point clear,al,alabama,0,al
prattvilleal,prattville,al,alabama,0,al
pricevilleal,priceville,al,alabama,0,al
prichardal,prichard,al,alabama,0,al
raglandal,ragland,al,alabama,0,al
rainbowcityal,rainbow city,al,alabama,0,al
rainsvilleal,rainsville,al,alabama,0,al
randolphcountyal,randolph county,al,alabama,0,al
redbayal,red bay,al,alabama,0,al
redstonearsenalal,redstone arsenal,al,alabama,0,al
reformal,reform,al,alabama,0,al
rehobethal,rehobeth,al,alabama,0,al
riversideal,riverside,al,alabama,0,al
roanokeal,roanoke,al,alabama,0,al
robertsdaleal,robertsdale,al,alabama,0,al
rockcreekal,rock creek,al,alabama,0,al
rockfordal,rockford,al,alabama,0,al
rogersvilleal,rogersville,al,alabama,0,al
russellcountyal,russell county,al,alabama,0,al
russellvilleal,russellville,al,alabama,0,al
saintclaircountyal,saint clair county,al,alabama,0,al
saksal,saks,al,alabama,0,al
samsonal,samson,al,alabama,0,al
saralandal,saraland,al,alabama,0,al
sardiscityal,sardis city,al,alabama,0,al
satsumaal,satsuma,al,alabama,0,al
scottsboroal,scottsboro,al,alabama,0,al
selmaal,selma,al,alabama,0,al
selmont-westselmontal,selmont-west selmont,al,alabama,0,al
semmesal,semmes,al,alabama,0,al
sheffieldal,sheffield,al,alabama,0,al
shelbyal,shelby,al,alabama,0,al
shelbycountyal,shelby county,al,alabama,0,al
shoalcreekal,shoal creek,al,alabama,0,al
slocombal,slocomb,al,alabama,0,al
smithsstational,smiths station,al,alabama,0,al
smokeriseal,smoke rise,al,alabama,0,al
southsideal,southside,al,alabama,0,al
spanishfortal,spanish fort,al,alabama,0,al
springvilleal,springville,al,alabama,0,al
steeleal,steele,al,alabama,0,al
stevensonal,stevenson,al,alabama,0,al
stewartvilleal,stewartville,al,alabama,0,al
sulligental,sulligent,al,alabama,0,al
sumitonal,sumiton,al,alabama,0,al
summerdaleal,summerdale,al,alabama,0,al
sumtercountyal,sumter county,al,alabama,0,al
sylacaugaal,sylacauga,al,alabama,0,al
sylvanspringsal,sylvan springs,al,alabama,0,al
sylvaniaal,sylvania,al,alabama,0,al
talladegaal,talladega,al,alabama,0,al
talladegacountyal,talladega county,al,alabama,0,al
tallapoosacountyal,tallapoosa county,al,alabama,0,al
tallasseeal,tallassee,al,alabama,0,al
tarrantal,tarrant,al,alabama,0,al
tayloral,taylor,al,alabama,0,al
theodoreal,theodore,al,alabama,0,al
thomasvilleal,thomasville,al,alabama,0,al
thorsbyal,thorsby,al,alabama,0,al
tillmanscorneral,tillmans corner,al,alabama,0,al
towncreekal,town creek,al,alabama,0,al
trinityal,trinity,al,alabama,0,al
troyal,troy,al,alabama,0,al
trussvilleal,trussville,al,alabama,0,al
tuscaloosaal,tuscaloosa,al,alabama,0,al
tuscaloosacountyal,tuscaloosa county,al,alabama,0,al
tuscumbiaal,tuscumbia,al,alabama,0,al
tuskegeeal,tuskegee,al,alabama,0,al
underwood-petersvilleal,underwood-petersville,al,alabama,0,al
unionspringsal,union springs,al,alabama,0,al
uniontownal,uniontown,al,alabama,0,al
valleyal,valley,al,alabama,0,al
valleygrandeal,valley grande,al,alabama,0,al
vanceal,vance,al,alabama,0,al
vandiveral,vandiver,al,alabama,0,al
vernonal,vernon,al,alabama,0,al
vestaviahillsal,vestavia hills,al,alabama,0,al
vincental,vincent,al,alabama,0,al
walkercountyal,walker county,al,alabama,0,al
warrioral,warrior,al,alabama,0,al
washingtoncountyal,washington county,al,alabama,0,al
weaveral,weaver,al,alabama,0,al
webbal,webb,al,alabama,0,al
wedoweeal,wedowee,al,alabama,0,al
westbloctonal,west blocton,al,alabama,0,al
westend-cobbtownal,west end-cobb town,al,alabama,0,al
westoveral,westover,al,alabama,0,al
wetumpkaal,wetumpka,al,alabama,0,al
whitesboroal,whitesboro,al,alabama,0,al
wilcoxcountyal,wilcox county,al,alabama,0,al
wilsonvilleal,wilsonville,al,alabama,0,al
winfieldal,winfield,al,alabama,0,al
winstoncountyal,winston county,al,alabama,0,al
woodstockal,woodstock,al,alabama,0,al
yorkal,york,al,alabama,0,al
akutanak,akutan,ak,alaska,1,ak
aleutianseastboroughak,aleutians east borough,ak,alaska,1,ak
aleutianswestcensusareaak,aleutians west census area,ak,alaska,1,ak
anchorpointak,anchor point,ak,alaska,1,ak
anchorageak,anchorage,ak,alaska,1,ak
anchoragemunicipalityak,anchorage municipality,ak,alaska,1,ak
badgerak,badger,ak,alaska,1,ak
barrowak,barrow,ak,alaska,1,ak
bearcreekak,bear creek,ak,alaska,1,ak
bethelak,bethel,ak,alaska,1,ak
bethelcensusareaak,bethel census area,ak,alaska,1,ak
biglakeak,big lake,ak,alaska,1,ak
bristolbayboroughak,bristol bay borough,ak,alaska,1,ak
butteak,butte,ak,alaska,1,ak
chevakak,chevak,ak,alaska,1,ak
cityandboroughofwrangellak,city and borough of wrangell,ak,alaska,1,ak
cohoeak,cohoe,ak,alaska,1,ak
collegeak,college,ak,alaska,1,ak
cordovaak,cordova,ak,alaska,1,ak
craigak,craig,ak,alaska,1,ak
deltanaak,deltana,ak,alaska,1,ak
denaliboroughak,denali borough,ak,alaska,1,ak
diamondridgeak,diamond ridge,ak,alaska,1,ak
dillinghamak,dillingham,ak,alaska,1,ak
dillinghamcensusareaak,dillingham census area,ak,alaska,1,ak
dutchharborak,dutch harbor,ak,alaska,1,ak
eagleriverak,eagle river,ak,alaska,1,ak
eielsonairforcebaseak,eielson air force base,ak,alaska,1,ak
elmendorfairforcebaseak,elmendorf air force base,ak,alaska,1,ak
esterak,ester,ak,alaska,1,ak
fairbanksak,fairbanks,ak,alaska,1,ak
fairbanksnorthstarboroughak,fairbanks north star borough,ak,alaska,1,ak
farmloopak,farm loop,ak,alaska,1,ak
farmersloopak,farmers loop,ak,alaska,1,ak
fishhookak,fishhook,ak,alaska,1,ak
fritzcreekak,fritz creek,ak,alaska,1,ak
gatewayak,gateway,ak,alaska,1,ak
girdwoodak,girdwood,ak,alaska,1,ak
hainesak,haines,ak,alaska,1,ak
hainesboroughak,haines borough,ak,alaska,1,ak
healyak,healy,ak,alaska,1,ak
homerak,homer,ak,alaska,1,ak
hoonah-angooncensusareaak,hoonah-angoon census area,ak,alaska,1,ak
hooperbayak,hooper bay,ak,alaska,1,ak
houstonak,houston,ak,alaska,1,ak
juneauak,juneau,ak,alaska,1,ak
kalifornskyak,kalifornsky,ak,alaska,1,ak
kenaiak,kenai,ak,alaska,1,ak
kenaipeninsulaboroughak,kenai peninsula borough,ak,alaska,1,ak
ketchikanak,ketchikan,ak,alaska,1,ak
ketchikangatewayboroughak,ketchikan gateway borough,ak,alaska,1,ak
kingcoveak,king cove,ak,alaska,1,ak
knik-fairviewak,knik-fairview,ak,alaska,1,ak
kodiakak,kodiak,ak,alaska,1,ak
kodiakislandboroughak,kodiak island borough,ak,alaska,1,ak
kodiakstationak,kodiak station,ak,alaska,1,ak
kotzebueak,kotzebue,ak,alaska,1,ak
lakeandpeninsulaboroughak,lake and peninsula borough,ak,alaska,1,ak
lakesak,lakes,ak,alaska,1,ak
lazymountainak,lazy mountain,ak,alaska,1,ak
matanuska-susitnaboroughak,matanuska-susitna borough,ak,alaska,1,ak
meadowlakesak,meadow lakes,ak,alaska,1,ak
metlakatlaak,metlakatla,ak,alaska,1,ak
nikiskiak,nikiski,ak,alaska,1,ak
nomeak,nome,ak,alaska,1,ak
nomecensusareaak,nome census area,ak,alaska,1,ak
northpoleak,north pole,ak,alaska,1,ak
northslopeboroughak,north slope borough,ak,alaska,1,ak
northwestarcticboroughak,northwest arctic borough,ak,alaska,1,ak
palmerak,palmer,ak,alaska,1,ak
petersburgak,petersburg,ak,alaska,1,ak
petersburgboroughak,petersburg borough,ak,alaska,1,ak
prudhoebayak,prudhoe bay,ak,alaska,1,ak
ridgewayak,ridgeway,ak,alaska,1,ak
salchaak,salcha,ak,alaska,1,ak
sandpointak,sand point,ak,alaska,1,ak
sewardak,seward,ak,alaska,1,ak
sitkaak,sitka,ak,alaska,1,ak
sitkacityandboroughak,sitka city and borough,ak,alaska,1,ak
skagwaymunicipalityak,skagway municipality,ak,alaska,1,ak
soldotnaak,soldotna,ak,alaska,1,ak
southeastfairbankscensusareaak,southeast fairbanks census area,ak,alaska,1,ak
sterlingak,sterling,ak,alaska,1,ak
sutton-alpineak,sutton-alpine,ak,alaska,1,ak
tanainaak,tanaina,ak,alaska,1,ak
tokak,tok,ak,alaska,1,ak
unalaskaak,unalaska,ak,alaska,1,ak
valdezak,valdez,ak,alaska,1,ak
valdez-cordovacensusareaak,valdez-cordova census area,ak,alaska,1,ak
wasillaak,wasilla,ak,alaska,1,ak
willowak,willow,ak,alaska,1,ak
wrangellak,wrangell,ak,alaska,1,ak
yak,y,ak,alaska,1,ak
yakutatcityandboroughak,yakutat city and borough,ak,alaska,1,ak
yukon-koyukukcensusareaak,yukon-koyukuk census area,ak,alaska,1,ak
ahwatukeefoothillsaz,ahwatukee foothills,az,arizona,2,az
ajoaz,ajo,az,arizona,2,az
alhambraaz,alhambra,az,arizona,2,az
anthemaz,anthem,az,arizona,2,az
apachecountyaz,apache county,az,arizona,2,az
apachejunctionaz,apache junction,az,arizona,2,az
arivacajunctionaz,arivaca junction,az,arizona,2,az
arizonacityaz,arizona city,az,arizona,2,az
avenuebandcaz,avenue b and c,az,arizona,2,az
avondaleaz,avondale,az,arizona,2,az
avravalleyaz,avra valley,az,arizona,2,az
bagdadaz,bagdad,az,arizona,2,az
beaverdamaz,beaver dam,az,arizona,2,az
bensonaz,benson,az,arizona,2,az
bigparkaz,big park,az,arizona,2,az
bisbeeaz,bisbee,az,arizona,2,az
blackcanyoncityaz,black canyon city,az,arizona,2,az
blackwateraz,blackwater,az,arizona,2,az
buckeyeaz,buckeye,az,arizona,2,az
bullheadcityaz,bullhead city,az,arizona,2,az
bylasaz,bylas,az,arizona,2,az
cactusflataz,cactus flat,az,arizona,2,az
campverdeaz,camp verde,az,arizona,2,az
canyondayaz,canyon day,az,arizona,2,az
carefreeaz,carefree,az,arizona,2,az
casablancaaz,casa blanca,az,arizona,2,az
casagrandeaz,casa grande,az,arizona,2,az
casasadobesaz,casas adobes,az,arizona,2,az
catalinaaz,catalina,az,arizona,2,az
catalinafoothillsaz,catalina foothills,az,arizona,2,az
cavecreekaz,cave creek,az,arizona,2,az
centennialparkaz,centennial park,az,arizona,2,az
centralcityaz,central city,az,arizona,2,az
centralheights-midlandcityaz,central heights-midland city,az,arizona,2,az
chandleraz,chandler,az,arizona,2,az
chinleaz,chinle,az,arizona,2,az
chinovalleyaz,chino valley,az,arizona,2,az
cibecueaz,cibecue,az,arizona,2,az
cienegaspringsaz,cienega springs,az,arizona,2,az
citrusparkaz,citrus park,az,arizona,2,az
clarkdaleaz,clarkdale,az,arizona,2,az
claypoolaz,claypool,az,arizona,2,az
cliftonaz,clifton,az,arizona,2,az
cochisecountyaz,cochise county,az,arizona,2,az
coconinocountyaz,coconino county,az,arizona,2,az
coloradocityaz,colorado city,az,arizona,2,az
congressaz,congress,az,arizona,2,az
coolidgeaz,coolidge,az,arizona,2,az
cordeslakesaz,cordes lakes,az,arizona,2,az
cornvilleaz,cornville,az,arizona,2,az
coronadetucsonaz,corona de tucson,az,arizona,2,az
cottonwoodaz,cottonwood,az,arizona,2,az
deervalleyaz,deer valley,az,arizona,2,az
deserthillsaz,desert hills,az,arizona,2,az
dewey-humboldtaz,dewey-humboldt,az,arizona,2,az
dilkonaz,dilkon,az,arizona,2,az
dolanspringsaz,dolan springs,az,arizona,2,az
donovanestatesaz,donovan estates,az,arizona,2,az
douglasaz,douglas,az,arizona,2,az
drexelheightsaz,drexel heights,az,arizona,2,az
eagaraz,eagar,az,arizona,2,az
eastsahuaritaaz,east sahuarita,az,arizona,2,az
ehrenbergaz,ehrenberg,az,arizona,2,az
elmirageaz,el mirage,az,arizona,2,az
eloyaz,eloy,az,arizona,2,az
encantoaz,encanto,az,arizona,2,az
firstmesaaz,first mesa,az,arizona,2,az
flagstaffaz,flagstaff,az,arizona,2,az
florenceaz,florence,az,arizona,2,az
flowingwellsaz,flowing wells,az,arizona,2,az
fortdefianceaz,fort defiance,az,arizona,2,az
fortunafoothillsaz,fortuna foothills,az,arizona,2,az
fountainhillsaz,fountain hills,az,arizona,2,az
fredoniaaz,fredonia,az,arizona,2,az
ganadoaz,ganado,az,arizona,2,az
gilabendaz,gila bend,az,arizona,2,az
gilacountyaz,gila county,az,arizona,2,az
gilbertaz,gilbert,az,arizona,2,az
glendaleaz,glendale,az,arizona,2,az
globeaz,globe,az,arizona,2,az
goldcampaz,gold camp,az,arizona,2,az
goldcanyonaz,gold canyon,az,arizona,2,az
goldenshoresaz,golden shores,az,arizona,2,az
goldenvalleyaz,golden valley,az,arizona,2,az
goodyearaz,goodyear,az,arizona,2,az
grahamcountyaz,graham county,az,arizona,2,az
grandcanyonaz,grand canyon,az,arizona,2,az
grandcanyonvillageaz,grand canyon village,az,arizona,2,az
greenvalleyaz,green valley,az,arizona,2,az
greenleecountyaz,greenlee county,az,arizona,2,az
guadalupeaz,guadalupe,az,arizona,2,az
heber-overgaardaz,heber-overgaard,az,arizona,2,az
holbrookaz,holbrook,az,arizona,2,az
houckaz,houck,az,arizona,2,az
huachucacityaz,huachuca city,az,arizona,2,az
josephcityaz,joseph city,az,arizona,2,az
kachinavillageaz,kachina village,az,arizona,2,az
kaibitoaz,kaibito,az,arizona,2,az
kayentaaz,kayenta,az,arizona,2,az
kearnyaz,kearny,az,arizona,2,az
kingmanaz,kingman,az,arizona,2,az
lapazcountyaz,la paz county,az,arizona,2,az
lakehavasucityaz,lake havasu city,az,arizona,2,az
lakemontezumaaz,lake montezuma,az,arizona,2,az
lakeofthewoodsaz,lake of the woods,az,arizona,2,az
laveenaz,laveen,az,arizona,2,az
lecheeaz,lechee,az,arizona,2,az
lindenaz,linden,az,arizona,2,az
litchfieldparkaz,litchfield park,az,arizona,2,az
lukachukaiaz,lukachukai,az,arizona,2,az
mammothaz,mammoth,az,arizona,2,az
manyfarmsaz,many farms,az,arizona,2,az
maranaaz,marana,az,arizona,2,az
maricopaaz,maricopa,az,arizona,2,az
maricopacountyaz,maricopa county,az,arizona,2,az
maryvaleaz,maryvale,az,arizona,2,az
mayeraz,mayer,az,arizona,2,az
meadviewaz,meadview,az,arizona,2,az
mesaaz,mesa,az,arizona,2,az
mescalaz,mescal,az,arizona,2,az
miamiaz,miami,az,arizona,2,az
mohavecountyaz,mohave county,az,arizona,2,az
mohavevalleyaz,mohave valley,az,arizona,2,az
morenciaz,morenci,az,arizona,2,az
mountainaireaz,mountainaire,az,arizona,2,az
nacoaz,naco,az,arizona,2,az
navajocountyaz,navajo county,az,arizona,2,az
newkingman-butleraz,new kingman-butler,az,arizona,2,az
newriveraz,new river,az,arizona,2,az
nogalesaz,nogales,az,arizona,2,az
northforkaz,north fork,az,arizona,2,az
oracleaz,oracle,az,arizona,2,az
orovalleyaz,oro valley,az,arizona,2,az
pageaz,page,az,arizona,2,az
paradisevalleyaz,paradise valley,az,arizona,2,az
parkeraz,parker,az,arizona,2,az
parksaz,parks,az,arizona,2,az
pauldenaz,paulden,az,arizona,2,az
paysonaz,payson,az,arizona,2,az
peachspringsaz,peach springs,az,arizona,2,az
peoriaaz,peoria,az,arizona,2,az
peridotaz,peridot,az,arizona,2,az
phoenixaz,phoenix,az,arizona,2,az
picturerocksaz,picture rocks,az,arizona,2,az
pimaaz,pima,az,arizona,2,az
pimacountyaz,pima county,az,arizona,2,az
pinalcountyaz,pinal county,az,arizona,2,az
pineaz,pine,az,arizona,2,az
pinetop-lakesideaz,pinetop-lakeside,az,arizona,2,az
pirtlevilleaz,pirtleville,az,arizona,2,az
prescottaz,prescott,az,arizona,2,az
prescottvalleyaz,prescott valley,az,arizona,2,az
quartzsiteaz,quartzsite,az,arizona,2,az
queencreekaz,queen creek,az,arizona,2,az
rioricoaz,rio rico,az,arizona,2,az
rioverdeaz,rio verde,az,arizona,2,az
sacatonaz,sacaton,az,arizona,2,az
saddlebrookeaz,saddle brooke,az,arizona,2,az
saffordaz,safford,az,arizona,2,az
sahuaritaaz,sahuarita,az,arizona,2,az
saintdavidaz,saint david,az,arizona,2,az
saintjohnsaz,saint johns,az,arizona,2,az
saintmichaelsaz,saint michaels,az,arizona,2,az
salomeaz,salome,az,arizona,2,az
sancarlosaz,san carlos,az,arizona,2,az
sanluisaz,san luis,az,arizona,2,az
sanmanuelaz,san manuel,az,arizona,2,az
santanvalleyaz,san tan valley,az,arizona,2,az
santacruzcountyaz,santa cruz county,az,arizona,2,az
scenicaz,scenic,az,arizona,2,az
scottsdaleaz,scottsdale,az,arizona,2,az
sedonaaz,sedona,az,arizona,2,az
sellsaz,sells,az,arizona,2,az
showlowaz,show low,az,arizona,2,az
sierravistaaz,sierra vista,az,arizona,2,az
sierravistasoutheastaz,sierra vista southeast,az,arizona,2,az
sixshootercanyonaz,six shooter canyon,az,arizona,2,az
snowflakeaz,snowflake,az,arizona,2,az
somertonaz,somerton,az,arizona,2,az
southtucsonaz,south tucson,az,arizona,2,az
springvalleyaz,spring valley,az,arizona,2,az
springervilleaz,springerville,az,arizona,2,az
starvalleyaz,star valley,az,arizona,2,az
summitaz,summit,az,arizona,2,az
suncityaz,sun city,az,arizona,2,az
suncitywestaz,sun city west,az,arizona,2,az
sunlakesaz,sun lakes,az,arizona,2,az
sunvalleyaz,sun valley,az,arizona,2,az
superioraz,superior,az,arizona,2,az
surpriseaz,surprise,az,arizona,2,az
swifttrailjunctionaz,swift trail junction,az,arizona,2,az
tanqueverdeaz,tanque verde,az,arizona,2,az
tayloraz,taylor,az,arizona,2,az
tempeaz,tempe,az,arizona,2,az
tempejunctionaz,tempe junction,az,arizona,2,az
thatcheraz,thatcher,az,arizona,2,az
threepointsaz,three points,az,arizona,2,az
tollesonaz,tolleson,az,arizona,2,az
tombstoneaz,tombstone,az,arizona,2,az
tontobasinaz,tonto basin,az,arizona,2,az
tortolitaaz,tortolita,az,arizona,2,az
tsaileaz,tsaile,az,arizona,2,az
tubacityaz,tuba city,az,arizona,2,az
tubacaz,tubac,az,arizona,2,az
tucsonaz,tucson,az,arizona,2,az
tucsonestatesaz,tucson estates,az,arizona,2,az
vailaz,vail,az,arizona,2,az
valenciawestaz,valencia west,az,arizona,2,az
vallevistaaz,valle vista,az,arizona,2,az
verdevillageaz,verde village,az,arizona,2,az
villageofoakcreek(bigpark)az,village of oak creek (big park),az,arizona,2,az
welltonaz,wellton,az,arizona,2,az
westsedonaaz,west sedona,az,arizona,2,az
whetstoneaz,whetstone,az,arizona,2,az
whitemountainlakeaz,white mountain lake,az,arizona,2,az
whiteriveraz,whiteriver,az,arizona,2,az
wickenburgaz,wickenburg,az,arizona,2,az
willcoxaz,willcox,az,arizona,2,az
williamsaz,williams,az,arizona,2,az
williamsonaz,williamson,az,arizona,2,az
willowvalleyaz,willow valley,az,arizona,2,az
windowrockaz,window rock,az,arizona,2,az
winslowaz,winslow,az,arizona,2,az
yavapaicountyaz,yavapai county,az,arizona,2,az
youngtownaz,youngtown,az,arizona,2,az
yumaaz,yuma,az,arizona,2,az
yumacountyaz,yuma county,az,arizona,2,az
alexanderar,alexander,ar,arkansas,3,ar
almaar,alma,ar,arkansas,3,ar
arkadelphiaar,arkadelphia,ar,arkansas,3,ar
arkansascityar,arkansas city,ar,arkansas,3,ar
arkansascountyar,arkansas county,ar,arkansas,3,ar
ashflatar,ash flat,ar,arkansas,3,ar
ashdownar,ashdown,ar,arkansas,3,ar
ashleycountyar,ashley county,ar,arkansas,3,ar
atkinsar,atkins,ar,arkansas,3,ar
augustaar,augusta,ar,arkansas,3,ar
austinar,austin,ar,arkansas,3,ar
baldknobar,bald knob,ar,arkansas,3,ar
barlingar,barling,ar,arkansas,3,ar
batesvillear,batesville,ar,arkansas,3,ar
baxtercountyar,baxter county,ar,arkansas,3,ar
bayar,bay,ar,arkansas,3,ar
beebear,beebe,ar,arkansas,3,ar
bellavistaar,bella vista,ar,arkansas,3,ar
bentonar,benton,ar,arkansas,3,ar
bentoncountyar,benton county,ar,arkansas,3,ar
bentonvillear,bentonville,ar,arkansas,3,ar
berryvillear,berryville,ar,arkansas,3,ar
bethelheightsar,bethel heights,ar,arkansas,3,ar
blythevillear,blytheville,ar,arkansas,3,ar
bonoar,bono,ar,arkansas,3,ar
boonecountyar,boone county,ar,arkansas,3,ar
boonevillear,booneville,ar,arkansas,3,ar
bradleycountyar,bradley county,ar,arkansas,3,ar
brinkleyar,brinkley,ar,arkansas,3,ar
brooklandar,brookland,ar,arkansas,3,ar
bryantar,bryant,ar,arkansas,3,ar
bullshoalsar,bull shoals,ar,arkansas,3,ar
cabotar,cabot,ar,arkansas,3,ar
calhouncountyar,calhoun county,ar,arkansas,3,ar
calicorockar,calico rock,ar,arkansas,3,ar
camdenar,camden,ar,arkansas,3,ar
carawayar,caraway,ar,arkansas,3,ar
carlislear,carlisle,ar,arkansas,3,ar
carrollcountyar,carroll county,ar,arkansas,3,ar
cavecityar,cave city,ar,arkansas,3,ar
cavespringsar,cave springs,ar,arkansas,3,ar
cedarvillear,cedarville,ar,arkansas,3,ar
centertonar,centerton,ar,arkansas,3,ar
charlestonar,charleston,ar,arkansas,3,ar
cherokeevillagear,cherokee village,ar,arkansas,3,ar
chicotcountyar,chicot county,ar,arkansas,3,ar
clarendonar,clarendon,ar,arkansas,3,ar
clarkcountyar,clark county,ar,arkansas,3,ar
clarksvillear,clarksville,ar,arkansas,3,ar
claycountyar,clay county,ar,arkansas,3,ar
cleburnecountyar,cleburne county,ar,arkansas,3,ar
clevelandcountyar,cleveland county,ar,arkansas,3,ar
clintonar,clinton,ar,arkansas,3,ar
coalhillar,coal hill,ar,arkansas,3,ar
columbiacountyar,columbia county,ar,arkansas,3,ar
conwayar,conway,ar,arkansas,3,ar
conwaycountyar,conway county,ar,arkansas,3,ar
corningar,corning,ar,arkansas,3,ar
craigheadcountyar,craighead county,ar,arkansas,3,ar
crawfordcountyar,crawford county,ar,arkansas,3,ar
crittendencountyar,crittenden county,ar,arkansas,3,ar
crosscountyar,cross county,ar,arkansas,3,ar
crossettar,crossett,ar,arkansas,3,ar
dallascountyar,dallas county,ar,arkansas,3,ar
danvillear,danville,ar,arkansas,3,ar
dardanellear,dardanelle,ar,arkansas,3,ar
dequeenar,de queen,ar,arkansas,3,ar
dewittar,de witt,ar,arkansas,3,ar
decaturar,decatur,ar,arkansas,3,ar
dermottar,dermott,ar,arkansas,3,ar
desarcar,des arc,ar,arkansas,3,ar
deshacountyar,desha county,ar,arkansas,3,ar
diazar,diaz,ar,arkansas,3,ar
dierksar,dierks,ar,arkansas,3,ar
doverar,dover,ar,arkansas,3,ar
drewcountyar,drew county,ar,arkansas,3,ar
dumasar,dumas,ar,arkansas,3,ar
earlear,earle,ar,arkansas,3,ar
eastendar,east end,ar,arkansas,3,ar
eldoradoar,el dorado,ar,arkansas,3,ar
elkinsar,elkins,ar,arkansas,3,ar
elmspringsar,elm springs,ar,arkansas,3,ar
englandar,england,ar,arkansas,3,ar
eudoraar,eudora,ar,arkansas,3,ar
eurekaspringsar,eureka springs,ar,arkansas,3,ar
fairfieldbayar,fairfield bay,ar,arkansas,3,ar
farmingtonar,farmington,ar,arkansas,3,ar
faulknercountyar,faulkner county,ar,arkansas,3,ar
fayettevillear,fayetteville,ar,arkansas,3,ar
flippinar,flippin,ar,arkansas,3,ar
fordycear,fordyce,ar,arkansas,3,ar
forrestcityar,forrest city,ar,arkansas,3,ar
fortsmithar,fort smith,ar,arkansas,3,ar
franklincountyar,franklin county,ar,arkansas,3,ar
fultoncountyar,fulton county,ar,arkansas,3,ar
garlandcountyar,garland county,ar,arkansas,3,ar
gassvillear,gassville,ar,arkansas,3,ar
gentryar,gentry,ar,arkansas,3,ar
gibsonar,gibson,ar,arkansas,3,ar
glenwoodar,glenwood,ar,arkansas,3,ar
goshenar,goshen,ar,arkansas,3,ar
gosnellar,gosnell,ar,arkansas,3,ar
grantcountyar,grant county,ar,arkansas,3,ar
gravelridgear,gravel ridge,ar,arkansas,3,ar
gravettear,gravette,ar,arkansas,3,ar
greenforestar,green forest,ar,arkansas,3,ar
greenbrierar,greenbrier,ar,arkansas,3,ar
greenecountyar,greene county,ar,arkansas,3,ar
greenlandar,greenland,ar,arkansas,3,ar
greenwoodar,greenwood,ar,arkansas,3,ar
gurdonar,gurdon,ar,arkansas,3,ar
hamburgar,hamburg,ar,arkansas,3,ar
hamptonar,hampton,ar,arkansas,3,ar
harrisburgar,harrisburg,ar,arkansas,3,ar
harrisonar,harrison,ar,arkansas,3,ar
haskellar,haskell,ar,arkansas,3,ar
hazenar,hazen,ar,arkansas,3,ar
heberspringsar,heber springs,ar,arkansas,3,ar
helenaar,helena,ar,arkansas,3,ar
helena-westhelenaar,helena-west helena,ar,arkansas,3,ar
hempsteadcountyar,hempstead county,ar,arkansas,3,ar
highlandar,highland,ar,arkansas,3,ar
holidayislandar,holiday island,ar,arkansas,3,ar
hopear,hope,ar,arkansas,3,ar
horatioar,horatio,ar,arkansas,3,ar
horseshoebendar,horseshoe bend,ar,arkansas,3,ar
hotspringcountyar,hot spring county,ar,arkansas,3,ar
hotspringsar,hot springs,ar,arkansas,3,ar
hotspringsnationalparkar,hot springs national park,ar,arkansas,3,ar
hotspringsvillagear,hot springs village,ar,arkansas,3,ar
howardcountyar,howard county,ar,arkansas,3,ar
hoxiear,hoxie,ar,arkansas,3,ar
hughesar,hughes,ar,arkansas,3,ar
huntsvillear,huntsville,ar,arkansas,3,ar
independencecountyar,independence county,ar,arkansas,3,ar
izardcountyar,izard county,ar,arkansas,3,ar
jacksoncountyar,jackson county,ar,arkansas,3,ar
jacksonvillear,jacksonville,ar,arkansas,3,ar
jasperar,jasper,ar,arkansas,3,ar
jeffersoncountyar,jefferson county,ar,arkansas,3,ar
johnsonar,johnson,ar,arkansas,3,ar
johnsoncountyar,johnson county,ar,arkansas,3,ar
jonesboroar,jonesboro,ar,arkansas,3,ar
judsoniaar,judsonia,ar,arkansas,3,ar
kensettar,kensett,ar,arkansas,3,ar
lafayettecountyar,lafayette county,ar,arkansas,3,ar
lakecityar,lake city,ar,arkansas,3,ar
lakehamiltonar,lake hamilton,ar,arkansas,3,ar
lakevillagear,lake village,ar,arkansas,3,ar
lamarar,lamar,ar,arkansas,3,ar
landmarkar,landmark,ar,arkansas,3,ar
lavacaar,lavaca,ar,arkansas,3,ar
lawrencecountyar,lawrence county,ar,arkansas,3,ar
leachvillear,leachville,ar,arkansas,3,ar
leecountyar,lee county,ar,arkansas,3,ar
lepantoar,lepanto,ar,arkansas,3,ar
lewisvillear,lewisville,ar,arkansas,3,ar
lincolnar,lincoln,ar,arkansas,3,ar
lincolncountyar,lincoln county,ar,arkansas,3,ar
littleflockar,little flock,ar,arkansas,3,ar
littlerivercountyar,little river county,ar,arkansas,3,ar
littlerockar,little rock,ar,arkansas,3,ar
littlerockairforcebasear,little rock air force base,ar,arkansas,3,ar
logancountyar,logan county,ar,arkansas,3,ar
londonar,london,ar,arkansas,3,ar
lonokear,lonoke,ar,arkansas,3,ar
lonokecountyar,lonoke county,ar,arkansas,3,ar
lowellar,lowell,ar,arkansas,3,ar
luxoraar,luxora,ar,arkansas,3,ar
madisoncountyar,madison county,ar,arkansas,3,ar
magnoliaar,magnolia,ar,arkansas,3,ar
malvernar,malvern,ar,arkansas,3,ar
manilaar,manila,ar,arkansas,3,ar
mansfieldar,mansfield,ar,arkansas,3,ar
mariannaar,marianna,ar,arkansas,3,ar
marionar,marion,ar,arkansas,3,ar
marioncountyar,marion county,ar,arkansas,3,ar
markedtreear,marked tree,ar,arkansas,3,ar
marmadukear,marmaduke,ar,arkansas,3,ar
marshallar,marshall,ar,arkansas,3,ar
marvellar,marvell,ar,arkansas,3,ar
maumellear,maumelle,ar,arkansas,3,ar
mayflowerar,mayflower,ar,arkansas,3,ar
mcalmontar,mcalmont,ar,arkansas,3,ar
mccroryar,mccrory,ar,arkansas,3,ar
mcgeheear,mcgehee,ar,arkansas,3,ar
melbournear,melbourne,ar,arkansas,3,ar
menaar,mena,ar,arkansas,3,ar
midwayar,midway,ar,arkansas,3,ar
millercountyar,miller county,ar,arkansas,3,ar
mineralspringsar,mineral springs,ar,arkansas,3,ar
mississippicountyar,mississippi county,ar,arkansas,3,ar
monettear,monette,ar,arkansas,3,ar
monroecountyar,monroe county,ar,arkansas,3,ar
montgomerycountyar,montgomery county,ar,arkansas,3,ar
monticelloar,monticello,ar,arkansas,3,ar
morriltonar,morrilton,ar,arkansas,3,ar
mountidaar,mount ida,ar,arkansas,3,ar
mountainhomear,mountain home,ar,arkansas,3,ar
mountainviewar,mountain view,ar,arkansas,3,ar
mulberryar,mulberry,ar,arkansas,3,ar
murfreesboroar,murfreesboro,ar,arkansas,3,ar
nashvillear,nashville,ar,arkansas,3,ar
nevadacountyar,nevada county,ar,arkansas,3,ar
newarkar,newark,ar,arkansas,3,ar
newportar,newport,ar,arkansas,3,ar
newtoncountyar,newton county,ar,arkansas,3,ar
northcrossettar,north crossett,ar,arkansas,3,ar
northlittlerockar,north little rock,ar,arkansas,3,ar
olaar,ola,ar,arkansas,3,ar
osceolaar,osceola,ar,arkansas,3,ar
ouachitacountyar,ouachita county,ar,arkansas,3,ar
ozarkar,ozark,ar,arkansas,3,ar
paragouldar,paragould,ar,arkansas,3,ar
parisar,paris,ar,arkansas,3,ar
parkinar,parkin,ar,arkansas,3,ar
pearidgear,pea ridge,ar,arkansas,3,ar
perrycountyar,perry county,ar,arkansas,3,ar
perryvillear,perryville,ar,arkansas,3,ar
phillipscountyar,phillips county,ar,arkansas,3,ar
piggottar,piggott,ar,arkansas,3,ar
pikecountyar,pike county,ar,arkansas,3,ar
pinebluffar,pine bluff,ar,arkansas,3,ar
pineyar,piney,ar,arkansas,3,ar
pocahontasar,pocahontas,ar,arkansas,3,ar
poinsettcountyar,poinsett county,ar,arkansas,3,ar
polkcountyar,polk county,ar,arkansas,3,ar
popecountyar,pope county,ar,arkansas,3,ar
pottsvillear,pottsville,ar,arkansas,3,ar
prairiecountyar,prairie county,ar,arkansas,3,ar
prairiecreekar,prairie creek,ar,arkansas,3,ar
prairiegrovear,prairie grove,ar,arkansas,3,ar
prescottar,prescott,ar,arkansas,3,ar
pulaskicountyar,pulaski county,ar,arkansas,3,ar
randolphcountyar,randolph county,ar,arkansas,3,ar
rectorar,rector,ar,arkansas,3,ar
redfieldar,redfield,ar,arkansas,3,ar
risonar,rison,ar,arkansas,3,ar
rockwellar,rockwell,ar,arkansas,3,ar
rogersar,rogers,ar,arkansas,3,ar
russellvillear,russellville,ar,arkansas,3,ar
saintfranciscountyar,saint francis county,ar,arkansas,3,ar
salemar,salem,ar,arkansas,3,ar
salinecountyar,saline county,ar,arkansas,3,ar
scottcountyar,scott county,ar,arkansas,3,ar
searcyar,searcy,ar,arkansas,3,ar
searcycountyar,searcy county,ar,arkansas,3,ar
sebastiancountyar,sebastian county,ar,arkansas,3,ar
seviercountyar,sevier county,ar,arkansas,3,ar
shannonhillsar,shannon hills,ar,arkansas,3,ar
sharpcountyar,sharp county,ar,arkansas,3,ar
sheridanar,sheridan,ar,arkansas,3,ar
sherwoodar,sherwood,ar,arkansas,3,ar
siloamspringsar,siloam springs,ar,arkansas,3,ar
smackoverar,smackover,ar,arkansas,3,ar
southsidear,southside,ar,arkansas,3,ar
springdalear,springdale,ar,arkansas,3,ar
stampsar,stamps,ar,arkansas,3,ar
starcityar,star city,ar,arkansas,3,ar
stonecountyar,stone county,ar,arkansas,3,ar
stuttgartar,stuttgart,ar,arkansas,3,ar
sulphurspringsar,sulphur springs,ar,arkansas,3,ar
texarkanaar,texarkana,ar,arkansas,3,ar
tontitownar,tontitown,ar,arkansas,3,ar
trumannar,trumann,ar,arkansas,3,ar
tuckermanar,tuckerman,ar,arkansas,3,ar
unioncountyar,union county,ar,arkansas,3,ar
vanburenar,van buren,ar,arkansas,3,ar
vanburencountyar,van buren county,ar,arkansas,3,ar
viloniaar,vilonia,ar,arkansas,3,ar
waldoar,waldo,ar,arkansas,3,ar
waldronar,waldron,ar,arkansas,3,ar
walnutridgear,walnut ridge,ar,arkansas,3,ar
wardar,ward,ar,arkansas,3,ar
warrenar,warren,ar,arkansas,3,ar
washingtoncountyar,washington county,ar,arkansas,3,ar
westcrossettar,west crossett,ar,arkansas,3,ar
westforkar,west fork,ar,arkansas,3,ar
westhelenaar,west helena,ar,arkansas,3,ar
westmemphisar,west memphis,ar,arkansas,3,ar
whitecountyar,white county,ar,arkansas,3,ar
whitehallar,white hall,ar,arkansas,3,ar
woodruffcountyar,woodruff county,ar,arkansas,3,ar
wrightsvillear,wrightsville,ar,arkansas,3,ar
wynnear,wynne,ar,arkansas,3,ar
yellcountyar,yell county,ar,arkansas,3,ar
yellvillear,yellville,ar,arkansas,3,ar
acalanesridgeca,acalanes ridge,ca,california,4,ca
actonca,acton,ca,california,4,ca
adelantoca,adelanto,ca,california,4,ca
agouraca,agoura,ca,california,4,ca
agourahillsca,agoura hills,ca,california,4,ca
aguadulceca,agua dulce,ca,california,4,ca
aguangaca,aguanga,ca,california,4,ca
ahwahneeca,ahwahnee,ca,california,4,ca
alamedaca,alameda,ca,california,4,ca
alamedacountyca,alameda county,ca,california,4,ca
alamoca,alamo,ca,california,4,ca
albanyca,albany,ca,california,4,ca
alhambraca,alhambra,ca,california,4,ca
alisoviejoca,aliso viejo,ca,california,4,ca
allendaleca,allendale,ca,california,4,ca
alondraparkca,alondra park,ca,california,4,ca
alpaughca,alpaugh,ca,california,4,ca
alpineca,alpine,ca,california,4,ca
alpinecountyca,alpine county,ca,california,4,ca
altasierraca,alta sierra,ca,california,4,ca
altadenaca,altadena,ca,california,4,ca
alturasca,alturas,ca,california,4,ca
alumrockca,alum rock,ca,california,4,ca
amadorcountyca,amador county,ca,california,4,ca
americancanyonca,american canyon,ca,california,4,ca
amestica,amesti,ca,california,4,ca
anaheimca,anaheim,ca,california,4,ca
andersonca,anderson,ca,california,4,ca
angelscampca,angels camp,ca,california,4,ca
angwinca,angwin,ca,california,4,ca
antelopeca,antelope,ca,california,4,ca
antiochca,antioch,ca,california,4,ca
anzaca,anza,ca,california,4,ca
applevalleyca,apple valley,ca,california,4,ca
aptosca,aptos,ca,california,4,ca
aptoshills-larkinvalleyca,aptos hills-larkin valley,ca,california,4,ca
arbuckleca,arbuckle,ca,california,4,ca
arcadiaca,arcadia,ca,california,4,ca
arcataca,arcata,ca,california,4,ca
arden-arcadeca,arden-arcade,ca,california,4,ca
armonaca,armona,ca,california,4,ca
arnoldca,arnold,ca,california,4,ca
aromasca,aromas,ca,california,4,ca
arroyograndeca,arroyo grande,ca,california,4,ca
artesiaca,artesia,ca,california,4,ca
arvinca,arvin,ca,california,4,ca
ashlandca,ashland,ca,california,4,ca
atascaderoca,atascadero,ca,california,4,ca
athertonca,atherton,ca,california,4,ca
atwaterca,atwater,ca,california,4,ca
auberryca,auberry,ca,california,4,ca
auburnca,auburn,ca,california,4,ca
auburnlaketrailsca,auburn lake trails,ca,california,4,ca
augustca,august,ca,california,4,ca
avalonca,avalon,ca,california,4,ca
avenalca,avenal,ca,california,4,ca
avilabeachca,avila beach,ca,california,4,ca
avocadoheightsca,avocado heights,ca,california,4,ca
azusaca,azusa,ca,california,4,ca
bakersfieldca,bakersfield,ca,california,4,ca
baldwinparkca,baldwin park,ca,california,4,ca
banningca,banning,ca,california,4,ca
barstowca,barstow,ca,california,4,ca
barstowheightsca,barstow heights,ca,california,4,ca
baypointca,bay point,ca,california,4,ca
baysideca,bayside,ca,california,4,ca
bayviewca,bayview,ca,california,4,ca
bealeairforcebaseca,beale air force base,ca,california,4,ca
bearvalleyspringsca,bear valley springs,ca,california,4,ca
beaumontca,beaumont,ca,california,4,ca
bellca,bell,ca,california,4,ca
bellgardensca,bell gardens,ca,california,4,ca
bellavistaca,bella vista,ca,california,4,ca
bellflowerca,bellflower,ca,california,4,ca
belmontca,belmont,ca,california,4,ca
belvedereca,belvedere,ca,california,4,ca
benlomondca,ben lomond,ca,california,4,ca
beniciaca,benicia,ca,california,4,ca
berkeleyca,berkeley,ca,california,4,ca
bermudadunesca,bermuda dunes,ca,california,4,ca
berrycreekca,berry creek,ca,california,4,ca
bertsch-oceanviewca,bertsch-oceanview,ca,california,4,ca
bethelislandca,bethel island,ca,california,4,ca
beverlyhillsca,beverly hills,ca,california,4,ca
bigbearcityca,big bear city,ca,california,4,ca
bigbearlakeca,big bear lake,ca,california,4,ca
bigpineca,big pine,ca,california,4,ca
bigriverca,big river,ca,california,4,ca
biggsca,biggs,ca,california,4,ca
biolaca,biola,ca,california,4,ca
bishopca,bishop,ca,california,4,ca
blackpoint-greenpointca,black point-green point,ca,california,4,ca
blackhawkca,blackhawk,ca,california,4,ca
bloomingtonca,bloomington,ca,california,4,ca
bluelakeca,blue lake,ca,california,4,ca
blytheca,blythe,ca,california,4,ca
bodegabayca,bodega bay,ca,california,4,ca
bodfishca,bodfish,ca,california,4,ca
bolinasca,bolinas,ca,california,4,ca
bonadelleranchos-maderaranchosca,bonadelle ranchos-madera ranchos,ca,california,4,ca
bonitaca,bonita,ca,california,4,ca
bonnydoonca,bonny doon,ca,california,4,ca
bonsallca,bonsall,ca,california,4,ca
boonvilleca,boonville,ca,california,4,ca
boronca,boron,ca,california,4,ca
borondaca,boronda,ca,california,4,ca
borregospringsca,borrego springs,ca,california,4,ca
bostoniaca,bostonia,ca,california,4,ca
bouldercreekca,boulder creek,ca,california,4,ca
boyeshotspringsca,boyes hot springs,ca,california,4,ca
boyleheightsca,boyle heights,ca,california,4,ca
bradburyca,bradbury,ca,california,4,ca
brawleyca,brawley,ca,california,4,ca
breaca,brea,ca,california,4,ca
brentwoodca,brentwood,ca,california,4,ca
bretharteca,bret harte,ca,california,4,ca
bridgeportca,bridgeport,ca,california,4,ca
brisbaneca,brisbane,ca,california,4,ca
broadmoorca,broadmoor,ca,california,4,ca
brookdaleca,brookdale,ca,california,4,ca
brooktrailsca,brooktrails,ca,california,4,ca
buckhornca,buckhorn,ca,california,4,ca
buelltonca,buellton,ca,california,4,ca
buenaparkca,buena park,ca,california,4,ca
buenavistaca,buena vista,ca,california,4,ca
burbankca,burbank,ca,california,4,ca
burlingameca,burlingame,ca,california,4,ca
burneyca,burney,ca,california,4,ca
buttecountyca,butte county,ca,california,4,ca
buttonwillowca,buttonwillow,ca,california,4,ca
byronca,byron,ca,california,4,ca
bystromca,bystrom,ca,california,4,ca
cabazonca,cabazon,ca,california,4,ca
calabasasca,calabasas,ca,california,4,ca
calaverascountyca,calaveras county,ca,california,4,ca
calexicoca,calexico,ca,california,4,ca
californiacityca,california city,ca,california,4,ca
calimesaca,calimesa,ca,california,4,ca
calipatriaca,calipatria,ca,california,4,ca
calistogaca,calistoga,ca,california,4,ca
callenderca,callender,ca,california,4,ca
camarilloca,camarillo,ca,california,4,ca
cambriaca,cambria,ca,california,4,ca
cambrianparkca,cambrian park,ca,california,4,ca
cameronparkca,cameron park,ca,california,4,ca
caminoca,camino,ca,california,4,ca
campmeekerca,camp meeker,ca,california,4,ca
camppendletonnorthca,camp pendleton north,ca,california,4,ca
camppendletonsouthca,camp pendleton south,ca,california,4,ca
campbellca,campbell,ca,california,4,ca
campoca,campo,ca,california,4,ca
canogaparkca,canoga park,ca,california,4,ca
canyonlakeca,canyon lake,ca,california,4,ca
capitolaca,capitola,ca,california,4,ca
carlsbadca,carlsbad,ca,california,4,ca
carmelvalleyvillageca,carmel valley village,ca,california,4,ca
carmel-by-the-seaca,carmel-by-the-sea,ca,california,4,ca
carmichaelca,carmichael,ca,california,4,ca
carpinteriaca,carpinteria,ca,california,4,ca
carsonca,carson,ca,california,4,ca
caruthersca,caruthers,ca,california,4,ca
casaconejoca,casa conejo,ca,california,4,ca
casadeoro-mounthelixca,casa de oro-mount helix,ca,california,4,ca
castaicca,castaic,ca,california,4,ca
castrovalleyca,castro valley,ca,california,4,ca
castrovilleca,castroville,ca,california,4,ca
cathedralcityca,cathedral city,ca,california,4,ca
cayucosca,cayucos,ca,california,4,ca
cedarridgeca,cedar ridge,ca,california,4,ca
centralvalley(historical)ca,central valley (historical),ca,california,4,ca
centurycityca,century city,ca,california,4,ca
ceresca,ceres,ca,california,4,ca
cerritosca,cerritos,ca,california,4,ca
challenge-brownsvilleca,challenge-brownsville,ca,california,4,ca
channelislandsbeachca,channel islands beach,ca,california,4,ca
charteroakca,charter oak,ca,california,4,ca
chatsworthca,chatsworth,ca,california,4,ca
cherryvalleyca,cherry valley,ca,california,4,ca
cherrylandca,cherryland,ca,california,4,ca
chesterca,chester,ca,california,4,ca
chicoca,chico,ca,california,4,ca
chinalakeacresca,china lake acres,ca,california,4,ca
chinatownca,chinatown,ca,california,4,ca
chinoca,chino,ca,california,4,ca
chinohillsca,chino hills,ca,california,4,ca
chowchillaca,chowchilla,ca,california,4,ca
chualarca,chualar,ca,california,4,ca
chulavistaca,chula vista,ca,california,4,ca
citrusca,citrus,ca,california,4,ca
citrusheightsca,citrus heights,ca,california,4,ca
cityandcountyofsanfranciscoca,city and county of san francisco,ca,california,4,ca
claremontca,claremont,ca,california,4,ca
clayca,clay,ca,california,4,ca
claytonca,clayton,ca,california,4,ca
clearlakerivieraca,clear lake riviera,ca,california,4,ca
clearlakeca,clearlake,ca,california,4,ca
clearlakeoaksca,clearlake oaks,ca,california,4,ca
cloverdaleca,cloverdale,ca,california,4,ca
clovisca,clovis,ca,california,4,ca
coachellaca,coachella,ca,california,4,ca
coalingaca,coalinga,ca,california,4,ca
coarsegoldca,coarsegold,ca,california,4,ca
cobbca,cobb,ca,california,4,ca
colfaxca,colfax,ca,california,4,ca
colliervilleca,collierville,ca,california,4,ca
colmaca,colma,ca,california,4,ca
coltonca,colton,ca,california,4,ca
columbiaca,columbia,ca,california,4,ca
colusaca,colusa,ca,california,4,ca
colusacountyca,colusa county,ca,california,4,ca
commerceca,commerce,ca,california,4,ca
comptonca,compton,ca,california,4,ca
concordca,concord,ca,california,4,ca
contracostacentreca,contra costa centre,ca,california,4,ca
contracostacountyca,contra costa county,ca,california,4,ca
coolca,cool,ca,california,4,ca
copperopolisca,copperopolis,ca,california,4,ca
corcoranca,corcoran,ca,california,4,ca
corningca,corning,ca,california,4,ca
coronaca,corona,ca,california,4,ca
coronadoca,coronado,ca,california,4,ca
corralitosca,corralitos,ca,california,4,ca
cortemaderaca,corte madera,ca,california,4,ca
costamesaca,costa mesa,ca,california,4,ca
cotatica,cotati,ca,california,4,ca
cotodecazaca,coto de caza,ca,california,4,ca
cottonwoodca,cottonwood,ca,california,4,ca
countryclubca,country club,ca,california,4,ca
coveloca,covelo,ca,california,4,ca
covinaca,covina,ca,california,4,ca
crescentcityca,crescent city,ca,california,4,ca
crestca,crest,ca,california,4,ca
crestlineca,crestline,ca,california,4,ca
crockettca,crockett,ca,california,4,ca
cudahyca,cudahy,ca,california,4,ca
culvercityca,culver city,ca,california,4,ca
cupertinoca,cupertino,ca,california,4,ca
cutlerca,cutler,ca,california,4,ca
cuttenca,cutten,ca,california,4,ca
cypressca,cypress,ca,california,4,ca
dalycityca,daly city,ca,california,4,ca
danapointca,dana point,ca,california,4,ca
danvilleca,danville,ca,california,4,ca
davisca,davis,ca,california,4,ca
dayvalleyca,day valley,ca,california,4,ca
deerparkca,deer park,ca,california,4,ca
delaireca,del aire,ca,california,4,ca
delmarca,del mar,ca,california,4,ca
delmonteforestca,del monte forest,ca,california,4,ca
delnortecountyca,del norte county,ca,california,4,ca
delreyca,del rey,ca,california,4,ca
delreyoaksca,del rey oaks,ca,california,4,ca
delrioca,del rio,ca,california,4,ca
delanoca,delano,ca,california,4,ca
delhica,delhi,ca,california,4,ca
denairca,denair,ca,california,4,ca
descansoca,descanso,ca,california,4,ca
desertedgeca,desert edge,ca,california,4,ca
deserthotspringsca,desert hot springs,ca,california,4,ca
desertshoresca,desert shores,ca,california,4,ca
desertviewhighlandsca,desert view highlands,ca,california,4,ca
diabloca,diablo,ca,california,4,ca
diamondbarca,diamond bar,ca,california,4,ca
diamondspringsca,diamond springs,ca,california,4,ca
dinubaca,dinuba,ca,california,4,ca
discoverybayca,discovery bay,ca,california,4,ca
dixonca,dixon,ca,california,4,ca
dixonlane-meadowcreekca,dixon lane-meadow creek,ca,california,4,ca
dogtownca,dogtown,ca,california,4,ca
dollarpointca,dollar point,ca,california,4,ca
dospalosca,dos palos,ca,california,4,ca
downeyca,downey,ca,california,4,ca
downievilleca,downieville,ca,california,4,ca
duarteca,duarte,ca,california,4,ca
dublinca,dublin,ca,california,4,ca
dunniganca,dunnigan,ca,california,4,ca
dunsmuirca,dunsmuir,ca,california,4,ca
durhamca,durham,ca,california,4,ca
earlimartca,earlimart,ca,california,4,ca
eastfoothillsca,east foothills,ca,california,4,ca
easthemetca,east hemet,ca,california,4,ca
eastlamiradaca,east la mirada,ca,california,4,ca
eastlosangelesca,east los angeles,ca,california,4,ca
eastoakdaleca,east oakdale,ca,california,4,ca
eastpaloaltoca,east palo alto,ca,california,4,ca
eastpasadenaca,east pasadena,ca,california,4,ca
eastportervilleca,east porterville,ca,california,4,ca
eastquincyca,east quincy,ca,california,4,ca
eastranchodominguezca,east rancho dominguez,ca,california,4,ca
eastrichmondheightsca,east richmond heights,ca,california,4,ca
eastsangabrielca,east san gabriel,ca,california,4,ca
eastsonoraca,east sonora,ca,california,4,ca
eastonca,easton,ca,california,4,ca
eastvaleca,eastvale,ca,california,4,ca
echoparkca,echo park,ca,california,4,ca
edwardsairforcebaseca,edwards air force base,ca,california,4,ca
elcajonca,el cajon,ca,california,4,ca
elcentroca,el centro,ca,california,4,ca
elcerritoca,el cerrito,ca,california,4,ca
elcerritocoronaca,el cerrito corona,ca,california,4,ca
eldoradocountyca,el dorado county,ca,california,4,ca
eldoradohillsca,el dorado hills,ca,california,4,ca
elgranadaca,el granada,ca,california,4,ca
elmonteca,el monte,ca,california,4,ca
elrioca,el rio,ca,california,4,ca
elsegundoca,el segundo,ca,california,4,ca
elsobranteca,el sobrante,ca,california,4,ca
elveranoca,el verano,ca,california,4,ca
eldridgeca,eldridge,ca,california,4,ca
elkgroveca,elk grove,ca,california,4,ca
elkhornca,elkhorn,ca,california,4,ca
elvertaca,elverta,ca,california,4,ca
emeraldlakehillsca,emerald lake hills,ca,california,4,ca
emeryvilleca,emeryville,ca,california,4,ca
empireca,empire,ca,california,4,ca
encinitasca,encinitas,ca,california,4,ca
encinoca,encino,ca,california,4,ca
escalonca,escalon,ca,california,4,ca
escondidoca,escondido,ca,california,4,ca
espartoca,esparto,ca,california,4,ca
eucalyptushillsca,eucalyptus hills,ca,california,4,ca
eurekaca,eureka,ca,california,4,ca
exeterca,exeter,ca,california,4,ca
fairoaksca,fair oaks,ca,california,4,ca
fairbanksranchca,fairbanks ranch,ca,california,4,ca
fairfaxca,fairfax,ca,california,4,ca
fairfieldca,fairfield,ca,california,4,ca
fairmeadca,fairmead,ca,california,4,ca
fairviewca,fairview,ca,california,4,ca
fallbrookca,fallbrook,ca,california,4,ca
farmersvilleca,farmersville,ca,california,4,ca
feltonca,felton,ca,california,4,ca
ferndaleca,ferndale,ca,california,4,ca
fettershotsprings-aguacalienteca,fetters hot springs-agua caliente,ca,california,4,ca
fillmoreca,fillmore,ca,california,4,ca
firebaughca,firebaugh,ca,california,4,ca
florence-grahamca,florence-graham,ca,california,4,ca
florinca,florin,ca,california,4,ca
folsomca,folsom,ca,california,4,ca
fontanaca,fontana,ca,california,4,ca
foothillfarmsca,foothill farms,ca,california,4,ca
foothillranchca,foothill ranch,ca,california,4,ca
fordcityca,ford city,ca,california,4,ca
forestmeadowsca,forest meadows,ca,california,4,ca
forestranchca,forest ranch,ca,california,4,ca
foresthillca,foresthill,ca,california,4,ca
forestvilleca,forestville,ca,california,4,ca
fortbraggca,fort bragg,ca,california,4,ca
fortirwinca,fort irwin,ca,california,4,ca
fortunaca,fortuna,ca,california,4,ca
fostercityca,foster city,ca,california,4,ca
fountainvalleyca,fountain valley,ca,california,4,ca
fowlerca,fowler,ca,california,4,ca
frazierparkca,frazier park,ca,california,4,ca
freedomca,freedom,ca,california,4,ca
fremontca,fremont,ca,california,4,ca
frenchcampca,french camp,ca,california,4,ca
fresnoca,fresno,ca,california,4,ca
fresnocountyca,fresno county,ca,california,4,ca
fruitridgepocketca,fruitridge pocket,ca,california,4,ca
fullertonca,fullerton,ca,california,4,ca
galtca,galt,ca,california,4,ca
gardenacresca,garden acres,ca,california,4,ca
gardengroveca,garden grove,ca,california,4,ca
gardenaca,gardena,ca,california,4,ca
garnetca,garnet,ca,california,4,ca
georgetownca,georgetown,ca,california,4,ca
gerberca,gerber,ca,california,4,ca
gilroyca,gilroy,ca,california,4,ca
glenavonca,glen avon,ca,california,4,ca
glendaleca,glendale,ca,california,4,ca
glendoraca,glendora,ca,california,4,ca
glenncountyca,glenn county,ca,california,4,ca
goldriverca,gold river,ca,california,4,ca
goldenhillsca,golden hills,ca,california,4,ca
goletaca,goleta,ca,california,4,ca
gonzalesca,gonzales,ca,california,4,ca
goodhopeca,good hope,ca,california,4,ca
goshenca,goshen,ca,california,4,ca
grandterraceca,grand terrace,ca,california,4,ca
granitebayca,granite bay,ca,california,4,ca
granitehillsca,granite hills,ca,california,4,ca
grassvalleyca,grass valley,ca,california,4,ca
gratonca,graton,ca,california,4,ca
greenacresca,green acres,ca,california,4,ca
greenvalleyca,green valley,ca,california,4,ca
greenfieldca,greenfield,ca,california,4,ca
greenvilleca,greenville,ca,california,4,ca
gridleyca,gridley,ca,california,4,ca
groverbeachca,grover beach,ca,california,4,ca
guadalupeca,guadalupe,ca,california,4,ca
guernevilleca,guerneville,ca,california,4,ca
gustineca,gustine,ca,california,4,ca
haciendaheightsca,hacienda heights,ca,california,4,ca
halfmoonbayca,half moon bay,ca,california,4,ca
hamiltoncityca,hamilton city,ca,california,4,ca
hanfordca,hanford,ca,california,4,ca
happycampca,happy camp,ca,california,4,ca
harbisoncanyonca,harbison canyon,ca,california,4,ca
hartleyca,hartley,ca,california,4,ca
hawaiiangardensca,hawaiian gardens,ca,california,4,ca
hawthorneca,hawthorne,ca,california,4,ca
hayforkca,hayfork,ca,california,4,ca
haywardca,hayward,ca,california,4,ca
healdsburgca,healdsburg,ca,california,4,ca
heberca,heber,ca,california,4,ca
hemetca,hemet,ca,california,4,ca
heraldca,herald,ca,california,4,ca
herculesca,hercules,ca,california,4,ca
hermosabeachca,hermosa beach,ca,california,4,ca
hesperiaca,hesperia,ca,california,4,ca
hiddenhillsca,hidden hills,ca,california,4,ca
hiddenmeadowsca,hidden meadows,ca,california,4,ca
hiddenvalleylakeca,hidden valley lake,ca,california,4,ca
highgroveca,highgrove,ca,california,4,ca
highlandca,highland,ca,california,4,ca
highlands-baywoodparkca,highlands-baywood park,ca,california,4,ca
hillsboroughca,hillsborough,ca,california,4,ca
hilmar-irwinca,hilmar-irwin,ca,california,4,ca
hollisterca,hollister,ca,california,4,ca
hollywoodca,hollywood,ca,california,4,ca
holtvilleca,holtville,ca,california,4,ca
homegardenca,home garden,ca,california,4,ca
homegardensca,home gardens,ca,california,4,ca
homelandca,homeland,ca,california,4,ca
hughsonca,hughson,ca,california,4,ca
humboldtcountyca,humboldt county,ca,california,4,ca
humboldthillca,humboldt hill,ca,california,4,ca
huntingtonbeachca,huntington beach,ca,california,4,ca
huntingtonparkca,huntington park,ca,california,4,ca
huronca,huron,ca,california,4,ca
hydesvilleca,hydesville,ca,california,4,ca
idyllwildca,idyllwild,ca,california,4,ca
idyllwild-pinecoveca,idyllwild-pine cove,ca,california,4,ca
imperialca,imperial,ca,california,4,ca
imperialbeachca,imperial beach,ca,california,4,ca
imperialcountyca,imperial county,ca,california,4,ca
indianwellsca,indian wells,ca,california,4,ca
indioca,indio,ca,california,4,ca
inglewoodca,inglewood,ca,california,4,ca
interlakenca,interlaken,ca,california,4,ca
invernessca,inverness,ca,california,4,ca
inyocountyca,inyo county,ca,california,4,ca
inyokernca,inyokern,ca,california,4,ca
ioneca,ione,ca,california,4,ca
irvineca,irvine,ca,california,4,ca
irwindaleca,irwindale,ca,california,4,ca
islavistaca,isla vista,ca,california,4,ca
ivanhoeca,ivanhoe,ca,california,4,ca
jacksonca,jackson,ca,california,4,ca
jamestownca,jamestown,ca,california,4,ca
jamulca,jamul,ca,california,4,ca
janesvilleca,janesville,ca,california,4,ca
johnstonvilleca,johnstonville,ca,california,4,ca
joshuatreeca,joshua tree,ca,california,4,ca
julianca,julian,ca,california,4,ca
jurupavalleyca,jurupa valley,ca,california,4,ca
kelseyvilleca,kelseyville,ca,california,4,ca
kennedyca,kennedy,ca,california,4,ca
kensingtonca,kensington,ca,california,4,ca
kentfieldca,kentfield,ca,california,4,ca
kenwoodca,kenwood,ca,california,4,ca
kermanca,kerman,ca,california,4,ca
kerncountyca,kern county,ca,california,4,ca
kernvilleca,kernville,ca,california,4,ca
kettlemancityca,kettleman city,ca,california,4,ca
keyesca,keyes,ca,california,4,ca
kingcityca,king city,ca,california,4,ca
kingsbeachca,kings beach,ca,california,4,ca
kingscountyca,kings county,ca,california,4,ca
kingsburgca,kingsburg,ca,california,4,ca
knightsenca,knightsen,ca,california,4,ca
koreatownca,koreatown,ca,california,4,ca
lacañadaflintridgeca,la cañada flintridge,ca,california,4,ca
lacrescenta-montroseca,la crescenta-montrose,ca,california,4,ca
lahabraca,la habra,ca,california,4,ca
lahabraheightsca,la habra heights,ca,california,4,ca
lajollaca,la jolla,ca,california,4,ca
lamesaca,la mesa,ca,california,4,ca
lamiradaca,la mirada,ca,california,4,ca
lapalmaca,la palma,ca,california,4,ca
lapresaca,la presa,ca,california,4,ca
lapuenteca,la puente,ca,california,4,ca
laquintaca,la quinta,ca,california,4,ca
larivieraca,la riviera,ca,california,4,ca
laselvabeachca,la selva beach,ca,california,4,ca
laverneca,la verne,ca,california,4,ca
laderaca,ladera,ca,california,4,ca
laderaheightsca,ladera heights,ca,california,4,ca
laderaranchca,ladera ranch,ca,california,4,ca
lafayetteca,lafayette,ca,california,4,ca
lagunaca,laguna,ca,california,4,ca
lagunabeachca,laguna beach,ca,california,4,ca
lagunahillsca,laguna hills,ca,california,4,ca
lagunaniguelca,laguna niguel,ca,california,4,ca
lagunawoodsca,laguna woods,ca,california,4,ca
lagunitas-forestknollsca,lagunitas-forest knolls,ca,california,4,ca
lakearrowheadca,lake arrowhead,ca,california,4,ca
lakecountyca,lake county,ca,california,4,ca
lakeelsinoreca,lake elsinore,ca,california,4,ca
lakeforestca,lake forest,ca,california,4,ca
lakeisabellaca,lake isabella,ca,california,4,ca
lakelosangelesca,lake los angeles,ca,california,4,ca
lakenacimientoca,lake nacimiento,ca,california,4,ca
lakesanmarcosca,lake san marcos,ca,california,4,ca
lakewildwoodca,lake wildwood,ca,california,4,ca
lakeofthepinesca,lake of the pines,ca,california,4,ca
lakelandvillageca,lakeland village,ca,california,4,ca
lakeportca,lakeport,ca,california,4,ca
lakesideca,lakeside,ca,california,4,ca
lakeviewca,lakeview,ca,california,4,ca
lakewoodca,lakewood,ca,california,4,ca
lamontca,lamont,ca,california,4,ca
lancasterca,lancaster,ca,california,4,ca
larkfield-wikiupca,larkfield-wikiup,ca,california,4,ca
larkspurca,larkspur,ca,california,4,ca
lasfloresca,las flores,ca,california,4,ca
laslomasca,las lomas,ca,california,4,ca
lassencountyca,lassen county,ca,california,4,ca
lathropca,lathrop,ca,california,4,ca
latonca,laton,ca,california,4,ca
lawndaleca,lawndale,ca,california,4,ca
laytonvilleca,laytonville,ca,california,4,ca
legrandca,le grand,ca,california,4,ca
lebecca,lebec,ca,california,4,ca
lemongroveca,lemon grove,ca,california,4,ca
lemooreca,lemoore,ca,california,4,ca
lemoorestationca,lemoore station,ca,california,4,ca
lennoxca,lennox,ca,california,4,ca
lenwoodca,lenwood,ca,california,4,ca
leonavalleyca,leona valley,ca,california,4,ca
lewistonca,lewiston,ca,california,4,ca
lexingtonhillsca,lexington hills,ca,california,4,ca
lincolnca,lincoln,ca,california,4,ca
lincolnvillageca,lincoln village,ca,california,4,ca
lindaca,linda,ca,california,4,ca
lindenca,linden,ca,california,4,ca
lindsayca,lindsay,ca,california,4,ca
littlerockca,littlerock,ca,california,4,ca
liveoakca,live oak,ca,california,4,ca
livermoreca,livermore,ca,california,4,ca
livingstonca,livingston,ca,california,4,ca
lockefordca,lockeford,ca,california,4,ca
lodica,lodi,ca,california,4,ca
lomalindaca,loma linda,ca,california,4,ca
lomaricaca,loma rica,ca,california,4,ca
lomitaca,lomita,ca,california,4,ca
lompicoca,lompico,ca,california,4,ca
lompocca,lompoc,ca,california,4,ca
londonca,london,ca,california,4,ca
lonepineca,lone pine,ca,california,4,ca
longbeachca,long beach,ca,california,4,ca
loomisca,loomis,ca,california,4,ca
losalamitosca,los alamitos,ca,california,4,ca
losalamosca,los alamos,ca,california,4,ca
losaltosca,los altos,ca,california,4,ca
losaltoshillsca,los altos hills,ca,california,4,ca
losangelesca,los angeles,ca,california,4,ca
losangelescountyca,los angeles county,ca,california,4,ca
losbanosca,los banos,ca,california,4,ca
losgatosca,los gatos,ca,california,4,ca
losmolinosca,los molinos,ca,california,4,ca
losolivosca,los olivos,ca,california,4,ca
losososca,los osos,ca,california,4,ca
losserranosca,los serranos,ca,california,4,ca
losthillsca,lost hills,ca,california,4,ca
lowerlakeca,lower lake,ca,california,4,ca
loyolaca,loyola,ca,california,4,ca
lucasvalley-marinwoodca,lucas valley-marinwood,ca,california,4,ca
lucerneca,lucerne,ca,california,4,ca
lucernevalleyca,lucerne valley,ca,california,4,ca
lynwoodca,lynwood,ca,california,4,ca
maderaca,madera,ca,california,4,ca
maderaacresca,madera acres,ca,california,4,ca
maderacountyca,madera county,ca,california,4,ca
magaliaca,magalia,ca,california,4,ca
malibuca,malibu,ca,california,4,ca
mammothlakesca,mammoth lakes,ca,california,4,ca
manhattanbeachca,manhattan beach,ca,california,4,ca
mantecaca,manteca,ca,california,4,ca
marchairforcebaseca,march air force base,ca,california,4,ca
maricopaca,maricopa,ca,california,4,ca
marincityca,marin city,ca,california,4,ca
marincountyca,marin county,ca,california,4,ca
marinaca,marina,ca,california,4,ca
marinadelreyca,marina del rey,ca,california,4,ca
mariposaca,mariposa,ca,california,4,ca
mariposacountyca,mariposa county,ca,california,4,ca
martinezca,martinez,ca,california,4,ca
marysvilleca,marysville,ca,california,4,ca
mathenyca,matheny,ca,california,4,ca
maxwellca,maxwell,ca,california,4,ca
mayflowervillageca,mayflower village,ca,california,4,ca
maywoodca,maywood,ca,california,4,ca
mccloudca,mccloud,ca,california,4,ca
mcfarlandca,mcfarland,ca,california,4,ca
mckinleyvilleca,mckinleyville,ca,california,4,ca
meadvalleyca,mead valley,ca,california,4,ca
meadowvistaca,meadow vista,ca,california,4,ca
meadowbrookca,meadowbrook,ca,california,4,ca
meccaca,mecca,ca,california,4,ca
meinersoaksca,meiners oaks,ca,california,4,ca
mendocinocountyca,mendocino county,ca,california,4,ca
mendotaca,mendota,ca,california,4,ca
menifeeca,menifee,ca,california,4,ca
menloparkca,menlo park,ca,california,4,ca
mentoneca,mentone,ca,california,4,ca
mercedca,merced,ca,california,4,ca
mercedcountyca,merced county,ca,california,4,ca
mesaverdeca,mesa verde,ca,california,4,ca
middletownca,middletown,ca,california,4,ca
midpinesca,midpines,ca,california,4,ca
midwaycityca,midway city,ca,california,4,ca
millvalleyca,mill valley,ca,california,4,ca
millbraeca,millbrae,ca,california,4,ca
milpitasca,milpitas,ca,california,4,ca
minklerca,minkler,ca,california,4,ca
miramesaca,mira mesa,ca,california,4,ca
miramonteca,mira monte,ca,california,4,ca
missioncanyonca,mission canyon,ca,california,4,ca
missiondistrictca,mission district,ca,california,4,ca
missionhillsca,mission hills,ca,california,4,ca
missionviejoca,mission viejo,ca,california,4,ca
modestoca,modesto,ca,california,4,ca
modoccountyca,modoc county,ca,california,4,ca
mojaveca,mojave,ca,california,4,ca
monocountyca,mono county,ca,california,4,ca
monovistaca,mono vista,ca,california,4,ca
monroviaca,monrovia,ca,california,4,ca
montagueca,montague,ca,california,4,ca
montalvinca,montalvin,ca,california,4,ca
montaraca,montara,ca,california,4,ca
montclairca,montclair,ca,california,4,ca
monterioca,monte rio,ca,california,4,ca
monteserenoca,monte sereno,ca,california,4,ca
montebelloca,montebello,ca,california,4,ca
montecitoca,montecito,ca,california,4,ca
montereyca,monterey,ca,california,4,ca
montereycountyca,monterey county,ca,california,4,ca
montereyparkca,monterey park,ca,california,4,ca
monumenthillsca,monument hills,ca,california,4,ca
moorparkca,moorpark,ca,california,4,ca
moradaca,morada,ca,california,4,ca
moragaca,moraga,ca,california,4,ca
morenovalleyca,moreno valley,ca,california,4,ca
morganhillca,morgan hill,ca,california,4,ca
morongovalleyca,morongo valley,ca,california,4,ca
morrobayca,morro bay,ca,california,4,ca
mossbeachca,moss beach,ca,california,4,ca
mounthermonca,mount hermon,ca,california,4,ca
mountshastaca,mount shasta,ca,california,4,ca
mountainhouseca,mountain house,ca,california,4,ca
mountainranchca,mountain ranch,ca,california,4,ca
mountainviewca,mountain view,ca,california,4,ca
mountainviewacresca,mountain view acres,ca,california,4,ca
murphysca,murphys,ca,california,4,ca
murrietaca,murrieta,ca,california,4,ca
murrietahotspringsca,murrieta hot springs,ca,california,4,ca
muscoyca,muscoy,ca,california,4,ca
myrtletownca,myrtletown,ca,california,4,ca
napaca,napa,ca,california,4,ca
napacountyca,napa county,ca,california,4,ca
nationalcityca,national city,ca,california,4,ca
needlesca,needles,ca,california,4,ca
nevadacityca,nevada city,ca,california,4,ca
nevadacountyca,nevada county,ca,california,4,ca
newarkca,newark,ca,california,4,ca
newcastleca,newcastle,ca,california,4,ca
newmanca,newman,ca,california,4,ca
newportbeachca,newport beach,ca,california,4,ca
niceca,nice,ca,california,4,ca
nilandca,niland,ca,california,4,ca
nipomoca,nipomo,ca,california,4,ca
noevalleyca,noe valley,ca,california,4,ca
norcoca,norco,ca,california,4,ca
northauburnca,north auburn,ca,california,4,ca
northedwardsca,north edwards,ca,california,4,ca
northelmonteca,north el monte,ca,california,4,ca
northfairoaksca,north fair oaks,ca,california,4,ca
northhighlandsca,north highlands,ca,california,4,ca
northhillsca,north hills,ca,california,4,ca
northhollywoodca,north hollywood,ca,california,4,ca
northlakeportca,north lakeport,ca,california,4,ca
northrichmondca,north richmond,ca,california,4,ca
northtustinca,north tustin,ca,california,4,ca
northridgeca,northridge,ca,california,4,ca
norwalkca,norwalk,ca,california,4,ca
novatoca,novato,ca,california,4,ca
nuevoca,nuevo,ca,california,4,ca
oakhillsca,oak hills,ca,california,4,ca
oakparkca,oak park,ca,california,4,ca
oakviewca,oak view,ca,california,4,ca
oakdaleca,oakdale,ca,california,4,ca
oakhurstca,oakhurst,ca,california,4,ca
oaklandca,oakland,ca,california,4,ca
oakleyca,oakley,ca,california,4,ca
oasisca,oasis,ca,california,4,ca
occidentalca,occidental,ca,california,4,ca
oceanoca,oceano,ca,california,4,ca
oceansideca,oceanside,ca,california,4,ca
oildaleca,oildale,ca,california,4,ca
ojaica,ojai,ca,california,4,ca
oldfiggardenca,old fig garden,ca,california,4,ca
olivehurstca,olivehurst,ca,california,4,ca
ontarioca,ontario,ca,california,4,ca
opalcliffsca,opal cliffs,ca,california,4,ca
orangeca,orange,ca,california,4,ca
orangecountyca,orange county,ca,california,4,ca
orangecoveca,orange cove,ca,california,4,ca
orangevaleca,orangevale,ca,california,4,ca
orcuttca,orcutt,ca,california,4,ca
orindaca,orinda,ca,california,4,ca
orlandca,orland,ca,california,4,ca
orosica,orosi,ca,california,4,ca
orovilleca,oroville,ca,california,4,ca
orovilleeastca,oroville east,ca,california,4,ca
oxnardca,oxnard,ca,california,4,ca
pachecoca,pacheco,ca,california,4,ca
pacificgroveca,pacific grove,ca,california,4,ca
pacificaca,pacifica,ca,california,4,ca
pajaroca,pajaro,ca,california,4,ca
palermoca,palermo,ca,california,4,ca
palmdesertca,palm desert,ca,california,4,ca
palmspringsca,palm springs,ca,california,4,ca
palmdaleca,palmdale,ca,california,4,ca
paloaltoca,palo alto,ca,california,4,ca
palocedroca,palo cedro,ca,california,4,ca
palosverdesestatesca,palos verdes estates,ca,california,4,ca
paradiseca,paradise,ca,california,4,ca
paramountca,paramount,ca,california,4,ca
parksdaleca,parksdale,ca,california,4,ca
parkwayca,parkway,ca,california,4,ca
parkwoodca,parkwood,ca,california,4,ca
parlierca,parlier,ca,california,4,ca
pasadenaca,pasadena,ca,california,4,ca
pasatiempoca,pasatiempo,ca,california,4,ca
pasoroblesca,paso robles,ca,california,4,ca
pattersonca,patterson,ca,california,4,ca
pattersontractca,patterson tract,ca,california,4,ca
pedleyca,pedley,ca,california,4,ca
pennvalleyca,penn valley,ca,california,4,ca
penngroveca,penngrove,ca,california,4,ca
perrisca,perris,ca,california,4,ca
petalumaca,petaluma,ca,california,4,ca
phelanca,phelan,ca,california,4,ca
phoenixlakeca,phoenix lake,ca,california,4,ca
picoriveraca,pico rivera,ca,california,4,ca
piedmontca,piedmont,ca,california,4,ca
pinegroveca,pine grove,ca,california,4,ca
pinehillsca,pine hills,ca,california,4,ca
pinemountainclubca,pine mountain club,ca,california,4,ca
pinevalleyca,pine valley,ca,california,4,ca
pinoleca,pinole,ca,california,4,ca
pioneerca,pioneer,ca,california,4,ca
piruca,piru,ca,california,4,ca
pismobeachca,pismo beach,ca,california,4,ca
pittsburgca,pittsburg,ca,california,4,ca
pixleyca,pixley,ca,california,4,ca
piñonhillsca,piñon hills,ca,california,4,ca
placentiaca,placentia,ca,california,4,ca
placercountyca,placer county,ca,california,4,ca
placervilleca,placerville,ca,california,4,ca
planadaca,planada,ca,california,4,ca
pleasanthillca,pleasant hill,ca,california,4,ca
pleasantonca,pleasanton,ca,california,4,ca
plumascountyca,plumas county,ca,california,4,ca
plumaslakeca,plumas lake,ca,california,4,ca
pollockpinesca,pollock pines,ca,california,4,ca
pomonaca,pomona,ca,california,4,ca
poplar-cottoncenterca,poplar-cotton center,ca,california,4,ca
porthuenemeca,port hueneme,ca,california,4,ca
portervilleca,porterville,ca,california,4,ca
portolaca,portola,ca,california,4,ca
portolahillsca,portola hills,ca,california,4,ca
portolavalleyca,portola valley,ca,california,4,ca
powayca,poway,ca,california,4,ca
prunedaleca,prunedale,ca,california,4,ca
quailvalleyca,quail valley,ca,california,4,ca
quartzhillca,quartz hill,ca,california,4,ca
quincyca,quincy,ca,california,4,ca
rainbowca,rainbow,ca,california,4,ca
ramonaca,ramona,ca,california,4,ca
ranchocalaverasca,rancho calaveras,ca,california,4,ca
ranchocordovaca,rancho cordova,ca,california,4,ca
ranchocucamongaca,rancho cucamonga,ca,california,4,ca
ranchomirageca,rancho mirage,ca,california,4,ca
ranchomurietaca,rancho murieta,ca,california,4,ca
ranchopalosverdesca,rancho palos verdes,ca,california,4,ca
ranchopenasquitosca,rancho penasquitos,ca,california,4,ca
ranchosandiegoca,rancho san diego,ca,california,4,ca
ranchosantafeca,rancho santa fe,ca,california,4,ca
ranchosantamargaritaca,rancho santa margarita,ca,california,4,ca
ranchotehamareserveca,rancho tehama reserve,ca,california,4,ca
redbluffca,red bluff,ca,california,4,ca
redcorralca,red corral,ca,california,4,ca
reddingca,redding,ca,california,4,ca
redlandsca,redlands,ca,california,4,ca
redondobeachca,redondo beach,ca,california,4,ca
redwayca,redway,ca,california,4,ca
redwoodcityca,redwood city,ca,california,4,ca
redwoodshoresca,redwood shores,ca,california,4,ca
redwoodvalleyca,redwood valley,ca,california,4,ca
reedleyca,reedley,ca,california,4,ca
rialtoca,rialto,ca,california,4,ca
richgroveca,richgrove,ca,california,4,ca
richmondca,richmond,ca,california,4,ca
ridgecrestca,ridgecrest,ca,california,4,ca
ridgemarkca,ridgemark,ca,california,4,ca
riodelmarca,rio del mar,ca,california,4,ca
riodellca,rio dell,ca,california,4,ca
riolindaca,rio linda,ca,california,4,ca
riovistaca,rio vista,ca,california,4,ca
riponca,ripon,ca,california,4,ca
riverbankca,riverbank,ca,california,4,ca
riverdaleca,riverdale,ca,california,4,ca
riverdaleparkca,riverdale park,ca,california,4,ca
riversideca,riverside,ca,california,4,ca
riversidecountyca,riverside county,ca,california,4,ca
rocklinca,rocklin,ca,california,4,ca
rodeoca,rodeo,ca,california,4,ca
rohnertparkca,rohnert park,ca,california,4,ca
rollinghillsca,rolling hills,ca,california,4,ca
rollinghillsestatesca,rolling hills estates,ca,california,4,ca
rollingwoodca,rollingwood,ca,california,4,ca
romolandca,romoland,ca,california,4,ca
rosamondca,rosamond,ca,california,4,ca
rosedaleca,rosedale,ca,california,4,ca
roselandca,roseland,ca,california,4,ca
rosemeadca,rosemead,ca,california,4,ca
rosemontca,rosemont,ca,california,4,ca
rosevilleca,roseville,ca,california,4,ca
rossca,ross,ca,california,4,ca
rossmoorca,rossmoor,ca,california,4,ca
rowlandheightsca,rowland heights,ca,california,4,ca
rubidouxca,rubidoux,ca,california,4,ca
runningspringsca,running springs,ca,california,4,ca
sacramentoca,sacramento,ca,california,4,ca
sacramentocountyca,sacramento county,ca,california,4,ca
sainthelenaca,saint helena,ca,california,4,ca
salidaca,salida,ca,california,4,ca
salinasca,salinas,ca,california,4,ca
saltoncityca,salton city,ca,california,4,ca
sanandreasca,san andreas,ca,california,4,ca
sananselmoca,san anselmo,ca,california,4,ca
sanantonioheightsca,san antonio heights,ca,california,4,ca
sanbenitocountyca,san benito county,ca,california,4,ca
sanbernardinoca,san bernardino,ca,california,4,ca
sanbernardinocountyca,san bernardino county,ca,california,4,ca
sanbrunoca,san bruno,ca,california,4,ca
sancarlosca,san carlos,ca,california,4,ca
sanclementeca,san clemente,ca,california,4,ca
sandiegoca,san diego,ca,california,4,ca
sandiegocountryestatesca,san diego country estates,ca,california,4,ca
sandiegocountyca,san diego county,ca,california,4,ca
sandimasca,san dimas,ca,california,4,ca
sanfernandoca,san fernando,ca,california,4,ca
sanfranciscoca,san francisco,ca,california,4,ca
sangabrielca,san gabriel,ca,california,4,ca
sanjacintoca,san jacinto,ca,california,4,ca
sanjoaquinca,san joaquin,ca,california,4,ca
sanjoaquincountyca,san joaquin county,ca,california,4,ca
sanjoaquinhillsca,san joaquin hills,ca,california,4,ca
sanjoseca,san jose,ca,california,4,ca
sanjuanbautistaca,san juan bautista,ca,california,4,ca
sanjuancapistranoca,san juan capistrano,ca,california,4,ca
sanleandroca,san leandro,ca,california,4,ca
sanlorenzoca,san lorenzo,ca,california,4,ca
sanluisobispoca,san luis obispo,ca,california,4,ca
sanluisobispocountyca,san luis obispo county,ca,california,4,ca
sanmarcosca,san marcos,ca,california,4,ca
sanmarinoca,san marino,ca,california,4,ca
sanmartinca,san martin,ca,california,4,ca
sanmateoca,san mateo,ca,california,4,ca
sanmateocountyca,san mateo county,ca,california,4,ca
sanmiguelca,san miguel,ca,california,4,ca
sanpabloca,san pablo,ca,california,4,ca
sanpasqualca,san pasqual,ca,california,4,ca
sanpedroca,san pedro,ca,california,4,ca
sanrafaelca,san rafael,ca,california,4,ca
sanramonca,san ramon,ca,california,4,ca
sangerca,sanger,ca,california,4,ca
santaanaca,santa ana,ca,california,4,ca
santabarbaraca,santa barbara,ca,california,4,ca
santabarbaracountyca,santa barbara county,ca,california,4,ca
santaclaraca,santa clara,ca,california,4,ca
santaclaracountyca,santa clara county,ca,california,4,ca
santaclaritaca,santa clarita,ca,california,4,ca
santacruzca,santa cruz,ca,california,4,ca
santacruzcountyca,santa cruz county,ca,california,4,ca
santafespringsca,santa fe springs,ca,california,4,ca
santamargaritaca,santa margarita,ca,california,4,ca
santamariaca,santa maria,ca,california,4,ca
santamonicaca,santa monica,ca,california,4,ca
santapaulaca,santa paula,ca,california,4,ca
santarosaca,santa rosa,ca,california,4,ca
santasusanaca,santa susana,ca,california,4,ca
santavenetiaca,santa venetia,ca,california,4,ca
santaynezca,santa ynez,ca,california,4,ca
santeeca,santee,ca,california,4,ca
saranapca,saranap,ca,california,4,ca
saratogaca,saratoga,ca,california,4,ca
saticoyca,saticoy,ca,california,4,ca
sausalitoca,sausalito,ca,california,4,ca
scottsvalleyca,scotts valley,ca,california,4,ca
searanchca,sea ranch,ca,california,4,ca
seacliffca,seacliff,ca,california,4,ca
sealbeachca,seal beach,ca,california,4,ca
searlesvalleyca,searles valley,ca,california,4,ca
seasideca,seaside,ca,california,4,ca
sebastopolca,sebastopol,ca,california,4,ca
sedcohillsca,sedco hills,ca,california,4,ca
seeleyca,seeley,ca,california,4,ca
selmaca,selma,ca,california,4,ca
seventreesca,seven trees,ca,california,4,ca
shackelfordca,shackelford,ca,california,4,ca
shadowhillsca,shadow hills,ca,california,4,ca
shafterca,shafter,ca,california,4,ca
shandonca,shandon,ca,california,4,ca
shastaca,shasta,ca,california,4,ca
shastacountyca,shasta county,ca,california,4,ca
shastalakeca,shasta lake,ca,california,4,ca
sheridanca,sheridan,ca,california,4,ca
shermanoaksca,sherman oaks,ca,california,4,ca
shinglespringsca,shingle springs,ca,california,4,ca
shingletownca,shingletown,ca,california,4,ca
sierracountyca,sierra county,ca,california,4,ca
sierramadreca,sierra madre,ca,california,4,ca
signalhillca,signal hill,ca,california,4,ca
silverlakeca,silver lake,ca,california,4,ca
silverlakesca,silver lakes,ca,california,4,ca
simivalleyca,simi valley,ca,california,4,ca
siskiyoucountyca,siskiyou county,ca,california,4,ca
skyvalleyca,sky valley,ca,california,4,ca
sleepyhollowca,sleepy hollow,ca,california,4,ca
sodabayca,soda bay,ca,california,4,ca
solanabeachca,solana beach,ca,california,4,ca
solanocountyca,solano county,ca,california,4,ca
soledadca,soledad,ca,california,4,ca
solvangca,solvang,ca,california,4,ca
sonomaca,sonoma,ca,california,4,ca
sonomacountyca,sonoma county,ca,california,4,ca
sonoraca,sonora,ca,california,4,ca
soquelca,soquel,ca,california,4,ca
sorrentovalleyca,sorrento valley,ca,california,4,ca
soulsbyvilleca,soulsbyville,ca,california,4,ca
southdospalosca,south dos palos,ca,california,4,ca
southelmonteca,south el monte,ca,california,4,ca
southgateca,south gate,ca,california,4,ca
southlaketahoeca,south lake tahoe,ca,california,4,ca
southorovilleca,south oroville,ca,california,4,ca
southpasadenaca,south pasadena,ca,california,4,ca
southsanfranciscoca,south san francisco,ca,california,4,ca
southsangabrielca,south san gabriel,ca,california,4,ca
southsanjosehillsca,south san jose hills,ca,california,4,ca
southtaftca,south taft,ca,california,4,ca
southwhittierca,south whittier,ca,california,4,ca
southyubacityca,south yuba city,ca,california,4,ca
springvalleyca,spring valley,ca,california,4,ca
springvalleylakeca,spring valley lake,ca,california,4,ca
squawvalleyca,squaw valley,ca,california,4,ca
stallionspringsca,stallion springs,ca,california,4,ca
stanfordca,stanford,ca,california,4,ca
stanislauscountyca,stanislaus county,ca,california,4,ca
stantonca,stanton,ca,california,4,ca
stevensonranchca,stevenson ranch,ca,california,4,ca
stocktonca,stockton,ca,california,4,ca
stratfordca,stratford,ca,california,4,ca
strathmoreca,strathmore,ca,california,4,ca
strawberryca,strawberry,ca,california,4,ca
studiocityca,studio city,ca,california,4,ca
suisunca,suisun,ca,california,4,ca
summerlandca,summerland,ca,california,4,ca
suncityca,sun city,ca,california,4,ca
sunvillageca,sun village,ca,california,4,ca
sunlandca,sunland,ca,california,4,ca
sunnysideca,sunnyside,ca,california,4,ca
sunnyside-tahoecityca,sunnyside-tahoe city,ca,california,4,ca
sunnyslopeca,sunnyslope,ca,california,4,ca
sunnyvaleca,sunnyvale,ca,california,4,ca
susanvilleca,susanville,ca,california,4,ca
sutterca,sutter,ca,california,4,ca
suttercountyca,sutter county,ca,california,4,ca
suttercreekca,sutter creek,ca,california,4,ca
taftca,taft,ca,california,4,ca
taftheightsca,taft heights,ca,california,4,ca
taftmosswoodca,taft mosswood,ca,california,4,ca
tahoevistaca,tahoe vista,ca,california,4,ca
tahomaca,tahoma,ca,california,4,ca
talmageca,talmage,ca,california,4,ca
tamalpaisvalleyca,tamalpais valley,ca,california,4,ca
tamalpais-homesteadvalleyca,tamalpais-homestead valley,ca,california,4,ca
tarahillsca,tara hills,ca,california,4,ca
tarpeyvillageca,tarpey village,ca,california,4,ca
tehachapica,tehachapi,ca,california,4,ca
tehamacountyca,tehama county,ca,california,4,ca
temeculaca,temecula,ca,california,4,ca
temelecca,temelec,ca,california,4,ca
templecityca,temple city,ca,california,4,ca
templetonca,templeton,ca,california,4,ca
terrabellaca,terra bella,ca,california,4,ca
tevistonca,teviston,ca,california,4,ca
thermalca,thermal,ca,california,4,ca
thermalitoca,thermalito,ca,california,4,ca
thorntonca,thornton,ca,california,4,ca
thousandoaksca,thousand oaks,ca,california,4,ca
thousandpalmsca,thousand palms,ca,california,4,ca
threeriversca,three rivers,ca,california,4,ca
tiburonca,tiburon,ca,california,4,ca
tierrabuenaca,tierra buena,ca,california,4,ca
tiptonca,tipton,ca,california,4,ca
topangaca,topanga,ca,california,4,ca
torocanyonca,toro canyon,ca,california,4,ca
torranceca,torrance,ca,california,4,ca
trabucocanyonca,trabuco canyon,ca,california,4,ca
tracyca,tracy,ca,california,4,ca
trinitycountyca,trinity county,ca,california,4,ca
truckeeca,truckee,ca,california,4,ca
tujungaca,tujunga,ca,california,4,ca
tulareca,tulare,ca,california,4,ca
tularecountyca,tulare county,ca,california,4,ca
tuolumnecityca,tuolumne city,ca,california,4,ca
tuolumnecountyca,tuolumne county,ca,california,4,ca
turlockca,turlock,ca,california,4,ca
tustinca,tustin,ca,california,4,ca
twainharteca,twain harte,ca,california,4,ca
twentyninepalmsca,twentynine palms,ca,california,4,ca
twinlakesca,twin lakes,ca,california,4,ca
ukiahca,ukiah,ca,california,4,ca
unioncityca,union city,ca,california,4,ca
universalcityca,universal city,ca,california,4,ca
uplandca,upland,ca,california,4,ca
upperlakeca,upper lake,ca,california,4,ca
vacavilleca,vacaville,ca,california,4,ca
valverdeca,val verde,ca,california,4,ca
valenciaca,valencia,ca,california,4,ca
valindaca,valinda,ca,california,4,ca
vallevistaca,valle vista,ca,california,4,ca
vallejoca,vallejo,ca,california,4,ca
valleycenterca,valley center,ca,california,4,ca
valleyglenca,valley glen,ca,california,4,ca
valleyspringsca,valley springs,ca,california,4,ca
vannuysca,van nuys,ca,california,4,ca
vandenbergairforcebaseca,vandenberg air force base,ca,california,4,ca
vandenbergvillageca,vandenberg village,ca,california,4,ca
veniceca,venice,ca,california,4,ca
venturaca,ventura,ca,california,4,ca
venturacountyca,ventura county,ca,california,4,ca
victorvilleca,victorville,ca,california,4,ca
viewpark-windsorhillsca,view park-windsor hills,ca,california,4,ca
villaparkca,villa park,ca,california,4,ca
vincentca,vincent,ca,california,4,ca
vinehillca,vine hill,ca,california,4,ca
vineyardca,vineyard,ca,california,4,ca
visaliaca,visalia,ca,california,4,ca
visitacionvalleyca,visitacion valley,ca,california,4,ca
vistaca,vista,ca,california,4,ca
vistasantarosaca,vista santa rosa,ca,california,4,ca
waldonca,waldon,ca,california,4,ca
walnutca,walnut,ca,california,4,ca
walnutcreekca,walnut creek,ca,california,4,ca
walnutgroveca,walnut grove,ca,california,4,ca
walnutparkca,walnut park,ca,california,4,ca
wascoca,wasco,ca,california,4,ca
waterfordca,waterford,ca,california,4,ca
watsonvilleca,watsonville,ca,california,4,ca
weavervilleca,weaverville,ca,california,4,ca
weedca,weed,ca,california,4,ca
weedpatchca,weedpatch,ca,california,4,ca
weldonca,weldon,ca,california,4,ca
westathensca,west athens,ca,california,4,ca
westbishopca,west bishop,ca,california,4,ca
westcarsonca,west carson,ca,california,4,ca
westcovinaca,west covina,ca,california,4,ca
westhillsca,west hills,ca,california,4,ca
westhollywoodca,west hollywood,ca,california,4,ca
westmenloparkca,west menlo park,ca,california,4,ca
westmodestoca,west modesto,ca,california,4,ca
westparkca,west park,ca,california,4,ca
westpuentevalleyca,west puente valley,ca,california,4,ca
westranchodominguezca,west rancho dominguez,ca,california,4,ca
westsacramentoca,west sacramento,ca,california,4,ca
westwhittier-losnietosca,west whittier-los nietos,ca,california,4,ca
westhaven-moonstoneca,westhaven-moonstone,ca,california,4,ca
westlakevillageca,westlake village,ca,california,4,ca
westminsterca,westminster,ca,california,4,ca
westmontca,westmont,ca,california,4,ca
westmorlandca,westmorland,ca,california,4,ca
westwoodca,westwood,ca,california,4,ca
wheatlandca,wheatland,ca,california,4,ca
whittierca,whittier,ca,california,4,ca
wildomarca,wildomar,ca,california,4,ca
williamsca,williams,ca,california,4,ca
willitsca,willits,ca,california,4,ca
willowcreekca,willow creek,ca,california,4,ca
willowbrookca,willowbrook,ca,california,4,ca
willowsca,willows,ca,california,4,ca
wiltonca,wilton,ca,california,4,ca
winchesterca,winchester,ca,california,4,ca
windsorca,windsor,ca,california,4,ca
wintergardensca,winter gardens,ca,california,4,ca
wintersca,winters,ca,california,4,ca
wintonca,winton,ca,california,4,ca
woffordheightsca,wofford heights,ca,california,4,ca
woodacreca,woodacre,ca,california,4,ca
woodbridgeca,woodbridge,ca,california,4,ca
woodcrestca,woodcrest,ca,california,4,ca
woodlakeca,woodlake,ca,california,4,ca
woodlandca,woodland,ca,california,4,ca
woodlandhillsca,woodland hills,ca,california,4,ca
woodsideca,woodside,ca,california,4,ca
woodvilleca,woodville,ca,california,4,ca
wrightwoodca,wrightwood,ca,california,4,ca
yolocountyca,yolo county,ca,california,4,ca
yorbalindaca,yorba linda,ca,california,4,ca
yosemitelakesca,yosemite lakes,ca,california,4,ca
yosemitevalleyca,yosemite valley,ca,california,4,ca
yountvilleca,yountville,ca,california,4,ca
yrekaca,yreka,ca,california,4,ca
yubacityca,yuba city,ca,california,4,ca
yubacountyca,yuba county,ca,california,4,ca
yucaipaca,yucaipa,ca,california,4,ca
yuccavalleyca,yucca valley,ca,california,4,ca
acresgreenco,acres green,co,colorado,5,co
adamscountyco,adams county,co,colorado,5,co
airforceacademyco,air force academy,co,colorado,5,co
akronco,akron,co,colorado,5,co
alamosaco,alamosa,co,colorado,5,co
alamosacountyco,alamosa county,co,colorado,5,co
alamosaeastco,alamosa east,co,colorado,5,co
applewoodco,applewood,co,colorado,5,co
arapahoecountyco,arapahoe county,co,colorado,5,co
archuletacountyco,archuleta county,co,colorado,5,co
aristocratranchettesco,aristocrat ranchettes,co,colorado,5,co
arvadaco,arvada,co,colorado,5,co
aspenco,aspen,co,colorado,5,co
aultco,ault,co,colorado,5,co
auroraco,aurora,co,colorado,5,co
avonco,avon,co,colorado,5,co
bacacountyco,baca county,co,colorado,5,co
basaltco,basalt,co,colorado,5,co
battlementmesaco,battlement mesa,co,colorado,5,co
bayfieldco,bayfield,co,colorado,5,co
bennettco,bennett,co,colorado,5,co
bentcountyco,bent county,co,colorado,5,co
berkleyco,berkley,co,colorado,5,co
berthoudco,berthoud,co,colorado,5,co
blackforestco,black forest,co,colorado,5,co
boulderco,boulder,co,colorado,5,co
bouldercountyco,boulder county,co,colorado,5,co
breckenridgeco,breckenridge,co,colorado,5,co
brightonco,brighton,co,colorado,5,co
broomfieldco,broomfield,co,colorado,5,co
broomfieldcountyco,broomfield county,co,colorado,5,co
brushco,brush,co,colorado,5,co
buenavistaco,buena vista,co,colorado,5,co
burlingtonco,burlington,co,colorado,5,co
byersco,byers,co,colorado,5,co
campionco,campion,co,colorado,5,co
carbondaleco,carbondale,co,colorado,5,co
carriageclubco,carriage club,co,colorado,5,co
cascade-chipitaparkco,cascade-chipita park,co,colorado,5,co
castlepinesco,castle pines,co,colorado,5,co
castlepinesnorthco,castle pines north,co,colorado,5,co
castlerockco,castle rock,co,colorado,5,co
castlewoodco,castlewood,co,colorado,5,co
cañoncityco,cañon city,co,colorado,5,co
cedaredgeco,cedaredge,co,colorado,5,co
centennialco,centennial,co,colorado,5,co
centerco,center,co,colorado,5,co
centralcityco,central city,co,colorado,5,co
chaffeecountyco,chaffee county,co,colorado,5,co
cherrycreekco,cherry creek,co,colorado,5,co
cherryhillsvillageco,cherry hills village,co,colorado,5,co
cheyennecountyco,cheyenne county,co,colorado,5,co
cheyennewellsco,cheyenne wells,co,colorado,5,co
cimarronhillsco,cimarron hills,co,colorado,5,co
clearcreekcountyco,clear creek county,co,colorado,5,co
cliftonco,clifton,co,colorado,5,co
coalcreekco,coal creek,co,colorado,5,co
coloradocityco,colorado city,co,colorado,5,co
coloradospringsco,colorado springs,co,colorado,5,co
columbineco,columbine,co,colorado,5,co
columbinevalleyco,columbine valley,co,colorado,5,co
commercecityco,commerce city,co,colorado,5,co
conejosco,conejos,co,colorado,5,co
conejoscountyco,conejos county,co,colorado,5,co
cortezco,cortez,co,colorado,5,co
costillacountyco,costilla county,co,colorado,5,co
craigco,craig,co,colorado,5,co
creedeco,creede,co,colorado,5,co
crestedbutteco,crested butte,co,colorado,5,co
cripplecreekco,cripple creek,co,colorado,5,co
crowleycountyco,crowley county,co,colorado,5,co
custercountyco,custer county,co,colorado,5,co
daconoco,dacono,co,colorado,5,co
delnorteco,del norte,co,colorado,5,co
deltaco,delta,co,colorado,5,co
deltacountyco,delta county,co,colorado,5,co
denverco,denver,co,colorado,5,co
denvercountyco,denver county,co,colorado,5,co
derbyco,derby,co,colorado,5,co
dolorescountyco,dolores county,co,colorado,5,co
douglascountyco,douglas county,co,colorado,5,co
dovecreekco,dove creek,co,colorado,5,co
dovevalleyco,dove valley,co,colorado,5,co
durangoco,durango,co,colorado,5,co
eadsco,eads,co,colorado,5,co
eagleco,eagle,co,colorado,5,co
eaglecountyco,eagle county,co,colorado,5,co
eatonco,eaton,co,colorado,5,co
edgewaterco,edgewater,co,colorado,5,co
edwardsco,edwards,co,colorado,5,co
eljebelco,el jebel,co,colorado,5,co
elpasocountyco,el paso county,co,colorado,5,co
elbertcountyco,elbert county,co,colorado,5,co
elizabethco,elizabeth,co,colorado,5,co
ellicottco,ellicott,co,colorado,5,co
englewoodco,englewood,co,colorado,5,co
erieco,erie,co,colorado,5,co
estesparkco,estes park,co,colorado,5,co
evansco,evans,co,colorado,5,co
evergreenco,evergreen,co,colorado,5,co
fairplayco,fairplay,co,colorado,5,co
federalheightsco,federal heights,co,colorado,5,co
firestoneco,firestone,co,colorado,5,co
florenceco,florence,co,colorado,5,co
fortcarsonco,fort carson,co,colorado,5,co
fortcollinsco,fort collins,co,colorado,5,co
fortluptonco,fort lupton,co,colorado,5,co
fortmorganco,fort morgan,co,colorado,5,co
fountainco,fountain,co,colorado,5,co
fowlerco,fowler,co,colorado,5,co
fraserco,fraser,co,colorado,5,co
frederickco,frederick,co,colorado,5,co
fremontcountyco,fremont county,co,colorado,5,co
friscoco,frisco,co,colorado,5,co
fruitaco,fruita,co,colorado,5,co
fruitvaleco,fruitvale,co,colorado,5,co
garfieldcountyco,garfield county,co,colorado,5,co
geneseeco,genesee,co,colorado,5,co
georgetownco,georgetown,co,colorado,5,co
gilcrestco,gilcrest,co,colorado,5,co
gilpincountyco,gilpin county,co,colorado,5,co
glendaleco,glendale,co,colorado,5,co
gleneagleco,gleneagle,co,colorado,5,co
glenwoodspringsco,glenwood springs,co,colorado,5,co
goldenco,golden,co,colorado,5,co
granbyco,granby,co,colorado,5,co
grandcountyco,grand county,co,colorado,5,co
grandjunctionco,grand junction,co,colorado,5,co
greeleyco,greeley,co,colorado,5,co
greenwoodvillageco,greenwood village,co,colorado,5,co
gunbarrelco,gunbarrel,co,colorado,5,co
gunnisonco,gunnison,co,colorado,5,co
gunnisoncountyco,gunnison county,co,colorado,5,co
gypsumco,gypsum,co,colorado,5,co
haydenco,hayden,co,colorado,5,co
highlandsranchco,highlands ranch,co,colorado,5,co
hinsdalecountyco,hinsdale county,co,colorado,5,co
hollyhillsco,holly hills,co,colorado,5,co
holyokeco,holyoke,co,colorado,5,co
hotsulphurspringsco,hot sulphur springs,co,colorado,5,co
hudsonco,hudson,co,colorado,5,co
huerfanocountyco,huerfano county,co,colorado,5,co
hugoco,hugo,co,colorado,5,co
idahospringsco,idaho springs,co,colorado,5,co
indianhillsco,indian hills,co,colorado,5,co
invernessco,inverness,co,colorado,5,co
jacksoncountyco,jackson county,co,colorado,5,co
jeffersoncountyco,jefferson county,co,colorado,5,co
johnstownco,johnstown,co,colorado,5,co
julesburgco,julesburg,co,colorado,5,co
keenesburgco,keenesburg,co,colorado,5,co
kencarylco,ken caryl,co,colorado,5,co
kerseyco,kersey,co,colorado,5,co
keystoneco,keystone,co,colorado,5,co
kiowaco,kiowa,co,colorado,5,co
kiowacountyco,kiowa county,co,colorado,5,co
kitcarsoncountyco,kit carson county,co,colorado,5,co
kittredgeco,kittredge,co,colorado,5,co
kremmlingco,kremmling,co,colorado,5,co
lajuntaco,la junta,co,colorado,5,co
laplatacountyco,la plata county,co,colorado,5,co
lasalleco,la salle,co,colorado,5,co
lafayetteco,lafayette,co,colorado,5,co
lakecityco,lake city,co,colorado,5,co
lakecountyco,lake county,co,colorado,5,co
lakewoodco,lakewood,co,colorado,5,co
lamarco,lamar,co,colorado,5,co
laporteco,laporte,co,colorado,5,co
larimercountyco,larimer county,co,colorado,5,co
lasanimasco,las animas,co,colorado,5,co
lasanimascountyco,las animas county,co,colorado,5,co
leadvilleco,leadville,co,colorado,5,co
leadvillenorthco,leadville north,co,colorado,5,co
limonco,limon,co,colorado,5,co
lincolncountyco,lincoln county,co,colorado,5,co
lincolnparkco,lincoln park,co,colorado,5,co
littletonco,littleton,co,colorado,5,co
lochbuieco,lochbuie,co,colorado,5,co
logancountyco,logan county,co,colorado,5,co
lomaco,loma,co,colorado,5,co
lonetreeco,lone tree,co,colorado,5,co
longmontco,longmont,co,colorado,5,co
louisvilleco,louisville,co,colorado,5,co
lovelandco,loveland,co,colorado,5,co
lyonsco,lyons,co,colorado,5,co
mancosco,mancos,co,colorado,5,co
manitouspringsco,manitou springs,co,colorado,5,co
meadco,mead,co,colorado,5,co
meekerco,meeker,co,colorado,5,co
meridianco,meridian,co,colorado,5,co
mesacountyco,mesa county,co,colorado,5,co
millikenco,milliken,co,colorado,5,co
mineralcountyco,mineral county,co,colorado,5,co
minturnco,minturn,co,colorado,5,co
moffatcountyco,moffat county,co,colorado,5,co
montevistaco,monte vista,co,colorado,5,co
montezumacountyco,montezuma county,co,colorado,5,co
montroseco,montrose,co,colorado,5,co
montrosecountyco,montrose county,co,colorado,5,co
monumentco,monument,co,colorado,5,co
morgancountyco,morgan county,co,colorado,5,co
mountainvillageco,mountain village,co,colorado,5,co
nederlandco,nederland,co,colorado,5,co
newcastleco,new castle,co,colorado,5,co
niwotco,niwot,co,colorado,5,co
northglennco,northglenn,co,colorado,5,co
olatheco,olathe,co,colorado,5,co
orchardcityco,orchard city,co,colorado,5,co
orchardmesaco,orchard mesa,co,colorado,5,co
ordwayco,ordway,co,colorado,5,co
oterocountyco,otero county,co,colorado,5,co
ourayco,ouray,co,colorado,5,co
ouraycountyco,ouray county,co,colorado,5,co
pagosaspringsco,pagosa springs,co,colorado,5,co
palisadeco,palisade,co,colorado,5,co
palmerlakeco,palmer lake,co,colorado,5,co
paoniaco,paonia,co,colorado,5,co
parachuteco,parachute,co,colorado,5,co
parkcountyco,park county,co,colorado,5,co
parkerco,parker,co,colorado,5,co
penroseco,penrose,co,colorado,5,co
perryparkco,perry park,co,colorado,5,co
phillipscountyco,phillips county,co,colorado,5,co
pitkincountyco,pitkin county,co,colorado,5,co
plattevilleco,platteville,co,colorado,5,co
ponderosaparkco,ponderosa park,co,colorado,5,co
prowerscountyco,prowers county,co,colorado,5,co
puebloco,pueblo,co,colorado,5,co
pueblocountyco,pueblo county,co,colorado,5,co
pueblowestco,pueblo west,co,colorado,5,co
rangelyco,rangely,co,colorado,5,co
redlandsco,redlands,co,colorado,5,co
rifleco,rifle,co,colorado,5,co
rioblancocountyco,rio blanco county,co,colorado,5,co
riograndecountyco,rio grande county,co,colorado,5,co
rockyfordco,rocky ford,co,colorado,5,co
routtcountyco,routt county,co,colorado,5,co
roxboroughparkco,roxborough park,co,colorado,5,co
saguacheco,saguache,co,colorado,5,co
saguachecountyco,saguache county,co,colorado,5,co
salidaco,salida,co,colorado,5,co
sanjuancountyco,san juan county,co,colorado,5,co
sanluisco,san luis,co,colorado,5,co
sanmiguelcountyco,san miguel county,co,colorado,5,co
security-widefieldco,security-widefield,co,colorado,5,co
sedgwickcountyco,sedgwick county,co,colorado,5,co
severanceco,severance,co,colorado,5,co
shawheightsco,shaw heights,co,colorado,5,co
sheridanco,sheridan,co,colorado,5,co
sherrelwoodco,sherrelwood,co,colorado,5,co
siltco,silt,co,colorado,5,co
silverthorneco,silverthorne,co,colorado,5,co
silvertonco,silverton,co,colorado,5,co
snowmassvillageco,snowmass village,co,colorado,5,co
southglennco,southglenn,co,colorado,5,co
springfieldco,springfield,co,colorado,5,co
steamboatspringsco,steamboat springs,co,colorado,5,co
sterlingco,sterling,co,colorado,5,co
stonegateco,stonegate,co,colorado,5,co
strasburgco,strasburg,co,colorado,5,co
stratmoorco,stratmoor,co,colorado,5,co
summitcountyco,summit county,co,colorado,5,co
superiorco,superior,co,colorado,5,co
tellercountyco,teller county,co,colorado,5,co
tellurideco,telluride,co,colorado,5,co
thepineryco,the pinery,co,colorado,5,co
thorntonco,thornton,co,colorado,5,co
toddcreekco,todd creek,co,colorado,5,co
towaocco,towaoc,co,colorado,5,co
trinidadco,trinidad,co,colorado,5,co
twinlakesco,twin lakes,co,colorado,5,co
upperbearcreekco,upper bear creek,co,colorado,5,co
vailco,vail,co,colorado,5,co
waldenco,walden,co,colorado,5,co
walsenburgco,walsenburg,co,colorado,5,co
washingtoncountyco,washington county,co,colorado,5,co
welbyco,welby,co,colorado,5,co
weldcountyco,weld county,co,colorado,5,co
wellingtonco,wellington,co,colorado,5,co
westpleasantviewco,west pleasant view,co,colorado,5,co
westcliffeco,westcliffe,co,colorado,5,co
westminsterco,westminster,co,colorado,5,co
wheatridgeco,wheat ridge,co,colorado,5,co
windsorco,windsor,co,colorado,5,co
woodlandparkco,woodland park,co,colorado,5,co
woodmoorco,woodmoor,co,colorado,5,co
wrayco,wray,co,colorado,5,co
yumaco,yuma,co,colorado,5,co
yumacountyco,yuma county,co,colorado,5,co
ansoniact,ansonia,ct,connecticut,6,ct
balticct,baltic,ct,connecticut,6,ct
bethelct,bethel,ct,connecticut,6,ct
bethlehemvillagect,bethlehem village,ct,connecticut,6,ct
bluehillsct,blue hills,ct,connecticut,6,ct
branfordct,branford,ct,connecticut,6,ct
branfordcenterct,branford center,ct,connecticut,6,ct
bridgeportct,bridgeport,ct,connecticut,6,ct
bristolct,bristol,ct,connecticut,6,ct
byramct,byram,ct,connecticut,6,ct
canaanct,canaan,ct,connecticut,6,ct
cantonvalleyct,canton valley,ct,connecticut,6,ct
centralwaterfordct,central waterford,ct,connecticut,6,ct
cheshirect,cheshire,ct,connecticut,6,ct
cheshirevillagect,cheshire village,ct,connecticut,6,ct
chestercenterct,chester center,ct,connecticut,6,ct
cityofmilford(balance)ct,city of milford (balance),ct,connecticut,6,ct
clintonct,clinton,ct,connecticut,6,ct
colchesterct,colchester,ct,connecticut,6,ct
collinsvillect,collinsville,ct,connecticut,6,ct
conningtowers-nautilusparkct,conning towers-nautilus park,ct,connecticut,6,ct
coscobct,cos cob,ct,connecticut,6,ct
coventrylakect,coventry lake,ct,connecticut,6,ct
cromwellct,cromwell,ct,connecticut,6,ct
crystallakect,crystal lake,ct,connecticut,6,ct
danburyct,danbury,ct,connecticut,6,ct
danielsonct,danielson,ct,connecticut,6,ct
darienct,darien,ct,connecticut,6,ct
deeprivercenterct,deep river center,ct,connecticut,6,ct
derbyct,derby,ct,connecticut,6,ct
durhamct,durham,ct,connecticut,6,ct
eastbrooklynct,east brooklyn,ct,connecticut,6,ct
easthaddamct,east haddam,ct,connecticut,6,ct
easthamptonct,east hampton,ct,connecticut,6,ct
easthartfordct,east hartford,ct,connecticut,6,ct
easthavenct,east haven,ct,connecticut,6,ct
eastnorwalkct,east norwalk,ct,connecticut,6,ct
eastwindsorct,east windsor,ct,connecticut,6,ct
eastonct,easton,ct,connecticut,6,ct
ellingtonct,ellington,ct,connecticut,6,ct
enfieldct,enfield,ct,connecticut,6,ct
essexvillagect,essex village,ct,connecticut,6,ct
fairfieldct,fairfield,ct,connecticut,6,ct
fairfieldcountyct,fairfield county,ct,connecticut,6,ct
farmingtonct,farmington,ct,connecticut,6,ct
galesferryct,gales ferry,ct,connecticut,6,ct
georgetownct,georgetown,ct,connecticut,6,ct
glastonburyct,glastonbury,ct,connecticut,6,ct
glastonburycenterct,glastonbury center,ct,connecticut,6,ct
glenvillect,glenville,ct,connecticut,6,ct
greenwichct,greenwich,ct,connecticut,6,ct
grotonct,groton,ct,connecticut,6,ct
guilfordct,guilford,ct,connecticut,6,ct
guilfordcenterct,guilford center,ct,connecticut,6,ct
hamdenct,hamden,ct,connecticut,6,ct
hartfordct,hartford,ct,connecticut,6,ct
hartfordcountyct,hartford county,ct,connecticut,6,ct
hazardvillect,hazardville,ct,connecticut,6,ct
hebronct,hebron,ct,connecticut,6,ct
heritagevillagect,heritage village,ct,connecticut,6,ct
higganumct,higganum,ct,connecticut,6,ct
jewettcityct,jewett city,ct,connecticut,6,ct
kensingtonct,kensington,ct,connecticut,6,ct
kentct,kent,ct,connecticut,6,ct
killinglycenterct,killingly center,ct,connecticut,6,ct
lakepocotopaugct,lake pocotopaug,ct,connecticut,6,ct
ledyardct,ledyard,ct,connecticut,6,ct
lisbonct,lisbon,ct,connecticut,6,ct
litchfieldct,litchfield,ct,connecticut,6,ct
litchfieldcountyct,litchfield county,ct,connecticut,6,ct
longhillct,long hill,ct,connecticut,6,ct
madisonct,madison,ct,connecticut,6,ct
madisoncenterct,madison center,ct,connecticut,6,ct
manchesterct,manchester,ct,connecticut,6,ct
mansfieldcityct,mansfield city,ct,connecticut,6,ct
meridenct,meriden,ct,connecticut,6,ct
middleburyct,middlebury,ct,connecticut,6,ct
middlesexcountyct,middlesex county,ct,connecticut,6,ct
middletownct,middletown,ct,connecticut,6,ct
milfordct,milford,ct,connecticut,6,ct
montvillecenterct,montville center,ct,connecticut,6,ct
moodusct,moodus,ct,connecticut,6,ct
moosupct,moosup,ct,connecticut,6,ct
mysticct,mystic,ct,connecticut,6,ct
naugatuckct,naugatuck,ct,connecticut,6,ct
newbritainct,new britain,ct,connecticut,6,ct
newcanaanct,new canaan,ct,connecticut,6,ct
newfairfieldct,new fairfield,ct,connecticut,6,ct
newhartfordcenterct,new hartford center,ct,connecticut,6,ct
newhavenct,new haven,ct,connecticut,6,ct
newhavencountyct,new haven county,ct,connecticut,6,ct
newlondonct,new london,ct,connecticut,6,ct
newlondoncountyct,new london county,ct,connecticut,6,ct
newmilfordct,new milford,ct,connecticut,6,ct
newprestonct,new preston,ct,connecticut,6,ct
newingtonct,newington,ct,connecticut,6,ct
newtownct,newtown,ct,connecticut,6,ct
nianticct,niantic,ct,connecticut,6,ct
noankct,noank,ct,connecticut,6,ct
northbranfordct,north branford,ct,connecticut,6,ct
northgranbyct,north granby,ct,connecticut,6,ct
northgrosvenordalect,north grosvenor dale,ct,connecticut,6,ct
northhavenct,north haven,ct,connecticut,6,ct
northstamfordct,north stamford,ct,connecticut,6,ct
northwestharwintonct,northwest harwinton,ct,connecticut,6,ct
norwalkct,norwalk,ct,connecticut,6,ct
norwichct,norwich,ct,connecticut,6,ct
oakvillect,oakville,ct,connecticut,6,ct
oldgreenwichct,old greenwich,ct,connecticut,6,ct
oldmysticct,old mystic,ct,connecticut,6,ct
oldsaybrookct,old saybrook,ct,connecticut,6,ct
oldsaybrookcenterct,old saybrook center,ct,connecticut,6,ct
orangect,orange,ct,connecticut,6,ct
oxfordct,oxford,ct,connecticut,6,ct
oxoboxoriverct,oxoboxo river,ct,connecticut,6,ct
pawcatuckct,pawcatuck,ct,connecticut,6,ct
pemberwickct,pemberwick,ct,connecticut,6,ct
plainfieldct,plainfield,ct,connecticut,6,ct
plainfieldvillagect,plainfield village,ct,connecticut,6,ct
plainvillect,plainville,ct,connecticut,6,ct
plymouthct,plymouth,ct,connecticut,6,ct
poquonockbridgect,poquonock bridge,ct,connecticut,6,ct
portlandct,portland,ct,connecticut,6,ct
prestoncityct,preston city,ct,connecticut,6,ct
prospectct,prospect,ct,connecticut,6,ct
putnamct,putnam,ct,connecticut,6,ct
quinebaugct,quinebaug,ct,connecticut,6,ct
ridgefieldct,ridgefield,ct,connecticut,6,ct
riversidect,riverside,ct,connecticut,6,ct
rockvillect,rockville,ct,connecticut,6,ct
salemct,salem,ct,connecticut,6,ct
salmonbrookct,salmon brook,ct,connecticut,6,ct
saybrookmanorct,saybrook manor,ct,connecticut,6,ct
seymourct,seymour,ct,connecticut,6,ct
sheltonct,shelton,ct,connecticut,6,ct
shermanct,sherman,ct,connecticut,6,ct
sherwoodmanorct,sherwood manor,ct,connecticut,6,ct
simsburycenterct,simsbury center,ct,connecticut,6,ct
somersct,somers,ct,connecticut,6,ct
southcoventryct,south coventry,ct,connecticut,6,ct
southwindhamct,south windham,ct,connecticut,6,ct
southwindsorct,south windsor,ct,connecticut,6,ct
southwoodstockct,south woodstock,ct,connecticut,6,ct
southburyct,southbury,ct,connecticut,6,ct
southportct,southport,ct,connecticut,6,ct
southwoodacresct,southwood acres,ct,connecticut,6,ct
staffordct,stafford,ct,connecticut,6,ct
staffordspringsct,stafford springs,ct,connecticut,6,ct
stamfordct,stamford,ct,connecticut,6,ct
storrsct,storrs,ct,connecticut,6,ct
stratfordct,stratford,ct,connecticut,6,ct
suffielddepotct,suffield depot,ct,connecticut,6,ct
tariffvillect,tariffville,ct,connecticut,6,ct
terramuggusct,terramuggus,ct,connecticut,6,ct
terryvillect,terryville,ct,connecticut,6,ct
thomastonct,thomaston,ct,connecticut,6,ct
thompsonct,thompson,ct,connecticut,6,ct
thompsonvillect,thompsonville,ct,connecticut,6,ct
tollandct,tolland,ct,connecticut,6,ct
tollandcountyct,tolland county,ct,connecticut,6,ct
torringtonct,torrington,ct,connecticut,6,ct
trumbullct,trumbull,ct,connecticut,6,ct
uncasvillect,uncasville,ct,connecticut,6,ct
wallingfordct,wallingford,ct,connecticut,6,ct
wallingfordcenterct,wallingford center,ct,connecticut,6,ct
washingtonct,washington,ct,connecticut,6,ct
waterburyct,waterbury,ct,connecticut,6,ct
waterfordct,waterford,ct,connecticut,6,ct
watertownct,watertown,ct,connecticut,6,ct
waureganct,wauregan,ct,connecticut,6,ct
weatoguect,weatogue,ct,connecticut,6,ct
westhartfordct,west hartford,ct,connecticut,6,ct
westhavenct,west haven,ct,connecticut,6,ct
westsimsburyct,west simsbury,ct,connecticut,6,ct
westtorringtonct,west torrington,ct,connecticut,6,ct
westbrookcenterct,westbrook center,ct,connecticut,6,ct
westportct,westport,ct,connecticut,6,ct
wethersfieldct,wethersfield,ct,connecticut,6,ct
willimanticct,willimantic,ct,connecticut,6,ct
wiltonct,wilton,ct,connecticut,6,ct
winchestercenterct,winchester center,ct,connecticut,6,ct
windhamct,windham,ct,connecticut,6,ct
windhamcountyct,windham county,ct,connecticut,6,ct
windsorct,windsor,ct,connecticut,6,ct
windsorlocksct,windsor locks,ct,connecticut,6,ct
winstedct,winsted,ct,connecticut,6,ct
wolcottct,wolcott,ct,connecticut,6,ct
woodbridgect,woodbridge,ct,connecticut,6,ct
woodburyct,woodbury,ct,connecticut,6,ct
woodburycenterct,woodbury center,ct,connecticut,6,ct
woodmontct,woodmont,ct,connecticut,6,ct
bearde,bear,de,delaware,7,de
bellefontede,bellefonte,de,delaware,7,de
bethanybeachde,bethany beach,de,delaware,7,de
bladesde,blades,de,delaware,7,de
bridgevillede,bridgeville,de,delaware,7,de
brooksidede,brookside,de,delaware,7,de
camdende,camden,de,delaware,7,de
cheswoldde,cheswold,de,delaware,7,de
claymontde,claymont,de,delaware,7,de
claytonde,clayton,de,delaware,7,de
delawarecityde,delaware city,de,delaware,7,de
delmarde,delmar,de,delaware,7,de
doverde,dover,de,delaware,7,de
doverbasehousingde,dover base housing,de,delaware,7,de
edgemoorde,edgemoor,de,delaware,7,de
elsmerede,elsmere,de,delaware,7,de
feltonde,felton,de,delaware,7,de
georgetownde,georgetown,de,delaware,7,de
glasgowde,glasgow,de,delaware,7,de
greenvillede,greenville,de,delaware,7,de
greenwoodde,greenwood,de,delaware,7,de
harringtonde,harrington,de,delaware,7,de
highlandacresde,highland acres,de,delaware,7,de
hockessinde,hockessin,de,delaware,7,de
kentacresde,kent acres,de,delaware,7,de
kentcountyde,kent county,de,delaware,7,de
laurelde,laurel,de,delaware,7,de
lewesde,lewes,de,delaware,7,de
longneckde,long neck,de,delaware,7,de
middletownde,middletown,de,delaware,7,de
milfordde,milford,de,delaware,7,de
millsborode,millsboro,de,delaware,7,de
miltonde,milton,de,delaware,7,de
newcastlede,new castle,de,delaware,7,de
newcastlecountyde,new castle county,de,delaware,7,de
newarkde,newark,de,delaware,7,de
newportde,newport,de,delaware,7,de
northstarde,north star,de,delaware,7,de
oceanviewde,ocean view,de,delaware,7,de
pikecreekde,pike creek,de,delaware,7,de
pikecreekvalleyde,pike creek valley,de,delaware,7,de
rehobothbeachde,rehoboth beach,de,delaware,7,de
risingsun-lebanonde,rising sun-lebanon,de,delaware,7,de
riverviewde,riverview,de,delaware,7,de
rodneyvillagede,rodney village,de,delaware,7,de
seafordde,seaford,de,delaware,7,de
selbyvillede,selbyville,de,delaware,7,de
smyrnade,smyrna,de,delaware,7,de
sussexcountyde,sussex county,de,delaware,7,de
townsendde,townsend,de,delaware,7,de
wilmingtonde,wilmington,de,delaware,7,de
wilmingtonmanorde,wilmington manor,de,delaware,7,de
woodsideeastde,woodside east,de,delaware,7,de
wyomingde,wyoming,de,delaware,7,de
adamsmorgandc,adams morgan,dc,district of columbia,8,dc
bloomingdaledc,bloomingdale,dc,district of columbia,8,dc
chevychasedc,chevy chase,dc,district of columbia,8,dc
shawdc,shaw,dc,district of columbia,8,dc
"washington,d.c.dc","washington, d.c.",dc,district of columbia,8,dc
aberdeenfl,aberdeen,fl,florida,9,fl
alachuafl,alachua,fl,florida,9,fl
alachuacountyfl,alachua county,fl,florida,9,fl
alafayafl,alafaya,fl,florida,9,fl
allapattahfl,allapattah,fl,florida,9,fl
altamontespringsfl,altamonte springs,fl,florida,9,fl
alturasfl,alturas,fl,florida,9,fl
alvafl,alva,fl,florida,9,fl
andoverfl,andover,fl,florida,9,fl
annamariafl,anna maria,fl,florida,9,fl
apalachicolafl,apalachicola,fl,florida,9,fl
apollobeachfl,apollo beach,fl,florida,9,fl
apopkafl,apopka,fl,florida,9,fl
arcadiafl,arcadia,fl,florida,9,fl
archerfl,archer,fl,florida,9,fl
asburylakefl,asbury lake,fl,florida,9,fl
astatulafl,astatula,fl,florida,9,fl
astorfl,astor,fl,florida,9,fl
atlanticbeachfl,atlantic beach,fl,florida,9,fl
atlantisfl,atlantis,fl,florida,9,fl
auburndalefl,auburndale,fl,florida,9,fl
aventurafl,aventura,fl,florida,9,fl
avonparkfl,avon park,fl,florida,9,fl
azaleaparkfl,azalea park,fl,florida,9,fl
babsonparkfl,babson park,fl,florida,9,fl
bagdadfl,bagdad,fl,florida,9,fl
bakercountyfl,baker county,fl,florida,9,fl
balharbourfl,bal harbour,fl,florida,9,fl
baldwinfl,baldwin,fl,florida,9,fl
balmfl,balm,fl,florida,9,fl
bartowfl,bartow,fl,florida,9,fl
baycountyfl,bay county,fl,florida,9,fl
bayharborislandsfl,bay harbor islands,fl,florida,9,fl
bayhillfl,bay hill,fl,florida,9,fl
baypinesfl,bay pines,fl,florida,9,fl
bayonetpointfl,bayonet point,fl,florida,9,fl
bayshoregardensfl,bayshore gardens,fl,florida,9,fl
beaconsquarefl,beacon square,fl,florida,9,fl
beeridgefl,bee ridge,fl,florida,9,fl
bellair-meadowbrookterracefl,bellair-meadowbrook terrace,fl,florida,9,fl
bellegladefl,belle glade,fl,florida,9,fl
bellegladecampfl,belle glade camp,fl,florida,9,fl
belleislefl,belle isle,fl,florida,9,fl
belleairfl,belleair,fl,florida,9,fl
belleairbeachfl,belleair beach,fl,florida,9,fl
belleairbluffsfl,belleair bluffs,fl,florida,9,fl
belleviewfl,belleview,fl,florida,9,fl
bellviewfl,bellview,fl,florida,9,fl
beverlyhillsfl,beverly hills,fl,florida,9,fl
bigcoppittkeyfl,big coppitt key,fl,florida,9,fl
bigpinekeyfl,big pine key,fl,florida,9,fl
biscayneparkfl,biscayne park,fl,florida,9,fl
bithlofl,bithlo,fl,florida,9,fl
blackdiamondfl,black diamond,fl,florida,9,fl
bloomingdalefl,bloomingdale,fl,florida,9,fl
blountstownfl,blountstown,fl,florida,9,fl
bocadelmarfl,boca del mar,fl,florida,9,fl
bocapointefl,boca pointe,fl,florida,9,fl
bocaratonfl,boca raton,fl,florida,9,fl
bokeeliafl,bokeelia,fl,florida,9,fl
bonifayfl,bonifay,fl,florida,9,fl
bonitaspringsfl,bonita springs,fl,florida,9,fl
boulevardgardensfl,boulevard gardens,fl,florida,9,fl
bowlinggreenfl,bowling green,fl,florida,9,fl
boyettefl,boyette,fl,florida,9,fl
boyntonbeachfl,boynton beach,fl,florida,9,fl
bradentonfl,bradenton,fl,florida,9,fl
bradentonbeachfl,bradenton beach,fl,florida,9,fl
bradfordcountyfl,bradford county,fl,florida,9,fl
brandonfl,brandon,fl,florida,9,fl
brentfl,brent,fl,florida,9,fl
brevardcountyfl,brevard county,fl,florida,9,fl
bristolfl,bristol,fl,florida,9,fl
broadviewparkfl,broadview park,fl,florida,9,fl
bronsonfl,bronson,fl,florida,9,fl
brookridgefl,brookridge,fl,florida,9,fl
brooksvillefl,brooksville,fl,florida,9,fl
browardcountyfl,broward county,fl,florida,9,fl
browardestatesfl,broward estates,fl,florida,9,fl
brownsvillefl,brownsville,fl,florida,9,fl
buckheadridgefl,buckhead ridge,fl,florida,9,fl
buckinghamfl,buckingham,fl,florida,9,fl
buenaventuralakesfl,buenaventura lakes,fl,florida,9,fl
buncheparkfl,bunche park,fl,florida,9,fl
bunnellfl,bunnell,fl,florida,9,fl
burntstoremarinafl,burnt store marina,fl,florida,9,fl
bushnellfl,bushnell,fl,florida,9,fl
butlerbeachfl,butler beach,fl,florida,9,fl
calhouncountyfl,calhoun county,fl,florida,9,fl
callahanfl,callahan,fl,florida,9,fl
callawayfl,callaway,fl,florida,9,fl
campbellfl,campbell,fl,florida,9,fl
cantonmentfl,cantonment,fl,florida,9,fl
capecanaveralfl,cape canaveral,fl,florida,9,fl
capecoralfl,cape coral,fl,florida,9,fl
carolcityfl,carol city,fl,florida,9,fl
carrabellefl,carrabelle,fl,florida,9,fl
carrollwoodfl,carrollwood,fl,florida,9,fl
carrollwoodvillagefl,carrollwood village,fl,florida,9,fl
carverranchesfl,carver ranches,fl,florida,9,fl
casselberryfl,casselberry,fl,florida,9,fl
cedargrovefl,cedar grove,fl,florida,9,fl
celebrationfl,celebration,fl,florida,9,fl
centerhillfl,center hill,fl,florida,9,fl
centuryfl,century,fl,florida,9,fl
charlottecountyfl,charlotte county,fl,florida,9,fl
charlotteharborfl,charlotte harbor,fl,florida,9,fl
charlotteparkfl,charlotte park,fl,florida,9,fl
chattahoocheefl,chattahoochee,fl,florida,9,fl
chevalfl,cheval,fl,florida,9,fl
chieflandfl,chiefland,fl,florida,9,fl
chipleyfl,chipley,fl,florida,9,fl
christmasfl,christmas,fl,florida,9,fl
chuluotafl,chuluota,fl,florida,9,fl
citrafl,citra,fl,florida,9,fl
citruscountyfl,citrus county,fl,florida,9,fl
citrushillsfl,citrus hills,fl,florida,9,fl
citrusparkfl,citrus park,fl,florida,9,fl
citrusridgefl,citrus ridge,fl,florida,9,fl
citrusspringsfl,citrus springs,fl,florida,9,fl
clarconafl,clarcona,fl,florida,9,fl
claycountyfl,clay county,fl,florida,9,fl
clearwaterfl,clearwater,fl,florida,9,fl
clermontfl,clermont,fl,florida,9,fl
clevelandfl,cleveland,fl,florida,9,fl
clewistonfl,clewiston,fl,florida,9,fl
cocoafl,cocoa,fl,florida,9,fl
cocoabeachfl,cocoa beach,fl,florida,9,fl
cocoawestfl,cocoa west,fl,florida,9,fl
coconutcreekfl,coconut creek,fl,florida,9,fl
coconutgrovefl,coconut grove,fl,florida,9,fl
colliercountyfl,collier county,fl,florida,9,fl
columbiacountyfl,columbia county,fl,florida,9,fl
combeesettlementfl,combee settlement,fl,florida,9,fl
connertonfl,connerton,fl,florida,9,fl
conwayfl,conway,fl,florida,9,fl
coopercityfl,cooper city,fl,florida,9,fl
coralgablesfl,coral gables,fl,florida,9,fl
coralspringsfl,coral springs,fl,florida,9,fl
coralterracefl,coral terrace,fl,florida,9,fl
cortezfl,cortez,fl,florida,9,fl
countryclubfl,country club,fl,florida,9,fl
countrywalkfl,country walk,fl,florida,9,fl
crawfordvillefl,crawfordville,fl,florida,9,fl
crescentcityfl,crescent city,fl,florida,9,fl
crestviewfl,crestview,fl,florida,9,fl
crookedlakeparkfl,crooked lake park,fl,florida,9,fl
crosscityfl,cross city,fl,florida,9,fl
crystallakefl,crystal lake,fl,florida,9,fl
crystalriverfl,crystal river,fl,florida,9,fl
crystalspringsfl,crystal springs,fl,florida,9,fl
cudjoekeyfl,cudjoe key,fl,florida,9,fl
cutlerfl,cutler,fl,florida,9,fl
cutlerbayfl,cutler bay,fl,florida,9,fl
cutlerridgefl,cutler ridge,fl,florida,9,fl
cypressgardensfl,cypress gardens,fl,florida,9,fl
cypresslakefl,cypress lake,fl,florida,9,fl
cypressquartersfl,cypress quarters,fl,florida,9,fl
dadecityfl,dade city,fl,florida,9,fl
dadecitynorthfl,dade city north,fl,florida,9,fl
daniabeachfl,dania beach,fl,florida,9,fl
davenportfl,davenport,fl,florida,9,fl
daviefl,davie,fl,florida,9,fl
daytonabeachfl,daytona beach,fl,florida,9,fl
daytonabeachshoresfl,daytona beach shores,fl,florida,9,fl
delandsouthwestfl,de land southwest,fl,florida,9,fl
deleonspringsfl,de leon springs,fl,florida,9,fl
debaryfl,debary,fl,florida,9,fl
defuniakspringsfl,defuniak springs,fl,florida,9,fl
delandfl,deland,fl,florida,9,fl
desotocountyfl,desoto county,fl,florida,9,fl
deerfieldbeachfl,deerfield beach,fl,florida,9,fl
delraybeachfl,delray beach,fl,florida,9,fl
deltonafl,deltona,fl,florida,9,fl
desotolakesfl,desoto lakes,fl,florida,9,fl
destinfl,destin,fl,florida,9,fl
dixiecountyfl,dixie county,fl,florida,9,fl
doctorphillipsfl,doctor phillips,fl,florida,9,fl
doralfl,doral,fl,florida,9,fl
doverfl,dover,fl,florida,9,fl
dundeefl,dundee,fl,florida,9,fl
dunedinfl,dunedin,fl,florida,9,fl
dunnellonfl,dunnellon,fl,florida,9,fl
duvalcountyfl,duval county,fl,florida,9,fl
eaglelakefl,eagle lake,fl,florida,9,fl
eastbronsonfl,east bronson,fl,florida,9,fl
eastlakefl,east lake,fl,florida,9,fl
eastlake-orientparkfl,east lake-orient park,fl,florida,9,fl
eastmiltonfl,east milton,fl,florida,9,fl
eastnaplesfl,east naples,fl,florida,9,fl
eastpalatkafl,east palatka,fl,florida,9,fl
eastpensacolaheightsfl,east pensacola heights,fl,florida,9,fl
eastperrinefl,east perrine,fl,florida,9,fl
eastpointfl,eastpoint,fl,florida,9,fl
eatonvillefl,eatonville,fl,florida,9,fl
edgewaterfl,edgewater,fl,florida,9,fl
edgewoodfl,edgewood,fl,florida,9,fl
eglinairforcebasefl,eglin air force base,fl,florida,9,fl
eglinvillagefl,eglin village,fl,florida,9,fl
egyptlake-letofl,egypt lake-leto,fl,florida,9,fl
elportalfl,el portal,fl,florida,9,fl
elfersfl,elfers,fl,florida,9,fl
ellentonfl,ellenton,fl,florida,9,fl
englewoodfl,englewood,fl,florida,9,fl
ensleyfl,ensley,fl,florida,9,fl
escambiacountyfl,escambia county,fl,florida,9,fl
esterofl,estero,fl,florida,9,fl
eustisfl,eustis,fl,florida,9,fl
fairviewshoresfl,fairview shores,fl,florida,9,fl
feathersoundfl,feather sound,fl,florida,9,fl
fellsmerefl,fellsmere,fl,florida,9,fl
fernparkfl,fern park,fl,florida,9,fl
fernandinabeachfl,fernandina beach,fl,florida,9,fl
ferrypassfl,ferry pass,fl,florida,9,fl
fishhawkfl,fish hawk,fl,florida,9,fl
fivepointsfl,five points,fl,florida,9,fl
flagamifl,flagami,fl,florida,9,fl
flaglerbeachfl,flagler beach,fl,florida,9,fl
flaglercountyfl,flagler county,fl,florida,9,fl
flaglerestatesfl,flagler estates,fl,florida,9,fl
flemingislandfl,fleming island,fl,florida,9,fl
floralcityfl,floral city,fl,florida,9,fl
floridacityfl,florida city,fl,florida,9,fl
floridaridgefl,florida ridge,fl,florida,9,fl
forestcityfl,forest city,fl,florida,9,fl
fortlauderdalefl,fort lauderdale,fl,florida,9,fl
fortmeadefl,fort meade,fl,florida,9,fl
fortmyersfl,fort myers,fl,florida,9,fl
fortmyersbeachfl,fort myers beach,fl,florida,9,fl
fortmyersshoresfl,fort myers shores,fl,florida,9,fl
fortpiercefl,fort pierce,fl,florida,9,fl
fortpiercenorthfl,fort pierce north,fl,florida,9,fl
fortpiercesouthfl,fort pierce south,fl,florida,9,fl
fortwaltonbeachfl,fort walton beach,fl,florida,9,fl
fountainebleaufl,fountainebleau,fl,florida,9,fl
fourcornersfl,four corners,fl,florida,9,fl
franklincountyfl,franklin county,fl,florida,9,fl
freeportfl,freeport,fl,florida,9,fl
frostprooffl,frostproof,fl,florida,9,fl
fruitcovefl,fruit cove,fl,florida,9,fl
fruitlandparkfl,fruitland park,fl,florida,9,fl
fruitvillefl,fruitville,fl,florida,9,fl
fullerheightsfl,fuller heights,fl,florida,9,fl
fusselscornerfl,fussels corner,fl,florida,9,fl
gadsdencountyfl,gadsden county,fl,florida,9,fl
gainesvillefl,gainesville,fl,florida,9,fl
gandyfl,gandy,fl,florida,9,fl
gatewayfl,gateway,fl,florida,9,fl
genevafl,geneva,fl,florida,9,fl
gibsoniafl,gibsonia,fl,florida,9,fl
gibsontonfl,gibsonton,fl,florida,9,fl
giffordfl,gifford,fl,florida,9,fl
gilchristcountyfl,gilchrist county,fl,florida,9,fl
gladescountyfl,glades county,fl,florida,9,fl
gladeviewfl,gladeview,fl,florida,9,fl
glencoefl,glencoe,fl,florida,9,fl
glenvarheightsfl,glenvar heights,fl,florida,9,fl
goldengatefl,golden gate,fl,florida,9,fl
goldengladesfl,golden glades,fl,florida,9,fl
goldenrodfl,goldenrod,fl,florida,9,fl
gonzalezfl,gonzalez,fl,florida,9,fl
gothafl,gotha,fl,florida,9,fl
gouldingfl,goulding,fl,florida,9,fl
gouldsfl,goulds,fl,florida,9,fl
gracevillefl,graceville,fl,florida,9,fl
grant-valkariafl,grant-valkaria,fl,florida,9,fl
greaternorthdalefl,greater northdale,fl,florida,9,fl
greencovespringsfl,green cove springs,fl,florida,9,fl
greenacrescityfl,greenacres city,fl,florida,9,fl
greenbriarfl,greenbriar,fl,florida,9,fl
gretnafl,gretna,fl,florida,9,fl
grovecityfl,grove city,fl,florida,9,fl
grovelandfl,groveland,fl,florida,9,fl
gulfbreezefl,gulf breeze,fl,florida,9,fl
gulfcountyfl,gulf county,fl,florida,9,fl
gulfgateestatesfl,gulf gate estates,fl,florida,9,fl
gulfportfl,gulfport,fl,florida,9,fl
hainescityfl,haines city,fl,florida,9,fl
hallandalebeachfl,hallandale beach,fl,florida,9,fl
hamiltoncountyfl,hamilton county,fl,florida,9,fl
harborbluffsfl,harbor bluffs,fl,florida,9,fl
harbourheightsfl,harbour heights,fl,florida,9,fl
hardeecountyfl,hardee county,fl,florida,9,fl
harlemfl,harlem,fl,florida,9,fl
harlemheightsfl,harlem heights,fl,florida,9,fl
havanafl,havana,fl,florida,9,fl
haverhillfl,haverhill,fl,florida,9,fl
hawthornefl,hawthorne,fl,florida,9,fl
heathrowfl,heathrow,fl,florida,9,fl
hendrycountyfl,hendry county,fl,florida,9,fl
heritagepinesfl,heritage pines,fl,florida,9,fl
hernandofl,hernando,fl,florida,9,fl
hernandobeachfl,hernando beach,fl,florida,9,fl
hernandocountyfl,hernando county,fl,florida,9,fl
hialeahfl,hialeah,fl,florida,9,fl
hialeahgardensfl,hialeah gardens,fl,florida,9,fl
highpointfl,high point,fl,florida,9,fl
highspringsfl,high springs,fl,florida,9,fl
highlandbeachfl,highland beach,fl,florida,9,fl
highlandcityfl,highland city,fl,florida,9,fl
highlandscountyfl,highlands county,fl,florida,9,fl
hilandparkfl,hiland park,fl,florida,9,fl
hill'ndalefl,hill 'n dale,fl,florida,9,fl
hilliardfl,hilliard,fl,florida,9,fl
hillsborobeachfl,hillsboro beach,fl,florida,9,fl
hillsboroughcountyfl,hillsborough county,fl,florida,9,fl
hobesoundfl,hobe sound,fl,florida,9,fl
holdenheightsfl,holden heights,fl,florida,9,fl
holidayfl,holiday,fl,florida,9,fl
holleyfl,holley,fl,florida,9,fl
hollyhillfl,holly hill,fl,florida,9,fl
hollywoodfl,hollywood,fl,florida,9,fl
holmesbeachfl,holmes beach,fl,florida,9,fl
holmescountyfl,holmes county,fl,florida,9,fl
homesteadfl,homestead,fl,florida,9,fl
homosassafl,homosassa,fl,florida,9,fl
homosassaspringsfl,homosassa springs,fl,florida,9,fl
horizonwestfl,horizon west,fl,florida,9,fl
howey-in-the-hillsfl,howey-in-the-hills,fl,florida,9,fl
hudsonfl,hudson,fl,florida,9,fl
hunterscreekfl,hunters creek,fl,florida,9,fl
hutchinsonislandsouthfl,hutchinson island south,fl,florida,9,fl
hypoluxofl,hypoluxo,fl,florida,9,fl
immokaleefl,immokalee,fl,florida,9,fl
indialanticfl,indialantic,fl,florida,9,fl
indianharbourbeachfl,indian harbour beach,fl,florida,9,fl
indianrivercountyfl,indian river county,fl,florida,9,fl
indianriverestatesfl,indian river estates,fl,florida,9,fl
indianrivershoresfl,indian river shores,fl,florida,9,fl
indianrocksbeachfl,indian rocks beach,fl,florida,9,fl
indianshoresfl,indian shores,fl,florida,9,fl
indiantownfl,indiantown,fl,florida,9,fl
inglisfl,inglis,fl,florida,9,fl
interlachenfl,interlachen,fl,florida,9,fl
invernessfl,inverness,fl,florida,9,fl
invernesshighlandsnorthfl,inverness highlands north,fl,florida,9,fl
invernesshighlandssouthfl,inverness highlands south,fl,florida,9,fl
inwoodfl,inwood,fl,florida,9,fl
ionafl,iona,fl,florida,9,fl
islamoradafl,islamorada,fl,florida,9,fl
islandwalkfl,island walk,fl,florida,9,fl
isleofnormandyfl,isle of normandy,fl,florida,9,fl
ivesestatesfl,ives estates,fl,florida,9,fl
jacksoncountyfl,jackson county,fl,florida,9,fl
jacksonvillefl,jacksonville,fl,florida,9,fl
jacksonvillebeachfl,jacksonville beach,fl,florida,9,fl
jan-phylvillagefl,jan-phyl village,fl,florida,9,fl
jasmineestatesfl,jasmine estates,fl,florida,9,fl
jasperfl,jasper,fl,florida,9,fl
jeffersoncountyfl,jefferson county,fl,florida,9,fl
jensenbeachfl,jensen beach,fl,florida,9,fl
juneparkfl,june park,fl,florida,9,fl
junobeachfl,juno beach,fl,florida,9,fl
jupiterfl,jupiter,fl,florida,9,fl
kathleenfl,kathleen,fl,florida,9,fl
kendalelakesfl,kendale lakes,fl,florida,9,fl
kendallfl,kendall,fl,florida,9,fl
kendallgreenfl,kendall green,fl,florida,9,fl
kendallwestfl,kendall west,fl,florida,9,fl
kennethcityfl,kenneth city,fl,florida,9,fl
kensingtonparkfl,kensington park,fl,florida,9,fl
keybiscaynefl,key biscayne,fl,florida,9,fl
keylargofl,key largo,fl,florida,9,fl
keyvistafl,key vista,fl,florida,9,fl
keywestfl,key west,fl,florida,9,fl
keystonefl,keystone,fl,florida,9,fl
keystoneheightsfl,keystone heights,fl,florida,9,fl
kingspointfl,kings point,fl,florida,9,fl
kissimmeefl,kissimmee,fl,florida,9,fl
labellefl,labelle,fl,florida,9,fl
lacoocheefl,lacoochee,fl,florida,9,fl
ladylakefl,lady lake,fl,florida,9,fl
lafayettecountyfl,lafayette county,fl,florida,9,fl
lagunabeachfl,laguna beach,fl,florida,9,fl
lakealfredfl,lake alfred,fl,florida,9,fl
lakebelvedereestatesfl,lake belvedere estates,fl,florida,9,fl
lakebutlerfl,lake butler,fl,florida,9,fl
lakecityfl,lake city,fl,florida,9,fl
lakeclarkeshoresfl,lake clarke shores,fl,florida,9,fl
lakecountyfl,lake county,fl,florida,9,fl
lakeforestfl,lake forest,fl,florida,9,fl
lakehamiltonfl,lake hamilton,fl,florida,9,fl
lakehelenfl,lake helen,fl,florida,9,fl
lakelorrainefl,lake lorraine,fl,florida,9,fl
lakelucernefl,lake lucerne,fl,florida,9,fl
lakemack-foresthillsfl,lake mack-forest hills,fl,florida,9,fl
lakemagdalenefl,lake magdalene,fl,florida,9,fl
lakemaryfl,lake mary,fl,florida,9,fl
lakepanasoffkeefl,lake panasoffkee,fl,florida,9,fl
lakeparkfl,lake park,fl,florida,9,fl
lakeplacidfl,lake placid,fl,florida,9,fl
lakesarasotafl,lake sarasota,fl,florida,9,fl
lakewalesfl,lake wales,fl,florida,9,fl
lakeworthfl,lake worth,fl,florida,9,fl
lakeworthcorridorfl,lake worth corridor,fl,florida,9,fl
lakelandfl,lakeland,fl,florida,9,fl
lakelandhighlandsfl,lakeland highlands,fl,florida,9,fl
lakesbythebayfl,lakes by the bay,fl,florida,9,fl
lakesidefl,lakeside,fl,florida,9,fl
lakewoodparkfl,lakewood park,fl,florida,9,fl
lando'lakesfl,land o' lakes,fl,florida,9,fl
lantanafl,lantana,fl,florida,9,fl
largofl,largo,fl,florida,9,fl
lauderdalelakesfl,lauderdale lakes,fl,florida,9,fl
lauderdale-by-the-seafl,lauderdale-by-the-sea,fl,florida,9,fl
lauderhillfl,lauderhill,fl,florida,9,fl
laurelfl,laurel,fl,florida,9,fl
lealmanfl,lealman,fl,florida,9,fl
lecantofl,lecanto,fl,florida,9,fl
leecountyfl,lee county,fl,florida,9,fl
leesburgfl,leesburg,fl,florida,9,fl
lehighacresfl,lehigh acres,fl,florida,9,fl
leisurecityfl,leisure city,fl,florida,9,fl
lelyfl,lely,fl,florida,9,fl
lelyresortfl,lely resort,fl,florida,9,fl
leoncountyfl,leon county,fl,florida,9,fl
levycountyfl,levy county,fl,florida,9,fl
libertycountyfl,liberty county,fl,florida,9,fl
lighthousepointfl,lighthouse point,fl,florida,9,fl
limestonecreekfl,limestone creek,fl,florida,9,fl
liveoakfl,live oak,fl,florida,9,fl
lochmoorwaterwayestatesfl,lochmoor waterway estates,fl,florida,9,fl
lockhartfl,lockhart,fl,florida,9,fl
longboatkeyfl,longboat key,fl,florida,9,fl
longwoodfl,longwood,fl,florida,9,fl
loughmanfl,loughman,fl,florida,9,fl
lowergrandlagoonfl,lower grand lagoon,fl,florida,9,fl
loxahatcheegrovesfl,loxahatchee groves,fl,florida,9,fl
lutzfl,lutz,fl,florida,9,fl
lynnhavenfl,lynn haven,fl,florida,9,fl
macclennyfl,macclenny,fl,florida,9,fl
madeirabeachfl,madeira beach,fl,florida,9,fl
madisonfl,madison,fl,florida,9,fl
madisoncountyfl,madison county,fl,florida,9,fl
maitlandfl,maitland,fl,florida,9,fl
malabarfl,malabar,fl,florida,9,fl
malonefl,malone,fl,florida,9,fl
manasotakeyfl,manasota key,fl,florida,9,fl
manateecountyfl,manatee county,fl,florida,9,fl
manateeroadfl,manatee road,fl,florida,9,fl
mangofl,mango,fl,florida,9,fl
mangoniaparkfl,mangonia park,fl,florida,9,fl
marathonfl,marathon,fl,florida,9,fl
marcofl,marco,fl,florida,9,fl
marcoislandfl,marco island,fl,florida,9,fl
margatefl,margate,fl,florida,9,fl
mariannafl,marianna,fl,florida,9,fl
marioncountyfl,marion county,fl,florida,9,fl
martincountyfl,martin county,fl,florida,9,fl
maryestherfl,mary esther,fl,florida,9,fl
masaryktownfl,masaryktown,fl,florida,9,fl
mascottefl,mascotte,fl,florida,9,fl
mayofl,mayo,fl,florida,9,fl
mcgregorfl,mcgregor,fl,florida,9,fl
meadowoaksfl,meadow oaks,fl,florida,9,fl
meadowwoodsfl,meadow woods,fl,florida,9,fl
medullafl,medulla,fl,florida,9,fl
melbournefl,melbourne,fl,florida,9,fl
melbournebeachfl,melbourne beach,fl,florida,9,fl
melroseparkfl,melrose park,fl,florida,9,fl
memphisfl,memphis,fl,florida,9,fl
merrittislandfl,merritt island,fl,florida,9,fl
mexicobeachfl,mexico beach,fl,florida,9,fl
miamifl,miami,fl,florida,9,fl
miamibeachfl,miami beach,fl,florida,9,fl
miamigardensfl,miami gardens,fl,florida,9,fl
miamilakesfl,miami lakes,fl,florida,9,fl
miamishoresfl,miami shores,fl,florida,9,fl
miamispringsfl,miami springs,fl,florida,9,fl
miami-dadecountyfl,miami-dade county,fl,florida,9,fl
miccofl,micco,fl,florida,9,fl
middleburgfl,middleburg,fl,florida,9,fl
midwayfl,midway,fl,florida,9,fl
miltonfl,milton,fl,florida,9,fl
mimsfl,mims,fl,florida,9,fl
minneolafl,minneola,fl,florida,9,fl
miramarfl,miramar,fl,florida,9,fl
miramarbeachfl,miramar beach,fl,florida,9,fl
molinofl,molino,fl,florida,9,fl
monroecountyfl,monroe county,fl,florida,9,fl
monticellofl,monticello,fl,florida,9,fl
montverdefl,montverde,fl,florida,9,fl
moorehavenfl,moore haven,fl,florida,9,fl
mountdorafl,mount dora,fl,florida,9,fl
mountplymouthfl,mount plymouth,fl,florida,9,fl
mulberryfl,mulberry,fl,florida,9,fl
myrtlegrovefl,myrtle grove,fl,florida,9,fl
naplesfl,naples,fl,florida,9,fl
naplesmanorfl,naples manor,fl,florida,9,fl
naplesparkfl,naples park,fl,florida,9,fl
naranjafl,naranja,fl,florida,9,fl
nassaucountyfl,nassau county,fl,florida,9,fl
nassauvillage-ratlifffl,nassau village-ratliff,fl,florida,9,fl
navarrefl,navarre,fl,florida,9,fl
neptunebeachfl,neptune beach,fl,florida,9,fl
newportricheyfl,new port richey,fl,florida,9,fl
newportricheyeastfl,new port richey east,fl,florida,9,fl
newsmyrnabeachfl,new smyrna beach,fl,florida,9,fl
newberryfl,newberry,fl,florida,9,fl
nicevillefl,niceville,fl,florida,9,fl
nocateefl,nocatee,fl,florida,9,fl
nokomisfl,nokomis,fl,florida,9,fl
norlandfl,norland,fl,florida,9,fl
northandrewsgardensfl,north andrews gardens,fl,florida,9,fl
northbayvillagefl,north bay village,fl,florida,9,fl
northbrooksvillefl,north brooksville,fl,florida,9,fl
northdelandfl,north deland,fl,florida,9,fl
northfortmyersfl,north fort myers,fl,florida,9,fl
northkeylargofl,north key largo,fl,florida,9,fl
northlauderdalefl,north lauderdale,fl,florida,9,fl
northmiamifl,north miami,fl,florida,9,fl
northmiamibeachfl,north miami beach,fl,florida,9,fl
northpalmbeachfl,north palm beach,fl,florida,9,fl
northportfl,north port,fl,florida,9,fl
northredingtonbeachfl,north redington beach,fl,florida,9,fl
northrivershoresfl,north river shores,fl,florida,9,fl
northsarasotafl,north sarasota,fl,florida,9,fl
northweekiwacheefl,north weeki wachee,fl,florida,9,fl
northdalefl,northdale,fl,florida,9,fl
oakhillfl,oak hill,fl,florida,9,fl
oakridgefl,oak ridge,fl,florida,9,fl
oaklandfl,oakland,fl,florida,9,fl
oaklandparkfl,oakland park,fl,florida,9,fl
oakleafplantationfl,oakleaf plantation,fl,florida,9,fl
ocalafl,ocala,fl,florida,9,fl
oceancityfl,ocean city,fl,florida,9,fl
oceanridgefl,ocean ridge,fl,florida,9,fl
ocoeefl,ocoee,fl,florida,9,fl
odessafl,odessa,fl,florida,9,fl
ojusfl,ojus,fl,florida,9,fl
okaloosacountyfl,okaloosa county,fl,florida,9,fl
okeechobeefl,okeechobee,fl,florida,9,fl
okeechobeecountyfl,okeechobee county,fl,florida,9,fl
oldsmarfl,oldsmar,fl,florida,9,fl
olgafl,olga,fl,florida,9,fl
olympiaheightsfl,olympia heights,fl,florida,9,fl
opa-lockafl,opa-locka,fl,florida,9,fl
orangecityfl,orange city,fl,florida,9,fl
orangecountyfl,orange county,fl,florida,9,fl
orangeparkfl,orange park,fl,florida,9,fl
orangetreefl,orangetree,fl,florida,9,fl
oriolebeachfl,oriole beach,fl,florida,9,fl
orlandofl,orlando,fl,florida,9,fl
orlovistafl,orlovista,fl,florida,9,fl
ormondbeachfl,ormond beach,fl,florida,9,fl
ormond-by-the-seafl,ormond-by-the-sea,fl,florida,9,fl
osceolacountyfl,osceola county,fl,florida,9,fl
ospreyfl,osprey,fl,florida,9,fl
oviedofl,oviedo,fl,florida,9,fl
pacefl,pace,fl,florida,9,fl
pahokeefl,pahokee,fl,florida,9,fl
palatkafl,palatka,fl,florida,9,fl
palmairefl,palm aire,fl,florida,9,fl
palmbayfl,palm bay,fl,florida,9,fl
palmbeachfl,palm beach,fl,florida,9,fl
palmbeachcountyfl,palm beach county,fl,florida,9,fl
palmbeachgardensfl,palm beach gardens,fl,florida,9,fl
palmbeachshoresfl,palm beach shores,fl,florida,9,fl
palmcityfl,palm city,fl,florida,9,fl
palmcoastfl,palm coast,fl,florida,9,fl
palmharborfl,palm harbor,fl,florida,9,fl
palmriver-clairmelfl,palm river-clair mel,fl,florida,9,fl
palmspringsfl,palm springs,fl,florida,9,fl
palmspringsnorthfl,palm springs north,fl,florida,9,fl
palmvalleyfl,palm valley,fl,florida,9,fl
palmettofl,palmetto,fl,florida,9,fl
palmettobayfl,palmetto bay,fl,florida,9,fl
palmettoestatesfl,palmetto estates,fl,florida,9,fl
palmonaparkfl,palmona park,fl,florida,9,fl
panamacityfl,panama city,fl,florida,9,fl
panamacitybeachfl,panama city beach,fl,florida,9,fl
paradiseheightsfl,paradise heights,fl,florida,9,fl
parkerfl,parker,fl,florida,9,fl
parklandfl,parkland,fl,florida,9,fl
pasadenahillsfl,pasadena hills,fl,florida,9,fl
pascocountyfl,pasco county,fl,florida,9,fl
pebblecreekfl,pebble creek,fl,florida,9,fl
pelicanbayfl,pelican bay,fl,florida,9,fl
pembrokeparkfl,pembroke park,fl,florida,9,fl
pembrokepinesfl,pembroke pines,fl,florida,9,fl
pensacolafl,pensacola,fl,florida,9,fl
perryfl,perry,fl,florida,9,fl
piersonfl,pierson,fl,florida,9,fl
pinecastlefl,pine castle,fl,florida,9,fl
pinehillsfl,pine hills,fl,florida,9,fl
pineislandcenterfl,pine island center,fl,florida,9,fl
pineislandridgefl,pine island ridge,fl,florida,9,fl
pinemanorfl,pine manor,fl,florida,9,fl
pineridgefl,pine ridge,fl,florida,9,fl
pinecrestfl,pinecrest,fl,florida,9,fl
pinellascountyfl,pinellas county,fl,florida,9,fl
pinellasparkfl,pinellas park,fl,florida,9,fl
pinewoodfl,pinewood,fl,florida,9,fl
placidlakesfl,placid lakes,fl,florida,9,fl
plantcityfl,plant city,fl,florida,9,fl
plantationfl,plantation,fl,florida,9,fl
plantationmobilehomeparkfl,plantation mobile home park,fl,florida,9,fl
poincianafl,poinciana,fl,florida,9,fl
pointbakerfl,point baker,fl,florida,9,fl
polkcityfl,polk city,fl,florida,9,fl
polkcountyfl,polk county,fl,florida,9,fl
pompanobeachfl,pompano beach,fl,florida,9,fl
pompanobeachhighlandsfl,pompano beach highlands,fl,florida,9,fl
ponceinletfl,ponce inlet,fl,florida,9,fl
pontevedrabeachfl,ponte vedra beach,fl,florida,9,fl
portcharlottefl,port charlotte,fl,florida,9,fl
portlabellefl,port labelle,fl,florida,9,fl
portorangefl,port orange,fl,florida,9,fl
portricheyfl,port richey,fl,florida,9,fl
portsaintjoefl,port saint joe,fl,florida,9,fl
portsaintjohnfl,port saint john,fl,florida,9,fl
portsaintluciefl,port saint lucie,fl,florida,9,fl
portsalernofl,port salerno,fl,florida,9,fl
prettybayoufl,pretty bayou,fl,florida,9,fl
princetonfl,princeton,fl,florida,9,fl
progressvillagefl,progress village,fl,florida,9,fl
puntagordafl,punta gorda,fl,florida,9,fl
puntagordaislesfl,punta gorda isles,fl,florida,9,fl
puntarassafl,punta rassa,fl,florida,9,fl
putnamcountyfl,putnam county,fl,florida,9,fl
quailridgefl,quail ridge,fl,florida,9,fl
quincyfl,quincy,fl,florida,9,fl
redingtonbeachfl,redington beach,fl,florida,9,fl
redingtonshoresfl,redington shores,fl,florida,9,fl
richmondheightsfl,richmond heights,fl,florida,9,fl
richmondwestfl,richmond west,fl,florida,9,fl
ridgemanorfl,ridge manor,fl,florida,9,fl
ridgewoodheightsfl,ridge wood heights,fl,florida,9,fl
ridgecrestfl,ridgecrest,fl,florida,9,fl
riverparkfl,river park,fl,florida,9,fl
riverviewfl,riverview,fl,florida,9,fl
rivierabeachfl,riviera beach,fl,florida,9,fl
rockislandfl,rock island,fl,florida,9,fl
rockledgefl,rockledge,fl,florida,9,fl
rooseveltgardensfl,roosevelt gardens,fl,florida,9,fl
roselandfl,roseland,fl,florida,9,fl
rotondawestfl,rotonda west,fl,florida,9,fl
royalpalmbeachfl,royal palm beach,fl,florida,9,fl
royalpalmestatesfl,royal palm estates,fl,florida,9,fl
ruskinfl,ruskin,fl,florida,9,fl
safetyharborfl,safety harbor,fl,florida,9,fl
saintaugustinefl,saint augustine,fl,florida,9,fl
saintaugustinebeachfl,saint augustine beach,fl,florida,9,fl
saintaugustineshoresfl,saint augustine shores,fl,florida,9,fl
saintaugustinesouthfl,saint augustine south,fl,florida,9,fl
saintcloudfl,saint cloud,fl,florida,9,fl
saintgeorgefl,saint george,fl,florida,9,fl
saintjamescityfl,saint james city,fl,florida,9,fl
saintjohnscountyfl,saint johns county,fl,florida,9,fl
saintleofl,saint leo,fl,florida,9,fl
saintluciecountyfl,saint lucie county,fl,florida,9,fl
saintpetebeachfl,saint pete beach,fl,florida,9,fl
samosetfl,samoset,fl,florida,9,fl
samsula-sprucecreekfl,samsula-spruce creek,fl,florida,9,fl
sanantoniofl,san antonio,fl,florida,9,fl
sancarlosparkfl,san carlos park,fl,florida,9,fl
sandalfootcovefl,sandalfoot cove,fl,florida,9,fl
sanfordfl,sanford,fl,florida,9,fl
sanibelfl,sanibel,fl,florida,9,fl
santarosacountyfl,santa rosa county,fl,florida,9,fl
sarasotafl,sarasota,fl,florida,9,fl
sarasotacountyfl,sarasota county,fl,florida,9,fl
sarasotaspringsfl,sarasota springs,fl,florida,9,fl
satellitebeachfl,satellite beach,fl,florida,9,fl
sawgrassfl,sawgrass,fl,florida,9,fl
schallcirclefl,schall circle,fl,florida,9,fl
scottlakefl,scott lake,fl,florida,9,fl
seasidefl,seaside,fl,florida,9,fl
sebastianfl,sebastian,fl,florida,9,fl
sebringfl,sebring,fl,florida,9,fl
seffnerfl,seffner,fl,florida,9,fl
seminolefl,seminole,fl,florida,9,fl
seminolecountyfl,seminole county,fl,florida,9,fl
seminolemanorfl,seminole manor,fl,florida,9,fl
sewall'spointfl,sewall's point,fl,florida,9,fl
shadyhillsfl,shady hills,fl,florida,9,fl
sharpesfl,sharpes,fl,florida,9,fl
siestakeyfl,siesta key,fl,florida,9,fl
silverlakefl,silver lake,fl,florida,9,fl
silverspringsfl,silver springs,fl,florida,9,fl
silverspringsshoresfl,silver springs shores,fl,florida,9,fl
skylakefl,sky lake,fl,florida,9,fl
sneadsfl,sneads,fl,florida,9,fl
southapopkafl,south apopka,fl,florida,9,fl
southbayfl,south bay,fl,florida,9,fl
southbeachfl,south beach,fl,florida,9,fl
southbradentonfl,south bradenton,fl,florida,9,fl
southbrooksvillefl,south brooksville,fl,florida,9,fl
southdaytonafl,south daytona,fl,florida,9,fl
southgateridgefl,south gate ridge,fl,florida,9,fl
southhighpointfl,south highpoint,fl,florida,9,fl
southmiamifl,south miami,fl,florida,9,fl
southmiamiheightsfl,south miami heights,fl,florida,9,fl
southpalmbeachfl,south palm beach,fl,florida,9,fl
southpasadenafl,south pasadena,fl,florida,9,fl
southpatrickshoresfl,south patrick shores,fl,florida,9,fl
southsarasotafl,south sarasota,fl,florida,9,fl
southvenicefl,south venice,fl,florida,9,fl
southchasefl,southchase,fl,florida,9,fl
southeastarcadiafl,southeast arcadia,fl,florida,9,fl
southgatefl,southgate,fl,florida,9,fl
southwestranchesfl,southwest ranches,fl,florida,9,fl
springhillfl,spring hill,fl,florida,9,fl
springfieldfl,springfield,fl,florida,9,fl
st.johnsfl,st. johns,fl,florida,9,fl
st.petersburgfl,st. petersburg,fl,florida,9,fl
starkefl,starke,fl,florida,9,fl
steinhatcheefl,steinhatchee,fl,florida,9,fl
stockislandfl,stock island,fl,florida,9,fl
stuartfl,stuart,fl,florida,9,fl
sugarmillwoodsfl,sugarmill woods,fl,florida,9,fl
sumtercountyfl,sumter county,fl,florida,9,fl
suncitycenterfl,sun city center,fl,florida,9,fl
suncoastestatesfl,suncoast estates,fl,florida,9,fl
sunnyislesbeachfl,sunny isles beach,fl,florida,9,fl
sunrisefl,sunrise,fl,florida,9,fl
sunsetfl,sunset,fl,florida,9,fl
sunshineranchesfl,sunshine ranches,fl,florida,9,fl
surfsidefl,surfside,fl,florida,9,fl
suwanneecountyfl,suwannee county,fl,florida,9,fl
sweetwaterfl,sweetwater,fl,florida,9,fl
taftfl,taft,fl,florida,9,fl
tallahasseefl,tallahassee,fl,florida,9,fl
tamaracfl,tamarac,fl,florida,9,fl
tamiamifl,tamiami,fl,florida,9,fl
tampafl,tampa,fl,florida,9,fl
tangeloparkfl,tangelo park,fl,florida,9,fl
tangerinefl,tangerine,fl,florida,9,fl
tarponspringsfl,tarpon springs,fl,florida,9,fl
tavaresfl,tavares,fl,florida,9,fl
tavernierfl,tavernier,fl,florida,9,fl
taylorcountyfl,taylor county,fl,florida,9,fl
taylorcreekfl,taylor creek,fl,florida,9,fl
tedderfl,tedder,fl,florida,9,fl
templeterracefl,temple terrace,fl,florida,9,fl
tequestafl,tequesta,fl,florida,9,fl
terramarfl,terra mar,fl,florida,9,fl
theacreagefl,the acreage,fl,florida,9,fl
thecrossingsfl,the crossings,fl,florida,9,fl
thehammocksfl,the hammocks,fl,florida,9,fl
themeadowsfl,the meadows,fl,florida,9,fl
thevillagesfl,the villages,fl,florida,9,fl
thonotosassafl,thonotosassa,fl,florida,9,fl
threelakesfl,three lakes,fl,florida,9,fl
threeoaksfl,three oaks,fl,florida,9,fl
ticefl,tice,fl,florida,9,fl
tierraverdefl,tierra verde,fl,florida,9,fl
tigerpointfl,tiger point,fl,florida,9,fl
timberpinesfl,timber pines,fl,florida,9,fl
titusvillefl,titusville,fl,florida,9,fl
town'n'countryfl,town 'n' country,fl,florida,9,fl
treasureislandfl,treasure island,fl,florida,9,fl
trentonfl,trenton,fl,florida,9,fl
trinityfl,trinity,fl,florida,9,fl
twinlakesfl,twin lakes,fl,florida,9,fl
tyndallairforcebasefl,tyndall air force base,fl,florida,9,fl
umatillafl,umatilla,fl,florida,9,fl
unioncountyfl,union county,fl,florida,9,fl
unionparkfl,union park,fl,florida,9,fl
universityfl,university,fl,florida,9,fl
universityparkfl,university park,fl,florida,9,fl
uppergrandlagoonfl,upper grand lagoon,fl,florida,9,fl
valparaisofl,valparaiso,fl,florida,9,fl
valricofl,valrico,fl,florida,9,fl
vamofl,vamo,fl,florida,9,fl
venicefl,venice,fl,florida,9,fl
venicegardensfl,venice gardens,fl,florida,9,fl
verobeachfl,vero beach,fl,florida,9,fl
verobeachsouthfl,vero beach south,fl,florida,9,fl
veronawalkfl,verona walk,fl,florida,9,fl
vieraeastfl,viera east,fl,florida,9,fl
vierawestfl,viera west,fl,florida,9,fl
villagesoforiolefl,villages of oriole,fl,florida,9,fl
villanobeachfl,villano beach,fl,florida,9,fl
villasfl,villas,fl,florida,9,fl
vineyardsfl,vineyards,fl,florida,9,fl
virginiagardensfl,virginia gardens,fl,florida,9,fl
volusiacountyfl,volusia county,fl,florida,9,fl
wabassobeachfl,wabasso beach,fl,florida,9,fl
wahnetafl,wahneta,fl,florida,9,fl
wakullacountyfl,wakulla county,fl,florida,9,fl
waldofl,waldo,fl,florida,9,fl
wallacefl,wallace,fl,florida,9,fl
waltoncountyfl,walton county,fl,florida,9,fl
warmmineralspringsfl,warm mineral springs,fl,florida,9,fl
warringtonfl,warrington,fl,florida,9,fl
washingtoncountyfl,washington county,fl,florida,9,fl
washingtonparkfl,washington park,fl,florida,9,fl
watertownfl,watertown,fl,florida,9,fl
wauchulafl,wauchula,fl,florida,9,fl
wedgefieldfl,wedgefield,fl,florida,9,fl
weekiwacheegardensfl,weeki wachee gardens,fl,florida,9,fl
wekiwaspringsfl,wekiwa springs,fl,florida,9,fl
wellbornfl,wellborn,fl,florida,9,fl
wellingtonfl,wellington,fl,florida,9,fl
wesleychapelfl,wesley chapel,fl,florida,9,fl
westbradentonfl,west bradenton,fl,florida,9,fl
westdelandfl,west deland,fl,florida,9,fl
westgatefl,west gate,fl,florida,9,fl
westhollywoodfl,west hollywood,fl,florida,9,fl
westlittleriverfl,west little river,fl,florida,9,fl
westmelbournefl,west melbourne,fl,florida,9,fl
westmiamifl,west miami,fl,florida,9,fl
westpalmbeachfl,west palm beach,fl,florida,9,fl
westparkfl,west park,fl,florida,9,fl
westpensacolafl,west pensacola,fl,florida,9,fl
westperrinefl,west perrine,fl,florida,9,fl
westsamosetfl,west samoset,fl,florida,9,fl
westverocorridorfl,west vero corridor,fl,florida,9,fl
westandeastlealmanfl,west and east lealman,fl,florida,9,fl
westchasefl,westchase,fl,florida,9,fl
westchesterfl,westchester,fl,florida,9,fl
westonfl,weston,fl,florida,9,fl
westviewfl,westview,fl,florida,9,fl
westwoodlakefl,westwood lake,fl,florida,9,fl
wewahitchkafl,wewahitchka,fl,florida,9,fl
whiskeycreekfl,whiskey creek,fl,florida,9,fl
whitecityfl,white city,fl,florida,9,fl
whitfieldfl,whitfield,fl,florida,9,fl
wildwoodfl,wildwood,fl,florida,9,fl
williamsburgfl,williamsburg,fl,florida,9,fl
willistonfl,williston,fl,florida,9,fl
willistonhighlandsfl,williston highlands,fl,florida,9,fl
willowoakfl,willow oak,fl,florida,9,fl
wiltonmanorsfl,wilton manors,fl,florida,9,fl
wimaumafl,wimauma,fl,florida,9,fl
windermerefl,windermere,fl,florida,9,fl
winstonfl,winston,fl,florida,9,fl
winterbeachfl,winter beach,fl,florida,9,fl
wintergardenfl,winter garden,fl,florida,9,fl
winterhavenfl,winter haven,fl,florida,9,fl
winterparkfl,winter park,fl,florida,9,fl
winterspringsfl,winter springs,fl,florida,9,fl
woodlawnbeachfl,woodlawn beach,fl,florida,9,fl
woodvillefl,woodville,fl,florida,9,fl
wrightfl,wright,fl,florida,9,fl
yalahafl,yalaha,fl,florida,9,fl
youngstownfl,youngstown,fl,florida,9,fl
yuleefl,yulee,fl,florida,9,fl
zellwoodfl,zellwood,fl,florida,9,fl
zephyrhillsfl,zephyrhills,fl,florida,9,fl
zephyrhillsnorthfl,zephyrhills north,fl,florida,9,fl
zephyrhillssouthfl,zephyrhills south,fl,florida,9,fl
zephyrhillswestfl,zephyrhills west,fl,florida,9,fl
zolfospringsfl,zolfo springs,fl,florida,9,fl
abbevillega,abbeville,ga,georgia,10,ga
acworthga,acworth,ga,georgia,10,ga
adairsvillega,adairsville,ga,georgia,10,ga
adelga,adel,ga,georgia,10,ga
alamoga,alamo,ga,georgia,10,ga
albanyga,albany,ga,georgia,10,ga
almaga,alma,ga,georgia,10,ga
alpharettaga,alpharetta,ga,georgia,10,ga
altoga,alto,ga,georgia,10,ga
americusga,americus,ga,georgia,10,ga
applingcountyga,appling county,ga,georgia,10,ga
aragonga,aragon,ga,georgia,10,ga
arcadega,arcade,ga,georgia,10,ga
arlingtonga,arlington,ga,georgia,10,ga
ashburnga,ashburn,ga,georgia,10,ga
athensga,athens,ga,georgia,10,ga
atkinsoncountyga,atkinson county,ga,georgia,10,ga
atlantaga,atlanta,ga,georgia,10,ga
auburnga,auburn,ga,georgia,10,ga
augustaga,augusta,ga,georgia,10,ga
austellga,austell,ga,georgia,10,ga
avondaleestatesga,avondale estates,ga,georgia,10,ga
baconcountyga,bacon county,ga,georgia,10,ga
bainbridgega,bainbridge,ga,georgia,10,ga
bakercountyga,baker county,ga,georgia,10,ga
baldwinga,baldwin,ga,georgia,10,ga
baldwincountyga,baldwin county,ga,georgia,10,ga
ballgroundga,ball ground,ga,georgia,10,ga
bankscountyga,banks county,ga,georgia,10,ga
barnesvillega,barnesville,ga,georgia,10,ga
barrowcountyga,barrow county,ga,georgia,10,ga
bartowcountyga,bartow county,ga,georgia,10,ga
baxleyga,baxley,ga,georgia,10,ga
belvedereparkga,belvedere park,ga,georgia,10,ga
benhillcountyga,ben hill county,ga,georgia,10,ga
berkeleylakega,berkeley lake,ga,georgia,10,ga
berriencountyga,berrien county,ga,georgia,10,ga
bibbcountyga,bibb county,ga,georgia,10,ga
blackshearga,blackshear,ga,georgia,10,ga
blairsvillega,blairsville,ga,georgia,10,ga
blakelyga,blakely,ga,georgia,10,ga
bleckleycountyga,bleckley county,ga,georgia,10,ga
bloomingdalega,bloomingdale,ga,georgia,10,ga
blueridgega,blue ridge,ga,georgia,10,ga
bogartga,bogart,ga,georgia,10,ga
bonanzaga,bonanza,ga,georgia,10,ga
bostonga,boston,ga,georgia,10,ga
bowdonga,bowdon,ga,georgia,10,ga
brantleycountyga,brantley county,ga,georgia,10,ga
braseltonga,braselton,ga,georgia,10,ga
bremenga,bremen,ga,georgia,10,ga
brookhavenga,brookhaven,ga,georgia,10,ga
brookletga,brooklet,ga,georgia,10,ga
brookscountyga,brooks county,ga,georgia,10,ga
broxtonga,broxton,ga,georgia,10,ga
brunswickga,brunswick,ga,georgia,10,ga
bryancountyga,bryan county,ga,georgia,10,ga
buchananga,buchanan,ga,georgia,10,ga
buenavistaga,buena vista,ga,georgia,10,ga
bufordga,buford,ga,georgia,10,ga
bullochcountyga,bulloch county,ga,georgia,10,ga
burkecountyga,burke county,ga,georgia,10,ga
butlerga,butler,ga,georgia,10,ga
buttscountyga,butts county,ga,georgia,10,ga
byronga,byron,ga,georgia,10,ga
cairoga,cairo,ga,georgia,10,ga
calhounga,calhoun,ga,georgia,10,ga
calhouncountyga,calhoun county,ga,georgia,10,ga
camdencountyga,camden county,ga,georgia,10,ga
camillaga,camilla,ga,georgia,10,ga
candlercountyga,candler county,ga,georgia,10,ga
candler-mcafeega,candler-mcafee,ga,georgia,10,ga
cantonga,canton,ga,georgia,10,ga
carnesvillega,carnesville,ga,georgia,10,ga
carrollcountyga,carroll county,ga,georgia,10,ga
carrolltonga,carrollton,ga,georgia,10,ga
cartersvillega,cartersville,ga,georgia,10,ga
catoosacountyga,catoosa county,ga,georgia,10,ga
cavespringga,cave spring,ga,georgia,10,ga
cedartownga,cedartown,ga,georgia,10,ga
centervillega,centerville,ga,georgia,10,ga
chambleega,chamblee,ga,georgia,10,ga
charltoncountyga,charlton county,ga,georgia,10,ga
chathamcountyga,chatham county,ga,georgia,10,ga
chatsworthga,chatsworth,ga,georgia,10,ga
chattahoocheecountyga,chattahoochee county,ga,georgia,10,ga
chattahoocheehillsga,chattahoochee hills,ga,georgia,10,ga
chattanoogavalleyga,chattanooga valley,ga,georgia,10,ga
chattoogacountyga,chattooga county,ga,georgia,10,ga
cherokeecountyga,cherokee county,ga,georgia,10,ga
chesterga,chester,ga,georgia,10,ga
chickamaugaga,chickamauga,ga,georgia,10,ga
clarkecountyga,clarke county,ga,georgia,10,ga
clarkesvillega,clarkesville,ga,georgia,10,ga
clarkstonga,clarkston,ga,georgia,10,ga
claxtonga,claxton,ga,georgia,10,ga
claycountyga,clay county,ga,georgia,10,ga
claytonga,clayton,ga,georgia,10,ga
claytoncountyga,clayton county,ga,georgia,10,ga
clevelandga,cleveland,ga,georgia,10,ga
clinchcountyga,clinch county,ga,georgia,10,ga
cobbcountyga,cobb county,ga,georgia,10,ga
cochranga,cochran,ga,georgia,10,ga
coffeecountyga,coffee county,ga,georgia,10,ga
collegeparkga,college park,ga,georgia,10,ga
colquittga,colquitt,ga,georgia,10,ga
colquittcountyga,colquitt county,ga,georgia,10,ga
columbiacountyga,columbia county,ga,georgia,10,ga
columbusga,columbus,ga,georgia,10,ga
comerga,comer,ga,georgia,10,ga
commercega,commerce,ga,georgia,10,ga
conleyga,conley,ga,georgia,10,ga
conyersga,conyers,ga,georgia,10,ga
cookcountyga,cook county,ga,georgia,10,ga
cordelega,cordele,ga,georgia,10,ga
corneliaga,cornelia,ga,georgia,10,ga
countryclubestatesga,country club estates,ga,georgia,10,ga
covingtonga,covington,ga,georgia,10,ga
cowetacountyga,coweta county,ga,georgia,10,ga
crawfordcountyga,crawford county,ga,georgia,10,ga
crawfordvillega,crawfordville,ga,georgia,10,ga
crispcountyga,crisp county,ga,georgia,10,ga
cummingga,cumming,ga,georgia,10,ga
cussetaga,cusseta,ga,georgia,10,ga
cuthbertga,cuthbert,ga,georgia,10,ga
daculaga,dacula,ga,georgia,10,ga
dadecountyga,dade county,ga,georgia,10,ga
dahlonegaga,dahlonega,ga,georgia,10,ga
dallasga,dallas,ga,georgia,10,ga
daltonga,dalton,ga,georgia,10,ga
danielsvillega,danielsville,ga,georgia,10,ga
darienga,darien,ga,georgia,10,ga
davisboroga,davisboro,ga,georgia,10,ga
dawsonga,dawson,ga,georgia,10,ga
dawsoncountyga,dawson county,ga,georgia,10,ga
dawsonvillega,dawsonville,ga,georgia,10,ga
dekalbcountyga,dekalb county,ga,georgia,10,ga
decaturga,decatur,ga,georgia,10,ga
decaturcountyga,decatur county,ga,georgia,10,ga
deenwoodga,deenwood,ga,georgia,10,ga
demorestga,demorest,ga,georgia,10,ga
dockjunctionga,dock junction,ga,georgia,10,ga
dodgecountyga,dodge county,ga,georgia,10,ga
donalsonvillega,donalsonville,ga,georgia,10,ga
doolycountyga,dooly county,ga,georgia,10,ga
doravillega,doraville,ga,georgia,10,ga
doughertycountyga,dougherty county,ga,georgia,10,ga
douglasga,douglas,ga,georgia,10,ga
douglascountyga,douglas county,ga,georgia,10,ga
douglasvillega,douglasville,ga,georgia,10,ga
druidhillsga,druid hills,ga,georgia,10,ga
dublinga,dublin,ga,georgia,10,ga
duluthga,duluth,ga,georgia,10,ga
dunwoodyga,dunwoody,ga,georgia,10,ga
earlycountyga,early county,ga,georgia,10,ga
eastdublinga,east dublin,ga,georgia,10,ga
eastgriffinga,east griffin,ga,georgia,10,ga
eastnewnanga,east newnan,ga,georgia,10,ga
eastpointga,east point,ga,georgia,10,ga
eastmanga,eastman,ga,georgia,10,ga
eatontonga,eatonton,ga,georgia,10,ga
echolscountyga,echols county,ga,georgia,10,ga
edisonga,edison,ga,georgia,10,ga
effinghamcountyga,effingham county,ga,georgia,10,ga
elbertcountyga,elbert county,ga,georgia,10,ga
elbertonga,elberton,ga,georgia,10,ga
ellavillega,ellaville,ga,georgia,10,ga
ellijayga,ellijay,ga,georgia,10,ga
emanuelcountyga,emanuel county,ga,georgia,10,ga
emersonga,emerson,ga,georgia,10,ga
enigmaga,enigma,ga,georgia,10,ga
euharleega,euharlee,ga,georgia,10,ga
evansga,evans,ga,georgia,10,ga
evanscountyga,evans county,ga,georgia,10,ga
experimentga,experiment,ga,georgia,10,ga
fairoaksga,fair oaks,ga,georgia,10,ga
fairburnga,fairburn,ga,georgia,10,ga
fairviewga,fairview,ga,georgia,10,ga
fannincountyga,fannin county,ga,georgia,10,ga
fayettecountyga,fayette county,ga,georgia,10,ga
fayettevillega,fayetteville,ga,georgia,10,ga
firingrangega,firing range,ga,georgia,10,ga
fitzgeraldga,fitzgerald,ga,georgia,10,ga
flowerybranchga,flowery branch,ga,georgia,10,ga
floydcountyga,floyd county,ga,georgia,10,ga
folkstonga,folkston,ga,georgia,10,ga
forestparkga,forest park,ga,georgia,10,ga
forsythga,forsyth,ga,georgia,10,ga
forsythcountyga,forsyth county,ga,georgia,10,ga
fortgainesga,fort gaines,ga,georgia,10,ga
fortoglethorpega,fort oglethorpe,ga,georgia,10,ga
fortstewartga,fort stewart,ga,georgia,10,ga
fortvalleyga,fort valley,ga,georgia,10,ga
franklinga,franklin,ga,georgia,10,ga
franklincountyga,franklin county,ga,georgia,10,ga
franklinspringsga,franklin springs,ga,georgia,10,ga
fultoncountyga,fulton county,ga,georgia,10,ga
gainesvillega,gainesville,ga,georgia,10,ga
gardencityga,garden city,ga,georgia,10,ga
georgetownga,georgetown,ga,georgia,10,ga
gibsonga,gibson,ga,georgia,10,ga
gilmercountyga,gilmer county,ga,georgia,10,ga
glascockcountyga,glascock county,ga,georgia,10,ga
glennvillega,glennville,ga,georgia,10,ga
glynncountyga,glynn county,ga,georgia,10,ga
gordonga,gordon,ga,georgia,10,ga
gordoncountyga,gordon county,ga,georgia,10,ga
gradycountyga,grady county,ga,georgia,10,ga
grantvillega,grantville,ga,georgia,10,ga
grayga,gray,ga,georgia,10,ga
graysonga,grayson,ga,georgia,10,ga
greenecountyga,greene county,ga,georgia,10,ga
greensboroga,greensboro,ga,georgia,10,ga
greenvillega,greenville,ga,georgia,10,ga
greshamparkga,gresham park,ga,georgia,10,ga
griffinga,griffin,ga,georgia,10,ga
grovetownga,grovetown,ga,georgia,10,ga
gumlogga,gumlog,ga,georgia,10,ga
guytonga,guyton,ga,georgia,10,ga
gwinnettcountyga,gwinnett county,ga,georgia,10,ga
habershamcountyga,habersham county,ga,georgia,10,ga
hahiraga,hahira,ga,georgia,10,ga
hallcountyga,hall county,ga,georgia,10,ga
hamiltonga,hamilton,ga,georgia,10,ga
hamptonga,hampton,ga,georgia,10,ga
hancockcountyga,hancock county,ga,georgia,10,ga
hannahsmillga,hannahs mill,ga,georgia,10,ga
hapevillega,hapeville,ga,georgia,10,ga
haralsoncountyga,haralson county,ga,georgia,10,ga
hardwickga,hardwick,ga,georgia,10,ga
harlemga,harlem,ga,georgia,10,ga
harriscountyga,harris county,ga,georgia,10,ga
hartcountyga,hart county,ga,georgia,10,ga
hartwellga,hartwell,ga,georgia,10,ga
hawkinsvillega,hawkinsville,ga,georgia,10,ga
hazlehurstga,hazlehurst,ga,georgia,10,ga
heardcountyga,heard county,ga,georgia,10,ga
helenaga,helena,ga,georgia,10,ga
hendersonga,henderson,ga,georgia,10,ga
henrycountyga,henry county,ga,georgia,10,ga
hephzibahga,hephzibah,ga,georgia,10,ga
hiawasseega,hiawassee,ga,georgia,10,ga
hinesvillega,hinesville,ga,georgia,10,ga
hiramga,hiram,ga,georgia,10,ga
hogansvillega,hogansville,ga,georgia,10,ga
hollyspringsga,holly springs,ga,georgia,10,ga
homerga,homer,ga,georgia,10,ga
homervillega,homerville,ga,georgia,10,ga
hoschtonga,hoschton,ga,georgia,10,ga
houstoncountyga,houston county,ga,georgia,10,ga
indianspringsga,indian springs,ga,georgia,10,ga
irondalega,irondale,ga,georgia,10,ga
irwincountyga,irwin county,ga,georgia,10,ga
irwintonga,irwinton,ga,georgia,10,ga
isleofhopega,isle of hope,ga,georgia,10,ga
jacksonga,jackson,ga,georgia,10,ga
jacksoncountyga,jackson county,ga,georgia,10,ga
jasperga,jasper,ga,georgia,10,ga
jaspercountyga,jasper county,ga,georgia,10,ga
jeffdaviscountyga,jeff davis county,ga,georgia,10,ga
jeffersonga,jefferson,ga,georgia,10,ga
jeffersoncountyga,jefferson county,ga,georgia,10,ga
jeffersonvillega,jeffersonville,ga,georgia,10,ga
jenkinscountyga,jenkins county,ga,georgia,10,ga
jesupga,jesup,ga,georgia,10,ga
johnscreekga,johns creek,ga,georgia,10,ga
johnsoncountyga,johnson county,ga,georgia,10,ga
jonescountyga,jones county,ga,georgia,10,ga
jonesboroga,jonesboro,ga,georgia,10,ga
kennesawga,kennesaw,ga,georgia,10,ga
kingsbaybasega,kings bay base,ga,georgia,10,ga
kingslandga,kingsland,ga,georgia,10,ga
knoxvillega,knoxville,ga,georgia,10,ga
lafayettega,lafayette,ga,georgia,10,ga
lagrangega,lagrange,ga,georgia,10,ga
lakecityga,lake city,ga,georgia,10,ga
lakelandga,lakeland,ga,georgia,10,ga
lakeviewga,lakeview,ga,georgia,10,ga
lakeviewestatesga,lakeview estates,ga,georgia,10,ga
lamarcountyga,lamar county,ga,georgia,10,ga
laniercountyga,lanier county,ga,georgia,10,ga
laurenscountyga,laurens county,ga,georgia,10,ga
lavoniaga,lavonia,ga,georgia,10,ga
lawrencevillega,lawrenceville,ga,georgia,10,ga
leecountyga,lee county,ga,georgia,10,ga
leesburgga,leesburg,ga,georgia,10,ga
lexingtonga,lexington,ga,georgia,10,ga
libertycountyga,liberty county,ga,georgia,10,ga
lilburnga,lilburn,ga,georgia,10,ga
lincolncountyga,lincoln county,ga,georgia,10,ga
lincolntonga,lincolnton,ga,georgia,10,ga
lindalega,lindale,ga,georgia,10,ga
lithiaspringsga,lithia springs,ga,georgia,10,ga
lithoniaga,lithonia,ga,georgia,10,ga
locustgrovega,locust grove,ga,georgia,10,ga
loganvillega,loganville,ga,georgia,10,ga
longcountyga,long county,ga,georgia,10,ga
lookoutmountainga,lookout mountain,ga,georgia,10,ga
louisvillega,louisville,ga,georgia,10,ga
lovejoyga,lovejoy,ga,georgia,10,ga
lowndescountyga,lowndes county,ga,georgia,10,ga
ludowiciga,ludowici,ga,georgia,10,ga
lulaga,lula,ga,georgia,10,ga
lumbercityga,lumber city,ga,georgia,10,ga
lumpkinga,lumpkin,ga,georgia,10,ga
lumpkincountyga,lumpkin county,ga,georgia,10,ga
lyonsga,lyons,ga,georgia,10,ga
mabletonga,mableton,ga,georgia,10,ga
maconga,macon,ga,georgia,10,ga
maconcountyga,macon county,ga,georgia,10,ga
madisonga,madison,ga,georgia,10,ga
madisoncountyga,madison county,ga,georgia,10,ga
manchesterga,manchester,ga,georgia,10,ga
mariettaga,marietta,ga,georgia,10,ga
marioncountyga,marion county,ga,georgia,10,ga
marshallvillega,marshallville,ga,georgia,10,ga
martinezga,martinez,ga,georgia,10,ga
maysvillega,maysville,ga,georgia,10,ga
mccaysvillega,mccaysville,ga,georgia,10,ga
mcdonoughga,mcdonough,ga,georgia,10,ga
mcduffiecountyga,mcduffie county,ga,georgia,10,ga
mcintoshcountyga,mcintosh county,ga,georgia,10,ga
mcraega,mcrae,ga,georgia,10,ga
meigsga,meigs,ga,georgia,10,ga
meriwethercountyga,meriwether county,ga,georgia,10,ga
metterga,metter,ga,georgia,10,ga
midwayga,midway,ga,georgia,10,ga
milledgevillega,milledgeville,ga,georgia,10,ga
millenga,millen,ga,georgia,10,ga
millercountyga,miller county,ga,georgia,10,ga
miltonga,milton,ga,georgia,10,ga
mitchellcountyga,mitchell county,ga,georgia,10,ga
monroega,monroe,ga,georgia,10,ga
monroecountyga,monroe county,ga,georgia,10,ga
montezumaga,montezuma,ga,georgia,10,ga
montgomeryga,montgomery,ga,georgia,10,ga
montgomerycountyga,montgomery county,ga,georgia,10,ga
monticelloga,monticello,ga,georgia,10,ga
morganga,morgan,ga,georgia,10,ga
morgancountyga,morgan county,ga,georgia,10,ga
morrowga,morrow,ga,georgia,10,ga
moultriega,moultrie,ga,georgia,10,ga
mountairyga,mount airy,ga,georgia,10,ga
mountvernonga,mount vernon,ga,georgia,10,ga
mountzionga,mount zion,ga,georgia,10,ga
mountaincityga,mountain city,ga,georgia,10,ga
mountainparkga,mountain park,ga,georgia,10,ga
murraycountyga,murray county,ga,georgia,10,ga
muscogeecountyga,muscogee county,ga,georgia,10,ga
nahuntaga,nahunta,ga,georgia,10,ga
nashvillega,nashville,ga,georgia,10,ga
nelsonga,nelson,ga,georgia,10,ga
newnanga,newnan,ga,georgia,10,ga
newtonga,newton,ga,georgia,10,ga
newtoncountyga,newton county,ga,georgia,10,ga
nichollsga,nicholls,ga,georgia,10,ga
nicholsonga,nicholson,ga,georgia,10,ga
norcrossga,norcross,ga,georgia,10,ga
northatlantaga,north atlanta,ga,georgia,10,ga
northdecaturga,north decatur,ga,georgia,10,ga
northdruidhillsga,north druid hills,ga,georgia,10,ga
oakwoodga,oakwood,ga,georgia,10,ga
ocillaga,ocilla,ga,georgia,10,ga
oconeecountyga,oconee county,ga,georgia,10,ga
oglethorpega,oglethorpe,ga,georgia,10,ga
oglethorpecountyga,oglethorpe county,ga,georgia,10,ga
omegaga,omega,ga,georgia,10,ga
oxfordga,oxford,ga,georgia,10,ga
palmettoga,palmetto,ga,georgia,10,ga
panthersvillega,panthersville,ga,georgia,10,ga
pauldingcountyga,paulding county,ga,georgia,10,ga
peachcountyga,peach county,ga,georgia,10,ga
peachtreecityga,peachtree city,ga,georgia,10,ga
peachtreecornersga,peachtree corners,ga,georgia,10,ga
pearsonga,pearson,ga,georgia,10,ga
pelhamga,pelham,ga,georgia,10,ga
pembrokega,pembroke,ga,georgia,10,ga
perryga,perry,ga,georgia,10,ga
pickenscountyga,pickens county,ga,georgia,10,ga
piercecountyga,pierce county,ga,georgia,10,ga
pikecountyga,pike county,ga,georgia,10,ga
pinemountainga,pine mountain,ga,georgia,10,ga
polkcountyga,polk county,ga,georgia,10,ga
poolerga,pooler,ga,georgia,10,ga
portwentworthga,port wentworth,ga,georgia,10,ga
porterdalega,porterdale,ga,georgia,10,ga
powderspringsga,powder springs,ga,georgia,10,ga
prestonga,preston,ga,georgia,10,ga
pulaskicountyga,pulaski county,ga,georgia,10,ga
putnamcountyga,putnam county,ga,georgia,10,ga
putneyga,putney,ga,georgia,10,ga
quitmanga,quitman,ga,georgia,10,ga
quitmancountyga,quitman county,ga,georgia,10,ga
rabuncountyga,rabun county,ga,georgia,10,ga
randolphcountyga,randolph county,ga,georgia,10,ga
raoulga,raoul,ga,georgia,10,ga
raycityga,ray city,ga,georgia,10,ga
redanga,redan,ga,georgia,10,ga
reedcreekga,reed creek,ga,georgia,10,ga
reidsvillega,reidsville,ga,georgia,10,ga
remertonga,remerton,ga,georgia,10,ga
reynoldsga,reynolds,ga,georgia,10,ga
richlandga,richland,ga,georgia,10,ga
richmondcountyga,richmond county,ga,georgia,10,ga
richmondhillga,richmond hill,ga,georgia,10,ga
rinconga,rincon,ga,georgia,10,ga
ringgoldga,ringgold,ga,georgia,10,ga
riverdalega,riverdale,ga,georgia,10,ga
robinsairforcebasega,robins air force base,ga,georgia,10,ga
rochellega,rochelle,ga,georgia,10,ga
rockdalecountyga,rockdale county,ga,georgia,10,ga
rockmartga,rockmart,ga,georgia,10,ga
romega,rome,ga,georgia,10,ga
rossvillega,rossville,ga,georgia,10,ga
roswellga,roswell,ga,georgia,10,ga
roystonga,royston,ga,georgia,10,ga
russellga,russell,ga,georgia,10,ga
rydalga,rydal,ga,georgia,10,ga
saintsimonmillsga,saint simon mills,ga,georgia,10,ga
saintsimonsislandga,saint simons island,ga,georgia,10,ga
sandersvillega,sandersville,ga,georgia,10,ga
sandyspringsga,sandy springs,ga,georgia,10,ga
sardisga,sardis,ga,georgia,10,ga
savannahga,savannah,ga,georgia,10,ga
schleycountyga,schley county,ga,georgia,10,ga
scottdalega,scottdale,ga,georgia,10,ga
screvencountyga,screven county,ga,georgia,10,ga
seminolecountyga,seminole county,ga,georgia,10,ga
senoiaga,senoia,ga,georgia,10,ga
shannonga,shannon,ga,georgia,10,ga
skidawayislandga,skidaway island,ga,georgia,10,ga
smyrnaga,smyrna,ga,georgia,10,ga
snellvillega,snellville,ga,georgia,10,ga
socialcirclega,social circle,ga,georgia,10,ga
sopertonga,soperton,ga,georgia,10,ga
spaldingcountyga,spalding county,ga,georgia,10,ga
sparksga,sparks,ga,georgia,10,ga
spartaga,sparta,ga,georgia,10,ga
springfieldga,springfield,ga,georgia,10,ga
st.marysga,st. marys,ga,georgia,10,ga
statenvillega,statenville,ga,georgia,10,ga
statesboroga,statesboro,ga,georgia,10,ga
stathamga,statham,ga,georgia,10,ga
stephenscountyga,stephens county,ga,georgia,10,ga
stewartcountyga,stewart county,ga,georgia,10,ga
stockbridgega,stockbridge,ga,georgia,10,ga
stonemountainga,stone mountain,ga,georgia,10,ga
stonecrestga,stonecrest,ga,georgia,10,ga
sugarhillga,sugar hill,ga,georgia,10,ga
summervillega,summerville,ga,georgia,10,ga
sumtercountyga,sumter county,ga,georgia,10,ga
sunnysidega,sunnyside,ga,georgia,10,ga
suwaneega,suwanee,ga,georgia,10,ga
swainsboroga,swainsboro,ga,georgia,10,ga
sylvaniaga,sylvania,ga,georgia,10,ga
sylvesterga,sylvester,ga,georgia,10,ga
talbotcountyga,talbot county,ga,georgia,10,ga
talbottonga,talbotton,ga,georgia,10,ga
taliaferrocountyga,taliaferro county,ga,georgia,10,ga
tallapoosaga,tallapoosa,ga,georgia,10,ga
tattnallcountyga,tattnall county,ga,georgia,10,ga
taylorcountyga,taylor county,ga,georgia,10,ga
telfaircountyga,telfair county,ga,georgia,10,ga
templega,temple,ga,georgia,10,ga
tennillega,tennille,ga,georgia,10,ga
terrellcountyga,terrell county,ga,georgia,10,ga
thomascountyga,thomas county,ga,georgia,10,ga
thomastonga,thomaston,ga,georgia,10,ga
thomasvillega,thomasville,ga,georgia,10,ga
thomsonga,thomson,ga,georgia,10,ga
thunderboltga,thunderbolt,ga,georgia,10,ga
tiftcountyga,tift county,ga,georgia,10,ga
tiftonga,tifton,ga,georgia,10,ga
toccoaga,toccoa,ga,georgia,10,ga
toombscountyga,toombs county,ga,georgia,10,ga
townscountyga,towns county,ga,georgia,10,ga
trentonga,trenton,ga,georgia,10,ga
treutlencountyga,treutlen county,ga,georgia,10,ga
trionga,trion,ga,georgia,10,ga
troupcountyga,troup county,ga,georgia,10,ga
tuckerga,tucker,ga,georgia,10,ga
turnercountyga,turner county,ga,georgia,10,ga
twiggscountyga,twiggs county,ga,georgia,10,ga
twincityga,twin city,ga,georgia,10,ga
tybeeislandga,tybee island,ga,georgia,10,ga
tyronega,tyrone,ga,georgia,10,ga
unadillaga,unadilla,ga,georgia,10,ga
unioncityga,union city,ga,georgia,10,ga
unioncountyga,union county,ga,georgia,10,ga
unionpointga,union point,ga,georgia,10,ga
unionvillega,unionville,ga,georgia,10,ga
upsoncountyga,upson county,ga,georgia,10,ga
valdostaga,valdosta,ga,georgia,10,ga
varnellga,varnell,ga,georgia,10,ga
vidaliaga,vidalia,ga,georgia,10,ga
viennaga,vienna,ga,georgia,10,ga
villaricaga,villa rica,ga,georgia,10,ga
viningsga,vinings,ga,georgia,10,ga
wadleyga,wadley,ga,georgia,10,ga
walkercountyga,walker county,ga,georgia,10,ga
walnutgrovega,walnut grove,ga,georgia,10,ga
walthourvillega,walthourville,ga,georgia,10,ga
waltoncountyga,walton county,ga,georgia,10,ga
warecountyga,ware county,ga,georgia,10,ga
warnerrobinsga,warner robins,ga,georgia,10,ga
warrencountyga,warren county,ga,georgia,10,ga
warrentonga,warrenton,ga,georgia,10,ga
washingtonga,washington,ga,georgia,10,ga
washingtoncountyga,washington county,ga,georgia,10,ga
watkinsvillega,watkinsville,ga,georgia,10,ga
waycrossga,waycross,ga,georgia,10,ga
waynecountyga,wayne county,ga,georgia,10,ga
waynesboroga,waynesboro,ga,georgia,10,ga
webstercountyga,webster county,ga,georgia,10,ga
westpointga,west point,ga,georgia,10,ga
westwarrentonga,west warrenton,ga,georgia,10,ga
wheelercountyga,wheeler county,ga,georgia,10,ga
whitecountyga,white county,ga,georgia,10,ga
whitemarshislandga,whitemarsh island,ga,georgia,10,ga
whitfieldcountyga,whitfield county,ga,georgia,10,ga
wilcoxcountyga,wilcox county,ga,georgia,10,ga
wilkescountyga,wilkes county,ga,georgia,10,ga
wilkinsoncountyga,wilkinson county,ga,georgia,10,ga
willacoocheega,willacoochee,ga,georgia,10,ga
wilmingtonislandga,wilmington island,ga,georgia,10,ga
winderga,winder,ga,georgia,10,ga
wintervillega,winterville,ga,georgia,10,ga
woodbinega,woodbine,ga,georgia,10,ga
woodstockga,woodstock,ga,georgia,10,ga
worthcountyga,worth county,ga,georgia,10,ga
wrensga,wrens,ga,georgia,10,ga
wrightsvillega,wrightsville,ga,georgia,10,ga
youngharrisga,young harris,ga,georgia,10,ga
zebulonga,zebulon,ga,georgia,10,ga
ainaloahi,ainaloa,hi,hawaii,11,hi
anaholahi,anahola,hi,hawaii,11,hi
captaincookhi,captain cook,hi,hawaii,11,hi
easthonoluluhi,east honolulu,hi,hawaii,11,hi
fernacreshi,fern acres,hi,hawaii,11,hi
haiku-pauwelahi,haiku-pauwela,hi,hawaii,11,hi
hale‘iwahi,hale‘iwa,hi,hawaii,11,hi
hanahi,hana,hi,hawaii,11,hi
hanamā‘uluhi,hanamā‘ulu,hi,hawaii,11,hi
hanapēpēhi,hanapēpē,hi,hawaii,11,hi
hanapēpēheightshi,hanapēpē heights,hi,hawaii,11,hi
hau‘ulahi,hau‘ula,hi,hawaii,11,hi
hawaiicountyhi,hawaii county,hi,hawaii,11,hi
hawaiianacreshi,hawaiian acres,hi,hawaii,11,hi
hawaiianbeacheshi,hawaiian beaches,hi,hawaii,11,hi
hawaiianoceanviewhi,hawaiian ocean view,hi,hawaii,11,hi
hawaiianparadiseparkhi,hawaiian paradise park,hi,hawaii,11,hi
he‘eiahi,he‘eia,hi,hawaii,11,hi
hickamfieldhi,hickam field,hi,hawaii,11,hi
hilohi,hilo,hi,hawaii,11,hi
honalohi,honalo,hi,hawaii,11,hi
honaunau-napoopoohi,honaunau-napoopoo,hi,hawaii,11,hi
honoka‘ahi,honoka‘a,hi,hawaii,11,hi
honoluluhi,honolulu,hi,hawaii,11,hi
honolulucountyhi,honolulu county,hi,hawaii,11,hi
hālawahi,hālawa,hi,hawaii,11,hi
hālawaheightshi,hālawa heights,hi,hawaii,11,hi
hāwīhi,hāwī,hi,hawaii,11,hi
hōlualoahi,hōlualoa,hi,hawaii,11,hi
iroquoispointhi,iroquois point,hi,hawaii,11,hi
kaanapalilandinghi,kaanapali landing,hi,hawaii,11,hi
kahaluu-keauhouhi,kahaluu-keauhou,hi,hawaii,11,hi
kahalu‘uhi,kahalu‘u,hi,hawaii,11,hi
kahukuhi,kahuku,hi,hawaii,11,hi
kahuluihi,kahului,hi,hawaii,11,hi
kailuahi,kailua,hi,hawaii,11,hi
kailua-konahi,kailua-kona,hi,hawaii,11,hi
kalaoahi,kalaoa,hi,hawaii,11,hi
kalawaocountyhi,kalawao county,hi,hawaii,11,hi
kalāheohi,kalāheo,hi,hawaii,11,hi
kaneohehi,kaneohe,hi,hawaii,11,hi
kapaauhi,kapaau,hi,hawaii,11,hi
kapa‘ahi,kapa‘a,hi,hawaii,11,hi
kapoleihi,kapolei,hi,hawaii,11,hi
kauaicountyhi,kauai county,hi,hawaii,11,hi
kaunakakaihi,kaunakakai,hi,hawaii,11,hi
ka‘a‘awahi,ka‘a‘awa,hi,hawaii,11,hi
kealakekuahi,kealakekua,hi,hawaii,11,hi
kea‘auhi,kea‘au,hi,hawaii,11,hi
kekahahi,kekaha,hi,hawaii,11,hi
koolinahi,ko olina,hi,hawaii,11,hi
koloahi,koloa,hi,hawaii,11,hi
kualapu‘uhi,kualapu‘u,hi,hawaii,11,hi
kulahi,kula,hi,hawaii,11,hi
kurtistownhi,kurtistown,hi,hawaii,11,hi
kā‘anapalihi,kā‘anapali,hi,hawaii,11,hi
kēōkeahi,kēōkea,hi,hawaii,11,hi
kīheihi,kīhei,hi,hawaii,11,hi
kīlaueahi,kīlauea,hi,hawaii,11,hi
lahainahi,lahaina,hi,hawaii,11,hi
lanaicityhi,lanai city,hi,hawaii,11,hi
lawaihi,lawai,hi,hawaii,11,hi
leilaniestateshi,leilani estates,hi,hawaii,11,hi
lihuehi,lihue,hi,hawaii,11,hi
lā‘iehi,lā‘ie,hi,hawaii,11,hi
makakilocityhi,makakilo city,hi,hawaii,11,hi
makawaohi,makawao,hi,hawaii,11,hi
marinecorpsbasehawaii-mcbhhi,marine corps base hawaii - mcbh,hi,hawaii,11,hi
mauicountyhi,maui county,hi,hawaii,11,hi
maunawilihi,maunawili,hi,hawaii,11,hi
mililanitownhi,mililani town,hi,hawaii,11,hi
mokulēiahi,mokulēia,hi,hawaii,11,hi
mountainviewhi,mountain view,hi,hawaii,11,hi
mākahahi,mākaha,hi,hawaii,11,hi
mākahavalleyhi,mākaha valley,hi,hawaii,11,hi
mā‘ilihi,mā‘ili,hi,hawaii,11,hi
nanawaleestateshi,nanawale estates,hi,hawaii,11,hi
napili-honokowaihi,napili-honokowai,hi,hawaii,11,hi
nānākulihi,nānākuli,hi,hawaii,11,hi
oceanpointehi,ocean pointe,hi,hawaii,11,hi
orchidlandsestateshi,orchidlands estates,hi,hawaii,11,hi
paiahi,paia,hi,hawaii,11,hi
pearlcityhi,pearl city,hi,hawaii,11,hi
pepeekeohi,pepeekeo,hi,hawaii,11,hi
princevillehi,princeville,hi,hawaii,11,hi
puhihi,puhi,hi,hawaii,11,hi
pukalanihi,pukalani,hi,hawaii,11,hi
punalu‘uhi,punalu‘u,hi,hawaii,11,hi
pupukeahi,pupukea,hi,hawaii,11,hi
pāhalahi,pāhala,hi,hawaii,11,hi
pāpa‘ikouhi,pāpa‘ikou,hi,hawaii,11,hi
royalkuniahi,royal kunia,hi,hawaii,11,hi
schofieldbarrackshi,schofield barracks,hi,hawaii,11,hi
villageparkhi,village park,hi,hawaii,11,hi
volcanohi,volcano,hi,hawaii,11,hi
wahiawāhi,wahiawā,hi,hawaii,11,hi
waialuahi,waialua,hi,hawaii,11,hi
waianaehi,waianae,hi,hawaii,11,hi
waihee-waiehuhi,waihee-waiehu,hi,hawaii,11,hi
waikapūhi,waikapū,hi,hawaii,11,hi
waikoloahi,waikoloa,hi,hawaii,11,hi
waileahi,wailea,hi,hawaii,11,hi
wailuahi,wailua,hi,hawaii,11,hi
wailuahomesteadshi,wailua homesteads,hi,hawaii,11,hi
wailukuhi,wailuku,hi,hawaii,11,hi
waimaluhi,waimalu,hi,hawaii,11,hi
waimanalohi,waimanalo,hi,hawaii,11,hi
waimeahi,waimea,hi,hawaii,11,hi
waimānalobeachhi,waimānalo beach,hi,hawaii,11,hi
wainakuhi,wainaku,hi,hawaii,11,hi
waipahuhi,waipahu,hi,hawaii,11,hi
waipiohi,waipio,hi,hawaii,11,hi
waipi‘oacreshi,waipi‘o acres,hi,hawaii,11,hi
whitmorevillagehi,whitmore village,hi,hawaii,11,hi
‘aieahi,‘aiea,hi,hawaii,11,hi
‘ele‘elehi,‘ele‘ele,hi,hawaii,11,hi
‘ewabeachhi,‘ewa beach,hi,hawaii,11,hi
‘ewagentryhi,‘ewa gentry,hi,hawaii,11,hi
‘ewavillageshi,‘ewa villages,hi,hawaii,11,hi
‘āhuimanuhi,‘āhuimanu,hi,hawaii,11,hi
‘ōma‘ohi,‘ōma‘o,hi,hawaii,11,hi
aberdeenid,aberdeen,id,idaho,12,id
adacountyid,ada county,id,idaho,12,id
adamscountyid,adams county,id,idaho,12,id
americanfallsid,american falls,id,idaho,12,id
ammonid,ammon,id,idaho,12,id
arcoid,arco,id,idaho,12,id
ashtonid,ashton,id,idaho,12,id
bannockcountyid,bannock county,id,idaho,12,id
bearlakecountyid,bear lake county,id,idaho,12,id
bellevueid,bellevue,id,idaho,12,id
benewahcountyid,benewah county,id,idaho,12,id
binghamcountyid,bingham county,id,idaho,12,id
blackfootid,blackfoot,id,idaho,12,id
blainecountyid,blaine county,id,idaho,12,id
boiseid,boise,id,idaho,12,id
boisecountyid,boise county,id,idaho,12,id
bonnercountyid,bonner county,id,idaho,12,id
bonnersferryid,bonners ferry,id,idaho,12,id
bonnevillecountyid,bonneville county,id,idaho,12,id
boundarycountyid,boundary county,id,idaho,12,id
buhlid,buhl,id,idaho,12,id
burleyid,burley,id,idaho,12,id
buttecountyid,butte county,id,idaho,12,id
caldwellid,caldwell,id,idaho,12,id
camascountyid,camas county,id,idaho,12,id
canyoncountyid,canyon county,id,idaho,12,id
cariboucountyid,caribou county,id,idaho,12,id
cascadeid,cascade,id,idaho,12,id
cassiacountyid,cassia county,id,idaho,12,id
challisid,challis,id,idaho,12,id
chubbuckid,chubbuck,id,idaho,12,id
clarkcountyid,clark county,id,idaho,12,id
clearwatercountyid,clearwater county,id,idaho,12,id
coeurd'aleneid,coeur d'alene,id,idaho,12,id
councilid,council,id,idaho,12,id
custercountyid,custer county,id,idaho,12,id
daltongardensid,dalton gardens,id,idaho,12,id
driggsid,driggs,id,idaho,12,id
duboisid,dubois,id,idaho,12,id
eagleid,eagle,id,idaho,12,id
elmorecountyid,elmore county,id,idaho,12,id
emmettid,emmett,id,idaho,12,id
fairfieldid,fairfield,id,idaho,12,id
filerid,filer,id,idaho,12,id
forthallid,fort hall,id,idaho,12,id
franklincountyid,franklin county,id,idaho,12,id
fremontcountyid,fremont county,id,idaho,12,id
fruitlandid,fruitland,id,idaho,12,id
gardencityid,garden city,id,idaho,12,id
gemcountyid,gem county,id,idaho,12,id
glennsferryid,glenns ferry,id,idaho,12,id
goodingid,gooding,id,idaho,12,id
goodingcountyid,gooding county,id,idaho,12,id
grangevilleid,grangeville,id,idaho,12,id
haileyid,hailey,id,idaho,12,id
hansenid,hansen,id,idaho,12,id
haydenid,hayden,id,idaho,12,id
heyburnid,heyburn,id,idaho,12,id
hiddenspringid,hidden spring,id,idaho,12,id
homedaleid,homedale,id,idaho,12,id
idahocityid,idaho city,id,idaho,12,id
idahocountyid,idaho county,id,idaho,12,id
idahofallsid,idaho falls,id,idaho,12,id
ionaid,iona,id,idaho,12,id
jeffersoncountyid,jefferson county,id,idaho,12,id
jeromeid,jerome,id,idaho,12,id
jeromecountyid,jerome county,id,idaho,12,id
kamiahid,kamiah,id,idaho,12,id
kelloggid,kellogg,id,idaho,12,id
ketchumid,ketchum,id,idaho,12,id
kimberlyid,kimberly,id,idaho,12,id
kootenaicountyid,kootenai county,id,idaho,12,id
kunaid,kuna,id,idaho,12,id
lapwaiid,lapwai,id,idaho,12,id
latahcountyid,latah county,id,idaho,12,id
lemhicountyid,lemhi county,id,idaho,12,id
lewiscountyid,lewis county,id,idaho,12,id
lewistonid,lewiston,id,idaho,12,id
lewistonorchardsid,lewiston orchards,id,idaho,12,id
lincolnid,lincoln,id,idaho,12,id
lincolncountyid,lincoln county,id,idaho,12,id
madisoncountyid,madison county,id,idaho,12,id
maladcityid,malad city,id,idaho,12,id
marsingid,marsing,id,idaho,12,id
mccallid,mccall,id,idaho,12,id
meridianid,meridian,id,idaho,12,id
middletonid,middleton,id,idaho,12,id
minidokacountyid,minidoka county,id,idaho,12,id
montpelierid,montpelier,id,idaho,12,id
morelandid,moreland,id,idaho,12,id
moscowid,moscow,id,idaho,12,id
mountainhomeid,mountain home,id,idaho,12,id
murphyid,murphy,id,idaho,12,id
nampaid,nampa,id,idaho,12,id
newplymouthid,new plymouth,id,idaho,12,id
nezpercecountyid,nez perce county,id,idaho,12,id
nezperceid,nezperce,id,idaho,12,id
oneidacountyid,oneida county,id,idaho,12,id
orofinoid,orofino,id,idaho,12,id
osburnid,osburn,id,idaho,12,id
owyheecountyid,owyhee county,id,idaho,12,id
parisid,paris,id,idaho,12,id
parmaid,parma,id,idaho,12,id
paulid,paul,id,idaho,12,id
payetteid,payette,id,idaho,12,id
payettecountyid,payette county,id,idaho,12,id
pinehurstid,pinehurst,id,idaho,12,id
plummerid,plummer,id,idaho,12,id
pocatelloid,pocatello,id,idaho,12,id
ponderayid,ponderay,id,idaho,12,id
postfallsid,post falls,id,idaho,12,id
powercountyid,power county,id,idaho,12,id
prestonid,preston,id,idaho,12,id
priestriverid,priest river,id,idaho,12,id
rathdrumid,rathdrum,id,idaho,12,id
rexburgid,rexburg,id,idaho,12,id
rigbyid,rigby,id,idaho,12,id
rupertid,rupert,id,idaho,12,id
saintanthonyid,saint anthony,id,idaho,12,id
saintmariesid,saint maries,id,idaho,12,id
salmonid,salmon,id,idaho,12,id
sandpointid,sandpoint,id,idaho,12,id
shelleyid,shelley,id,idaho,12,id
shoshoneid,shoshone,id,idaho,12,id
shoshonecountyid,shoshone county,id,idaho,12,id
sodaspringsid,soda springs,id,idaho,12,id
spiritlakeid,spirit lake,id,idaho,12,id
starid,star,id,idaho,12,id
sugarcityid,sugar city,id,idaho,12,id
sunvalleyid,sun valley,id,idaho,12,id
tetoncountyid,teton county,id,idaho,12,id
twinfallsid,twin falls,id,idaho,12,id
twinfallscountyid,twin falls county,id,idaho,12,id
tyheeid,tyhee,id,idaho,12,id
uconid,ucon,id,idaho,12,id
valleycountyid,valley county,id,idaho,12,id
victorid,victor,id,idaho,12,id
wallaceid,wallace,id,idaho,12,id
washingtoncountyid,washington county,id,idaho,12,id
weiserid,weiser,id,idaho,12,id
wendellid,wendell,id,idaho,12,id
wilderid,wilder,id,idaho,12,id
abingdonil,abingdon,il,illinois,13,il
adamscountyil,adams county,il,illinois,13,il
addisonil,addison,il,illinois,13,il
albanyparkil,albany park,il,illinois,13,il
albersil,albers,il,illinois,13,il
albionil,albion,il,illinois,13,il
aledoil,aledo,il,illinois,13,il
alexandercountyil,alexander county,il,illinois,13,il
algonquinil,algonquin,il,illinois,13,il
alortonil,alorton,il,illinois,13,il
alsipil,alsip,il,illinois,13,il
altamontil,altamont,il,illinois,13,il
altonil,alton,il,illinois,13,il
amboyil,amboy,il,illinois,13,il
andalusiail,andalusia,il,illinois,13,il
annail,anna,il,illinois,13,il
antiochil,antioch,il,illinois,13,il
arcolail,arcola,il,illinois,13,il
arlingtonheightsil,arlington heights,il,illinois,13,il
arthuril,arthur,il,illinois,13,il
ashburnil,ashburn,il,illinois,13,il
ashlandil,ashland,il,illinois,13,il
assumptionil,assumption,il,illinois,13,il
astoriail,astoria,il,illinois,13,il
athensil,athens,il,illinois,13,il
atlantail,atlanta,il,illinois,13,il
atwoodil,atwood,il,illinois,13,il
auburnil,auburn,il,illinois,13,il
auburngreshamil,auburn gresham,il,illinois,13,il
aurorail,aurora,il,illinois,13,il
avistonil,aviston,il,illinois,13,il
avondaleil,avondale,il,illinois,13,il
bannockburnil,bannockburn,il,illinois,13,il
barringtonil,barrington,il,illinois,13,il
barringtonhillsil,barrington hills,il,illinois,13,il
barryil,barry,il,illinois,13,il
bartlettil,bartlett,il,illinois,13,il
bartonvilleil,bartonville,il,illinois,13,il
bataviail,batavia,il,illinois,13,il
beachparkil,beach park,il,illinois,13,il
beardstownil,beardstown,il,illinois,13,il
beckemeyeril,beckemeyer,il,illinois,13,il
beecheril,beecher,il,illinois,13,il
bellevilleil,belleville,il,illinois,13,il
bellevueil,bellevue,il,illinois,13,il
bellwoodil,bellwood,il,illinois,13,il
belmontcraginil,belmont cragin,il,illinois,13,il
belvidereil,belvidere,il,illinois,13,il
bementil,bement,il,illinois,13,il
benldil,benld,il,illinois,13,il
bensenvilleil,bensenville,il,illinois,13,il
bentonil,benton,il,illinois,13,il
berkeleyil,berkeley,il,illinois,13,il
berwynil,berwyn,il,illinois,13,il
bethaltoil,bethalto,il,illinois,13,il
bethanyil,bethany,il,illinois,13,il
bigrockil,big rock,il,illinois,13,il
bloomingdaleil,bloomingdale,il,illinois,13,il
bloomingtonil,bloomington,il,illinois,13,il
blueislandil,blue island,il,illinois,13,il
bluemoundil,blue mound,il,illinois,13,il
bolingbrookil,bolingbrook,il,illinois,13,il
bondcountyil,bond county,il,illinois,13,il
boonecountyil,boone county,il,illinois,13,il
boulderhillil,boulder hill,il,illinois,13,il
bourbonnaisil,bourbonnais,il,illinois,13,il
bradleyil,bradley,il,illinois,13,il
braidwoodil,braidwood,il,illinois,13,il
breeseil,breese,il,illinois,13,il
bridgeportil,bridgeport,il,illinois,13,il
bridgeviewil,bridgeview,il,illinois,13,il
brightonil,brighton,il,illinois,13,il
brightonparkil,brighton park,il,illinois,13,il
broadviewil,broadview,il,illinois,13,il
brookfieldil,brookfield,il,illinois,13,il
browncountyil,brown county,il,illinois,13,il
buffalogroveil,buffalo grove,il,illinois,13,il
bullvalleyil,bull valley,il,illinois,13,il
bunkerhillil,bunker hill,il,illinois,13,il
burbankil,burbank,il,illinois,13,il
bureaucountyil,bureau county,il,illinois,13,il
burnhamil,burnham,il,illinois,13,il
burrridgeil,burr ridge,il,illinois,13,il
bushnellil,bushnell,il,illinois,13,il
byronil,byron,il,illinois,13,il
cahokiail,cahokia,il,illinois,13,il
cairoil,cairo,il,illinois,13,il
calhouncountyil,calhoun county,il,illinois,13,il
calumetcityil,calumet city,il,illinois,13,il
calumetparkil,calumet park,il,illinois,13,il
cambriail,cambria,il,illinois,13,il
cambridgeil,cambridge,il,illinois,13,il
camppointil,camp point,il,illinois,13,il
cantonil,canton,il,illinois,13,il
capronil,capron,il,illinois,13,il
carboncliffil,carbon cliff,il,illinois,13,il
carbondaleil,carbondale,il,illinois,13,il
carlinvilleil,carlinville,il,illinois,13,il
carlyleil,carlyle,il,illinois,13,il
carmiil,carmi,il,illinois,13,il
carolstreamil,carol stream,il,illinois,13,il
carpentersvilleil,carpentersville,il,illinois,13,il
carriermillsil,carrier mills,il,illinois,13,il
carrollcountyil,carroll county,il,illinois,13,il
carrolltonil,carrollton,il,illinois,13,il
cartervilleil,carterville,il,illinois,13,il
carthageil,carthage,il,illinois,13,il
caryil,cary,il,illinois,13,il
caseyil,casey,il,illinois,13,il
caseyvilleil,caseyville,il,illinois,13,il
casscountyil,cass county,il,illinois,13,il
catlinil,catlin,il,illinois,13,il
centralcityil,central city,il,illinois,13,il
centraliail,centralia,il,illinois,13,il
centrevilleil,centreville,il,illinois,13,il
cerrogordoil,cerro gordo,il,illinois,13,il
champaignil,champaign,il,illinois,13,il
champaigncountyil,champaign county,il,illinois,13,il
channahonil,channahon,il,illinois,13,il
channellakeil,channel lake,il,illinois,13,il
charlestonil,charleston,il,illinois,13,il
chathamil,chatham,il,illinois,13,il
chatsworthil,chatsworth,il,illinois,13,il
chebanseil,chebanse,il,illinois,13,il
chenoail,chenoa,il,illinois,13,il
cherryvalleyil,cherry valley,il,illinois,13,il
chesteril,chester,il,illinois,13,il
chicagoil,chicago,il,illinois,13,il
chicagoheightsil,chicago heights,il,illinois,13,il
chicagolawnil,chicago lawn,il,illinois,13,il
chicagoloopil,chicago loop,il,illinois,13,il
chicagoridgeil,chicago ridge,il,illinois,13,il
chillicotheil,chillicothe,il,illinois,13,il
chrismanil,chrisman,il,illinois,13,il
christiancountyil,christian county,il,illinois,13,il
christopheril,christopher,il,illinois,13,il
ciceroil,cicero,il,illinois,13,il
clarendonhillsil,clarendon hills,il,illinois,13,il
clarkcountyil,clark county,il,illinois,13,il
claycountyil,clay county,il,illinois,13,il
cliftonil,clifton,il,illinois,13,il
clintonil,clinton,il,illinois,13,il
clintoncountyil,clinton county,il,illinois,13,il
coalcityil,coal city,il,illinois,13,il
coalvalleyil,coal valley,il,illinois,13,il
cobdenil,cobden,il,illinois,13,il
colchesteril,colchester,il,illinois,13,il
colescountyil,coles county,il,illinois,13,il
colfaxil,colfax,il,illinois,13,il
collinsvilleil,collinsville,il,illinois,13,il
colonail,colona,il,illinois,13,il
columbiail,columbia,il,illinois,13,il
cookcountyil,cook county,il,illinois,13,il
cortlandil,cortland,il,illinois,13,il
countryclubhillsil,country club hills,il,illinois,13,il
countrysideil,countryside,il,illinois,13,il
crainvilleil,crainville,il,illinois,13,il
crawfordcountyil,crawford county,il,illinois,13,il
cresthillil,crest hill,il,illinois,13,il
crestwoodil,crestwood,il,illinois,13,il
creteil,crete,il,illinois,13,il
crevecoeuril,creve coeur,il,illinois,13,il
crystallakeil,crystal lake,il,illinois,13,il
crystallawnsil,crystal lawns,il,illinois,13,il
cubail,cuba,il,illinois,13,il
cumberlandcountyil,cumberland county,il,illinois,13,il
danversil,danvers,il,illinois,13,il
danvilleil,danville,il,illinois,13,il
darienil,darien,il,illinois,13,il
davisjunctionil,davis junction,il,illinois,13,il
desotoil,de soto,il,illinois,13,il
dewittcountyil,de witt county,il,illinois,13,il
dekalbil,dekalb,il,illinois,13,il
dekalbcountyil,dekalb county,il,illinois,13,il
decaturil,decatur,il,illinois,13,il
deerparkil,deer park,il,illinois,13,il
deerfieldil,deerfield,il,illinois,13,il
delavanil,delavan,il,illinois,13,il
depueil,depue,il,illinois,13,il
desplainesil,des plaines,il,illinois,13,il
diamondil,diamond,il,illinois,13,il
divernonil,divernon,il,illinois,13,il
dixmooril,dixmoor,il,illinois,13,il
dixonil,dixon,il,illinois,13,il
doltonil,dolton,il,illinois,13,il
douglasil,douglas,il,illinois,13,il
douglascountyil,douglas county,il,illinois,13,il
downersgroveil,downers grove,il,illinois,13,il
duquoinil,du quoin,il,illinois,13,il
dupagecountyil,dupage county,il,illinois,13,il
dunlapil,dunlap,il,illinois,13,il
dupoil,dupo,il,illinois,13,il
durandil,durand,il,illinois,13,il
dwightil,dwight,il,illinois,13,il
earlvilleil,earlville,il,illinois,13,il
eastaltonil,east alton,il,illinois,13,il
eastdubuqueil,east dubuque,il,illinois,13,il
eastdundeeil,east dundee,il,illinois,13,il
eastgarfieldparkil,east garfield park,il,illinois,13,il
easthazelcrestil,east hazel crest,il,illinois,13,il
eastmolineil,east moline,il,illinois,13,il
eastpeoriail,east peoria,il,illinois,13,il
eastsaintlouisil,east saint louis,il,illinois,13,il
edgarcountyil,edgar county,il,illinois,13,il
edgewateril,edgewater,il,illinois,13,il
edinburgil,edinburg,il,illinois,13,il
edwardscountyil,edwards county,il,illinois,13,il
edwardsvilleil,edwardsville,il,illinois,13,il
effinghamil,effingham,il,illinois,13,il
effinghamcountyil,effingham county,il,illinois,13,il
elpasoil,el paso,il,illinois,13,il
elburnil,elburn,il,illinois,13,il
eldoradoil,eldorado,il,illinois,13,il
elginil,elgin,il,illinois,13,il
elizabethtownil,elizabethtown,il,illinois,13,il
elkgrovevillageil,elk grove village,il,illinois,13,il
elmhurstil,elmhurst,il,illinois,13,il
elmwoodil,elmwood,il,illinois,13,il
elmwoodparkil,elmwood park,il,illinois,13,il
elwoodil,elwood,il,illinois,13,il
energyil,energy,il,illinois,13,il
englewoodil,englewood,il,illinois,13,il
erieil,erie,il,illinois,13,il
eurekail,eureka,il,illinois,13,il
evanstonil,evanston,il,illinois,13,il
evergreenparkil,evergreen park,il,illinois,13,il
fairburyil,fairbury,il,illinois,13,il
fairfieldil,fairfield,il,illinois,13,il
fairmontil,fairmont,il,illinois,13,il
fairmontcityil,fairmont city,il,illinois,13,il
fairviewheightsil,fairview heights,il,illinois,13,il
farmercityil,farmer city,il,illinois,13,il
farmingtonil,farmington,il,illinois,13,il
fayettecountyil,fayette county,il,illinois,13,il
fisheril,fisher,il,illinois,13,il
flanaganil,flanagan,il,illinois,13,il
florail,flora,il,illinois,13,il
flossmooril,flossmoor,il,illinois,13,il
fordcountyil,ford county,il,illinois,13,il
fordheightsil,ford heights,il,illinois,13,il
forestlakeil,forest lake,il,illinois,13,il
forestparkil,forest park,il,illinois,13,il
forrestil,forrest,il,illinois,13,il
forrestonil,forreston,il,illinois,13,il
forsythil,forsyth,il,illinois,13,il
foxlakeil,fox lake,il,illinois,13,il
foxlakehillsil,fox lake hills,il,illinois,13,il
foxrivergroveil,fox river grove,il,illinois,13,il
frankfortil,frankfort,il,illinois,13,il
frankfortsquareil,frankfort square,il,illinois,13,il
franklincountyil,franklin county,il,illinois,13,il
franklinparkil,franklin park,il,illinois,13,il
freeburgil,freeburg,il,illinois,13,il
freeportil,freeport,il,illinois,13,il
fultonil,fulton,il,illinois,13,il
fultoncountyil,fulton county,il,illinois,13,il
gageparkil,gage park,il,illinois,13,il
gageslakeil,gages lake,il,illinois,13,il
galenail,galena,il,illinois,13,il
galesburgil,galesburg,il,illinois,13,il
gallatincountyil,gallatin county,il,illinois,13,il
galvail,galva,il,illinois,13,il
gardneril,gardner,il,illinois,13,il
geneseoil,geneseo,il,illinois,13,il
genevail,geneva,il,illinois,13,il
genoail,genoa,il,illinois,13,il
georgetownil,georgetown,il,illinois,13,il
germantownil,germantown,il,illinois,13,il
germantownhillsil,germantown hills,il,illinois,13,il
gibsoncityil,gibson city,il,illinois,13,il
giffordil,gifford,il,illinois,13,il
gilbertsil,gilberts,il,illinois,13,il
gillespieil,gillespie,il,illinois,13,il
gilmanil,gilman,il,illinois,13,il
girardil,girard,il,illinois,13,il
glasfordil,glasford,il,illinois,13,il
glencarbonil,glen carbon,il,illinois,13,il
glenellynil,glen ellyn,il,illinois,13,il
glencoeil,glencoe,il,illinois,13,il
glendaleheightsil,glendale heights,il,illinois,13,il
glenviewil,glenview,il,illinois,13,il
glenwoodil,glenwood,il,illinois,13,il
godfreyil,godfrey,il,illinois,13,il
golcondail,golconda,il,illinois,13,il
goodingsgroveil,goodings grove,il,illinois,13,il
gorevilleil,goreville,il,illinois,13,il
grandboulevardil,grand boulevard,il,illinois,13,il
grandviewil,grandview,il,illinois,13,il
grandwoodparkil,grandwood park,il,illinois,13,il
granitecityil,granite city,il,illinois,13,il
grantparkil,grant park,il,illinois,13,il
granvilleil,granville,il,illinois,13,il
grayslakeil,grayslake,il,illinois,13,il
grayvilleil,grayville,il,illinois,13,il
greatergrandcrossingil,greater grand crossing,il,illinois,13,il
greenoaksil,green oaks,il,illinois,13,il
greenrockil,green rock,il,illinois,13,il
greenecountyil,greene county,il,illinois,13,il
greenfieldil,greenfield,il,illinois,13,il
greenupil,greenup,il,illinois,13,il
greenvilleil,greenville,il,illinois,13,il
gridleyil,gridley,il,illinois,13,il
griggsvilleil,griggsville,il,illinois,13,il
grundycountyil,grundy county,il,illinois,13,il
gurneeil,gurnee,il,illinois,13,il
hainesvilleil,hainesville,il,illinois,13,il
hamiltonil,hamilton,il,illinois,13,il
hamiltoncountyil,hamilton county,il,illinois,13,il
hampshireil,hampshire,il,illinois,13,il
hamptonil,hampton,il,illinois,13,il
hancockcountyil,hancock county,il,illinois,13,il
hannacityil,hanna city,il,illinois,13,il
hanoverparkil,hanover park,il,illinois,13,il
hardinil,hardin,il,illinois,13,il
hardincountyil,hardin county,il,illinois,13,il
harrisburgil,harrisburg,il,illinois,13,il
harristownil,harristown,il,illinois,13,il
hartfordil,hartford,il,illinois,13,il
harvardil,harvard,il,illinois,13,il
harveyil,harvey,il,illinois,13,il
harwoodheightsil,harwood heights,il,illinois,13,il
havanail,havana,il,illinois,13,il
hawthornwoodsil,hawthorn woods,il,illinois,13,il
hazelcrestil,hazel crest,il,illinois,13,il
hebronil,hebron,il,illinois,13,il
hendersoncountyil,henderson county,il,illinois,13,il
hennepinil,hennepin,il,illinois,13,il
henryil,henry,il,illinois,13,il
henrycountyil,henry county,il,illinois,13,il
heritagelakeil,heritage lake,il,illinois,13,il
herrinil,herrin,il,illinois,13,il
herscheril,herscher,il,illinois,13,il
heyworthil,heyworth,il,illinois,13,il
hickoryhillsil,hickory hills,il,illinois,13,il
highlandil,highland,il,illinois,13,il
highlandparkil,highland park,il,illinois,13,il
highwoodil,highwood,il,illinois,13,il
hillcrestil,hillcrest,il,illinois,13,il
hillsboroil,hillsboro,il,illinois,13,il
hillsideil,hillside,il,illinois,13,il
hinckleyil,hinckley,il,illinois,13,il
hinsdaleil,hinsdale,il,illinois,13,il
hodgkinsil,hodgkins,il,illinois,13,il
hoffmanestatesil,hoffman estates,il,illinois,13,il
holidayshoresil,holiday shores,il,illinois,13,il
homeril,homer,il,illinois,13,il
homerglenil,homer glen,il,illinois,13,il
hometownil,hometown,il,illinois,13,il
homewoodil,homewood,il,illinois,13,il
hoopestonil,hoopeston,il,illinois,13,il
hudsonil,hudson,il,illinois,13,il
huntleyil,huntley,il,illinois,13,il
hydeparkil,hyde park,il,illinois,13,il
inail,ina,il,illinois,13,il
indianheadparkil,indian head park,il,illinois,13,il
ingallsparkil,ingalls park,il,illinois,13,il
invernessil,inverness,il,illinois,13,il
iroquoiscountyil,iroquois county,il,illinois,13,il
irvingparkil,irving park,il,illinois,13,il
islandlakeil,island lake,il,illinois,13,il
itascail,itasca,il,illinois,13,il
jacksoncountyil,jackson county,il,illinois,13,il
jacksonvilleil,jacksonville,il,illinois,13,il
jaspercountyil,jasper county,il,illinois,13,il
jeffersoncountyil,jefferson county,il,illinois,13,il
jeromeil,jerome,il,illinois,13,il
jerseycountyil,jersey county,il,illinois,13,il
jerseyvilleil,jerseyville,il,illinois,13,il
jodaviesscountyil,jo daviess county,il,illinois,13,il
johnsburgil,johnsburg,il,illinois,13,il
johnsoncountyil,johnson county,il,illinois,13,il
johnstoncityil,johnston city,il,illinois,13,il
jolietil,joliet,il,illinois,13,il
jonesboroil,jonesboro,il,illinois,13,il
justiceil,justice,il,illinois,13,il
kanecountyil,kane county,il,illinois,13,il
kankakeeil,kankakee,il,illinois,13,il
kankakeecountyil,kankakee county,il,illinois,13,il
kendallcountyil,kendall county,il,illinois,13,il
kenilworthil,kenilworth,il,illinois,13,il
kenwoodil,kenwood,il,illinois,13,il
kewaneeil,kewanee,il,illinois,13,il
kildeeril,kildeer,il,illinois,13,il
kincaidil,kincaid,il,illinois,13,il
kingstonil,kingston,il,illinois,13,il
kirklandil,kirkland,il,illinois,13,il
knollwoodil,knollwood,il,illinois,13,il
knoxcountyil,knox county,il,illinois,13,il
knoxvilleil,knoxville,il,illinois,13,il
lagrangeil,la grange,il,illinois,13,il
lagrangeparkil,la grange park,il,illinois,13,il
laharpeil,la harpe,il,illinois,13,il
lasalleil,la salle,il,illinois,13,il
lasallecountyil,lasalle county,il,illinois,13,il
laconil,lacon,il,illinois,13,il
laddil,ladd,il,illinois,13,il
lakebarringtonil,lake barrington,il,illinois,13,il
lakebluffil,lake bluff,il,illinois,13,il
lakecamelotil,lake camelot,il,illinois,13,il
lakecatherineil,lake catherine,il,illinois,13,il
lakecountyil,lake county,il,illinois,13,il
lakeforestil,lake forest,il,illinois,13,il
lakeholidayil,lake holiday,il,illinois,13,il
lakesummersetil,lake summerset,il,illinois,13,il
lakevillail,lake villa,il,illinois,13,il
lakezurichil,lake zurich,il,illinois,13,il
lakeinthehillsil,lake in the hills,il,illinois,13,il
lakeofthewoodsil,lake of the woods,il,illinois,13,il
lakemooril,lakemoor,il,illinois,13,il
lakewoodil,lakewood,il,illinois,13,il
lakewoodshoresil,lakewood shores,il,illinois,13,il
lanarkil,lanark,il,illinois,13,il
lansingil,lansing,il,illinois,13,il
lawrencecountyil,lawrence county,il,illinois,13,il
lawrencevilleil,lawrenceville,il,illinois,13,il
leroyil,le roy,il,illinois,13,il
lebanonil,lebanon,il,illinois,13,il
leecountyil,lee county,il,illinois,13,il
lelandgroveil,leland grove,il,illinois,13,il
lemontil,lemont,il,illinois,13,il
lenail,lena,il,illinois,13,il
lewistownil,lewistown,il,illinois,13,il
lexingtonil,lexington,il,illinois,13,il
libertyvilleil,libertyville,il,illinois,13,il
lilylakeil,lily lake,il,illinois,13,il
limestoneil,limestone,il,illinois,13,il
lincolnil,lincoln,il,illinois,13,il
lincolnparkil,lincoln park,il,illinois,13,il
lincolnsquareil,lincoln square,il,illinois,13,il
lincolnshireil,lincolnshire,il,illinois,13,il
lincolnwoodil,lincolnwood,il,illinois,13,il
lindenhurstil,lindenhurst,il,illinois,13,il
lisleil,lisle,il,illinois,13,il
litchfieldil,litchfield,il,illinois,13,il
livingstoncountyil,livingston county,il,illinois,13,il
lockportil,lockport,il,illinois,13,il
logancountyil,logan county,il,illinois,13,il
logansquareil,logan square,il,illinois,13,il
lombardil,lombard,il,illinois,13,il
longcreekil,long creek,il,illinois,13,il
longgroveil,long grove,il,illinois,13,il
longlakeil,long lake,il,illinois,13,il
louisvilleil,louisville,il,illinois,13,il
lovesparkil,loves park,il,illinois,13,il
lovingtonil,lovington,il,illinois,13,il
lowerwestsideil,lower west side,il,illinois,13,il
lynwoodil,lynwood,il,illinois,13,il
lyonsil,lyons,il,illinois,13,il
machesneyparkil,machesney park,il,illinois,13,il
mackinawil,mackinaw,il,illinois,13,il
macombil,macomb,il,illinois,13,il
maconil,macon,il,illinois,13,il
maconcountyil,macon county,il,illinois,13,il
macoupincountyil,macoupin county,il,illinois,13,il
madisonil,madison,il,illinois,13,il
madisoncountyil,madison county,il,illinois,13,il
mahometil,mahomet,il,illinois,13,il
maltail,malta,il,illinois,13,il
manhattanil,manhattan,il,illinois,13,il
manitoil,manito,il,illinois,13,il
mantenoil,manteno,il,illinois,13,il
mapleparkil,maple park,il,illinois,13,il
marengoil,marengo,il,illinois,13,il
marionil,marion,il,illinois,13,il
marioncountyil,marion county,il,illinois,13,il
marissail,marissa,il,illinois,13,il
markhamil,markham,il,illinois,13,il
maroail,maroa,il,illinois,13,il
marquetteheightsil,marquette heights,il,illinois,13,il
marseillesil,marseilles,il,illinois,13,il
marshallil,marshall,il,illinois,13,il
marshallcountyil,marshall county,il,illinois,13,il
martinsvilleil,martinsville,il,illinois,13,il
maryvilleil,maryville,il,illinois,13,il
mascoutahil,mascoutah,il,illinois,13,il
masoncityil,mason city,il,illinois,13,il
masoncountyil,mason county,il,illinois,13,il
massaccountyil,massac county,il,illinois,13,il
mattesonil,matteson,il,illinois,13,il
mattoonil,mattoon,il,illinois,13,il
maywoodil,maywood,il,illinois,13,il
mccullomlakeil,mccullom lake,il,illinois,13,il
mcdonoughcountyil,mcdonough county,il,illinois,13,il
mchenryil,mchenry,il,illinois,13,il
mchenrycountyil,mchenry county,il,illinois,13,il
mckinleyparkil,mckinley park,il,illinois,13,il
mcleancountyil,mclean county,il,illinois,13,il
mcleansboroil,mcleansboro,il,illinois,13,il
melroseparkil,melrose park,il,illinois,13,il
menardcountyil,menard county,il,illinois,13,il
mendotail,mendota,il,illinois,13,il
mercercountyil,mercer county,il,illinois,13,il
meredosiail,meredosia,il,illinois,13,il
merrionetteparkil,merrionette park,il,illinois,13,il
metamorail,metamora,il,illinois,13,il
metropolisil,metropolis,il,illinois,13,il
midlothianil,midlothian,il,illinois,13,il
milanil,milan,il,illinois,13,il
milfordil,milford,il,illinois,13,il
millstadtil,millstadt,il,illinois,13,il
minieril,minier,il,illinois,13,il
minonkil,minonk,il,illinois,13,il
minookail,minooka,il,illinois,13,il
mitchellil,mitchell,il,illinois,13,il
mokenail,mokena,il,illinois,13,il
molineil,moline,il,illinois,13,il
momenceil,momence,il,illinois,13,il
moneeil,monee,il,illinois,13,il
monmouthil,monmouth,il,illinois,13,il
monroecountyil,monroe county,il,illinois,13,il
montgomeryil,montgomery,il,illinois,13,il
montgomerycountyil,montgomery county,il,illinois,13,il
monticelloil,monticello,il,illinois,13,il
morgancountyil,morgan county,il,illinois,13,il
morganparkil,morgan park,il,illinois,13,il
morrisil,morris,il,illinois,13,il
morrisonil,morrison,il,illinois,13,il
morrisonvilleil,morrisonville,il,illinois,13,il
mortonil,morton,il,illinois,13,il
mortongroveil,morton grove,il,illinois,13,il
moultriecountyil,moultrie county,il,illinois,13,il
moundcityil,mound city,il,illinois,13,il
mountcarmelil,mount carmel,il,illinois,13,il
mountcarrollil,mount carroll,il,illinois,13,il
mountgreenwoodil,mount greenwood,il,illinois,13,il
mountmorrisil,mount morris,il,illinois,13,il
mountoliveil,mount olive,il,illinois,13,il
mountprospectil,mount prospect,il,illinois,13,il
mountpulaskiil,mount pulaski,il,illinois,13,il
mountsterlingil,mount sterling,il,illinois,13,il
mountvernonil,mount vernon,il,illinois,13,il
mountzionil,mount zion,il,illinois,13,il
moweaquail,moweaqua,il,illinois,13,il
mundeleinil,mundelein,il,illinois,13,il
murphysboroil,murphysboro,il,illinois,13,il
napervilleil,naperville,il,illinois,13,il
nashvilleil,nashville,il,illinois,13,il
nauvooil,nauvoo,il,illinois,13,il
nearnorthsideil,near north side,il,illinois,13,il
nearsouthsideil,near south side,il,illinois,13,il
neogail,neoga,il,illinois,13,il
newathensil,new athens,il,illinois,13,il
newbadenil,new baden,il,illinois,13,il
newberlinil,new berlin,il,illinois,13,il
newcityil,new city,il,illinois,13,il
newlenoxil,new lenox,il,illinois,13,il
newarkil,newark,il,illinois,13,il
newtonil,newton,il,illinois,13,il
nilesil,niles,il,illinois,13,il
nokomisil,nokomis,il,illinois,13,il
normalil,normal,il,illinois,13,il
norridgeil,norridge,il,illinois,13,il
norriscityil,norris city,il,illinois,13,il
northaurorail,north aurora,il,illinois,13,il
northbarringtonil,north barrington,il,illinois,13,il
northcenteril,north center,il,illinois,13,il
northchicagoil,north chicago,il,illinois,13,il
northlawndaleil,north lawndale,il,illinois,13,il
northpekinil,north pekin,il,illinois,13,il
northpeoriail,north peoria,il,illinois,13,il
northriversideil,north riverside,il,illinois,13,il
northbrookil,northbrook,il,illinois,13,il
northfieldil,northfield,il,illinois,13,il
northlakeil,northlake,il,illinois,13,il
o'fallonil,o'fallon,il,illinois,13,il
oakbrookil,oak brook,il,illinois,13,il
oakforestil,oak forest,il,illinois,13,il
oaklawnil,oak lawn,il,illinois,13,il
oakparkil,oak park,il,illinois,13,il
oakbrookterraceil,oakbrook terrace,il,illinois,13,il
oakwoodil,oakwood,il,illinois,13,il
oakwoodhillsil,oakwood hills,il,illinois,13,il
oblongil,oblong,il,illinois,13,il
odinil,odin,il,illinois,13,il
oglecountyil,ogle county,il,illinois,13,il
oglesbyil,oglesby,il,illinois,13,il
okawvilleil,okawville,il,illinois,13,il
olneyil,olney,il,illinois,13,il
olympiafieldsil,olympia fields,il,illinois,13,il
onargail,onarga,il,illinois,13,il
oquawkail,oquawka,il,illinois,13,il
oregonil,oregon,il,illinois,13,il
orionil,orion,il,illinois,13,il
orlandhillsil,orland hills,il,illinois,13,il
orlandparkil,orland park,il,illinois,13,il
oswegoil,oswego,il,illinois,13,il
ottawail,ottawa,il,illinois,13,il
palatineil,palatine,il,illinois,13,il
palestineil,palestine,il,illinois,13,il
palosheightsil,palos heights,il,illinois,13,il
paloshillsil,palos hills,il,illinois,13,il
palosparkil,palos park,il,illinois,13,il
panail,pana,il,illinois,13,il
parisil,paris,il,illinois,13,il
parkcityil,park city,il,illinois,13,il
parkforestil,park forest,il,illinois,13,il
parkridgeil,park ridge,il,illinois,13,il
pawneeil,pawnee,il,illinois,13,il
paxtonil,paxton,il,illinois,13,il
paysonil,payson,il,illinois,13,il
pecatonicail,pecatonica,il,illinois,13,il
pekinil,pekin,il,illinois,13,il
peoriail,peoria,il,illinois,13,il
peoriacountyil,peoria county,il,illinois,13,il
peoriaheightsil,peoria heights,il,illinois,13,il
peotoneil,peotone,il,illinois,13,il
perrycountyil,perry county,il,illinois,13,il
peruil,peru,il,illinois,13,il
petersburgil,petersburg,il,illinois,13,il
philoil,philo,il,illinois,13,il
phoenixil,phoenix,il,illinois,13,il
piattcountyil,piatt county,il,illinois,13,il
pikecountyil,pike county,il,illinois,13,il
pinckneyvilleil,pinckneyville,il,illinois,13,il
pingreegroveil,pingree grove,il,illinois,13,il
pistakeehighlandsil,pistakee highlands,il,illinois,13,il
pittsfieldil,pittsfield,il,illinois,13,il
plainfieldil,plainfield,il,illinois,13,il
planoil,plano,il,illinois,13,il
poloil,polo,il,illinois,13,il
pontiacil,pontiac,il,illinois,13,il
pontoonbeachil,pontoon beach,il,illinois,13,il
popecountyil,pope county,il,illinois,13,il
poplargroveil,poplar grove,il,illinois,13,il
portbarringtonil,port barrington,il,illinois,13,il
portbyronil,port byron,il,illinois,13,il
portageparkil,portage park,il,illinois,13,il
posenil,posen,il,illinois,13,il
prairiegroveil,prairie grove,il,illinois,13,il
prestburyil,prestbury,il,illinois,13,il
prestonheightsil,preston heights,il,illinois,13,il
princetonil,princeton,il,illinois,13,il
princevilleil,princeville,il,illinois,13,il
prophetstownil,prophetstown,il,illinois,13,il
prospectheightsil,prospect heights,il,illinois,13,il
pulaskicountyil,pulaski county,il,illinois,13,il
putnamcountyil,putnam county,il,illinois,13,il
quincyil,quincy,il,illinois,13,il
ramseyil,ramsey,il,illinois,13,il
randolphcountyil,randolph county,il,illinois,13,il
rantoulil,rantoul,il,illinois,13,il
redbudil,red bud,il,illinois,13,il
richlandcountyil,richland county,il,illinois,13,il
richmondil,richmond,il,illinois,13,il
richtonparkil,richton park,il,illinois,13,il
riverforestil,river forest,il,illinois,13,il
rivergroveil,river grove,il,illinois,13,il
riverdaleil,riverdale,il,illinois,13,il
riversideil,riverside,il,illinois,13,il
rivertonil,riverton,il,illinois,13,il
riverwoodsil,riverwoods,il,illinois,13,il
roanokeil,roanoke,il,illinois,13,il
robbinsil,robbins,il,illinois,13,il
robinsonil,robinson,il,illinois,13,il
rochelleil,rochelle,il,illinois,13,il
rochesteril,rochester,il,illinois,13,il
rockfallsil,rock falls,il,illinois,13,il
rockislandil,rock island,il,illinois,13,il
rockislandcountyil,rock island county,il,illinois,13,il
rockdaleil,rockdale,il,illinois,13,il
rockfordil,rockford,il,illinois,13,il
rocktonil,rockton,il,illinois,13,il
rogersparkil,rogers park,il,illinois,13,il
rollingmeadowsil,rolling meadows,il,illinois,13,il
romeil,rome,il,illinois,13,il
romeovilleil,romeoville,il,illinois,13,il
roodhouseil,roodhouse,il,illinois,13,il
roscoeil,roscoe,il,illinois,13,il
roselleil,roselle,il,illinois,13,il
rosemontil,rosemont,il,illinois,13,il
rosewoodheightsil,rosewood heights,il,illinois,13,il
rosiclareil,rosiclare,il,illinois,13,il
rossvilleil,rossville,il,illinois,13,il
roundlakeil,round lake,il,illinois,13,il
roundlakebeachil,round lake beach,il,illinois,13,il
roundlakeheightsil,round lake heights,il,illinois,13,il
roundlakeparkil,round lake park,il,illinois,13,il
roxanail,roxana,il,illinois,13,il
royaltonil,royalton,il,illinois,13,il
rushvilleil,rushville,il,illinois,13,il
saintanneil,saint anne,il,illinois,13,il
saintcharlesil,saint charles,il,illinois,13,il
saintclaircountyil,saint clair county,il,illinois,13,il
saintelmoil,saint elmo,il,illinois,13,il
saintjacobil,saint jacob,il,illinois,13,il
saintjosephil,saint joseph,il,illinois,13,il
salemil,salem,il,illinois,13,il
salinecountyil,saline county,il,illinois,13,il
sandovalil,sandoval,il,illinois,13,il
sandwichil,sandwich,il,illinois,13,il
sangamoncountyil,sangamon county,il,illinois,13,il
saukvillageil,sauk village,il,illinois,13,il
savannail,savanna,il,illinois,13,il
savoyil,savoy,il,illinois,13,il
schaumburgil,schaumburg,il,illinois,13,il
schillerparkil,schiller park,il,illinois,13,il
schuylercountyil,schuyler county,il,illinois,13,il
scottairforcebaseil,scott air force base,il,illinois,13,il
scottcountyil,scott county,il,illinois,13,il
senecail,seneca,il,illinois,13,il
sesseril,sesser,il,illinois,13,il
shawneetownil,shawneetown,il,illinois,13,il
shelbycountyil,shelby county,il,illinois,13,il
shelbyvilleil,shelbyville,il,illinois,13,il
sheldonil,sheldon,il,illinois,13,il
sheridanil,sheridan,il,illinois,13,il
shermanil,sherman,il,illinois,13,il
shilohil,shiloh,il,illinois,13,il
shorewoodil,shorewood,il,illinois,13,il
sidneyil,sidney,il,illinois,13,il
silvisil,silvis,il,illinois,13,il
skokieil,skokie,il,illinois,13,il
sleepyhollowil,sleepy hollow,il,illinois,13,il
smithtonil,smithton,il,illinois,13,il
somonaukil,somonauk,il,illinois,13,il
southbarringtonil,south barrington,il,illinois,13,il
southbeloitil,south beloit,il,illinois,13,il
southchicagoil,south chicago,il,illinois,13,il
southchicagoheightsil,south chicago heights,il,illinois,13,il
southelginil,south elgin,il,illinois,13,il
southhollandil,south holland,il,illinois,13,il
southjacksonvilleil,south jacksonville,il,illinois,13,il
southlawndaleil,south lawndale,il,illinois,13,il
southpekinil,south pekin,il,illinois,13,il
southroxanail,south roxana,il,illinois,13,il
southshoreil,south shore,il,illinois,13,il
southernviewil,southern view,il,illinois,13,il
spartail,sparta,il,illinois,13,il
springgroveil,spring grove,il,illinois,13,il
springvalleyil,spring valley,il,illinois,13,il
springfieldil,springfield,il,illinois,13,il
starkcountyil,stark county,il,illinois,13,il
stauntonil,staunton,il,illinois,13,il
steelevilleil,steeleville,il,illinois,13,il
stegeril,steger,il,illinois,13,il
stephensoncountyil,stephenson county,il,illinois,13,il
sterlingil,sterling,il,illinois,13,il
stickneyil,stickney,il,illinois,13,il
stillmanvalleyil,stillman valley,il,illinois,13,il
stocktonil,stockton,il,illinois,13,il
stoneparkil,stone park,il,illinois,13,il
streamwoodil,streamwood,il,illinois,13,il
streatoril,streator,il,illinois,13,il
sugargroveil,sugar grove,il,illinois,13,il
sullivanil,sullivan,il,illinois,13,il
summitil,summit,il,illinois,13,il
sumneril,sumner,il,illinois,13,il
swanseail,swansea,il,illinois,13,il
sycamoreil,sycamore,il,illinois,13,il
taylorvilleil,taylorville,il,illinois,13,il
tazewellcountyil,tazewell county,il,illinois,13,il
teutopolisil,teutopolis,il,illinois,13,il
thegalenaterritoryil,the galena territory,il,illinois,13,il
thirdlakeil,third lake,il,illinois,13,il
thomasboroil,thomasboro,il,illinois,13,il
thorntonil,thornton,il,illinois,13,il
tiltonil,tilton,il,illinois,13,il
tinleyparkil,tinley park,il,illinois,13,il
toledoil,toledo,il,illinois,13,il
tolonoil,tolono,il,illinois,13,il
tolucail,toluca,il,illinois,13,il
toulonil,toulon,il,illinois,13,il
towerlakeil,tower lake,il,illinois,13,il
tremontil,tremont,il,illinois,13,il
trentonil,trenton,il,illinois,13,il
troyil,troy,il,illinois,13,il
tuscolail,tuscola,il,illinois,13,il
twingroveil,twin grove,il,illinois,13,il
unioncountyil,union county,il,illinois,13,il
universityparkil,university park,il,illinois,13,il
upperaltonil,upper alton,il,illinois,13,il
uptownil,uptown,il,illinois,13,il
urbanail,urbana,il,illinois,13,il
valmeyeril,valmeyer,il,illinois,13,il
vandaliail,vandalia,il,illinois,13,il
venetianvillageil,venetian village,il,illinois,13,il
veniceil,venice,il,illinois,13,il
vermilioncountyil,vermilion county,il,illinois,13,il
vernonhillsil,vernon hills,il,illinois,13,il
viennail,vienna,il,illinois,13,il
villagroveil,villa grove,il,illinois,13,il
villaparkil,villa park,il,illinois,13,il
villageofcamptonhillsil,village of campton hills,il,illinois,13,il
virdenil,virden,il,illinois,13,il
virginiail,virginia,il,illinois,13,il
voloil,volo,il,illinois,13,il
wabashcountyil,wabash county,il,illinois,13,il
wadsworthil,wadsworth,il,illinois,13,il
walnutil,walnut,il,illinois,13,il
wamacil,wamac,il,illinois,13,il
warrenil,warren,il,illinois,13,il
warrencountyil,warren county,il,illinois,13,il
warrensburgil,warrensburg,il,illinois,13,il
warrenvilleil,warrenville,il,illinois,13,il
warsawil,warsaw,il,illinois,13,il
wascoil,wasco,il,illinois,13,il
washburnil,washburn,il,illinois,13,il
washingtonil,washington,il,illinois,13,il
washingtoncountyil,washington county,il,illinois,13,il
washingtonparkil,washington park,il,illinois,13,il
waterlooil,waterloo,il,illinois,13,il
watermanil,waterman,il,illinois,13,il
watsekail,watseka,il,illinois,13,il
waucondail,wauconda,il,illinois,13,il
waukeganil,waukegan,il,illinois,13,il
waverlyil,waverly,il,illinois,13,il
wayneil,wayne,il,illinois,13,il
waynecityil,wayne city,il,illinois,13,il
waynecountyil,wayne county,il,illinois,13,il
westchicagoil,west chicago,il,illinois,13,il
westdundeeil,west dundee,il,illinois,13,il
westelsdonil,west elsdon,il,illinois,13,il
westenglewoodil,west englewood,il,illinois,13,il
westfrankfortil,west frankfort,il,illinois,13,il
westgarfieldparkil,west garfield park,il,illinois,13,il
westlawnil,west lawn,il,illinois,13,il
westpeoriail,west peoria,il,illinois,13,il
westridgeil,west ridge,il,illinois,13,il
westtownil,west town,il,illinois,13,il
westchesteril,westchester,il,illinois,13,il
westernspringsil,western springs,il,illinois,13,il
westmontil,westmont,il,illinois,13,il
westvilleil,westville,il,illinois,13,il
wheatonil,wheaton,il,illinois,13,il
wheelingil,wheeling,il,illinois,13,il
whitecountyil,white county,il,illinois,13,il
whitehallil,white hall,il,illinois,13,il
whitesidecountyil,whiteside county,il,illinois,13,il
willcountyil,will county,il,illinois,13,il
williamsoncountyil,williamson county,il,illinois,13,il
williamsvilleil,williamsville,il,illinois,13,il
willowspringsil,willow springs,il,illinois,13,il
willowbrookil,willowbrook,il,illinois,13,il
wilmetteil,wilmette,il,illinois,13,il
wilmingtonil,wilmington,il,illinois,13,il
winchesteril,winchester,il,illinois,13,il
windsoril,windsor,il,illinois,13,il
winfieldil,winfield,il,illinois,13,il
winnebagoil,winnebago,il,illinois,13,il
winnebagocountyil,winnebago county,il,illinois,13,il
winnetkail,winnetka,il,illinois,13,il
winthropharboril,winthrop harbor,il,illinois,13,il
wonderlakeil,wonder lake,il,illinois,13,il
wooddaleil,wood dale,il,illinois,13,il
woodriveril,wood river,il,illinois,13,il
woodfordcountyil,woodford county,il,illinois,13,il
woodlawnil,woodlawn,il,illinois,13,il
woodridgeil,woodridge,il,illinois,13,il
woodstockil,woodstock,il,illinois,13,il
wordenil,worden,il,illinois,13,il
worthil,worth,il,illinois,13,il
wyomingil,wyoming,il,illinois,13,il
yorkvilleil,yorkville,il,illinois,13,il
zeigleril,zeigler,il,illinois,13,il
zionil,zion,il,illinois,13,il
aberdeenin,aberdeen,in,indiana,14,in
adamscountyin,adams county,in,indiana,14,in
akronin,akron,in,indiana,14,in
albanyin,albany,in,indiana,14,in
albionin,albion,in,indiana,14,in
alexandriain,alexandria,in,indiana,14,in
allencountyin,allen county,in,indiana,14,in
andersonin,anderson,in,indiana,14,in
andrewsin,andrews,in,indiana,14,in
angolain,angola,in,indiana,14,in
arcadiain,arcadia,in,indiana,14,in
argosin,argos,in,indiana,14,in
atticain,attica,in,indiana,14,in
auburnin,auburn,in,indiana,14,in
aurorain,aurora,in,indiana,14,in
austinin,austin,in,indiana,14,in
avillain,avilla,in,indiana,14,in
avonin,avon,in,indiana,14,in
bargersvillein,bargersville,in,indiana,14,in
bartholomewcountyin,bartholomew county,in,indiana,14,in
basslakein,bass lake,in,indiana,14,in
batesvillein,batesville,in,indiana,14,in
battlegroundin,battle ground,in,indiana,14,in
bedfordin,bedford,in,indiana,14,in
beechgrovein,beech grove,in,indiana,14,in
bentoncountyin,benton county,in,indiana,14,in
bernein,berne,in,indiana,14,in
bicknellin,bicknell,in,indiana,14,in
blackfordcountyin,blackford county,in,indiana,14,in
bloomfieldin,bloomfield,in,indiana,14,in
bloomingtonin,bloomington,in,indiana,14,in
blufftonin,bluffton,in,indiana,14,in
boonecountyin,boone county,in,indiana,14,in
boonvillein,boonville,in,indiana,14,in
bourbonin,bourbon,in,indiana,14,in
brazilin,brazil,in,indiana,14,in
bremenin,bremen,in,indiana,14,in
brightin,bright,in,indiana,14,in
bristolin,bristol,in,indiana,14,in
broadripplein,broad ripple,in,indiana,14,in
brooklynin,brooklyn,in,indiana,14,in
brookstonin,brookston,in,indiana,14,in
brookvillein,brookville,in,indiana,14,in
browncountyin,brown county,in,indiana,14,in
brownsburgin,brownsburg,in,indiana,14,in
brownstownin,brownstown,in,indiana,14,in
burnsharborin,burns harbor,in,indiana,14,in
butlerin,butler,in,indiana,14,in
cambridgecityin,cambridge city,in,indiana,14,in
canneltonin,cannelton,in,indiana,14,in
carmelin,carmel,in,indiana,14,in
carrollcountyin,carroll county,in,indiana,14,in
casscountyin,cass county,in,indiana,14,in
cayugain,cayuga,in,indiana,14,in
cedarlakein,cedar lake,in,indiana,14,in
centervillein,centerville,in,indiana,14,in
chandlerin,chandler,in,indiana,14,in
charlestownin,charlestown,in,indiana,14,in
chesterfieldin,chesterfield,in,indiana,14,in
chestertonin,chesterton,in,indiana,14,in
churubuscoin,churubusco,in,indiana,14,in
ciceroin,cicero,in,indiana,14,in
clarkcountyin,clark county,in,indiana,14,in
clarksvillein,clarksville,in,indiana,14,in
claycountyin,clay county,in,indiana,14,in
clermontin,clermont,in,indiana,14,in
clintonin,clinton,in,indiana,14,in
clintoncountyin,clinton county,in,indiana,14,in
cloverdalein,cloverdale,in,indiana,14,in
columbiacityin,columbia city,in,indiana,14,in
columbusin,columbus,in,indiana,14,in
connersvillein,connersville,in,indiana,14,in
conversein,converse,in,indiana,14,in
cordrysweetwaterlakesin,cordry sweetwater lakes,in,indiana,14,in
corydonin,corydon,in,indiana,14,in
countrysquirelakesin,country squire lakes,in,indiana,14,in
covingtonin,covington,in,indiana,14,in
crawfordcountyin,crawford county,in,indiana,14,in
crawfordsvillein,crawfordsville,in,indiana,14,in
crothersvillein,crothersville,in,indiana,14,in
crownpointin,crown point,in,indiana,14,in
culverin,culver,in,indiana,14,in
cumberlandin,cumberland,in,indiana,14,in
dalein,dale,in,indiana,14,in
dalevillein,daleville,in,indiana,14,in
danvillein,danville,in,indiana,14,in
darmstadtin,darmstadt,in,indiana,14,in
daviesscountyin,daviess county,in,indiana,14,in
daytonin,dayton,in,indiana,14,in
dekalbcountyin,dekalb county,in,indiana,14,in
demottein,demotte,in,indiana,14,in
dearborncountyin,dearborn county,in,indiana,14,in
decaturin,decatur,in,indiana,14,in
decaturcountyin,decatur county,in,indiana,14,in
delawarecountyin,delaware county,in,indiana,14,in
delphiin,delphi,in,indiana,14,in
dillsboroin,dillsboro,in,indiana,14,in
duboiscountyin,dubois county,in,indiana,14,in
dunkirkin,dunkirk,in,indiana,14,in
dunlapin,dunlap,in,indiana,14,in
dyerin,dyer,in,indiana,14,in
eastchicagoin,east chicago,in,indiana,14,in
eatonin,eaton,in,indiana,14,in
edgewoodin,edgewood,in,indiana,14,in
edinburghin,edinburgh,in,indiana,14,in
elkhartin,elkhart,in,indiana,14,in
elkhartcountyin,elkhart county,in,indiana,14,in
ellettsvillein,ellettsville,in,indiana,14,in
elwoodin,elwood,in,indiana,14,in
englishin,english,in,indiana,14,in
evansvillein,evansville,in,indiana,14,in
fairfieldheightsin,fairfield heights,in,indiana,14,in
fairmountin,fairmount,in,indiana,14,in
fairviewparkin,fairview park,in,indiana,14,in
farmersburgin,farmersburg,in,indiana,14,in
farmlandin,farmland,in,indiana,14,in
fayettecountyin,fayette county,in,indiana,14,in
ferdinandin,ferdinand,in,indiana,14,in
fishlakein,fish lake,in,indiana,14,in
fishersin,fishers,in,indiana,14,in
florain,flora,in,indiana,14,in
floydcountyin,floyd county,in,indiana,14,in
fortbranchin,fort branch,in,indiana,14,in
fortwaynein,fort wayne,in,indiana,14,in
fortvillein,fortville,in,indiana,14,in
fountaincountyin,fountain county,in,indiana,14,in
fowlerin,fowler,in,indiana,14,in
frankfortin,frankfort,in,indiana,14,in
franklinin,franklin,in,indiana,14,in
franklincountyin,franklin county,in,indiana,14,in
franktonin,frankton,in,indiana,14,in
fremontin,fremont,in,indiana,14,in
frenchlickin,french lick,in,indiana,14,in
fultoncountyin,fulton county,in,indiana,14,in
galenain,galena,in,indiana,14,in
galvestonin,galveston,in,indiana,14,in
garrettin,garrett,in,indiana,14,in
garyin,gary,in,indiana,14,in
gascityin,gas city,in,indiana,14,in
genevain,geneva,in,indiana,14,in
georgetownin,georgetown,in,indiana,14,in
gibsoncountyin,gibson county,in,indiana,14,in
goodlandin,goodland,in,indiana,14,in
goshenin,goshen,in,indiana,14,in
grabillin,grabill,in,indiana,14,in
grangerin,granger,in,indiana,14,in
grantcountyin,grant county,in,indiana,14,in
greencastlein,greencastle,in,indiana,14,in
greendalein,greendale,in,indiana,14,in
greenecountyin,greene county,in,indiana,14,in
greenfieldin,greenfield,in,indiana,14,in
greensburgin,greensburg,in,indiana,14,in
greentownin,greentown,in,indiana,14,in
greenwoodin,greenwood,in,indiana,14,in
griffithin,griffith,in,indiana,14,in
grissomairforcebasein,grissom air force base,in,indiana,14,in
gulivoireparkin,gulivoire park,in,indiana,14,in
hagerstownin,hagerstown,in,indiana,14,in
hamiltonin,hamilton,in,indiana,14,in
hamiltoncountyin,hamilton county,in,indiana,14,in
hammondin,hammond,in,indiana,14,in
hancockcountyin,hancock county,in,indiana,14,in
hanoverin,hanover,in,indiana,14,in
harlanin,harlan,in,indiana,14,in
harrisoncountyin,harrison county,in,indiana,14,in
hartfordcityin,hartford city,in,indiana,14,in
haubstadtin,haubstadt,in,indiana,14,in
hebronin,hebron,in,indiana,14,in
hendrickscountyin,hendricks county,in,indiana,14,in
henrycountyin,henry county,in,indiana,14,in
henryvillein,henryville,in,indiana,14,in
heritagelakein,heritage lake,in,indiana,14,in
hiddenvalleyin,hidden valley,in,indiana,14,in
highlandin,highland,in,indiana,14,in
hobartin,hobart,in,indiana,14,in
hopein,hope,in,indiana,14,in
howardcountyin,howard county,in,indiana,14,in
hudsonlakein,hudson lake,in,indiana,14,in
huntertownin,huntertown,in,indiana,14,in
huntingburgin,huntingburg,in,indiana,14,in
huntingtonin,huntington,in,indiana,14,in
huntingtoncountyin,huntington county,in,indiana,14,in
indianheightsin,indian heights,in,indiana,14,in
indianapolisin,indianapolis,in,indiana,14,in
ingallsin,ingalls,in,indiana,14,in
jacksoncountyin,jackson county,in,indiana,14,in
jasonvillein,jasonville,in,indiana,14,in
jasperin,jasper,in,indiana,14,in
jaspercountyin,jasper county,in,indiana,14,in
jaycountyin,jay county,in,indiana,14,in
jeffersoncountyin,jefferson county,in,indiana,14,in
jeffersonvillein,jeffersonville,in,indiana,14,in
jenningscountyin,jennings county,in,indiana,14,in
johnsoncountyin,johnson county,in,indiana,14,in
jonesboroin,jonesboro,in,indiana,14,in
kendallvillein,kendallville,in,indiana,14,in
kentlandin,kentland,in,indiana,14,in
kingsfordheightsin,kingsford heights,in,indiana,14,in
knightstownin,knightstown,in,indiana,14,in
knoxin,knox,in,indiana,14,in
knoxcountyin,knox county,in,indiana,14,in
kokomoin,kokomo,in,indiana,14,in
koontzlakein,koontz lake,in,indiana,14,in
kosciuskocountyin,kosciusko county,in,indiana,14,in
koutsin,kouts,in,indiana,14,in
laportein,la porte,in,indiana,14,in
lagrangecountyin,lagrange county,in,indiana,14,in
laportecountyin,laporte county,in,indiana,14,in
lafayettein,lafayette,in,indiana,14,in
lagrangein,lagrange,in,indiana,14,in
lakecountyin,lake county,in,indiana,14,in
lakedalecarliain,lake dalecarlia,in,indiana,14,in
lakestationin,lake station,in,indiana,14,in
lakesofthefourseasonsin,lakes of the four seasons,in,indiana,14,in
lapelin,lapel,in,indiana,14,in
lawrencein,lawrence,in,indiana,14,in
lawrencecountyin,lawrence county,in,indiana,14,in
lawrenceburgin,lawrenceburg,in,indiana,14,in
lebanonin,lebanon,in,indiana,14,in
leo-cedarvillein,leo-cedarville,in,indiana,14,in
libertyin,liberty,in,indiana,14,in
ligonierin,ligonier,in,indiana,14,in
lintonin,linton,in,indiana,14,in
logansportin,logansport,in,indiana,14,in
longbeachin,long beach,in,indiana,14,in
loogooteein,loogootee,in,indiana,14,in
lowellin,lowell,in,indiana,14,in
lynnin,lynn,in,indiana,14,in
madisonin,madison,in,indiana,14,in
madisoncountyin,madison county,in,indiana,14,in
marionin,marion,in,indiana,14,in
marioncountyin,marion county,in,indiana,14,in
marklein,markle,in,indiana,14,in
marshallcountyin,marshall county,in,indiana,14,in
martincountyin,martin county,in,indiana,14,in
martinsvillein,martinsville,in,indiana,14,in
mccordsvillein,mccordsville,in,indiana,14,in
melodyhillin,melody hill,in,indiana,14,in
meridianhillsin,meridian hills,in,indiana,14,in
merrillvillein,merrillville,in,indiana,14,in
miamicountyin,miami county,in,indiana,14,in
michigancityin,michigan city,in,indiana,14,in
middleburyin,middlebury,in,indiana,14,in
middletownin,middletown,in,indiana,14,in
milanin,milan,in,indiana,14,in
milfordin,milford,in,indiana,14,in
mishawakain,mishawaka,in,indiana,14,in
mitchellin,mitchell,in,indiana,14,in
mononin,monon,in,indiana,14,in
monroecountyin,monroe county,in,indiana,14,in
monroevillein,monroeville,in,indiana,14,in
monroviain,monrovia,in,indiana,14,in
montgomerycountyin,montgomery county,in,indiana,14,in
monticelloin,monticello,in,indiana,14,in
montpelierin,montpelier,in,indiana,14,in
mooresvillein,mooresville,in,indiana,14,in
morgancountyin,morgan county,in,indiana,14,in
moroccoin,morocco,in,indiana,14,in
morristownin,morristown,in,indiana,14,in
mountvernonin,mount vernon,in,indiana,14,in
mulberryin,mulberry,in,indiana,14,in
munciein,muncie,in,indiana,14,in
munsterin,munster,in,indiana,14,in
nappaneein,nappanee,in,indiana,14,in
nashvillein,nashville,in,indiana,14,in
newalbanyin,new albany,in,indiana,14,in
newcarlislein,new carlisle,in,indiana,14,in
newcastlein,new castle,in,indiana,14,in
newchicagoin,new chicago,in,indiana,14,in
newhavenin,new haven,in,indiana,14,in
newpalestinein,new palestine,in,indiana,14,in
newparisin,new paris,in,indiana,14,in
newpekinin,new pekin,in,indiana,14,in
newwhitelandin,new whiteland,in,indiana,14,in
newburghin,newburgh,in,indiana,14,in
newportin,newport,in,indiana,14,in
newtoncountyin,newton county,in,indiana,14,in
noblecountyin,noble county,in,indiana,14,in
noblesvillein,noblesville,in,indiana,14,in
northjudsonin,north judson,in,indiana,14,in
northlibertyin,north liberty,in,indiana,14,in
northmadisonin,north madison,in,indiana,14,in
northmanchesterin,north manchester,in,indiana,14,in
northterrehautein,north terre haute,in,indiana,14,in
northvernonin,north vernon,in,indiana,14,in
northwebsterin,north webster,in,indiana,14,in
notredamein,notre dame,in,indiana,14,in
oakparkin,oak park,in,indiana,14,in
oaklandcityin,oakland city,in,indiana,14,in
odonin,odon,in,indiana,14,in
ogdendunesin,ogden dunes,in,indiana,14,in
ohiocountyin,ohio county,in,indiana,14,in
ooliticin,oolitic,in,indiana,14,in
orangecountyin,orange county,in,indiana,14,in
orleansin,orleans,in,indiana,14,in
osceolain,osceola,in,indiana,14,in
osgoodin,osgood,in,indiana,14,in
ossianin,ossian,in,indiana,14,in
otterbeinin,otterbein,in,indiana,14,in
owencountyin,owen county,in,indiana,14,in
owensvillein,owensville,in,indiana,14,in
oxfordin,oxford,in,indiana,14,in
paoliin,paoli,in,indiana,14,in
parkecountyin,parke county,in,indiana,14,in
parkercityin,parker city,in,indiana,14,in
pendletonin,pendleton,in,indiana,14,in
perrycountyin,perry county,in,indiana,14,in
peruin,peru,in,indiana,14,in
petersburgin,petersburg,in,indiana,14,in
piercetonin,pierceton,in,indiana,14,in
pikecountyin,pike county,in,indiana,14,in
pittsboroin,pittsboro,in,indiana,14,in
plainfieldin,plainfield,in,indiana,14,in
plymouthin,plymouth,in,indiana,14,in
portagein,portage,in,indiana,14,in
porterin,porter,in,indiana,14,in
portercountyin,porter county,in,indiana,14,in
portlandin,portland,in,indiana,14,in
poseycountyin,posey county,in,indiana,14,in
poseyvillein,poseyville,in,indiana,14,in
princeslakesin,princes lakes,in,indiana,14,in
princetonin,princeton,in,indiana,14,in
pulaskicountyin,pulaski county,in,indiana,14,in
putnamcountyin,putnam county,in,indiana,14,in
randolphcountyin,randolph county,in,indiana,14,in
redkeyin,redkey,in,indiana,14,in
remingtonin,remington,in,indiana,14,in
rensselaerin,rensselaer,in,indiana,14,in
richmondin,richmond,in,indiana,14,in
ripleycountyin,ripley county,in,indiana,14,in
risingsunin,rising sun,in,indiana,14,in
roanokein,roanoke,in,indiana,14,in
rochesterin,rochester,in,indiana,14,in
rockportin,rockport,in,indiana,14,in
rockvillein,rockville,in,indiana,14,in
romecityin,rome city,in,indiana,14,in
roselawnin,roselawn,in,indiana,14,in
rossvillein,rossville,in,indiana,14,in
rushcountyin,rush county,in,indiana,14,in
rushvillein,rushville,in,indiana,14,in
russiavillein,russiaville,in,indiana,14,in
saintjohnin,saint john,in,indiana,14,in
saintjosephcountyin,saint joseph county,in,indiana,14,in
saintpaulin,saint paul,in,indiana,14,in
salemin,salem,in,indiana,14,in
santaclausin,santa claus,in,indiana,14,in
scherervillein,schererville,in,indiana,14,in
scottcountyin,scott county,in,indiana,14,in
scottsburgin,scottsburg,in,indiana,14,in
seelyvillein,seelyville,in,indiana,14,in
sellersburgin,sellersburg,in,indiana,14,in
seymourin,seymour,in,indiana,14,in
shadelandin,shadeland,in,indiana,14,in
shelburnin,shelburn,in,indiana,14,in
shelbycountyin,shelby county,in,indiana,14,in
shelbyvillein,shelbyville,in,indiana,14,in
sheridanin,sheridan,in,indiana,14,in
shoalsin,shoals,in,indiana,14,in
shorewoodforestin,shorewood forest,in,indiana,14,in
simontonlakein,simonton lake,in,indiana,14,in
smithville-sandersin,smithville-sanders,in,indiana,14,in
southbendin,south bend,in,indiana,14,in
southhavenin,south haven,in,indiana,14,in
southwhitleyin,south whitley,in,indiana,14,in
southportin,southport,in,indiana,14,in
speedwayin,speedway,in,indiana,14,in
spencerin,spencer,in,indiana,14,in
spencercountyin,spencer county,in,indiana,14,in
starkecountyin,starke county,in,indiana,14,in
steubencountyin,steuben county,in,indiana,14,in
sullivanin,sullivan,in,indiana,14,in
sullivancountyin,sullivan county,in,indiana,14,in
sunmanin,sunman,in,indiana,14,in
sweetserin,sweetser,in,indiana,14,in
switzerlandcountyin,switzerland county,in,indiana,14,in
syracusein,syracuse,in,indiana,14,in
tellcityin,tell city,in,indiana,14,in
terrehautein,terre haute,in,indiana,14,in
thorntownin,thorntown,in,indiana,14,in
tippecanoecountyin,tippecanoe county,in,indiana,14,in
tiptonin,tipton,in,indiana,14,in
tiptoncountyin,tipton county,in,indiana,14,in
topekain,topeka,in,indiana,14,in
trafalgarin,trafalgar,in,indiana,14,in
trailcreekin,trail creek,in,indiana,14,in
tri-lakesin,tri-lakes,in,indiana,14,in
unioncityin,union city,in,indiana,14,in
unioncountyin,union county,in,indiana,14,in
uplandin,upland,in,indiana,14,in
valparaisoin,valparaiso,in,indiana,14,in
vanderburghcountyin,vanderburgh county,in,indiana,14,in
veedersburgin,veedersburg,in,indiana,14,in
vermillioncountyin,vermillion county,in,indiana,14,in
versaillesin,versailles,in,indiana,14,in
vevayin,vevay,in,indiana,14,in
vigocountyin,vigo county,in,indiana,14,in
vincennesin,vincennes,in,indiana,14,in
wabashin,wabash,in,indiana,14,in
wabashcountyin,wabash county,in,indiana,14,in
wakarusain,wakarusa,in,indiana,14,in
walkertonin,walkerton,in,indiana,14,in
waltonin,walton,in,indiana,14,in
wanatahin,wanatah,in,indiana,14,in
warrenin,warren,in,indiana,14,in
warrencountyin,warren county,in,indiana,14,in
warrenparkin,warren park,in,indiana,14,in
warrickcountyin,warrick county,in,indiana,14,in
warsawin,warsaw,in,indiana,14,in
washingtonin,washington,in,indiana,14,in
washingtoncountyin,washington county,in,indiana,14,in
waterlooin,waterloo,in,indiana,14,in
waynecountyin,wayne county,in,indiana,14,in
wellscountyin,wells county,in,indiana,14,in
westlafayettein,west lafayette,in,indiana,14,in
westterrehautein,west terre haute,in,indiana,14,in
westfieldin,westfield,in,indiana,14,in
westportin,westport,in,indiana,14,in
westvillein,westville,in,indiana,14,in
whitecountyin,white county,in,indiana,14,in
whitelandin,whiteland,in,indiana,14,in
whitestownin,whitestown,in,indiana,14,in
whitingin,whiting,in,indiana,14,in
whitleycountyin,whitley county,in,indiana,14,in
williamsportin,williamsport,in,indiana,14,in
winamacin,winamac,in,indiana,14,in
winchesterin,winchester,in,indiana,14,in
winfieldin,winfield,in,indiana,14,in
winonalakein,winona lake,in,indiana,14,in
wolcottvillein,wolcottville,in,indiana,14,in
woodburnin,woodburn,in,indiana,14,in
worthingtonin,worthington,in,indiana,14,in
yorktownin,yorktown,in,indiana,14,in
zionsvillein,zionsville,in,indiana,14,in
ackleyia,ackley,ia,iowa,15,ia
adaircountyia,adair county,ia,iowa,15,ia
adamscountyia,adams county,ia,iowa,15,ia
adelia,adel,ia,iowa,15,ia
akronia,akron,ia,iowa,15,ia
albiaia,albia,ia,iowa,15,ia
algonaia,algona,ia,iowa,15,ia
allamakeecountyia,allamakee county,ia,iowa,15,ia
allisonia,allison,ia,iowa,15,ia
altaia,alta,ia,iowa,15,ia
altonia,alton,ia,iowa,15,ia
altoonaia,altoona,ia,iowa,15,ia
amesia,ames,ia,iowa,15,ia
anamosaia,anamosa,ia,iowa,15,ia
ankenyia,ankeny,ia,iowa,15,ia
aplingtonia,aplington,ia,iowa,15,ia
appanoosecountyia,appanoose county,ia,iowa,15,ia
arnoldsparkia,arnolds park,ia,iowa,15,ia
asburyia,asbury,ia,iowa,15,ia
atkinsia,atkins,ia,iowa,15,ia
atlanticia,atlantic,ia,iowa,15,ia
audubonia,audubon,ia,iowa,15,ia
auduboncountyia,audubon county,ia,iowa,15,ia
avocaia,avoca,ia,iowa,15,ia
baxteria,baxter,ia,iowa,15,ia
bedfordia,bedford,ia,iowa,15,ia
belleplaineia,belle plaine,ia,iowa,15,ia
bellevueia,bellevue,ia,iowa,15,ia
belmondia,belmond,ia,iowa,15,ia
bentoncountyia,benton county,ia,iowa,15,ia
bettendorfia,bettendorf,ia,iowa,15,ia
blackhawkcountyia,black hawk county,ia,iowa,15,ia
bloomfieldia,bloomfield,ia,iowa,15,ia
bluegrassia,blue grass,ia,iowa,15,ia
bondurantia,bondurant,ia,iowa,15,ia
booneia,boone,ia,iowa,15,ia
boonecountyia,boone county,ia,iowa,15,ia
bremercountyia,bremer county,ia,iowa,15,ia
brittia,britt,ia,iowa,15,ia
brooklynia,brooklyn,ia,iowa,15,ia
buchanancountyia,buchanan county,ia,iowa,15,ia
buenavistacountyia,buena vista county,ia,iowa,15,ia
buffaloia,buffalo,ia,iowa,15,ia
buffalo(historical)ia,buffalo (historical),ia,iowa,15,ia
burlingtonia,burlington,ia,iowa,15,ia
butlercountyia,butler county,ia,iowa,15,ia
calhouncountyia,calhoun county,ia,iowa,15,ia
camancheia,camanche,ia,iowa,15,ia
carlisleia,carlisle,ia,iowa,15,ia
carrollia,carroll,ia,iowa,15,ia
carrollcountyia,carroll county,ia,iowa,15,ia
carterlakeia,carter lake,ia,iowa,15,ia
cascadeia,cascade,ia,iowa,15,ia
casscountyia,cass county,ia,iowa,15,ia
cedarcountyia,cedar county,ia,iowa,15,ia
cedarfallsia,cedar falls,ia,iowa,15,ia
cedarrapidsia,cedar rapids,ia,iowa,15,ia
centerpointia,center point,ia,iowa,15,ia
centervilleia,centerville,ia,iowa,15,ia
centralcityia,central city,ia,iowa,15,ia
cerrogordocountyia,cerro gordo county,ia,iowa,15,ia
charitonia,chariton,ia,iowa,15,ia
charlescityia,charles city,ia,iowa,15,ia
cherokeeia,cherokee,ia,iowa,15,ia
cherokeecountyia,cherokee county,ia,iowa,15,ia
chickasawcountyia,chickasaw county,ia,iowa,15,ia
clarindaia,clarinda,ia,iowa,15,ia
clarionia,clarion,ia,iowa,15,ia
clarkecountyia,clarke county,ia,iowa,15,ia
clarksvilleia,clarksville,ia,iowa,15,ia
claycountyia,clay county,ia,iowa,15,ia
claytoncountyia,clayton county,ia,iowa,15,ia
clearlakeia,clear lake,ia,iowa,15,ia
clintonia,clinton,ia,iowa,15,ia
clintoncountyia,clinton county,ia,iowa,15,ia
cliveia,clive,ia,iowa,15,ia
colfaxia,colfax,ia,iowa,15,ia
columbusjunctionia,columbus junction,ia,iowa,15,ia
conradia,conrad,ia,iowa,15,ia
coonrapidsia,coon rapids,ia,iowa,15,ia
coralvilleia,coralville,ia,iowa,15,ia
corningia,corning,ia,iowa,15,ia
corydonia,corydon,ia,iowa,15,ia
councilbluffsia,council bluffs,ia,iowa,15,ia
crawfordcountyia,crawford county,ia,iowa,15,ia
crescoia,cresco,ia,iowa,15,ia
crestonia,creston,ia,iowa,15,ia
dakotacityia,dakota city,ia,iowa,15,ia
dallascenteria,dallas center,ia,iowa,15,ia
dallascountyia,dallas county,ia,iowa,15,ia
davenportia,davenport,ia,iowa,15,ia
daviscountyia,davis county,ia,iowa,15,ia
desotoia,de soto,ia,iowa,15,ia
dewittia,de witt,ia,iowa,15,ia
decaturcountyia,decatur county,ia,iowa,15,ia
decorahia,decorah,ia,iowa,15,ia
delawarecountyia,delaware county,ia,iowa,15,ia
denisonia,denison,ia,iowa,15,ia
denveria,denver,ia,iowa,15,ia
desmoinesia,des moines,ia,iowa,15,ia
desmoinescountyia,des moines county,ia,iowa,15,ia
dickinsoncountyia,dickinson county,ia,iowa,15,ia
dikeia,dike,ia,iowa,15,ia
dubuqueia,dubuque,ia,iowa,15,ia
dubuquecountyia,dubuque county,ia,iowa,15,ia
durantia,durant,ia,iowa,15,ia
dyersvilleia,dyersville,ia,iowa,15,ia
dysartia,dysart,ia,iowa,15,ia
eaglegroveia,eagle grove,ia,iowa,15,ia
earlhamia,earlham,ia,iowa,15,ia
eddyvilleia,eddyville,ia,iowa,15,ia
eldoraia,eldora,ia,iowa,15,ia
eldridgeia,eldridge,ia,iowa,15,ia
elkrunheightsia,elk run heights,ia,iowa,15,ia
elkaderia,elkader,ia,iowa,15,ia
elyia,ely,ia,iowa,15,ia
emmetcountyia,emmet county,ia,iowa,15,ia
emmetsburgia,emmetsburg,ia,iowa,15,ia
epworthia,epworth,ia,iowa,15,ia
esthervilleia,estherville,ia,iowa,15,ia
evansdaleia,evansdale,ia,iowa,15,ia
fairbankia,fairbank,ia,iowa,15,ia
fairfaxia,fairfax,ia,iowa,15,ia
fairfieldia,fairfield,ia,iowa,15,ia
farleyia,farley,ia,iowa,15,ia
fayetteia,fayette,ia,iowa,15,ia
fayettecountyia,fayette county,ia,iowa,15,ia
floydcountyia,floyd county,ia,iowa,15,ia
forestcityia,forest city,ia,iowa,15,ia
fortdodgeia,fort dodge,ia,iowa,15,ia
fortmadisonia,fort madison,ia,iowa,15,ia
franklincountyia,franklin county,ia,iowa,15,ia
fremontcountyia,fremont county,ia,iowa,15,ia
garneria,garner,ia,iowa,15,ia
georgeia,george,ia,iowa,15,ia
gilbertia,gilbert,ia,iowa,15,ia
glenwoodia,glenwood,ia,iowa,15,ia
gliddenia,glidden,ia,iowa,15,ia
grangeria,granger,ia,iowa,15,ia
greeneia,greene,ia,iowa,15,ia
greenecountyia,greene county,ia,iowa,15,ia
greenfieldia,greenfield,ia,iowa,15,ia
grimesia,grimes,ia,iowa,15,ia
grinnellia,grinnell,ia,iowa,15,ia
grundycenteria,grundy center,ia,iowa,15,ia
grundycountyia,grundy county,ia,iowa,15,ia
guthriecenteria,guthrie center,ia,iowa,15,ia
guthriecountyia,guthrie county,ia,iowa,15,ia
guttenbergia,guttenberg,ia,iowa,15,ia
hamburgia,hamburg,ia,iowa,15,ia
hamiltoncountyia,hamilton county,ia,iowa,15,ia
hamptonia,hampton,ia,iowa,15,ia
hancockcountyia,hancock county,ia,iowa,15,ia
hardincountyia,hardin county,ia,iowa,15,ia
harlania,harlan,ia,iowa,15,ia
harrisoncountyia,harrison county,ia,iowa,15,ia
hartleyia,hartley,ia,iowa,15,ia
hawardenia,hawarden,ia,iowa,15,ia
henrycountyia,henry county,ia,iowa,15,ia
hiawathaia,hiawatha,ia,iowa,15,ia
holsteinia,holstein,ia,iowa,15,ia
howardcountyia,howard county,ia,iowa,15,ia
hudsonia,hudson,ia,iowa,15,ia
hullia,hull,ia,iowa,15,ia
humboldtia,humboldt,ia,iowa,15,ia
humboldtcountyia,humboldt county,ia,iowa,15,ia
huxleyia,huxley,ia,iowa,15,ia
idacountyia,ida county,ia,iowa,15,ia
idagroveia,ida grove,ia,iowa,15,ia
independenceia,independence,ia,iowa,15,ia
indianolaia,indianola,ia,iowa,15,ia
iowacityia,iowa city,ia,iowa,15,ia
iowacountyia,iowa county,ia,iowa,15,ia
iowafallsia,iowa falls,ia,iowa,15,ia
jacksoncountyia,jackson county,ia,iowa,15,ia
jaspercountyia,jasper county,ia,iowa,15,ia
jeffersonia,jefferson,ia,iowa,15,ia
jeffersoncountyia,jefferson county,ia,iowa,15,ia
jesupia,jesup,ia,iowa,15,ia
jewellia,jewell,ia,iowa,15,ia
johnsoncountyia,johnson county,ia,iowa,15,ia
johnstonia,johnston,ia,iowa,15,ia
jonescountyia,jones county,ia,iowa,15,ia
kalonaia,kalona,ia,iowa,15,ia
keokukia,keokuk,ia,iowa,15,ia
keokukcountyia,keokuk county,ia,iowa,15,ia
keosauquaia,keosauqua,ia,iowa,15,ia
kingsleyia,kingsley,ia,iowa,15,ia
knoxvilleia,knoxville,ia,iowa,15,ia
kossuthcountyia,kossuth county,ia,iowa,15,ia
laportecityia,la porte city,ia,iowa,15,ia
lakecityia,lake city,ia,iowa,15,ia
lakemillsia,lake mills,ia,iowa,15,ia
lakepanoramaia,lake panorama,ia,iowa,15,ia
lakeparkia,lake park,ia,iowa,15,ia
lakeviewia,lake view,ia,iowa,15,ia
lamoniia,lamoni,ia,iowa,15,ia
laurensia,laurens,ia,iowa,15,ia
leclaireia,le claire,ia,iowa,15,ia
lemarsia,le mars,ia,iowa,15,ia
leecountyia,lee county,ia,iowa,15,ia
lenoxia,lenox,ia,iowa,15,ia
leonia,leon,ia,iowa,15,ia
linncountyia,linn county,ia,iowa,15,ia
lisbonia,lisbon,ia,iowa,15,ia
logania,logan,ia,iowa,15,ia
lonetreeia,lone tree,ia,iowa,15,ia
louisacountyia,louisa county,ia,iowa,15,ia
lucascountyia,lucas county,ia,iowa,15,ia
lyoncountyia,lyon county,ia,iowa,15,ia
madisoncountyia,madison county,ia,iowa,15,ia
madridia,madrid,ia,iowa,15,ia
maharishivediccityia,maharishi vedic city,ia,iowa,15,ia
mahaskacountyia,mahaska county,ia,iowa,15,ia
malvernia,malvern,ia,iowa,15,ia
manchesteria,manchester,ia,iowa,15,ia
manlyia,manly,ia,iowa,15,ia
manningia,manning,ia,iowa,15,ia
mansonia,manson,ia,iowa,15,ia
mapletonia,mapleton,ia,iowa,15,ia
maquoketaia,maquoketa,ia,iowa,15,ia
marcusia,marcus,ia,iowa,15,ia
marengoia,marengo,ia,iowa,15,ia
marionia,marion,ia,iowa,15,ia
marioncountyia,marion county,ia,iowa,15,ia
marshallcountyia,marshall county,ia,iowa,15,ia
marshalltownia,marshalltown,ia,iowa,15,ia
masoncityia,mason city,ia,iowa,15,ia
mechanicsvilleia,mechanicsville,ia,iowa,15,ia
mediapolisia,mediapolis,ia,iowa,15,ia
melcher-dallasia,melcher-dallas,ia,iowa,15,ia
milfordia,milford,ia,iowa,15,ia
millscountyia,mills county,ia,iowa,15,ia
missourivalleyia,missouri valley,ia,iowa,15,ia
mitchellcountyia,mitchell county,ia,iowa,15,ia
mitchellvilleia,mitchellville,ia,iowa,15,ia
mononaia,monona,ia,iowa,15,ia
mononacountyia,monona county,ia,iowa,15,ia
monroeia,monroe,ia,iowa,15,ia
monroecountyia,monroe county,ia,iowa,15,ia
montezumaia,montezuma,ia,iowa,15,ia
montgomerycountyia,montgomery county,ia,iowa,15,ia
monticelloia,monticello,ia,iowa,15,ia
mountayria,mount ayr,ia,iowa,15,ia
mountpleasantia,mount pleasant,ia,iowa,15,ia
mountvernonia,mount vernon,ia,iowa,15,ia
movilleia,moville,ia,iowa,15,ia
muscatineia,muscatine,ia,iowa,15,ia
muscatinecountyia,muscatine county,ia,iowa,15,ia
nashuaia,nashua,ia,iowa,15,ia
nevadaia,nevada,ia,iowa,15,ia
newhamptonia,new hampton,ia,iowa,15,ia
newlondonia,new london,ia,iowa,15,ia
newsharonia,new sharon,ia,iowa,15,ia
newtonia,newton,ia,iowa,15,ia
noraspringsia,nora springs,ia,iowa,15,ia
northenglishia,north english,ia,iowa,15,ia
northlibertyia,north liberty,ia,iowa,15,ia
northwoodia,northwood,ia,iowa,15,ia
norwalkia,norwalk,ia,iowa,15,ia
o'briencountyia,o'brien county,ia,iowa,15,ia
oaklandia,oakland,ia,iowa,15,ia
oelweinia,oelwein,ia,iowa,15,ia
ogdenia,ogden,ia,iowa,15,ia
onawaia,onawa,ia,iowa,15,ia
orangecityia,orange city,ia,iowa,15,ia
osageia,osage,ia,iowa,15,ia
osceolaia,osceola,ia,iowa,15,ia
osceolacountyia,osceola county,ia,iowa,15,ia
oskaloosaia,oskaloosa,ia,iowa,15,ia
ottumwaia,ottumwa,ia,iowa,15,ia
pagecountyia,page county,ia,iowa,15,ia
paloia,palo,ia,iowa,15,ia
paloaltocountyia,palo alto county,ia,iowa,15,ia
panoraia,panora,ia,iowa,15,ia
parkviewia,park view,ia,iowa,15,ia
parkersburgia,parkersburg,ia,iowa,15,ia
paullinaia,paullina,ia,iowa,15,ia
pellaia,pella,ia,iowa,15,ia
peostaia,peosta,ia,iowa,15,ia
perryia,perry,ia,iowa,15,ia
pleasanthillia,pleasant hill,ia,iowa,15,ia
pleasantvilleia,pleasantville,ia,iowa,15,ia
plymouthcountyia,plymouth county,ia,iowa,15,ia
pocahontasia,pocahontas,ia,iowa,15,ia
pocahontascountyia,pocahontas county,ia,iowa,15,ia
polkcityia,polk city,ia,iowa,15,ia
polkcountyia,polk county,ia,iowa,15,ia
postvilleia,postville,ia,iowa,15,ia
pottawattamiecountyia,pottawattamie county,ia,iowa,15,ia
poweshiekcountyia,poweshiek county,ia,iowa,15,ia
prairiecityia,prairie city,ia,iowa,15,ia
prestonia,preston,ia,iowa,15,ia
primgharia,primghar,ia,iowa,15,ia
redoakia,red oak,ia,iowa,15,ia
reinbeckia,reinbeck,ia,iowa,15,ia
remsenia,remsen,ia,iowa,15,ia
ringgoldcountyia,ringgold county,ia,iowa,15,ia
riversideia,riverside,ia,iowa,15,ia
robinsia,robins,ia,iowa,15,ia
rockrapidsia,rock rapids,ia,iowa,15,ia
rockvalleyia,rock valley,ia,iowa,15,ia
rockwellia,rockwell,ia,iowa,15,ia
rockwellcityia,rockwell city,ia,iowa,15,ia
rolandia,roland,ia,iowa,15,ia
saccityia,sac city,ia,iowa,15,ia
saccountyia,sac county,ia,iowa,15,ia
saintansgaria,saint ansgar,ia,iowa,15,ia
sanbornia,sanborn,ia,iowa,15,ia
saylorvilleia,saylorville,ia,iowa,15,ia
scottcountyia,scott county,ia,iowa,15,ia
sergeantbluffia,sergeant bluff,ia,iowa,15,ia
sheffieldia,sheffield,ia,iowa,15,ia
shelbycountyia,shelby county,ia,iowa,15,ia
sheldonia,sheldon,ia,iowa,15,ia
shellrockia,shell rock,ia,iowa,15,ia
shenandoahia,shenandoah,ia,iowa,15,ia
sibleyia,sibley,ia,iowa,15,ia
sidneyia,sidney,ia,iowa,15,ia
sigourneyia,sigourney,ia,iowa,15,ia
siouxcenteria,sioux center,ia,iowa,15,ia
siouxcityia,sioux city,ia,iowa,15,ia
siouxcountyia,sioux county,ia,iowa,15,ia
slateria,slater,ia,iowa,15,ia
solonia,solon,ia,iowa,15,ia
spenceria,spencer,ia,iowa,15,ia
spiritlakeia,spirit lake,ia,iowa,15,ia
springvilleia,springville,ia,iowa,15,ia
statecenteria,state center,ia,iowa,15,ia
stormlakeia,storm lake,ia,iowa,15,ia
storycityia,story city,ia,iowa,15,ia
storycountyia,story county,ia,iowa,15,ia
strawberrypointia,strawberry point,ia,iowa,15,ia
stuartia,stuart,ia,iowa,15,ia
sumneria,sumner,ia,iowa,15,ia
tamaia,tama,ia,iowa,15,ia
tamacountyia,tama county,ia,iowa,15,ia
taylorcountyia,taylor county,ia,iowa,15,ia
tiffinia,tiffin,ia,iowa,15,ia
tiptonia,tipton,ia,iowa,15,ia
toledoia,toledo,ia,iowa,15,ia
traeria,traer,ia,iowa,15,ia
tripoliia,tripoli,ia,iowa,15,ia
unioncountyia,union county,ia,iowa,15,ia
universityheightsia,university heights,ia,iowa,15,ia
urbanaia,urbana,ia,iowa,15,ia
urbandaleia,urbandale,ia,iowa,15,ia
vanburencountyia,van buren county,ia,iowa,15,ia
vanmeteria,van meter,ia,iowa,15,ia
villiscaia,villisca,ia,iowa,15,ia
vintonia,vinton,ia,iowa,15,ia
walcottia,walcott,ia,iowa,15,ia
walfordia,walford,ia,iowa,15,ia
wapelloia,wapello,ia,iowa,15,ia
wapellocountyia,wapello county,ia,iowa,15,ia
warrencountyia,warren county,ia,iowa,15,ia
washingtonia,washington,ia,iowa,15,ia
washingtoncountyia,washington county,ia,iowa,15,ia
waterlooia,waterloo,ia,iowa,15,ia
waukeeia,waukee,ia,iowa,15,ia
waukonia,waukon,ia,iowa,15,ia
waverlyia,waverly,ia,iowa,15,ia
waynecountyia,wayne county,ia,iowa,15,ia
webstercityia,webster city,ia,iowa,15,ia
webstercountyia,webster county,ia,iowa,15,ia
wellmania,wellman,ia,iowa,15,ia
westbranchia,west branch,ia,iowa,15,ia
westburlingtonia,west burlington,ia,iowa,15,ia
westdesmoinesia,west des moines,ia,iowa,15,ia
westlibertyia,west liberty,ia,iowa,15,ia
westunionia,west union,ia,iowa,15,ia
williamsburgia,williamsburg,ia,iowa,15,ia
wiltonia,wilton,ia,iowa,15,ia
windsorheightsia,windsor heights,ia,iowa,15,ia
winfieldia,winfield,ia,iowa,15,ia
winnebagocountyia,winnebago county,ia,iowa,15,ia
winneshiekcountyia,winneshiek county,ia,iowa,15,ia
wintersetia,winterset,ia,iowa,15,ia
woodbineia,woodbine,ia,iowa,15,ia
woodburycountyia,woodbury county,ia,iowa,15,ia
woodwardia,woodward,ia,iowa,15,ia
worthcountyia,worth county,ia,iowa,15,ia
wrightcountyia,wright county,ia,iowa,15,ia
abileneks,abilene,ks,kansas,16,ks
allencountyks,allen county,ks,kansas,16,ks
almaks,alma,ks,kansas,16,ks
altamontks,altamont,ks,kansas,16,ks
andersoncountyks,anderson county,ks,kansas,16,ks
andoverks,andover,ks,kansas,16,ks
anthonyks,anthony,ks,kansas,16,ks
arkansascityks,arkansas city,ks,kansas,16,ks
armaks,arma,ks,kansas,16,ks
ashlandks,ashland,ks,kansas,16,ks
atchisonks,atchison,ks,kansas,16,ks
atchisoncountyks,atchison county,ks,kansas,16,ks
atwoodks,atwood,ks,kansas,16,ks
auburnks,auburn,ks,kansas,16,ks
augustaks,augusta,ks,kansas,16,ks
baldwincityks,baldwin city,ks,kansas,16,ks
barbercountyks,barber county,ks,kansas,16,ks
bartoncountyks,barton county,ks,kansas,16,ks
basehorks,basehor,ks,kansas,16,ks
baxterspringsks,baxter springs,ks,kansas,16,ks
bellaireks,bellaire,ks,kansas,16,ks
belleplaineks,belle plaine,ks,kansas,16,ks
bellevilleks,belleville,ks,kansas,16,ks
beloitks,beloit,ks,kansas,16,ks
bonnerspringsks,bonner springs,ks,kansas,16,ks
bourboncountyks,bourbon county,ks,kansas,16,ks
browncountyks,brown county,ks,kansas,16,ks
buhlerks,buhler,ks,kansas,16,ks
burlingtonks,burlington,ks,kansas,16,ks
butlercountyks,butler county,ks,kansas,16,ks
caldwellks,caldwell,ks,kansas,16,ks
caneyks,caney,ks,kansas,16,ks
carbondaleks,carbondale,ks,kansas,16,ks
chanuteks,chanute,ks,kansas,16,ks
chapmanks,chapman,ks,kansas,16,ks
chasecountyks,chase county,ks,kansas,16,ks
chautauquacountyks,chautauqua county,ks,kansas,16,ks
cheneyks,cheney,ks,kansas,16,ks
cherokeecountyks,cherokee county,ks,kansas,16,ks
cherryvaleks,cherryvale,ks,kansas,16,ks
chetopaks,chetopa,ks,kansas,16,ks
cheyennecountyks,cheyenne county,ks,kansas,16,ks
cimarronks,cimarron,ks,kansas,16,ks
clarkcountyks,clark county,ks,kansas,16,ks
claycenterks,clay center,ks,kansas,16,ks
claycountyks,clay county,ks,kansas,16,ks
clearwaterks,clearwater,ks,kansas,16,ks
cloudcountyks,cloud county,ks,kansas,16,ks
coffeycountyks,coffey county,ks,kansas,16,ks
coffeyvilleks,coffeyville,ks,kansas,16,ks
colbyks,colby,ks,kansas,16,ks
coldwaterks,coldwater,ks,kansas,16,ks
columbusks,columbus,ks,kansas,16,ks
colwichks,colwich,ks,kansas,16,ks
comanchecountyks,comanche county,ks,kansas,16,ks
concordiaks,concordia,ks,kansas,16,ks
conwayspringsks,conway springs,ks,kansas,16,ks
cottonwoodfallsks,cottonwood falls,ks,kansas,16,ks
councilgroveks,council grove,ks,kansas,16,ks
cowleycountyks,cowley county,ks,kansas,16,ks
crawfordcountyks,crawford county,ks,kansas,16,ks
desotoks,de soto,ks,kansas,16,ks
decaturcountyks,decatur county,ks,kansas,16,ks
derbyks,derby,ks,kansas,16,ks
dickinsoncountyks,dickinson county,ks,kansas,16,ks
dightonks,dighton,ks,kansas,16,ks
dodgecityks,dodge city,ks,kansas,16,ks
doniphancountyks,doniphan county,ks,kansas,16,ks
douglascountyks,douglas county,ks,kansas,16,ks
douglassks,douglass,ks,kansas,16,ks
edgertonks,edgerton,ks,kansas,16,ks
edwardscountyks,edwards county,ks,kansas,16,ks
edwardsvilleks,edwardsville,ks,kansas,16,ks
eldoradoks,el dorado,ks,kansas,16,ks
elkcountyks,elk county,ks,kansas,16,ks
elkhartks,elkhart,ks,kansas,16,ks
ellinwoodks,ellinwood,ks,kansas,16,ks
ellisks,ellis,ks,kansas,16,ks
elliscountyks,ellis county,ks,kansas,16,ks
ellsworthks,ellsworth,ks,kansas,16,ks
ellsworthcountyks,ellsworth county,ks,kansas,16,ks
elwoodks,elwood,ks,kansas,16,ks
emporiaks,emporia,ks,kansas,16,ks
erieks,erie,ks,kansas,16,ks
eudoraks,eudora,ks,kansas,16,ks
eurekaks,eureka,ks,kansas,16,ks
fairwayks,fairway,ks,kansas,16,ks
finneycountyks,finney county,ks,kansas,16,ks
fordcountyks,ford county,ks,kansas,16,ks
fortrileynorthks,fort riley north,ks,kansas,16,ks
fortscottks,fort scott,ks,kansas,16,ks
franklincountyks,franklin county,ks,kansas,16,ks
fredoniaks,fredonia,ks,kansas,16,ks
frontenacks,frontenac,ks,kansas,16,ks
galenaks,galena,ks,kansas,16,ks
gardencityks,garden city,ks,kansas,16,ks
gardnerks,gardner,ks,kansas,16,ks
garnettks,garnett,ks,kansas,16,ks
gearycountyks,geary county,ks,kansas,16,ks
girardks,girard,ks,kansas,16,ks
goddardks,goddard,ks,kansas,16,ks
goodlandks,goodland,ks,kansas,16,ks
goveks,gove,ks,kansas,16,ks
govecountyks,gove county,ks,kansas,16,ks
grahamcountyks,graham county,ks,kansas,16,ks
grandviewplazaks,grandview plaza,ks,kansas,16,ks
grantcountyks,grant county,ks,kansas,16,ks
graycountyks,gray county,ks,kansas,16,ks
greatbendks,great bend,ks,kansas,16,ks
greeleycountyks,greeley county,ks,kansas,16,ks
greensburgks,greensburg,ks,kansas,16,ks
greenwoodcountyks,greenwood county,ks,kansas,16,ks
halsteadks,halstead,ks,kansas,16,ks
hamiltoncountyks,hamilton county,ks,kansas,16,ks
harperks,harper,ks,kansas,16,ks
harpercountyks,harper county,ks,kansas,16,ks
harveycountyks,harvey county,ks,kansas,16,ks
haskellcountyks,haskell county,ks,kansas,16,ks
havenks,haven,ks,kansas,16,ks
haysks,hays,ks,kansas,16,ks
haysvilleks,haysville,ks,kansas,16,ks
heringtonks,herington,ks,kansas,16,ks
hesstonks,hesston,ks,kansas,16,ks
hiawathaks,hiawatha,ks,kansas,16,ks
highlandks,highland,ks,kansas,16,ks
hillcityks,hill city,ks,kansas,16,ks
hillsboroks,hillsboro,ks,kansas,16,ks
hodgemancountyks,hodgeman county,ks,kansas,16,ks
hoisingtonks,hoisington,ks,kansas,16,ks
holcombks,holcomb,ks,kansas,16,ks
holtonks,holton,ks,kansas,16,ks
hortonks,horton,ks,kansas,16,ks
howardks,howard,ks,kansas,16,ks
hoxieks,hoxie,ks,kansas,16,ks
hugotonks,hugoton,ks,kansas,16,ks
humboldtks,humboldt,ks,kansas,16,ks
hutchinsonks,hutchinson,ks,kansas,16,ks
independenceks,independence,ks,kansas,16,ks
inmanks,inman,ks,kansas,16,ks
iolaks,iola,ks,kansas,16,ks
jacksoncountyks,jackson county,ks,kansas,16,ks
jeffersoncountyks,jefferson county,ks,kansas,16,ks
jetmoreks,jetmore,ks,kansas,16,ks
jewellcountyks,jewell county,ks,kansas,16,ks
johnsonks,johnson,ks,kansas,16,ks
johnsoncountyks,johnson county,ks,kansas,16,ks
junctioncityks,junction city,ks,kansas,16,ks
kansascityks,kansas city,ks,kansas,16,ks
kearnycountyks,kearny county,ks,kansas,16,ks
kechiks,kechi,ks,kansas,16,ks
kingmanks,kingman,ks,kansas,16,ks
kingmancountyks,kingman county,ks,kansas,16,ks
kinsleyks,kinsley,ks,kansas,16,ks
kiowaks,kiowa,ks,kansas,16,ks
kiowacountyks,kiowa county,ks,kansas,16,ks
lacrosseks,la crosse,ks,kansas,16,ks
lacygneks,la cygne,ks,kansas,16,ks
labettecountyks,labette county,ks,kansas,16,ks
lakinks,lakin,ks,kansas,16,ks
lanecountyks,lane county,ks,kansas,16,ks
lansingks,lansing,ks,kansas,16,ks
larnedks,larned,ks,kansas,16,ks
lawrenceks,lawrence,ks,kansas,16,ks
leavenworthks,leavenworth,ks,kansas,16,ks
leavenworthcountyks,leavenworth county,ks,kansas,16,ks
leawoodks,leawood,ks,kansas,16,ks
lenexaks,lenexa,ks,kansas,16,ks
leotiks,leoti,ks,kansas,16,ks
liberalks,liberal,ks,kansas,16,ks
lincolnks,lincoln,ks,kansas,16,ks
lincolncountyks,lincoln county,ks,kansas,16,ks
lindsborgks,lindsborg,ks,kansas,16,ks
linncountyks,linn county,ks,kansas,16,ks
logancountyks,logan county,ks,kansas,16,ks
louisburgks,louisburg,ks,kansas,16,ks
lyndonks,lyndon,ks,kansas,16,ks
lyoncountyks,lyon county,ks,kansas,16,ks
lyonsks,lyons,ks,kansas,16,ks
maizeks,maize,ks,kansas,16,ks
manhattanks,manhattan,ks,kansas,16,ks
mankatoks,mankato,ks,kansas,16,ks
marionks,marion,ks,kansas,16,ks
marioncountyks,marion county,ks,kansas,16,ks
marshallcountyks,marshall county,ks,kansas,16,ks
marysvilleks,marysville,ks,kansas,16,ks
mcconnellafbks,mcconnell afb,ks,kansas,16,ks
mcphersonks,mcpherson,ks,kansas,16,ks
mcphersoncountyks,mcpherson county,ks,kansas,16,ks
meadeks,meade,ks,kansas,16,ks
meadecountyks,meade county,ks,kansas,16,ks
medicinelodgeks,medicine lodge,ks,kansas,16,ks
merriamks,merriam,ks,kansas,16,ks
miamicountyks,miami county,ks,kansas,16,ks
minneapolisks,minneapolis,ks,kansas,16,ks
missionks,mission,ks,kansas,16,ks
missionhillsks,mission hills,ks,kansas,16,ks
mitchellcountyks,mitchell county,ks,kansas,16,ks
montgomerycountyks,montgomery county,ks,kansas,16,ks
morriscountyks,morris county,ks,kansas,16,ks
mortoncountyks,morton county,ks,kansas,16,ks
moundcityks,mound city,ks,kansas,16,ks
moundridgeks,moundridge,ks,kansas,16,ks
mulvaneks,mulvane,ks,kansas,16,ks
nemahacountyks,nemaha county,ks,kansas,16,ks
neodeshaks,neodesha,ks,kansas,16,ks
neoshocountyks,neosho county,ks,kansas,16,ks
nesscityks,ness city,ks,kansas,16,ks
nesscountyks,ness county,ks,kansas,16,ks
"newcentury,ksks","new century, ks",ks,kansas,16,ks
newtonks,newton,ks,kansas,16,ks
nickersonks,nickerson,ks,kansas,16,ks
northnewtonks,north newton,ks,kansas,16,ks
nortonks,norton,ks,kansas,16,ks
nortoncountyks,norton county,ks,kansas,16,ks
oakleyks,oakley,ks,kansas,16,ks
oberlinks,oberlin,ks,kansas,16,ks
ogdenks,ogden,ks,kansas,16,ks
olatheks,olathe,ks,kansas,16,ks
osagecityks,osage city,ks,kansas,16,ks
osagecountyks,osage county,ks,kansas,16,ks
osawatomieks,osawatomie,ks,kansas,16,ks
osborneks,osborne,ks,kansas,16,ks
osbornecountyks,osborne county,ks,kansas,16,ks
oskaloosaks,oskaloosa,ks,kansas,16,ks
oswegoks,oswego,ks,kansas,16,ks
ottawaks,ottawa,ks,kansas,16,ks
ottawacountyks,ottawa county,ks,kansas,16,ks
overbrookks,overbrook,ks,kansas,16,ks
overlandparkks,overland park,ks,kansas,16,ks
oxfordks,oxford,ks,kansas,16,ks
paolaks,paola,ks,kansas,16,ks
parkcityks,park city,ks,kansas,16,ks
parsonsks,parsons,ks,kansas,16,ks
pawneecountyks,pawnee county,ks,kansas,16,ks
peabodyks,peabody,ks,kansas,16,ks
phillipscountyks,phillips county,ks,kansas,16,ks
phillipsburgks,phillipsburg,ks,kansas,16,ks
pittsburgks,pittsburg,ks,kansas,16,ks
plainsks,plains,ks,kansas,16,ks
plainvilleks,plainville,ks,kansas,16,ks
pleasantonks,pleasanton,ks,kansas,16,ks
pottawatomiecountyks,pottawatomie county,ks,kansas,16,ks
prairievillageks,prairie village,ks,kansas,16,ks
prattks,pratt,ks,kansas,16,ks
prattcountyks,pratt county,ks,kansas,16,ks
rawlinscountyks,rawlins county,ks,kansas,16,ks
renocountyks,reno county,ks,kansas,16,ks
republiccountyks,republic county,ks,kansas,16,ks
ricecountyks,rice county,ks,kansas,16,ks
rileycountyks,riley county,ks,kansas,16,ks
roelandparkks,roeland park,ks,kansas,16,ks
rookscountyks,rooks county,ks,kansas,16,ks
rosehillks,rose hill,ks,kansas,16,ks
rossvilleks,rossville,ks,kansas,16,ks
rushcountyks,rush county,ks,kansas,16,ks
russellks,russell,ks,kansas,16,ks
russellcountyks,russell county,ks,kansas,16,ks
sabethaks,sabetha,ks,kansas,16,ks
saintfrancisks,saint francis,ks,kansas,16,ks
saintjohnks,saint john,ks,kansas,16,ks
saintmarysks,saint marys,ks,kansas,16,ks
salinaks,salina,ks,kansas,16,ks
salinecountyks,saline county,ks,kansas,16,ks
satantaks,satanta,ks,kansas,16,ks
scottcityks,scott city,ks,kansas,16,ks
scottcountyks,scott county,ks,kansas,16,ks
sedanks,sedan,ks,kansas,16,ks
sedgwickks,sedgwick,ks,kansas,16,ks
sedgwickcountyks,sedgwick county,ks,kansas,16,ks
senecaks,seneca,ks,kansas,16,ks
sewardcountyks,seward county,ks,kansas,16,ks
sharonspringsks,sharon springs,ks,kansas,16,ks
shawneeks,shawnee,ks,kansas,16,ks
shawneecountyks,shawnee county,ks,kansas,16,ks
sheridancountyks,sheridan county,ks,kansas,16,ks
shermancountyks,sherman county,ks,kansas,16,ks
silverlakeks,silver lake,ks,kansas,16,ks
smithcenterks,smith center,ks,kansas,16,ks
smithcountyks,smith county,ks,kansas,16,ks
solomonks,solomon,ks,kansas,16,ks
southhutchinsonks,south hutchinson,ks,kansas,16,ks
springhillks,spring hill,ks,kansas,16,ks
staffordcountyks,stafford county,ks,kansas,16,ks
stantoncountyks,stanton county,ks,kansas,16,ks
sterlingks,sterling,ks,kansas,16,ks
stevenscountyks,stevens county,ks,kansas,16,ks
stocktonks,stockton,ks,kansas,16,ks
subletteks,sublette,ks,kansas,16,ks
sumnercountyks,sumner county,ks,kansas,16,ks
syracuseks,syracuse,ks,kansas,16,ks
thomascountyks,thomas county,ks,kansas,16,ks
tonganoxieks,tonganoxie,ks,kansas,16,ks
topekaks,topeka,ks,kansas,16,ks
towandaks,towanda,ks,kansas,16,ks
tregocountyks,trego county,ks,kansas,16,ks
tribuneks,tribune,ks,kansas,16,ks
troyks,troy,ks,kansas,16,ks
ulyssesks,ulysses,ks,kansas,16,ks
valleycenterks,valley center,ks,kansas,16,ks
valleyfallsks,valley falls,ks,kansas,16,ks
victoriaks,victoria,ks,kansas,16,ks
wakeeneyks,wakeeney,ks,kansas,16,ks
wabaunseecountyks,wabaunsee county,ks,kansas,16,ks
wallacecountyks,wallace county,ks,kansas,16,ks
wamegoks,wamego,ks,kansas,16,ks
washingtonks,washington,ks,kansas,16,ks
washingtoncountyks,washington county,ks,kansas,16,ks
wathenaks,wathena,ks,kansas,16,ks
wellingtonks,wellington,ks,kansas,16,ks
wellsvilleks,wellsville,ks,kansas,16,ks
westmorelandks,westmoreland,ks,kansas,16,ks
westwoodks,westwood,ks,kansas,16,ks
wichitaks,wichita,ks,kansas,16,ks
wichitacountyks,wichita county,ks,kansas,16,ks
wilsoncountyks,wilson county,ks,kansas,16,ks
winfieldks,winfield,ks,kansas,16,ks
woodsoncountyks,woodson county,ks,kansas,16,ks
wyandottecountyks,wyandotte county,ks,kansas,16,ks
yatescenterks,yates center,ks,kansas,16,ks
adaircountyky,adair county,ky,kentucky,17,ky
albanyky,albany,ky,kentucky,17,ky
alexandriaky,alexandria,ky,kentucky,17,ky
allencountyky,allen county,ky,kentucky,17,ky
anchorageky,anchorage,ky,kentucky,17,ky
andersoncountyky,anderson county,ky,kentucky,17,ky
annvilleky,annville,ky,kentucky,17,ky
ashlandky,ashland,ky,kentucky,17,ky
auburnky,auburn,ky,kentucky,17,ky
audubonparkky,audubon park,ky,kentucky,17,ky
augustaky,augusta,ky,kentucky,17,ky
ballardcountyky,ballard county,ky,kentucky,17,ky
barbourmeadeky,barbourmeade,ky,kentucky,17,ky
barbourvilleky,barbourville,ky,kentucky,17,ky
bardstownky,bardstown,ky,kentucky,17,ky
bardwellky,bardwell,ky,kentucky,17,ky
barrencountyky,barren county,ky,kentucky,17,ky
bathcountyky,bath county,ky,kentucky,17,ky
beattyvilleky,beattyville,ky,kentucky,17,ky
beaverdamky,beaver dam,ky,kentucky,17,ky
bedfordky,bedford,ky,kentucky,17,ky
beechwoodvillageky,beechwood village,ky,kentucky,17,ky
bellcountyky,bell county,ky,kentucky,17,ky
bellevueky,bellevue,ky,kentucky,17,ky
bentonky,benton,ky,kentucky,17,ky
bereaky,berea,ky,kentucky,17,ky
bloomfieldky,bloomfield,ky,kentucky,17,ky
boonecountyky,boone county,ky,kentucky,17,ky
boonevilleky,booneville,ky,kentucky,17,ky
bourboncountyky,bourbon county,ky,kentucky,17,ky
bowlinggreenky,bowling green,ky,kentucky,17,ky
boydcountyky,boyd county,ky,kentucky,17,ky
boylecountyky,boyle county,ky,kentucky,17,ky
brackencountyky,bracken county,ky,kentucky,17,ky
brandenburgky,brandenburg,ky,kentucky,17,ky
breathittcountyky,breathitt county,ky,kentucky,17,ky
breckinridgecenterky,breckinridge center,ky,kentucky,17,ky
breckinridgecountyky,breckinridge county,ky,kentucky,17,ky
brodheadky,brodhead,ky,kentucky,17,ky
brooksky,brooks,ky,kentucky,17,ky
brooksvilleky,brooksville,ky,kentucky,17,ky
brownsvilleky,brownsville,ky,kentucky,17,ky
bucknerky,buckner,ky,kentucky,17,ky
buechelky,buechel,ky,kentucky,17,ky
bullittcountyky,bullitt county,ky,kentucky,17,ky
burkesvilleky,burkesville,ky,kentucky,17,ky
burlingtonky,burlington,ky,kentucky,17,ky
butlercountyky,butler county,ky,kentucky,17,ky
cadizky,cadiz,ky,kentucky,17,ky
caldwellcountyky,caldwell county,ky,kentucky,17,ky
calhounky,calhoun,ky,kentucky,17,ky
callowaycountyky,calloway county,ky,kentucky,17,ky
calvertcityky,calvert city,ky,kentucky,17,ky
camargoky,camargo,ky,kentucky,17,ky
campbellcountyky,campbell county,ky,kentucky,17,ky
campbellsvilleky,campbellsville,ky,kentucky,17,ky
camptonky,campton,ky,kentucky,17,ky
carlisleky,carlisle,ky,kentucky,17,ky
carlislecountyky,carlisle county,ky,kentucky,17,ky
carrollcountyky,carroll county,ky,kentucky,17,ky
carrolltonky,carrollton,ky,kentucky,17,ky
cartercountyky,carter county,ky,kentucky,17,ky
caseycountyky,casey county,ky,kentucky,17,ky
catlettsburgky,catlettsburg,ky,kentucky,17,ky
cavecityky,cave city,ky,kentucky,17,ky
centralcityky,central city,ky,kentucky,17,ky
christiancountyky,christian county,ky,kentucky,17,ky
clarkcountyky,clark county,ky,kentucky,17,ky
claryvilleky,claryville,ky,kentucky,17,ky
clayky,clay,ky,kentucky,17,ky
claycityky,clay city,ky,kentucky,17,ky
claycountyky,clay county,ky,kentucky,17,ky
clintonky,clinton,ky,kentucky,17,ky
clintoncountyky,clinton county,ky,kentucky,17,ky
cloverportky,cloverport,ky,kentucky,17,ky
coalrunvillageky,coal run village,ky,kentucky,17,ky
coldspringky,cold spring,ky,kentucky,17,ky
coldstreamky,coldstream,ky,kentucky,17,ky
columbiaky,columbia,ky,kentucky,17,ky
corbinky,corbin,ky,kentucky,17,ky
covingtonky,covington,ky,kentucky,17,ky
crescentspringsky,crescent springs,ky,kentucky,17,ky
crestviewhillsky,crestview hills,ky,kentucky,17,ky
crestwoodky,crestwood,ky,kentucky,17,ky
crittendenky,crittenden,ky,kentucky,17,ky
crittendencountyky,crittenden county,ky,kentucky,17,ky
cumberlandky,cumberland,ky,kentucky,17,ky
cumberlandcountyky,cumberland county,ky,kentucky,17,ky
cynthianaky,cynthiana,ky,kentucky,17,ky
danvilleky,danville,ky,kentucky,17,ky
daviesscountyky,daviess county,ky,kentucky,17,ky
dawsonspringsky,dawson springs,ky,kentucky,17,ky
daytonky,dayton,ky,kentucky,17,ky
dixonky,dixon,ky,kentucky,17,ky
doevalleyky,doe valley,ky,kentucky,17,ky
douglasshillsky,douglass hills,ky,kentucky,17,ky
dryridgeky,dry ridge,ky,kentucky,17,ky
earlingtonky,earlington,ky,kentucky,17,ky
eddyvilleky,eddyville,ky,kentucky,17,ky
edgewoodky,edgewood,ky,kentucky,17,ky
edmonsoncountyky,edmonson county,ky,kentucky,17,ky
edmontonky,edmonton,ky,kentucky,17,ky
elizabethtownky,elizabethtown,ky,kentucky,17,ky
elkcreekky,elk creek,ky,kentucky,17,ky
elkforkky,elkfork,ky,kentucky,17,ky
elktonky,elkton,ky,kentucky,17,ky
elliottcountyky,elliott county,ky,kentucky,17,ky
elsmereky,elsmere,ky,kentucky,17,ky
eminenceky,eminence,ky,kentucky,17,ky
erlangerky,erlanger,ky,kentucky,17,ky
estillcountyky,estill county,ky,kentucky,17,ky
fairdaleky,fairdale,ky,kentucky,17,ky
falmouthky,falmouth,ky,kentucky,17,ky
farleyky,farley,ky,kentucky,17,ky
fayettecountyky,fayette county,ky,kentucky,17,ky
ferncreekky,fern creek,ky,kentucky,17,ky
flatwoodsky,flatwoods,ky,kentucky,17,ky
flemingcountyky,fleming county,ky,kentucky,17,ky
flemingsburgky,flemingsburg,ky,kentucky,17,ky
florenceky,florence,ky,kentucky,17,ky
floydcountyky,floyd county,ky,kentucky,17,ky
fortcampbellnorthky,fort campbell north,ky,kentucky,17,ky
fortknoxky,fort knox,ky,kentucky,17,ky
fortmitchellky,fort mitchell,ky,kentucky,17,ky
fortthomasky,fort thomas,ky,kentucky,17,ky
fortwrightky,fort wright,ky,kentucky,17,ky
francisvilleky,francisville,ky,kentucky,17,ky
frankfortky,frankfort,ky,kentucky,17,ky
franklinky,franklin,ky,kentucky,17,ky
franklincountyky,franklin county,ky,kentucky,17,ky
frenchburgky,frenchburg,ky,kentucky,17,ky
fultonky,fulton,ky,kentucky,17,ky
fultoncountyky,fulton county,ky,kentucky,17,ky
gallatincountyky,gallatin county,ky,kentucky,17,ky
garrardcountyky,garrard county,ky,kentucky,17,ky
georgetownky,georgetown,ky,kentucky,17,ky
glasgowky,glasgow,ky,kentucky,17,ky
grantcountyky,grant county,ky,kentucky,17,ky
gravescountyky,graves county,ky,kentucky,17,ky
graymoor-devondaleky,graymoor-devondale,ky,kentucky,17,ky
graysonky,grayson,ky,kentucky,17,ky
graysoncountyky,grayson county,ky,kentucky,17,ky
greencountyky,green county,ky,kentucky,17,ky
greensburgky,greensburg,ky,kentucky,17,ky
greenupky,greenup,ky,kentucky,17,ky
greenupcountyky,greenup county,ky,kentucky,17,ky
greenvilleky,greenville,ky,kentucky,17,ky
guthrieky,guthrie,ky,kentucky,17,ky
hancockcountyky,hancock county,ky,kentucky,17,ky
hardincountyky,hardin county,ky,kentucky,17,ky
hardinsburgky,hardinsburg,ky,kentucky,17,ky
harlanky,harlan,ky,kentucky,17,ky
harlancountyky,harlan county,ky,kentucky,17,ky
harrisoncountyky,harrison county,ky,kentucky,17,ky
harrodsburgky,harrodsburg,ky,kentucky,17,ky
hartcountyky,hart county,ky,kentucky,17,ky
hartfordky,hartford,ky,kentucky,17,ky
hawesvilleky,hawesville,ky,kentucky,17,ky
hazardky,hazard,ky,kentucky,17,ky
hebronky,hebron,ky,kentucky,17,ky
hebronestatesky,hebron estates,ky,kentucky,17,ky
hendersonky,henderson,ky,kentucky,17,ky
hendersoncountyky,henderson county,ky,kentucky,17,ky
hendronky,hendron,ky,kentucky,17,ky
henrycountyky,henry county,ky,kentucky,17,ky
heritagecreekky,heritage creek,ky,kentucky,17,ky
hickmanky,hickman,ky,kentucky,17,ky
hickmancountyky,hickman county,ky,kentucky,17,ky
highlandheightsky,highland heights,ky,kentucky,17,ky
highviewky,highview,ky,kentucky,17,ky
hillviewky,hillview,ky,kentucky,17,ky
hindmanky,hindman,ky,kentucky,17,ky
hodgenvilleky,hodgenville,ky,kentucky,17,ky
hopkinscountyky,hopkins county,ky,kentucky,17,ky
hopkinsvilleky,hopkinsville,ky,kentucky,17,ky
horsecaveky,horse cave,ky,kentucky,17,ky
hurstbourneky,hurstbourne,ky,kentucky,17,ky
hurstbourneacresky,hurstbourne acres,ky,kentucky,17,ky
hydenky,hyden,ky,kentucky,17,ky
independenceky,independence,ky,kentucky,17,ky
indianhillsky,indian hills,ky,kentucky,17,ky
indianhillscherokeesectionky,indian hills cherokee section,ky,kentucky,17,ky
inezky,inez,ky,kentucky,17,ky
ironvilleky,ironville,ky,kentucky,17,ky
irvineky,irvine,ky,kentucky,17,ky
irvingtonky,irvington,ky,kentucky,17,ky
jacksonky,jackson,ky,kentucky,17,ky
jacksoncountyky,jackson county,ky,kentucky,17,ky
jamestownky,jamestown,ky,kentucky,17,ky
jeffersoncountyky,jefferson county,ky,kentucky,17,ky
jeffersontownky,jeffersontown,ky,kentucky,17,ky
jeffersonvilleky,jeffersonville,ky,kentucky,17,ky
jenkinsky,jenkins,ky,kentucky,17,ky
jessaminecountyky,jessamine county,ky,kentucky,17,ky
johnsoncountyky,johnson county,ky,kentucky,17,ky
junctioncityky,junction city,ky,kentucky,17,ky
kentoncountyky,kenton county,ky,kentucky,17,ky
knottcountyky,knott county,ky,kentucky,17,ky
knottsvilleky,knottsville,ky,kentucky,17,ky
knoxcountyky,knox county,ky,kentucky,17,ky
lacenterky,la center,ky,kentucky,17,ky
lagrangeky,la grange,ky,kentucky,17,ky
lakesideparkky,lakeside park,ky,kentucky,17,ky
lancasterky,lancaster,ky,kentucky,17,ky
laruecountyky,larue county,ky,kentucky,17,ky
laurelcountyky,laurel county,ky,kentucky,17,ky
lawrencecountyky,lawrence county,ky,kentucky,17,ky
lawrenceburgky,lawrenceburg,ky,kentucky,17,ky
lebanonky,lebanon,ky,kentucky,17,ky
lebanonjunctionky,lebanon junction,ky,kentucky,17,ky
ledbetterky,ledbetter,ky,kentucky,17,ky
leecountyky,lee county,ky,kentucky,17,ky
leitchfieldky,leitchfield,ky,kentucky,17,ky
lesliecountyky,leslie county,ky,kentucky,17,ky
letchercountyky,letcher county,ky,kentucky,17,ky
lewiscountyky,lewis county,ky,kentucky,17,ky
lewisportky,lewisport,ky,kentucky,17,ky
lexingtonky,lexington,ky,kentucky,17,ky
lexington-fayetteky,lexington-fayette,ky,kentucky,17,ky
libertyky,liberty,ky,kentucky,17,ky
lincolncountyky,lincoln county,ky,kentucky,17,ky
livermoreky,livermore,ky,kentucky,17,ky
livingstoncountyky,livingston county,ky,kentucky,17,ky
logancountyky,logan county,ky,kentucky,17,ky
londonky,london,ky,kentucky,17,ky
louisaky,louisa,ky,kentucky,17,ky
louisvilleky,louisville,ky,kentucky,17,ky
ludlowky,ludlow,ky,kentucky,17,ky
lyndonky,lyndon,ky,kentucky,17,ky
lyoncountyky,lyon county,ky,kentucky,17,ky
madisoncountyky,madison county,ky,kentucky,17,ky
madisonvilleky,madisonville,ky,kentucky,17,ky
magoffincountyky,magoffin county,ky,kentucky,17,ky
manchesterky,manchester,ky,kentucky,17,ky
marionky,marion,ky,kentucky,17,ky
marioncountyky,marion county,ky,kentucky,17,ky
marshallcountyky,marshall county,ky,kentucky,17,ky
martincountyky,martin county,ky,kentucky,17,ky
masoncountyky,mason county,ky,kentucky,17,ky
masonvilleky,masonville,ky,kentucky,17,ky
massacky,massac,ky,kentucky,17,ky
mayfieldky,mayfield,ky,kentucky,17,ky
maysvilleky,maysville,ky,kentucky,17,ky
mccrackencountyky,mccracken county,ky,kentucky,17,ky
mccrearycountyky,mccreary county,ky,kentucky,17,ky
mckeeky,mckee,ky,kentucky,17,ky
mcleancountyky,mclean county,ky,kentucky,17,ky
meadecountyky,meade county,ky,kentucky,17,ky
meadsky,meads,ky,kentucky,17,ky
menifeecountyky,menifee county,ky,kentucky,17,ky
mercercountyky,mercer county,ky,kentucky,17,ky
metcalfecountyky,metcalfe county,ky,kentucky,17,ky
middlesboroky,middlesboro,ky,kentucky,17,ky
middletownky,middletown,ky,kentucky,17,ky
midwayky,midway,ky,kentucky,17,ky
monroecountyky,monroe county,ky,kentucky,17,ky
montgomerycountyky,montgomery county,ky,kentucky,17,ky
monticelloky,monticello,ky,kentucky,17,ky
moreheadky,morehead,ky,kentucky,17,ky
morgancountyky,morgan county,ky,kentucky,17,ky
morganfieldky,morganfield,ky,kentucky,17,ky
morgantownky,morgantown,ky,kentucky,17,ky
mountolivetky,mount olivet,ky,kentucky,17,ky
mountsterlingky,mount sterling,ky,kentucky,17,ky
mountvernonky,mount vernon,ky,kentucky,17,ky
mountwashingtonky,mount washington,ky,kentucky,17,ky
muhlenbergcountyky,muhlenberg county,ky,kentucky,17,ky
munfordvilleky,munfordville,ky,kentucky,17,ky
murrayky,murray,ky,kentucky,17,ky
nelsoncountyky,nelson county,ky,kentucky,17,ky
newcastleky,new castle,ky,kentucky,17,ky
newburgky,newburg,ky,kentucky,17,ky
newportky,newport,ky,kentucky,17,ky
nicholascountyky,nicholas county,ky,kentucky,17,ky
nicholasvilleky,nicholasville,ky,kentucky,17,ky
northcorbinky,north corbin,ky,kentucky,17,ky
northfieldky,northfield,ky,kentucky,17,ky
nortonvilleky,nortonville,ky,kentucky,17,ky
oakgroveky,oak grove,ky,kentucky,17,ky
oakbrookky,oakbrook,ky,kentucky,17,ky
ohiocountyky,ohio county,ky,kentucky,17,ky
okolonaky,okolona,ky,kentucky,17,ky
oldhamcountyky,oldham county,ky,kentucky,17,ky
olivehillky,olive hill,ky,kentucky,17,ky
orchardgrasshillsky,orchard grass hills,ky,kentucky,17,ky
owencountyky,owen county,ky,kentucky,17,ky
owensboroky,owensboro,ky,kentucky,17,ky
owentonky,owenton,ky,kentucky,17,ky
owingsvilleky,owingsville,ky,kentucky,17,ky
owsleycountyky,owsley county,ky,kentucky,17,ky
paducahky,paducah,ky,kentucky,17,ky
paintsvilleky,paintsville,ky,kentucky,17,ky
parisky,paris,ky,kentucky,17,ky
parkhillsky,park hills,ky,kentucky,17,ky
pendletoncountyky,pendleton county,ky,kentucky,17,ky
perrycountyky,perry county,ky,kentucky,17,ky
peweevalleyky,pewee valley,ky,kentucky,17,ky
pikecountyky,pike county,ky,kentucky,17,ky
pikevilleky,pikeville,ky,kentucky,17,ky
pineknotky,pine knot,ky,kentucky,17,ky
pinevilleky,pineville,ky,kentucky,17,ky
pioneervillageky,pioneer village,ky,kentucky,17,ky
planoky,plano,ky,kentucky,17,ky
pleasureridgeparkky,pleasure ridge park,ky,kentucky,17,ky
powellcountyky,powell county,ky,kentucky,17,ky
prestonsburgky,prestonsburg,ky,kentucky,17,ky
princetonky,princeton,ky,kentucky,17,ky
prospectky,prospect,ky,kentucky,17,ky
providenceky,providence,ky,kentucky,17,ky
pulaskicountyky,pulaski county,ky,kentucky,17,ky
racelandky,raceland,ky,kentucky,17,ky
radcliffky,radcliff,ky,kentucky,17,ky
reidlandky,reidland,ky,kentucky,17,ky
richmondky,richmond,ky,kentucky,17,ky
robertsoncountyky,robertson county,ky,kentucky,17,ky
rockcastlecountyky,rockcastle county,ky,kentucky,17,ky
rowancountyky,rowan county,ky,kentucky,17,ky
russellky,russell,ky,kentucky,17,ky
russellcountyky,russell county,ky,kentucky,17,ky
russellspringsky,russell springs,ky,kentucky,17,ky
russellvilleky,russellville,ky,kentucky,17,ky
rylandheightsky,ryland heights,ky,kentucky,17,ky
saintdennisky,saint dennis,ky,kentucky,17,ky
saintmatthewsky,saint matthews,ky,kentucky,17,ky
saintregisparkky,saint regis park,ky,kentucky,17,ky
salyersvilleky,salyersville,ky,kentucky,17,ky
sandyhookky,sandy hook,ky,kentucky,17,ky
scottcountyky,scott county,ky,kentucky,17,ky
scottsvilleky,scottsville,ky,kentucky,17,ky
sebreeky,sebree,ky,kentucky,17,ky
shelbycountyky,shelby county,ky,kentucky,17,ky
shelbyvilleky,shelbyville,ky,kentucky,17,ky
shepherdsvilleky,shepherdsville,ky,kentucky,17,ky
shivelyky,shively,ky,kentucky,17,ky
silvergroveky,silver grove,ky,kentucky,17,ky
simpsoncountyky,simpson county,ky,kentucky,17,ky
simpsonvilleky,simpsonville,ky,kentucky,17,ky
smithlandky,smithland,ky,kentucky,17,ky
somersetky,somerset,ky,kentucky,17,ky
southshoreky,south shore,ky,kentucky,17,ky
southgateky,southgate,ky,kentucky,17,ky
spencercountyky,spencer county,ky,kentucky,17,ky
springfieldky,springfield,ky,kentucky,17,ky
stanfordky,stanford,ky,kentucky,17,ky
stantonky,stanton,ky,kentucky,17,ky
stearnsky,stearns,ky,kentucky,17,ky
sturgisky,sturgis,ky,kentucky,17,ky
taylorcountyky,taylor county,ky,kentucky,17,ky
taylormillky,taylor mill,ky,kentucky,17,ky
taylorsvilleky,taylorsville,ky,kentucky,17,ky
toddcountyky,todd county,ky,kentucky,17,ky
tompkinsvilleky,tompkinsville,ky,kentucky,17,ky
triggcountyky,trigg county,ky,kentucky,17,ky
trimblecountyky,trimble county,ky,kentucky,17,ky
unionky,union,ky,kentucky,17,ky
unioncountyky,union county,ky,kentucky,17,ky
valleystationky,valley station,ky,kentucky,17,ky
vanlearky,van lear,ky,kentucky,17,ky
vanceburgky,vanceburg,ky,kentucky,17,ky
veronaky,verona,ky,kentucky,17,ky
versaillesky,versailles,ky,kentucky,17,ky
villahillsky,villa hills,ky,kentucky,17,ky
vinegroveky,vine grove,ky,kentucky,17,ky
waltonky,walton,ky,kentucky,17,ky
warrencountyky,warren county,ky,kentucky,17,ky
warsawky,warsaw,ky,kentucky,17,ky
washingtoncountyky,washington county,ky,kentucky,17,ky
wattersonparkky,watterson park,ky,kentucky,17,ky
waynecountyky,wayne county,ky,kentucky,17,ky
webstercountyky,webster county,ky,kentucky,17,ky
westbuechelky,west buechel,ky,kentucky,17,ky
westlibertyky,west liberty,ky,kentucky,17,ky
westwoodky,westwood,ky,kentucky,17,ky
whitesburgky,whitesburg,ky,kentucky,17,ky
whitleycityky,whitley city,ky,kentucky,17,ky
whitleycountyky,whitley county,ky,kentucky,17,ky
wickliffeky,wickliffe,ky,kentucky,17,ky
wilderky,wilder,ky,kentucky,17,ky
williamsburgky,williamsburg,ky,kentucky,17,ky
williamstownky,williamstown,ky,kentucky,17,ky
wilmoreky,wilmore,ky,kentucky,17,ky
winchesterky,winchester,ky,kentucky,17,ky
windyhillsky,windy hills,ky,kentucky,17,ky
wolfecountyky,wolfe county,ky,kentucky,17,ky
woodfordcountyky,woodford county,ky,kentucky,17,ky
worthingtonky,worthington,ky,kentucky,17,ky
worthingtonhillsky,worthington hills,ky,kentucky,17,ky
wurtlandky,wurtland,ky,kentucky,17,ky
abbevillela,abbeville,la,louisiana,18,la
abitaspringsla,abita springs,la,louisiana,18,la
acadiaparishla,acadia parish,la,louisiana,18,la
addisla,addis,la,louisiana,18,la
albanyla,albany,la,louisiana,18,la
alexandriala,alexandria,la,louisiana,18,la
allenparishla,allen parish,la,louisiana,18,la
amala,ama,la,louisiana,18,la
ameliala,amelia,la,louisiana,18,la
amitela,amite,la,louisiana,18,la
arabila,arabi,la,louisiana,18,la
arcadiala,arcadia,la,louisiana,18,la
arnaudvillela,arnaudville,la,louisiana,18,la
ascensionparishla,ascension parish,la,louisiana,18,la
assumptionparishla,assumption parish,la,louisiana,18,la
avondalela,avondale,la,louisiana,18,la
avoyellesparishla,avoyelles parish,la,louisiana,18,la
bakerla,baker,la,louisiana,18,la
baldwinla,baldwin,la,louisiana,18,la
ballla,ball,la,louisiana,18,la
banksspringsla,banks springs,la,louisiana,18,la
baratariala,barataria,la,louisiana,18,la
basilela,basile,la,louisiana,18,la
bastropla,bastrop,la,louisiana,18,la
batonrougela,baton rouge,la,louisiana,18,la
bawcomvillela,bawcomville,la,louisiana,18,la
bayoucanela,bayou cane,la,louisiana,18,la
bayougauchela,bayou gauche,la,louisiana,18,la
bayouvistala,bayou vista,la,louisiana,18,la
beauregardparishla,beauregard parish,la,louisiana,18,la
bellechassela,belle chasse,la,louisiana,18,la
bellerosela,belle rose,la,louisiana,18,la
bentonla,benton,la,louisiana,18,la
bernicela,bernice,la,louisiana,18,la
berwickla,berwick,la,louisiana,18,la
bienvilleparishla,bienville parish,la,louisiana,18,la
blanchardla,blanchard,la,louisiana,18,la
bogalusala,bogalusa,la,louisiana,18,la
bossiercityla,bossier city,la,louisiana,18,la
bossierparishla,bossier parish,la,louisiana,18,la
bourgla,bourg,la,louisiana,18,la
bouttela,boutte,la,louisiana,18,la
breauxbridgela,breaux bridge,la,louisiana,18,la
bridgecityla,bridge city,la,louisiana,18,la
broussardla,broussard,la,louisiana,18,la
brownsfieldla,brownsfield,la,louisiana,18,la
brownsvillela,brownsville,la,louisiana,18,la
bruslyla,brusly,la,louisiana,18,la
bunkiela,bunkie,la,louisiana,18,la
caddoparishla,caddo parish,la,louisiana,18,la
cadela,cade,la,louisiana,18,la
calcasieuparishla,calcasieu parish,la,louisiana,18,la
caldwellparishla,caldwell parish,la,louisiana,18,la
cameronla,cameron,la,louisiana,18,la
cameronparishla,cameron parish,la,louisiana,18,la
camptila,campti,la,louisiana,18,la
carencrola,carencro,la,louisiana,18,la
carlyssla,carlyss,la,louisiana,18,la
carvillela,carville,la,louisiana,18,la
catahoulala,catahoula,la,louisiana,18,la
catahoulaparishla,catahoula parish,la,louisiana,18,la
ceciliala,cecilia,la,louisiana,18,la
centralla,central,la,louisiana,18,la
chackbayla,chackbay,la,louisiana,18,la
chalmettela,chalmette,la,louisiana,18,la
charentonla,charenton,la,louisiana,18,la
chauvinla,chauvin,la,louisiana,18,la
churchpointla,church point,la,louisiana,18,la
claibornela,claiborne,la,louisiana,18,la
claiborneparishla,claiborne parish,la,louisiana,18,la
clarksla,clarks,la,louisiana,18,la
clintonla,clinton,la,louisiana,18,la
colfaxla,colfax,la,louisiana,18,la
columbiala,columbia,la,louisiana,18,la
concordiaparishla,concordia parish,la,louisiana,18,la
conventla,convent,la,louisiana,18,la
cottonportla,cottonport,la,louisiana,18,la
coushattala,coushatta,la,louisiana,18,la
covingtonla,covington,la,louisiana,18,la
crowleyla,crowley,la,louisiana,18,la
cullenla,cullen,la,louisiana,18,la
cutoffla,cut off,la,louisiana,18,la
desotoparishla,de soto parish,la,louisiana,18,la
dequincyla,dequincy,la,louisiana,18,la
deridderla,deridder,la,louisiana,18,la
delcambrela,delcambre,la,louisiana,18,la
delhila,delhi,la,louisiana,18,la
denhamspringsla,denham springs,la,louisiana,18,la
desallemandsla,des allemands,la,louisiana,18,la
destrehanla,destrehan,la,louisiana,18,la
devillela,deville,la,louisiana,18,la
donaldsonvillela,donaldsonville,la,louisiana,18,la
dulacla,dulac,la,louisiana,18,la
dusonla,duson,la,louisiana,18,la
eastbatonrougeparishla,east baton rouge parish,la,louisiana,18,la
eastcarrollparishla,east carroll parish,la,louisiana,18,la
eastfelicianaparishla,east feliciana parish,la,louisiana,18,la
eastwoodla,eastwood,la,louisiana,18,la
edenislela,eden isle,la,louisiana,18,la
edgardla,edgard,la,louisiana,18,la
elmwoodla,elmwood,la,louisiana,18,la
eltonla,elton,la,louisiana,18,la
erathla,erath,la,louisiana,18,la
erwinvillela,erwinville,la,louisiana,18,la
estellela,estelle,la,louisiana,18,la
eunicela,eunice,la,louisiana,18,la
evangelineparishla,evangeline parish,la,louisiana,18,la
farmervillela,farmerville,la,louisiana,18,la
ferridayla,ferriday,la,louisiana,18,la
fortpolknorthla,fort polk north,la,louisiana,18,la
fortpolksouthla,fort polk south,la,louisiana,18,la
franklinla,franklin,la,louisiana,18,la
franklinparishla,franklin parish,la,louisiana,18,la
franklintonla,franklinton,la,louisiana,18,la
frenchsettlementla,french settlement,la,louisiana,18,la
gallianola,galliano,la,louisiana,18,la
garderela,gardere,la,louisiana,18,la
garyvillela,garyville,la,louisiana,18,la
glenmorala,glenmora,la,louisiana,18,la
goldenmeadowla,golden meadow,la,louisiana,18,la
gonzalesla,gonzales,la,louisiana,18,la
gramblingla,grambling,la,louisiana,18,la
gramercyla,gramercy,la,louisiana,18,la
grandislela,grand isle,la,louisiana,18,la
grandpointla,grand point,la,louisiana,18,la
grantparishla,grant parish,la,louisiana,18,la
grayla,gray,la,louisiana,18,la
greensburgla,greensburg,la,louisiana,18,la
greenwoodla,greenwood,la,louisiana,18,la
gretnala,gretna,la,louisiana,18,la
gueydanla,gueydan,la,louisiana,18,la
hackberryla,hackberry,la,louisiana,18,la
hahnvillela,hahnville,la,louisiana,18,la
hammondla,hammond,la,louisiana,18,la
harahanla,harahan,la,louisiana,18,la
harrisonburgla,harrisonburg,la,louisiana,18,la
harveyla,harvey,la,louisiana,18,la
haughtonla,haughton,la,louisiana,18,la
haynesvillela,haynesville,la,louisiana,18,la
hendersonla,henderson,la,louisiana,18,la
homerla,homer,la,louisiana,18,la
houmala,houma,la,louisiana,18,la
iberiaparishla,iberia parish,la,louisiana,18,la
ibervilleparishla,iberville parish,la,louisiana,18,la
independencela,independence,la,louisiana,18,la
inniswoldla,inniswold,la,louisiana,18,la
iotala,iota,la,louisiana,18,la
iowala,iowa,la,louisiana,18,la
jacksonla,jackson,la,louisiana,18,la
jacksonparishla,jackson parish,la,louisiana,18,la
jeanlafittela,jean lafitte,la,louisiana,18,la
jeanerettela,jeanerette,la,louisiana,18,la
jeffersonla,jefferson,la,louisiana,18,la
jeffersondavisparishla,jefferson davis parish,la,louisiana,18,la
jeffersonparishla,jefferson parish,la,louisiana,18,la
jenala,jena,la,louisiana,18,la
jenningsla,jennings,la,louisiana,18,la
jonesborola,jonesboro,la,louisiana,18,la
jonesvillela,jonesville,la,louisiana,18,la
kaplanla,kaplan,la,louisiana,18,la
kennerla,kenner,la,louisiana,18,la
kentwoodla,kentwood,la,louisiana,18,la
killianla,killian,la,louisiana,18,la
kinderla,kinder,la,louisiana,18,la
krotzspringsla,krotz springs,la,louisiana,18,la
lasalleparishla,la salle parish,la,louisiana,18,la
labadievillela,labadieville,la,louisiana,18,la
lacombela,lacombe,la,louisiana,18,la
lafayettela,lafayette,la,louisiana,18,la
lafayetteparishla,lafayette parish,la,louisiana,18,la
lafourcheparishla,lafourche parish,la,louisiana,18,la
lakearthurla,lake arthur,la,louisiana,18,la
lakecharlesla,lake charles,la,louisiana,18,la
lakeprovidencela,lake providence,la,louisiana,18,la
lakeshorela,lakeshore,la,louisiana,18,la
laplacela,laplace,la,louisiana,18,la
larosela,larose,la,louisiana,18,la
lawtellla,lawtell,la,louisiana,18,la
lecomptela,lecompte,la,louisiana,18,la
leesvillela,leesville,la,louisiana,18,la
leonvillela,leonville,la,louisiana,18,la
lincolnparishla,lincoln parish,la,louisiana,18,la
livingstonla,livingston,la,louisiana,18,la
livingstonparishla,livingston parish,la,louisiana,18,la
livoniala,livonia,la,louisiana,18,la
lockportla,lockport,la,louisiana,18,la
lockportheightsla,lockport heights,la,louisiana,18,la
logansportla,logansport,la,louisiana,18,la
lulingla,luling,la,louisiana,18,la
lutcherla,lutcher,la,louisiana,18,la
madisonparishla,madison parish,la,louisiana,18,la
mamoula,mamou,la,louisiana,18,la
mandevillela,mandeville,la,louisiana,18,la
mansfieldla,mansfield,la,louisiana,18,la
mansurala,mansura,la,louisiana,18,la
manyla,many,la,louisiana,18,la
maringouinla,maringouin,la,louisiana,18,la
marksvillela,marksville,la,louisiana,18,la
marrerola,marrero,la,louisiana,18,la
mathewsla,mathews,la,louisiana,18,la
mauricela,maurice,la,louisiana,18,la
melvillela,melville,la,louisiana,18,la
merauxla,meraux,la,louisiana,18,la
merrydalela,merrydale,la,louisiana,18,la
merryvillela,merryville,la,louisiana,18,la
metairiela,metairie,la,louisiana,18,la
metairieterracela,metairie terrace,la,louisiana,18,la
midwayla,midway,la,louisiana,18,la
miltonla,milton,la,louisiana,18,la
mindenla,minden,la,louisiana,18,la
minorcala,minorca,la,louisiana,18,la
monroela,monroe,la,louisiana,18,la
montegutla,montegut,la,louisiana,18,la
monticellola,monticello,la,louisiana,18,la
montzla,montz,la,louisiana,18,la
morehouseparishla,morehouse parish,la,louisiana,18,la
morgancityla,morgan city,la,louisiana,18,la
mossbluffla,moss bluff,la,louisiana,18,la
napoleonvillela,napoleonville,la,louisiana,18,la
natalbanyla,natalbany,la,louisiana,18,la
natchitochesla,natchitoches,la,louisiana,18,la
natchitochesparishla,natchitoches parish,la,louisiana,18,la
newiberiala,new iberia,la,louisiana,18,la
newllanola,new llano,la,louisiana,18,la
neworleansla,new orleans,la,louisiana,18,la
newroadsla,new roads,la,louisiana,18,la
newsarpyla,new sarpy,la,louisiana,18,la
newelltonla,newellton,la,louisiana,18,la
norcola,norco,la,louisiana,18,la
northvacheriela,north vacherie,la,louisiana,18,la
oakgrovela,oak grove,la,louisiana,18,la
oakhillsplacela,oak hills place,la,louisiana,18,la
oakdalela,oakdale,la,louisiana,18,la
oberlinla,oberlin,la,louisiana,18,la
oldjeffersonla,old jefferson,la,louisiana,18,la
ollala,olla,la,louisiana,18,la
opelousasla,opelousas,la,louisiana,18,la
orleansparishla,orleans parish,la,louisiana,18,la
ossunla,ossun,la,louisiana,18,la
ouachitaparishla,ouachita parish,la,louisiana,18,la
paradisla,paradis,la,louisiana,18,la
pattersonla,patterson,la,louisiana,18,la
paulinala,paulina,la,louisiana,18,la
pearlriverla,pearl river,la,louisiana,18,la
pierrepartla,pierre part,la,louisiana,18,la
pineprairiela,pine prairie,la,louisiana,18,la
pinevillela,pineville,la,louisiana,18,la
plaqueminela,plaquemine,la,louisiana,18,la
plaqueminesparishla,plaquemines parish,la,louisiana,18,la
pointecoupeeparishla,pointe coupee parish,la,louisiana,18,la
ponchatoulala,ponchatoula,la,louisiana,18,la
portallenla,port allen,la,louisiana,18,la
portbarrela,port barre,la,louisiana,18,la
portsulphurla,port sulphur,la,louisiana,18,la
poydrasla,poydras,la,louisiana,18,la
prairievillela,prairieville,la,louisiana,18,la
presquillela,presquille,la,louisiana,18,la
prienla,prien,la,louisiana,18,la
racelandla,raceland,la,louisiana,18,la
rapidesparishla,rapides parish,la,louisiana,18,la
raynela,rayne,la,louisiana,18,la
rayvillela,rayville,la,louisiana,18,la
redchutela,red chute,la,louisiana,18,la
redriverparishla,red river parish,la,louisiana,18,la
reservela,reserve,la,louisiana,18,la
richlandparishla,richland parish,la,louisiana,18,la
richwoodla,richwood,la,louisiana,18,la
ringgoldla,ringgold,la,louisiana,18,la
riverridgela,river ridge,la,louisiana,18,la
roselandla,roseland,la,louisiana,18,la
rosepinela,rosepine,la,louisiana,18,la
rustonla,ruston,la,louisiana,18,la
sabineparishla,sabine parish,la,louisiana,18,la
saintbernardparishla,saint bernard parish,la,louisiana,18,la
saintcharlesparishla,saint charles parish,la,louisiana,18,la
saintfrancisvillela,saint francisville,la,louisiana,18,la
saintgabriella,saint gabriel,la,louisiana,18,la
sainthelenaparishla,saint helena parish,la,louisiana,18,la
saintjamesparishla,saint james parish,la,louisiana,18,la
saintjohnthebaptistparishla,saint john the baptist parish,la,louisiana,18,la
saintjosephla,saint joseph,la,louisiana,18,la
saintlandryparishla,saint landry parish,la,louisiana,18,la
saintmartinparishla,saint martin parish,la,louisiana,18,la
saintmartinvillela,saint martinville,la,louisiana,18,la
saintmaryparishla,saint mary parish,la,louisiana,18,la
saintrosela,saint rose,la,louisiana,18,la
sainttammanyparishla,saint tammany parish,la,louisiana,18,la
schrieverla,schriever,la,louisiana,18,la
scottla,scott,la,louisiana,18,la
shenandoahla,shenandoah,la,louisiana,18,la
shreveportla,shreveport,la,louisiana,18,la
sibleyla,sibley,la,louisiana,18,la
simmesportla,simmesport,la,louisiana,18,la
slidellla,slidell,la,louisiana,18,la
sorrentola,sorrento,la,louisiana,18,la
southvacheriela,south vacherie,la,louisiana,18,la
springhillla,springhill,la,louisiana,18,la
sterlingtonla,sterlington,la,louisiana,18,la
stonewallla,stonewall,la,louisiana,18,la
sulphurla,sulphur,la,louisiana,18,la
sunsetla,sunset,la,louisiana,18,la
supremela,supreme,la,louisiana,18,la
swartzla,swartz,la,louisiana,18,la
tallulahla,tallulah,la,louisiana,18,la
tangipahoaparishla,tangipahoa parish,la,louisiana,18,la
tensasparishla,tensas parish,la,louisiana,18,la
terrebonneparishla,terrebonne parish,la,louisiana,18,la
terrytownla,terrytown,la,louisiana,18,la
thibodauxla,thibodaux,la,louisiana,18,la
timberlanela,timberlane,la,louisiana,18,la
unionparishla,union parish,la,louisiana,18,la
uraniala,urania,la,louisiana,18,la
vermilionparishla,vermilion parish,la,louisiana,18,la
vernonparishla,vernon parish,la,louisiana,18,la
vidaliala,vidalia,la,louisiana,18,la
viennabendla,vienna bend,la,louisiana,18,la
villagesaintgeorgela,village saint george,la,louisiana,18,la
villeplattela,ville platte,la,louisiana,18,la
vintonla,vinton,la,louisiana,18,la
violetla,violet,la,louisiana,18,la
vivianla,vivian,la,louisiana,18,la
waggamanla,waggaman,la,louisiana,18,la
walkerla,walker,la,louisiana,18,la
washingtonparishla,washington parish,la,louisiana,18,la
watsonla,watson,la,louisiana,18,la
websterparishla,webster parish,la,louisiana,18,la
welshla,welsh,la,louisiana,18,la
westbatonrougeparishla,west baton rouge parish,la,louisiana,18,la
westcarrollparishla,west carroll parish,la,louisiana,18,la
westfelicianaparishla,west feliciana parish,la,louisiana,18,la
westferridayla,west ferriday,la,louisiana,18,la
westmonroela,west monroe,la,louisiana,18,la
westlakela,westlake,la,louisiana,18,la
westminsterla,westminster,la,louisiana,18,la
westwegola,westwego,la,louisiana,18,la
whitecastlela,white castle,la,louisiana,18,la
winnparishla,winn parish,la,louisiana,18,la
winnfieldla,winnfield,la,louisiana,18,la
winnsborola,winnsboro,la,louisiana,18,la
woodmerela,woodmere,la,louisiana,18,la
woodworthla,woodworth,la,louisiana,18,la
youngsvillela,youngsville,la,louisiana,18,la
zacharyla,zachary,la,louisiana,18,la
zwollela,zwolle,la,louisiana,18,la
actonme,acton,me,maine,19,me
addisonme,addison,me,maine,19,me
albionme,albion,me,maine,19,me
alfredme,alfred,me,maine,19,me
androscoggincountyme,androscoggin county,me,maine,19,me
appletonme,appleton,me,maine,19,me
aroostookcountyme,aroostook county,me,maine,19,me
arundelme,arundel,me,maine,19,me
auburnme,auburn,me,maine,19,me
augustame,augusta,me,maine,19,me
bangorme,bangor,me,maine,19,me
barharborme,bar harbor,me,maine,19,me
bathme,bath,me,maine,19,me
belfastme,belfast,me,maine,19,me
belgrademe,belgrade,me,maine,19,me
bentonme,benton,me,maine,19,me
berwickme,berwick,me,maine,19,me
bethelme,bethel,me,maine,19,me
biddefordme,biddeford,me,maine,19,me
boothbayme,boothbay,me,maine,19,me
boothbayharborme,boothbay harbor,me,maine,19,me
bradfordme,bradford,me,maine,19,me
bradleyme,bradley,me,maine,19,me
brewerme,brewer,me,maine,19,me
bridgtonme,bridgton,me,maine,19,me
bristolme,bristol,me,maine,19,me
brooksme,brooks,me,maine,19,me
brownfieldme,brownfield,me,maine,19,me
brownvilleme,brownville,me,maine,19,me
brunswickme,brunswick,me,maine,19,me
buckfieldme,buckfield,me,maine,19,me
bucksportme,bucksport,me,maine,19,me
burnhamme,burnham,me,maine,19,me
buxtonme,buxton,me,maine,19,me
calaisme,calais,me,maine,19,me
camdenme,camden,me,maine,19,me
canaanme,canaan,me,maine,19,me
cantonme,canton,me,maine,19,me
capeneddickme,cape neddick,me,maine,19,me
cariboume,caribou,me,maine,19,me
carmelme,carmel,me,maine,19,me
castineme,castine,me,maine,19,me
charlestonme,charleston,me,maine,19,me
chelseame,chelsea,me,maine,19,me
cherryfieldme,cherryfield,me,maine,19,me
chestervilleme,chesterville,me,maine,19,me
chiname,china,me,maine,19,me
chisholmme,chisholm,me,maine,19,me
clintonme,clinton,me,maine,19,me
corinname,corinna,me,maine,19,me
cornishme,cornish,me,maine,19,me
cornvilleme,cornville,me,maine,19,me
cumberlandcenterme,cumberland center,me,maine,19,me
cumberlandcountyme,cumberland county,me,maine,19,me
cushingme,cushing,me,maine,19,me
damariscottame,damariscotta,me,maine,19,me
daytonme,dayton,me,maine,19,me
dedhamme,dedham,me,maine,19,me
deerisleme,deer isle,me,maine,19,me
denmarkme,denmark,me,maine,19,me
dexterme,dexter,me,maine,19,me
dixfieldme,dixfield,me,maine,19,me
dixmontme,dixmont,me,maine,19,me
dover-foxcroftme,dover-foxcroft,me,maine,19,me
eastmachiasme,east machias,me,maine,19,me
eastmillinocketme,east millinocket,me,maine,19,me
eastonme,easton,me,maine,19,me
eastportme,eastport,me,maine,19,me
eddingtonme,eddington,me,maine,19,me
edgecombme,edgecomb,me,maine,19,me
eliotme,eliot,me,maine,19,me
ellsworthme,ellsworth,me,maine,19,me
enfieldme,enfield,me,maine,19,me
etname,etna,me,maine,19,me
fairfieldme,fairfield,me,maine,19,me
falmouthme,falmouth,me,maine,19,me
falmouthforesideme,falmouth foreside,me,maine,19,me
farmingdaleme,farmingdale,me,maine,19,me
farmingtonme,farmington,me,maine,19,me
fayetteme,fayette,me,maine,19,me
fortfairfieldme,fort fairfield,me,maine,19,me
fortkentme,fort kent,me,maine,19,me
frankfortme,frankfort,me,maine,19,me
franklinme,franklin,me,maine,19,me
franklincountyme,franklin county,me,maine,19,me
freeportme,freeport,me,maine,19,me
frenchvilleme,frenchville,me,maine,19,me
friendshipme,friendship,me,maine,19,me
fryeburgme,fryeburg,me,maine,19,me
gardinerme,gardiner,me,maine,19,me
garlandme,garland,me,maine,19,me
gorhamme,gorham,me,maine,19,me
gouldsborome,gouldsboro,me,maine,19,me
greenbushme,greenbush,me,maine,19,me
greeneme,greene,me,maine,19,me
greenvilleme,greenville,me,maine,19,me
hallowellme,hallowell,me,maine,19,me
hampdenme,hampden,me,maine,19,me
hancockme,hancock,me,maine,19,me
hancockcountyme,hancock county,me,maine,19,me
harpswellcenterme,harpswell center,me,maine,19,me
harrisonme,harrison,me,maine,19,me
hartfordme,hartford,me,maine,19,me
hebronme,hebron,me,maine,19,me
hermonme,hermon,me,maine,19,me
hiramme,hiram,me,maine,19,me
hodgdonme,hodgdon,me,maine,19,me
holdenme,holden,me,maine,19,me
holliscenterme,hollis center,me,maine,19,me
hopeme,hope,me,maine,19,me
houltonme,houlton,me,maine,19,me
howlandme,howland,me,maine,19,me
hudsonme,hudson,me,maine,19,me
jayme,jay,me,maine,19,me
jeffersonme,jefferson,me,maine,19,me
jonesportme,jonesport,me,maine,19,me
kenduskeagme,kenduskeag,me,maine,19,me
kennebeccountyme,kennebec county,me,maine,19,me
kennebunkme,kennebunk,me,maine,19,me
kennebunkportme,kennebunkport,me,maine,19,me
kingfieldme,kingfield,me,maine,19,me
kitteryme,kittery,me,maine,19,me
kitterypointme,kittery point,me,maine,19,me
knoxcountyme,knox county,me,maine,19,me
lakearrowheadme,lake arrowhead,me,maine,19,me
lebanonme,lebanon,me,maine,19,me
leedsme,leeds,me,maine,19,me
levantme,levant,me,maine,19,me
lewistonme,lewiston,me,maine,19,me
limerickme,limerick,me,maine,19,me
limestoneme,limestone,me,maine,19,me
limingtonme,limington,me,maine,19,me
lincolnme,lincoln,me,maine,19,me
lincolncountyme,lincoln county,me,maine,19,me
lincolnvilleme,lincolnville,me,maine,19,me
lisbonme,lisbon,me,maine,19,me
lisbonfallsme,lisbon falls,me,maine,19,me
livermoreme,livermore,me,maine,19,me
livermorefallsme,livermore falls,me,maine,19,me
lovellme,lovell,me,maine,19,me
machiasme,machias,me,maine,19,me
machiasportme,machiasport,me,maine,19,me
madawaskame,madawaska,me,maine,19,me
madisonme,madison,me,maine,19,me
manchesterme,manchester,me,maine,19,me
mechanicfallsme,mechanic falls,me,maine,19,me
medwayme,medway,me,maine,19,me
mexicome,mexico,me,maine,19,me
milbridgeme,milbridge,me,maine,19,me
milfordme,milford,me,maine,19,me
millinocketme,millinocket,me,maine,19,me
milome,milo,me,maine,19,me
minotme,minot,me,maine,19,me
monmouthme,monmouth,me,maine,19,me
mountvernonme,mount vernon,me,maine,19,me
newgloucesterme,new gloucester,me,maine,19,me
newsharonme,new sharon,me,maine,19,me
newfieldme,newfield,me,maine,19,me
newportme,newport,me,maine,19,me
nobleborome,nobleboro,me,maine,19,me
norridgewockme,norridgewock,me,maine,19,me
northbathme,north bath,me,maine,19,me
northberwickme,north berwick,me,maine,19,me
northwindhamme,north windham,me,maine,19,me
northportme,northport,me,maine,19,me
norwayme,norway,me,maine,19,me
oaklandme,oakland,me,maine,19,me
ogunquitme,ogunquit,me,maine,19,me
oldorchardbeachme,old orchard beach,me,maine,19,me
oldtownme,old town,me,maine,19,me
orlandme,orland,me,maine,19,me
oronome,orono,me,maine,19,me
orringtonme,orrington,me,maine,19,me
owlsheadme,owls head,me,maine,19,me
oxfordme,oxford,me,maine,19,me
oxfordcountyme,oxford county,me,maine,19,me
palermome,palermo,me,maine,19,me
palmyrame,palmyra,me,maine,19,me
parisme,paris,me,maine,19,me
parsonsfieldme,parsonsfield,me,maine,19,me
pattenme,patten,me,maine,19,me
penobscotme,penobscot,me,maine,19,me
penobscotcountyme,penobscot county,me,maine,19,me
perume,peru,me,maine,19,me
phillipsme,phillips,me,maine,19,me
phippsburgme,phippsburg,me,maine,19,me
piscataquiscountyme,piscataquis county,me,maine,19,me
pittsfieldme,pittsfield,me,maine,19,me
pittstonme,pittston,me,maine,19,me
plymouthme,plymouth,me,maine,19,me
polandme,poland,me,maine,19,me
porterme,porter,me,maine,19,me
portlandme,portland,me,maine,19,me
presqueisleme,presque isle,me,maine,19,me
randolphme,randolph,me,maine,19,me
raymondme,raymond,me,maine,19,me
readfieldme,readfield,me,maine,19,me
richmondme,richmond,me,maine,19,me
rocklandme,rockland,me,maine,19,me
rockportme,rockport,me,maine,19,me
romeme,rome,me,maine,19,me
rumfordme,rumford,me,maine,19,me
sabattusme,sabattus,me,maine,19,me
sacome,saco,me,maine,19,me
sagadahoccountyme,sagadahoc county,me,maine,19,me
saintalbansme,saint albans,me,maine,19,me
saintgeorgeme,saint george,me,maine,19,me
sanfordme,sanford,me,maine,19,me
sangervilleme,sangerville,me,maine,19,me
scarboroughme,scarborough,me,maine,19,me
searsmontme,searsmont,me,maine,19,me
sedgwickme,sedgwick,me,maine,19,me
shapleighme,shapleigh,me,maine,19,me
sidneyme,sidney,me,maine,19,me
skowheganme,skowhegan,me,maine,19,me
somersetcountyme,somerset county,me,maine,19,me
southberwickme,south berwick,me,maine,19,me
southeliotme,south eliot,me,maine,19,me
southparisme,south paris,me,maine,19,me
southportlandme,south portland,me,maine,19,me
southportlandgardensme,south portland gardens,me,maine,19,me
southsanfordme,south sanford,me,maine,19,me
souththomastonme,south thomaston,me,maine,19,me
southwindhamme,south windham,me,maine,19,me
springvaleme,springvale,me,maine,19,me
steepfallsme,steep falls,me,maine,19,me
stetsonme,stetson,me,maine,19,me
steubenme,steuben,me,maine,19,me
stocktonspringsme,stockton springs,me,maine,19,me
stoningtonme,stonington,me,maine,19,me
strongme,strong,me,maine,19,me
sullivanme,sullivan,me,maine,19,me
surryme,surry,me,maine,19,me
swanvilleme,swanville,me,maine,19,me
thomastonme,thomaston,me,maine,19,me
topshamme,topsham,me,maine,19,me
tremontme,tremont,me,maine,19,me
trentonme,trenton,me,maine,19,me
troyme,troy,me,maine,19,me
turnerme,turner,me,maine,19,me
unionme,union,me,maine,19,me
vanburenme,van buren,me,maine,19,me
vassalborome,vassalboro,me,maine,19,me
veazieme,veazie,me,maine,19,me
vinalhavenme,vinalhaven,me,maine,19,me
waldocountyme,waldo county,me,maine,19,me
waldoborome,waldoboro,me,maine,19,me
warrenme,warren,me,maine,19,me
washingtonme,washington,me,maine,19,me
washingtoncountyme,washington county,me,maine,19,me
waterborome,waterboro,me,maine,19,me
watervilleme,waterville,me,maine,19,me
wayneme,wayne,me,maine,19,me
wellsbeachstationme,wells beach station,me,maine,19,me
westkennebunkme,west kennebunk,me,maine,19,me
westparisme,west paris,me,maine,19,me
westscarboroughme,west scarborough,me,maine,19,me
westbrookme,westbrook,me,maine,19,me
whitefieldme,whitefield,me,maine,19,me
wiltonme,wilton,me,maine,19,me
windsorme,windsor,me,maine,19,me
winslowme,winslow,me,maine,19,me
winterportme,winterport,me,maine,19,me
winthropme,winthrop,me,maine,19,me
wiscassetme,wiscasset,me,maine,19,me
woodstockme,woodstock,me,maine,19,me
woolwichme,woolwich,me,maine,19,me
yarmouthme,yarmouth,me,maine,19,me
yorkbeachme,york beach,me,maine,19,me
yorkcountyme,york county,me,maine,19,me
yorkharborme,york harbor,me,maine,19,me
aberdeenmd,aberdeen,md,maryland,20,md
aberdeenprovinggroundmd,aberdeen proving ground,md,maryland,20,md
accokeekmd,accokeek,md,maryland,20,md
adamstownmd,adamstown,md,maryland,20,md
adelphimd,adelphi,md,maryland,20,md
algonquinmd,algonquin,md,maryland,20,md
alleganycountymd,allegany county,md,maryland,20,md
andrewsafbmd,andrews afb,md,maryland,20,md
annapolismd,annapolis,md,maryland,20,md
annearundelcountymd,anne arundel county,md,maryland,20,md
arbutusmd,arbutus,md,maryland,20,md
ardenonthesevernmd,arden on the severn,md,maryland,20,md
arlingtonmd,arlington,md,maryland,20,md
arnoldmd,arnold,md,maryland,20,md
ashton-sandyspringmd,ashton-sandy spring,md,maryland,20,md
aspenhillmd,aspen hill,md,maryland,20,md
badenmd,baden,md,maryland,20,md
ballengercreekmd,ballenger creek,md,maryland,20,md
baltimoremd,baltimore,md,maryland,20,md
baltimorecountymd,baltimore county,md,maryland,20,md
baltimorehighlandsmd,baltimore highlands,md,maryland,20,md
bartonsvillemd,bartonsville,md,maryland,20,md
belairmd,bel air,md,maryland,20,md
belairnorthmd,bel air north,md,maryland,20,md
belairsouthmd,bel air south,md,maryland,20,md
beltsvillemd,beltsville,md,maryland,20,md
bennsvillemd,bennsville,md,maryland,20,md
berlinmd,berlin,md,maryland,20,md
berwynheightsmd,berwyn heights,md,maryland,20,md
bethesdamd,bethesda,md,maryland,20,md
bladensburgmd,bladensburg,md,maryland,20,md
boonsboromd,boonsboro,md,maryland,20,md
bowiemd,bowie,md,maryland,20,md
bowleysquartersmd,bowleys quarters,md,maryland,20,md
bowlinggreenmd,bowling green,md,maryland,20,md
braddockheightsmd,braddock heights,md,maryland,20,md
brandywinemd,brandywine,md,maryland,20,md
brentwoodmd,brentwood,md,maryland,20,md
brockhallmd,brock hall,md,maryland,20,md
brooklynparkmd,brooklyn park,md,maryland,20,md
brookmontmd,brookmont,md,maryland,20,md
brunswickmd,brunswick,md,maryland,20,md
bryansroadmd,bryans road,md,maryland,20,md
buckeystownmd,buckeystown,md,maryland,20,md
burtonsvillemd,burtonsville,md,maryland,20,md
butcher'shillmd,butcher's hill,md,maryland,20,md
cabinjohnmd,cabin john,md,maryland,20,md
californiamd,california,md,maryland,20,md
calvertcountymd,calvert county,md,maryland,20,md
calvertonmd,calverton,md,maryland,20,md
cambridgemd,cambridge,md,maryland,20,md
campspringsmd,camp springs,md,maryland,20,md
capesaintclairemd,cape saint claire,md,maryland,20,md
capitolheightsmd,capitol heights,md,maryland,20,md
carneymd,carney,md,maryland,20,md
carolinecountymd,caroline county,md,maryland,20,md
carrollcountymd,carroll county,md,maryland,20,md
catonsvillemd,catonsville,md,maryland,20,md
cavetownmd,cavetown,md,maryland,20,md
cecilcountymd,cecil county,md,maryland,20,md
centrevillemd,centreville,md,maryland,20,md
charlescountymd,charles county,md,maryland,20,md
charlesvillagemd,charles village,md,maryland,20,md
charlestownmd,charlestown,md,maryland,20,md
charlottehallmd,charlotte hall,md,maryland,20,md
chesapeakebeachmd,chesapeake beach,md,maryland,20,md
chesapeakeranchestatesmd,chesapeake ranch estates,md,maryland,20,md
chestermd,chester,md,maryland,20,md
chestertownmd,chestertown,md,maryland,20,md
cheverlymd,cheverly,md,maryland,20,md
chevychasemd,chevy chase,md,maryland,20,md
chevychasevillagemd,chevy chase village,md,maryland,20,md
chillummd,chillum,md,maryland,20,md
cityofbaltimoremd,city of baltimore,md,maryland,20,md
clarksburgmd,clarksburg,md,maryland,20,md
clintonmd,clinton,md,maryland,20,md
cloverhillmd,clover hill,md,maryland,20,md
cloverlymd,cloverly,md,maryland,20,md
cobbislandmd,cobb island,md,maryland,20,md
cockeysvillemd,cockeysville,md,maryland,20,md
colesvillemd,colesville,md,maryland,20,md
collegeparkmd,college park,md,maryland,20,md
colmarmanormd,colmar manor,md,maryland,20,md
columbiamd,columbia,md,maryland,20,md
coralhillsmd,coral hills,md,maryland,20,md
cottagecitymd,cottage city,md,maryland,20,md
cresaptownmd,cresaptown,md,maryland,20,md
crisfieldmd,crisfield,md,maryland,20,md
croftonmd,crofton,md,maryland,20,md
croommd,croom,md,maryland,20,md
crownsvillemd,crownsville,md,maryland,20,md
cumberlandmd,cumberland,md,maryland,20,md
damascusmd,damascus,md,maryland,20,md
darnestownmd,darnestown,md,maryland,20,md
davidsonvillemd,davidsonville,md,maryland,20,md
dealemd,deale,md,maryland,20,md
dentonmd,denton,md,maryland,20,md
derwoodmd,derwood,md,maryland,20,md
districtheightsmd,district heights,md,maryland,20,md
dorchestercountymd,dorchester county,md,maryland,20,md
drumpointmd,drum point,md,maryland,20,md
dundalkmd,dundalk,md,maryland,20,md
dunkirkmd,dunkirk,md,maryland,20,md
dunkirktowncentermd,dunkirk town center,md,maryland,20,md
eastriverdalemd,east riverdale,md,maryland,20,md
eastonmd,easton,md,maryland,20,md
edgemeremd,edgemere,md,maryland,20,md
edgewatermd,edgewater,md,maryland,20,md
edgewoodmd,edgewood,md,maryland,20,md
edmonstonmd,edmonston,md,maryland,20,md
eldersburgmd,eldersburg,md,maryland,20,md
elkridgemd,elkridge,md,maryland,20,md
elktonmd,elkton,md,maryland,20,md
ellicottcitymd,ellicott city,md,maryland,20,md
emmitsburgmd,emmitsburg,md,maryland,20,md
essexmd,essex,md,maryland,20,md
fairlandmd,fairland,md,maryland,20,md
fairmountheightsmd,fairmount heights,md,maryland,20,md
fairwoodmd,fairwood,md,maryland,20,md
fallstonmd,fallston,md,maryland,20,md
federalsburgmd,federalsburg,md,maryland,20,md
ferndalemd,ferndale,md,maryland,20,md
forestglenmd,forest glen,md,maryland,20,md
forestheightsmd,forest heights,md,maryland,20,md
forestvillemd,forestville,md,maryland,20,md
fortgeorgegmeadjunctionmd,fort george g mead junction,md,maryland,20,md
fortmeademd,fort meade,md,maryland,20,md
fortwashingtonmd,fort washington,md,maryland,20,md
fountainhead-orchardhillsmd,fountainhead-orchard hills,md,maryland,20,md
fourcornersmd,four corners,md,maryland,20,md
frederickmd,frederick,md,maryland,20,md
frederickcountymd,frederick county,md,maryland,20,md
friendlymd,friendly,md,maryland,20,md
friendshipvillagemd,friendship village,md,maryland,20,md
frostburgmd,frostburg,md,maryland,20,md
fruitlandmd,fruitland,md,maryland,20,md
fultonmd,fulton,md,maryland,20,md
gaithersburgmd,gaithersburg,md,maryland,20,md
gambrillsmd,gambrills,md,maryland,20,md
garrettcountymd,garrett county,md,maryland,20,md
garrettparkmd,garrett park,md,maryland,20,md
garrisonmd,garrison,md,maryland,20,md
germantownmd,germantown,md,maryland,20,md
glassmanormd,glassmanor,md,maryland,20,md
glenburniemd,glen burnie,md,maryland,20,md
glenardenmd,glenarden,md,maryland,20,md
glenmontmd,glenmont,md,maryland,20,md
glenndalemd,glenn dale,md,maryland,20,md
goddardmd,goddard,md,maryland,20,md
goldenbeachmd,golden beach,md,maryland,20,md
grasonvillemd,grasonville,md,maryland,20,md
greateruppermarlboromd,greater upper marlboro,md,maryland,20,md
greenhavenmd,green haven,md,maryland,20,md
greenvalleymd,green valley,md,maryland,20,md
greenbeltmd,greenbelt,md,maryland,20,md
greensboromd,greensboro,md,maryland,20,md
hagerstownmd,hagerstown,md,maryland,20,md
halfwaymd,halfway,md,maryland,20,md
hampsteadmd,hampstead,md,maryland,20,md
hamptonmd,hampton,md,maryland,20,md
hancockmd,hancock,md,maryland,20,md
hanovermd,hanover,md,maryland,20,md
harfordcountymd,harford county,md,maryland,20,md
havredegracemd,havre de grace,md,maryland,20,md
hebronmd,hebron,md,maryland,20,md
heraldharbormd,herald harbor,md,maryland,20,md
highfield-cascademd,highfield-cascade,md,maryland,20,md
highlandmd,highland,md,maryland,20,md
hillandalemd,hillandale,md,maryland,20,md
hillcrestheightsmd,hillcrest heights,md,maryland,20,md
hillsmereshoresmd,hillsmere shores,md,maryland,20,md
howardcountymd,howard county,md,maryland,20,md
hughesvillemd,hughesville,md,maryland,20,md
huntvalleymd,hunt valley,md,maryland,20,md
huntingtownmd,huntingtown,md,maryland,20,md
huntingtowntowncentermd,huntingtown town center,md,maryland,20,md
hurlockmd,hurlock,md,maryland,20,md
hyattsvillemd,hyattsville,md,maryland,20,md
ilchestermd,ilchester,md,maryland,20,md
indianheadmd,indian head,md,maryland,20,md
irvingtonmd,irvington,md,maryland,20,md
jarrettsvillemd,jarrettsville,md,maryland,20,md
jeffersonmd,jefferson,md,maryland,20,md
jessupmd,jessup,md,maryland,20,md
joppatownemd,joppatowne,md,maryland,20,md
keedysvillemd,keedysville,md,maryland,20,md
kempmillmd,kemp mill,md,maryland,20,md
kensingtonmd,kensington,md,maryland,20,md
kentcountymd,kent county,md,maryland,20,md
ketteringmd,kettering,md,maryland,20,md
kingstownmd,kingstown,md,maryland,20,md
kingsvillemd,kingsville,md,maryland,20,md
laplatamd,la plata,md,maryland,20,md
lavalemd,la vale,md,maryland,20,md
lakearbormd,lake arbor,md,maryland,20,md
lakeshoremd,lake shore,md,maryland,20,md
landovermd,landover,md,maryland,20,md
landoverhillsmd,landover hills,md,maryland,20,md
langleyparkmd,langley park,md,maryland,20,md
lanhammd,lanham,md,maryland,20,md
lanham-seabrookmd,lanham-seabrook,md,maryland,20,md
lansdownemd,lansdowne,md,maryland,20,md
largomd,largo,md,maryland,20,md
laurelmd,laurel,md,maryland,20,md
layhillmd,layhill,md,maryland,20,md
leisureworldmd,leisure world,md,maryland,20,md
leonardtownmd,leonardtown,md,maryland,20,md
lexingtonparkmd,lexington park,md,maryland,20,md
linganoremd,linganore,md,maryland,20,md
linthicummd,linthicum,md,maryland,20,md
lochearnmd,lochearn,md,maryland,20,md
lonaconingmd,lonaconing,md,maryland,20,md
londontownemd,londontowne,md,maryland,20,md
longbeachmd,long beach,md,maryland,20,md
lusbymd,lusby,md,maryland,20,md
luthervillemd,lutherville,md,maryland,20,md
lutherville-timoniummd,lutherville-timonium,md,maryland,20,md
manchestermd,manchester,md,maryland,20,md
marlboromeadowsmd,marlboro meadows,md,maryland,20,md
marlborovillagemd,marlboro village,md,maryland,20,md
marlowheightsmd,marlow heights,md,maryland,20,md
marltonmd,marlton,md,maryland,20,md
marylandcitymd,maryland city,md,maryland,20,md
maugansvillemd,maugansville,md,maryland,20,md
mayomd,mayo,md,maryland,20,md
mayschapelmd,mays chapel,md,maryland,20,md
mechanicsvillemd,mechanicsville,md,maryland,20,md
mellwoodmd,mellwood,md,maryland,20,md
middlerivermd,middle river,md,maryland,20,md
middletownmd,middletown,md,maryland,20,md
milfordmillmd,milford mill,md,maryland,20,md
mitchellvillemd,mitchellville,md,maryland,20,md
montgomerycountymd,montgomery county,md,maryland,20,md
montgomeryvillagemd,montgomery village,md,maryland,20,md
morningsidemd,morningside,md,maryland,20,md
mountairymd,mount airy,md,maryland,20,md
mountrainiermd,mount rainier,md,maryland,20,md
mountainlakeparkmd,mountain lake park,md,maryland,20,md
myersvillemd,myersville,md,maryland,20,md
nationalharbormd,national harbor,md,maryland,20,md
navalacademymd,naval academy,md,maryland,20,md
newcarrolltonmd,new carrollton,md,maryland,20,md
newwindsormd,new windsor,md,maryland,20,md
northbeachmd,north beach,md,maryland,20,md
northbelairmd,north bel air,md,maryland,20,md
northbethesdamd,north bethesda,md,maryland,20,md
northeastmd,north east,md,maryland,20,md
northkensingtonmd,north kensington,md,maryland,20,md
northlaurelmd,north laurel,md,maryland,20,md
northpotomacmd,north potomac,md,maryland,20,md
oaklandmd,oakland,md,maryland,20,md
oceancitymd,ocean city,md,maryland,20,md
oceanpinesmd,ocean pines,md,maryland,20,md
odentonmd,odenton,md,maryland,20,md
olneymd,olney,md,maryland,20,md
overleamd,overlea,md,maryland,20,md
owingsmd,owings,md,maryland,20,md
owingsmillsmd,owings mills,md,maryland,20,md
oxonhillmd,oxon hill,md,maryland,20,md
oxonhill-glassmanormd,oxon hill-glassmanor,md,maryland,20,md
paramount-longmeadowmd,paramount-long meadow,md,maryland,20,md
parkvillemd,parkville,md,maryland,20,md
parolemd,parole,md,maryland,20,md
pasadenamd,pasadena,md,maryland,20,md
peppermillvillagemd,peppermill village,md,maryland,20,md
perryhallmd,perry hall,md,maryland,20,md
perrymanmd,perryman,md,maryland,20,md
perryvillemd,perryville,md,maryland,20,md
pikesvillemd,pikesville,md,maryland,20,md
pittsvillemd,pittsville,md,maryland,20,md
pleasanthillsmd,pleasant hills,md,maryland,20,md
pocomokecitymd,pocomoke city,md,maryland,20,md
pointofrocksmd,point of rocks,md,maryland,20,md
poolesvillemd,poolesville,md,maryland,20,md
potomacmd,potomac,md,maryland,20,md
potomacheightsmd,potomac heights,md,maryland,20,md
potomacparkmd,potomac park,md,maryland,20,md
princefrederickmd,prince frederick,md,maryland,20,md
princegeorge'scountymd,prince george's county,md,maryland,20,md
princessannemd,princess anne,md,maryland,20,md
pumphreymd,pumphrey,md,maryland,20,md
queenannemd,queen anne,md,maryland,20,md
queenanne'scountymd,queen anne's county,md,maryland,20,md
queenlandmd,queenland,md,maryland,20,md
randallstownmd,randallstown,md,maryland,20,md
redlandmd,redland,md,maryland,20,md
reisterstownmd,reisterstown,md,maryland,20,md
ridgelymd,ridgely,md,maryland,20,md
risingsunmd,rising sun,md,maryland,20,md
rivamd,riva,md,maryland,20,md
riverdaleparkmd,riverdale park,md,maryland,20,md
riversidemd,riverside,md,maryland,20,md
rivierabeachmd,riviera beach,md,maryland,20,md
robinwoodmd,robinwood,md,maryland,20,md
rockhallmd,rock hall,md,maryland,20,md
rockvillemd,rockville,md,maryland,20,md
rosaryvillemd,rosaryville,md,maryland,20,md
rosedalemd,rosedale,md,maryland,20,md
rossmoormd,rossmoor,md,maryland,20,md
rossvillemd,rossville,md,maryland,20,md
saintcharlesmd,saint charles,md,maryland,20,md
saintjamesmd,saint james,md,maryland,20,md
saintmary'scountymd,saint mary's county,md,maryland,20,md
saintmichaelsmd,saint michaels,md,maryland,20,md
salisburymd,salisbury,md,maryland,20,md
savagemd,savage,md,maryland,20,md
scaggsvillemd,scaggsville,md,maryland,20,md
seabrookmd,seabrook,md,maryland,20,md
seatpleasantmd,seat pleasant,md,maryland,20,md
selby-on-the-baymd,selby-on-the-bay,md,maryland,20,md
severnmd,severn,md,maryland,20,md
severnaparkmd,severna park,md,maryland,20,md
shadysidemd,shady side,md,maryland,20,md
silverhillmd,silver hill,md,maryland,20,md
silverspringmd,silver spring,md,maryland,20,md
smithsburgmd,smithsburg,md,maryland,20,md
snowhillmd,snow hill,md,maryland,20,md
solomonsmd,solomons,md,maryland,20,md
somersetmd,somerset,md,maryland,20,md
somersetcountymd,somerset county,md,maryland,20,md
southbelairmd,south bel air,md,maryland,20,md
southgatemd,south gate,md,maryland,20,md
southkensingtonmd,south kensington,md,maryland,20,md
southlaurelmd,south laurel,md,maryland,20,md
spencervillemd,spencerville,md,maryland,20,md
springridgemd,spring ridge,md,maryland,20,md
springdalemd,springdale,md,maryland,20,md
stevensvillemd,stevensville,md,maryland,20,md
suitlandmd,suitland,md,maryland,20,md
suitland-silverhillmd,suitland-silver hill,md,maryland,20,md
summerfieldmd,summerfield,md,maryland,20,md
sykesvillemd,sykesville,md,maryland,20,md
takomaparkmd,takoma park,md,maryland,20,md
talbotcountymd,talbot county,md,maryland,20,md
taneytownmd,taneytown,md,maryland,20,md
templehillsmd,temple hills,md,maryland,20,md
thurmontmd,thurmont,md,maryland,20,md
timoniummd,timonium,md,maryland,20,md
towsonmd,towson,md,maryland,20,md
trappemd,trappe,md,maryland,20,md
travilahmd,travilah,md,maryland,20,md
universityparkmd,university park,md,maryland,20,md
uppermarlboromd,upper marlboro,md,maryland,20,md
urbanamd,urbana,md,maryland,20,md
waldorfmd,waldorf,md,maryland,20,md
walkermillmd,walker mill,md,maryland,20,md
walkersvillemd,walkersville,md,maryland,20,md
washingtoncountymd,washington county,md,maryland,20,md
westelkridgemd,west elkridge,md,maryland,20,md
westlaurelmd,west laurel,md,maryland,20,md
westoceancitymd,west ocean city,md,maryland,20,md
westernportmd,westernport,md,maryland,20,md
westminstermd,westminster,md,maryland,20,md
westphaliamd,westphalia,md,maryland,20,md
wheatonmd,wheaton,md,maryland,20,md
whitemarshmd,white marsh,md,maryland,20,md
whiteoakmd,white oak,md,maryland,20,md
wicomicocountymd,wicomico county,md,maryland,20,md
williamsportmd,williamsport,md,maryland,20,md
wilson-conococheaguemd,wilson-conococheague,md,maryland,20,md
woodlawnmd,woodlawn,md,maryland,20,md
woodmoremd,woodmore,md,maryland,20,md
woodsboromd,woodsboro,md,maryland,20,md
worcestercountymd,worcester county,md,maryland,20,md
abingtonma,abington,ma,massachusetts,21,ma
actonma,acton,ma,massachusetts,21,ma
acushnetma,acushnet,ma,massachusetts,21,ma
acushnetcenterma,acushnet center,ma,massachusetts,21,ma
adamsma,adams,ma,massachusetts,21,ma
agawamma,agawam,ma,massachusetts,21,ma
amesburyma,amesbury,ma,massachusetts,21,ma
amherstma,amherst,ma,massachusetts,21,ma
amherstcenterma,amherst center,ma,massachusetts,21,ma
andoverma,andover,ma,massachusetts,21,ma
arlingtonma,arlington,ma,massachusetts,21,ma
ashburnhamma,ashburnham,ma,massachusetts,21,ma
ashbyma,ashby,ma,massachusetts,21,ma
ashfieldma,ashfield,ma,massachusetts,21,ma
ashlandma,ashland,ma,massachusetts,21,ma
assonetma,assonet,ma,massachusetts,21,ma
atholma,athol,ma,massachusetts,21,ma
attleboroma,attleboro,ma,massachusetts,21,ma
auburnma,auburn,ma,massachusetts,21,ma
avonma,avon,ma,massachusetts,21,ma
ayerma,ayer,ma,massachusetts,21,ma
baldwinvillema,baldwinville,ma,massachusetts,21,ma
barnstablema,barnstable,ma,massachusetts,21,ma
barnstablecountyma,barnstable county,ma,massachusetts,21,ma
barrema,barre,ma,massachusetts,21,ma
becketma,becket,ma,massachusetts,21,ma
bedfordma,bedford,ma,massachusetts,21,ma
belchertownma,belchertown,ma,massachusetts,21,ma
bellinghamma,bellingham,ma,massachusetts,21,ma
belmontma,belmont,ma,massachusetts,21,ma
berkleyma,berkley,ma,massachusetts,21,ma
berkshirecountyma,berkshire county,ma,massachusetts,21,ma
berlinma,berlin,ma,massachusetts,21,ma
bernardstonma,bernardston,ma,massachusetts,21,ma
beverlyma,beverly,ma,massachusetts,21,ma
beverlycovema,beverly cove,ma,massachusetts,21,ma
billericama,billerica,ma,massachusetts,21,ma
blackstonema,blackstone,ma,massachusetts,21,ma
blisscornerma,bliss corner,ma,massachusetts,21,ma
boltonma,bolton,ma,massachusetts,21,ma
bondsvillema,bondsville,ma,massachusetts,21,ma
bostonma,boston,ma,massachusetts,21,ma
bournema,bourne,ma,massachusetts,21,ma
boxboroughma,boxborough,ma,massachusetts,21,ma
boxfordma,boxford,ma,massachusetts,21,ma
boylstonma,boylston,ma,massachusetts,21,ma
braintreema,braintree,ma,massachusetts,21,ma
brewsterma,brewster,ma,massachusetts,21,ma
bridgewaterma,bridgewater,ma,massachusetts,21,ma
brimfieldma,brimfield,ma,massachusetts,21,ma
bristolcountyma,bristol county,ma,massachusetts,21,ma
brocktonma,brockton,ma,massachusetts,21,ma
brooklinema,brookline,ma,massachusetts,21,ma
bucklandma,buckland,ma,massachusetts,21,ma
burlingtonma,burlington,ma,massachusetts,21,ma
buzzardsbayma,buzzards bay,ma,massachusetts,21,ma
cambridgema,cambridge,ma,massachusetts,21,ma
cantonma,canton,ma,massachusetts,21,ma
carlislema,carlisle,ma,massachusetts,21,ma
carverma,carver,ma,massachusetts,21,ma
centervillema,centerville,ma,massachusetts,21,ma
charlemontma,charlemont,ma,massachusetts,21,ma
charltonma,charlton,ma,massachusetts,21,ma
chathamma,chatham,ma,massachusetts,21,ma
chelmsfordma,chelmsford,ma,massachusetts,21,ma
chelseama,chelsea,ma,massachusetts,21,ma
chesterfieldma,chesterfield,ma,massachusetts,21,ma
chicopeema,chicopee,ma,massachusetts,21,ma
clintonma,clinton,ma,massachusetts,21,ma
cochituatema,cochituate,ma,massachusetts,21,ma
cohassetma,cohasset,ma,massachusetts,21,ma
colrainma,colrain,ma,massachusetts,21,ma
concordma,concord,ma,massachusetts,21,ma
conwayma,conway,ma,massachusetts,21,ma
cordavillema,cordaville,ma,massachusetts,21,ma
cotuitma,cotuit,ma,massachusetts,21,ma
daltonma,dalton,ma,massachusetts,21,ma
danversma,danvers,ma,massachusetts,21,ma
dedhamma,dedham,ma,massachusetts,21,ma
dennisma,dennis,ma,massachusetts,21,ma
dennisportma,dennis port,ma,massachusetts,21,ma
devensma,devens,ma,massachusetts,21,ma
dightonma,dighton,ma,massachusetts,21,ma
douglasma,douglas,ma,massachusetts,21,ma
doverma,dover,ma,massachusetts,21,ma
dracutma,dracut,ma,massachusetts,21,ma
dudleyma,dudley,ma,massachusetts,21,ma
dukescountyma,dukes county,ma,massachusetts,21,ma
dunstablema,dunstable,ma,massachusetts,21,ma
duxburyma,duxbury,ma,massachusetts,21,ma
eastbridgewaterma,east bridgewater,ma,massachusetts,21,ma
eastbrookfieldma,east brookfield,ma,massachusetts,21,ma
eastdennisma,east dennis,ma,massachusetts,21,ma
eastdouglasma,east douglas,ma,massachusetts,21,ma
eastfalmouthma,east falmouth,ma,massachusetts,21,ma
eastharwichma,east harwich,ma,massachusetts,21,ma
eastlongmeadowma,east longmeadow,ma,massachusetts,21,ma
eastpepperellma,east pepperell,ma,massachusetts,21,ma
eastsandwichma,east sandwich,ma,massachusetts,21,ma
easthamma,eastham,ma,massachusetts,21,ma
easthamptonma,easthampton,ma,massachusetts,21,ma
eastonma,easton,ma,massachusetts,21,ma
edgartownma,edgartown,ma,massachusetts,21,ma
ervingma,erving,ma,massachusetts,21,ma
essexma,essex,ma,massachusetts,21,ma
essexcountyma,essex county,ma,massachusetts,21,ma
everettma,everett,ma,massachusetts,21,ma
fairhavenma,fairhaven,ma,massachusetts,21,ma
fallriverma,fall river,ma,massachusetts,21,ma
falmouthma,falmouth,ma,massachusetts,21,ma
fiskdalema,fiskdale,ma,massachusetts,21,ma
fitchburgma,fitchburg,ma,massachusetts,21,ma
forestdalema,forestdale,ma,massachusetts,21,ma
foxboroughma,foxborough,ma,massachusetts,21,ma
framinghamma,framingham,ma,massachusetts,21,ma
framinghamcenterma,framingham center,ma,massachusetts,21,ma
franklinma,franklin,ma,massachusetts,21,ma
franklincountyma,franklin county,ma,massachusetts,21,ma
freetownma,freetown,ma,massachusetts,21,ma
gardnerma,gardner,ma,massachusetts,21,ma
gillma,gill,ma,massachusetts,21,ma
gloucesterma,gloucester,ma,massachusetts,21,ma
graftonma,grafton,ma,massachusetts,21,ma
granbyma,granby,ma,massachusetts,21,ma
granvillema,granville,ma,massachusetts,21,ma
greatbarringtonma,great barrington,ma,massachusetts,21,ma
greenharbor-cedarcrestma,green harbor-cedar crest,ma,massachusetts,21,ma
greenfieldma,greenfield,ma,massachusetts,21,ma
grotonma,groton,ma,massachusetts,21,ma
grovelandma,groveland,ma,massachusetts,21,ma
hadleyma,hadley,ma,massachusetts,21,ma
halifaxma,halifax,ma,massachusetts,21,ma
hamiltonworcesterma,hamilton worcester,ma,massachusetts,21,ma
hampdenma,hampden,ma,massachusetts,21,ma
hampdencountyma,hampden county,ma,massachusetts,21,ma
hampshirecountyma,hampshire county,ma,massachusetts,21,ma
hanoverma,hanover,ma,massachusetts,21,ma
hansonma,hanson,ma,massachusetts,21,ma
hardwickma,hardwick,ma,massachusetts,21,ma
harvardma,harvard,ma,massachusetts,21,ma
harwichma,harwich,ma,massachusetts,21,ma
harwichcenterma,harwich center,ma,massachusetts,21,ma
harwichportma,harwich port,ma,massachusetts,21,ma
hatfieldma,hatfield,ma,massachusetts,21,ma
haverhillma,haverhill,ma,massachusetts,21,ma
headofwestportma,head of westport,ma,massachusetts,21,ma
hinghamma,hingham,ma,massachusetts,21,ma
hinsdalema,hinsdale,ma,massachusetts,21,ma
holbrookma,holbrook,ma,massachusetts,21,ma
holdenma,holden,ma,massachusetts,21,ma
hollandma,holland,ma,massachusetts,21,ma
hollistonma,holliston,ma,massachusetts,21,ma
holyokema,holyoke,ma,massachusetts,21,ma
hopedalema,hopedale,ma,massachusetts,21,ma
hopkintonma,hopkinton,ma,massachusetts,21,ma
housatonicma,housatonic,ma,massachusetts,21,ma
hubbardstonma,hubbardston,ma,massachusetts,21,ma
hudsonma,hudson,ma,massachusetts,21,ma
hullma,hull,ma,massachusetts,21,ma
hyannisma,hyannis,ma,massachusetts,21,ma
ipswichma,ipswich,ma,massachusetts,21,ma
jamaicaplainma,jamaica plain,ma,massachusetts,21,ma
kingstonma,kingston,ma,massachusetts,21,ma
lancasterma,lancaster,ma,massachusetts,21,ma
lanesboroughma,lanesborough,ma,massachusetts,21,ma
lawrencema,lawrence,ma,massachusetts,21,ma
leema,lee,ma,massachusetts,21,ma
leicesterma,leicester,ma,massachusetts,21,ma
lenoxma,lenox,ma,massachusetts,21,ma
leominsterma,leominster,ma,massachusetts,21,ma
leverettma,leverett,ma,massachusetts,21,ma
lexingtonma,lexington,ma,massachusetts,21,ma
lincolnma,lincoln,ma,massachusetts,21,ma
littletoncommonma,littleton common,ma,massachusetts,21,ma
longmeadowma,longmeadow,ma,massachusetts,21,ma
lowellma,lowell,ma,massachusetts,21,ma
ludlowma,ludlow,ma,massachusetts,21,ma
lunenburgma,lunenburg,ma,massachusetts,21,ma
lynnma,lynn,ma,massachusetts,21,ma
lynnfieldma,lynnfield,ma,massachusetts,21,ma
maldenma,malden,ma,massachusetts,21,ma
manchester-by-the-seama,manchester-by-the-sea,ma,massachusetts,21,ma
mansfieldma,mansfield,ma,massachusetts,21,ma
mansfieldcenterma,mansfield center,ma,massachusetts,21,ma
marbleheadma,marblehead,ma,massachusetts,21,ma
marionma,marion,ma,massachusetts,21,ma
marioncenterma,marion center,ma,massachusetts,21,ma
marlboroughma,marlborough,ma,massachusetts,21,ma
marshfieldma,marshfield,ma,massachusetts,21,ma
marshfieldhillsma,marshfield hills,ma,massachusetts,21,ma
marstonsmillsma,marstons mills,ma,massachusetts,21,ma
mashpeema,mashpee,ma,massachusetts,21,ma
mattapoisettma,mattapoisett,ma,massachusetts,21,ma
mattapoisettcenterma,mattapoisett center,ma,massachusetts,21,ma
maynardma,maynard,ma,massachusetts,21,ma
medfieldma,medfield,ma,massachusetts,21,ma
medfordma,medford,ma,massachusetts,21,ma
medwayma,medway,ma,massachusetts,21,ma
melrosema,melrose,ma,massachusetts,21,ma
mendonma,mendon,ma,massachusetts,21,ma
merrimacma,merrimac,ma,massachusetts,21,ma
methuenma,methuen,ma,massachusetts,21,ma
middleboroughma,middleborough,ma,massachusetts,21,ma
middleboroughcenterma,middleborough center,ma,massachusetts,21,ma
middlesexcountyma,middlesex county,ma,massachusetts,21,ma
middletonma,middleton,ma,massachusetts,21,ma
milfordma,milford,ma,massachusetts,21,ma
millburyma,millbury,ma,massachusetts,21,ma
millersfallsma,millers falls,ma,massachusetts,21,ma
millisma,millis,ma,massachusetts,21,ma
millis-clicquotma,millis-clicquot,ma,massachusetts,21,ma
millvillema,millville,ma,massachusetts,21,ma
miltonma,milton,ma,massachusetts,21,ma
monsonma,monson,ma,massachusetts,21,ma
monsoncenterma,monson center,ma,massachusetts,21,ma
montaguema,montague,ma,massachusetts,21,ma
monumentbeachma,monument beach,ma,massachusetts,21,ma
nahantma,nahant,ma,massachusetts,21,ma
nantucketma,nantucket,ma,massachusetts,21,ma
nantucketcountyma,nantucket county,ma,massachusetts,21,ma
natickma,natick,ma,massachusetts,21,ma
needhamma,needham,ma,massachusetts,21,ma
newbedfordma,new bedford,ma,massachusetts,21,ma
newmarlboroughma,new marlborough,ma,massachusetts,21,ma
newburyportma,newburyport,ma,massachusetts,21,ma
newtonma,newton,ma,massachusetts,21,ma
norfolkma,norfolk,ma,massachusetts,21,ma
norfolkcountyma,norfolk county,ma,massachusetts,21,ma
northadamsma,north adams,ma,massachusetts,21,ma
northamherstma,north amherst,ma,massachusetts,21,ma
northandoverma,north andover,ma,massachusetts,21,ma
northattleboroughcenterma,north attleborough center,ma,massachusetts,21,ma
northbrookfieldma,north brookfield,ma,massachusetts,21,ma
northchicopeema,north chicopee,ma,massachusetts,21,ma
northeasthamma,north eastham,ma,massachusetts,21,ma
northfalmouthma,north falmouth,ma,massachusetts,21,ma
northlakevillema,north lakeville,ma,massachusetts,21,ma
northpembrokema,north pembroke,ma,massachusetts,21,ma
northplymouthma,north plymouth,ma,massachusetts,21,ma
northreadingma,north reading,ma,massachusetts,21,ma
northscituatema,north scituate,ma,massachusetts,21,ma
northseekonkma,north seekonk,ma,massachusetts,21,ma
northwestportma,north westport,ma,massachusetts,21,ma
northamptonma,northampton,ma,massachusetts,21,ma
northboroughma,northborough,ma,massachusetts,21,ma
northbridgema,northbridge,ma,massachusetts,21,ma
northfieldma,northfield,ma,massachusetts,21,ma
northwestharwichma,northwest harwich,ma,massachusetts,21,ma
nortonma,norton,ma,massachusetts,21,ma
nortoncenterma,norton center,ma,massachusetts,21,ma
norwellma,norwell,ma,massachusetts,21,ma
norwoodma,norwood,ma,massachusetts,21,ma
oakbluffsma,oak bluffs,ma,massachusetts,21,ma
oakhamma,oakham,ma,massachusetts,21,ma
oceanbluff-brantrockma,ocean bluff-brant rock,ma,massachusetts,21,ma
oceangrovema,ocean grove,ma,massachusetts,21,ma
onsetma,onset,ma,massachusetts,21,ma
orangema,orange,ma,massachusetts,21,ma
orleansma,orleans,ma,massachusetts,21,ma
ostervillema,osterville,ma,massachusetts,21,ma
otisma,otis,ma,massachusetts,21,ma
oxfordma,oxford,ma,massachusetts,21,ma
palmerma,palmer,ma,massachusetts,21,ma
paxtonma,paxton,ma,massachusetts,21,ma
peabodyma,peabody,ma,massachusetts,21,ma
pelhamma,pelham,ma,massachusetts,21,ma
pepperellma,pepperell,ma,massachusetts,21,ma
phillipstonma,phillipston,ma,massachusetts,21,ma
pinehurstma,pinehurst,ma,massachusetts,21,ma
pittsfieldma,pittsfield,ma,massachusetts,21,ma
plainvillema,plainville,ma,massachusetts,21,ma
plymouthma,plymouth,ma,massachusetts,21,ma
plymouthcountyma,plymouth county,ma,massachusetts,21,ma
plymptonma,plympton,ma,massachusetts,21,ma
pocassetma,pocasset,ma,massachusetts,21,ma
princetonma,princeton,ma,massachusetts,21,ma
provincetownma,provincetown,ma,massachusetts,21,ma
quincyma,quincy,ma,massachusetts,21,ma
randolphma,randolph,ma,massachusetts,21,ma
raynhamma,raynham,ma,massachusetts,21,ma
raynhamcenterma,raynham center,ma,massachusetts,21,ma
readingma,reading,ma,massachusetts,21,ma
rehobothma,rehoboth,ma,massachusetts,21,ma
reverema,revere,ma,massachusetts,21,ma
richmondma,richmond,ma,massachusetts,21,ma
rochesterma,rochester,ma,massachusetts,21,ma
rocklandma,rockland,ma,massachusetts,21,ma
rockportma,rockport,ma,massachusetts,21,ma
rowleyma,rowley,ma,massachusetts,21,ma
royalstonma,royalston,ma,massachusetts,21,ma
rutlandma,rutland,ma,massachusetts,21,ma
sagamorema,sagamore,ma,massachusetts,21,ma
salemma,salem,ma,massachusetts,21,ma
salisburyma,salisbury,ma,massachusetts,21,ma
sandwichma,sandwich,ma,massachusetts,21,ma
saugusma,saugus,ma,massachusetts,21,ma
scituatema,scituate,ma,massachusetts,21,ma
seekonkma,seekonk,ma,massachusetts,21,ma
sharonma,sharon,ma,massachusetts,21,ma
sheffieldma,sheffield,ma,massachusetts,21,ma
shelburnema,shelburne,ma,massachusetts,21,ma
shelburnefallsma,shelburne falls,ma,massachusetts,21,ma
sherbornma,sherborn,ma,massachusetts,21,ma
shirleyma,shirley,ma,massachusetts,21,ma
shrewsburyma,shrewsbury,ma,massachusetts,21,ma
shutesburyma,shutesbury,ma,massachusetts,21,ma
smithmillsma,smith mills,ma,massachusetts,21,ma
somersetma,somerset,ma,massachusetts,21,ma
somervillema,somerville,ma,massachusetts,21,ma
southamherstma,south amherst,ma,massachusetts,21,ma
southashburnhamma,south ashburnham,ma,massachusetts,21,ma
southbostonma,south boston,ma,massachusetts,21,ma
southdeerfieldma,south deerfield,ma,massachusetts,21,ma
southdennisma,south dennis,ma,massachusetts,21,ma
southduxburyma,south duxbury,ma,massachusetts,21,ma
southhadleyma,south hadley,ma,massachusetts,21,ma
southlancasterma,south lancaster,ma,massachusetts,21,ma
southpeabodyma,south peabody,ma,massachusetts,21,ma
southyarmouthma,south yarmouth,ma,massachusetts,21,ma
southamptonma,southampton,ma,massachusetts,21,ma
southboroughma,southborough,ma,massachusetts,21,ma
southbridgema,southbridge,ma,massachusetts,21,ma
southwickma,southwick,ma,massachusetts,21,ma
spencerma,spencer,ma,massachusetts,21,ma
springfieldma,springfield,ma,massachusetts,21,ma
sterlingma,sterling,ma,massachusetts,21,ma
stockbridgema,stockbridge,ma,massachusetts,21,ma
stonehamma,stoneham,ma,massachusetts,21,ma
stoughtonma,stoughton,ma,massachusetts,21,ma
stowma,stow,ma,massachusetts,21,ma
sturbridgema,sturbridge,ma,massachusetts,21,ma
sudburyma,sudbury,ma,massachusetts,21,ma
suffolkcountyma,suffolk county,ma,massachusetts,21,ma
sunderlandma,sunderland,ma,massachusetts,21,ma
suttonma,sutton,ma,massachusetts,21,ma
swampscottma,swampscott,ma,massachusetts,21,ma
swanseama,swansea,ma,massachusetts,21,ma
tauntonma,taunton,ma,massachusetts,21,ma
teaticketma,teaticket,ma,massachusetts,21,ma
templetonma,templeton,ma,massachusetts,21,ma
tewksburyma,tewksbury,ma,massachusetts,21,ma
threeriversma,three rivers,ma,massachusetts,21,ma
topsfieldma,topsfield,ma,massachusetts,21,ma
townsendma,townsend,ma,massachusetts,21,ma
truroma,truro,ma,massachusetts,21,ma
turnersfallsma,turners falls,ma,massachusetts,21,ma
tyngsboroma,tyngsboro,ma,massachusetts,21,ma
uptonma,upton,ma,massachusetts,21,ma
uxbridgema,uxbridge,ma,massachusetts,21,ma
vineyardhavenma,vineyard haven,ma,massachusetts,21,ma
wakefieldma,wakefield,ma,massachusetts,21,ma
walesma,wales,ma,massachusetts,21,ma
walpolema,walpole,ma,massachusetts,21,ma
walthamma,waltham,ma,massachusetts,21,ma
warema,ware,ma,massachusetts,21,ma
warehamcenterma,wareham center,ma,massachusetts,21,ma
warrenma,warren,ma,massachusetts,21,ma
watertownma,watertown,ma,massachusetts,21,ma
waylandma,wayland,ma,massachusetts,21,ma
websterma,webster,ma,massachusetts,21,ma
wellesleyma,wellesley,ma,massachusetts,21,ma
wellfleetma,wellfleet,ma,massachusetts,21,ma
wendellma,wendell,ma,massachusetts,21,ma
wenhamma,wenham,ma,massachusetts,21,ma
westbarnstablema,west barnstable,ma,massachusetts,21,ma
westboylstonma,west boylston,ma,massachusetts,21,ma
westbridgewaterma,west bridgewater,ma,massachusetts,21,ma
westbrookfieldma,west brookfield,ma,massachusetts,21,ma
westchathamma,west chatham,ma,massachusetts,21,ma
westconcordma,west concord,ma,massachusetts,21,ma
westdennisma,west dennis,ma,massachusetts,21,ma
westfalmouthma,west falmouth,ma,massachusetts,21,ma
westnewburyma,west newbury,ma,massachusetts,21,ma
westspringfieldma,west springfield,ma,massachusetts,21,ma
weststockbridgema,west stockbridge,ma,massachusetts,21,ma
westtisburyma,west tisbury,ma,massachusetts,21,ma
westwarehamma,west wareham,ma,massachusetts,21,ma
westyarmouthma,west yarmouth,ma,massachusetts,21,ma
westboroughma,westborough,ma,massachusetts,21,ma
westfieldma,westfield,ma,massachusetts,21,ma
westfordma,westford,ma,massachusetts,21,ma
westhamptonma,westhampton,ma,massachusetts,21,ma
westminsterma,westminster,ma,massachusetts,21,ma
westonma,weston,ma,massachusetts,21,ma
westwoodma,westwood,ma,massachusetts,21,ma
weweanticma,weweantic,ma,massachusetts,21,ma
weymouthma,weymouth,ma,massachusetts,21,ma
whatelyma,whately,ma,massachusetts,21,ma
whiteislandshoresma,white island shores,ma,massachusetts,21,ma
whitinsvillema,whitinsville,ma,massachusetts,21,ma
whitmanma,whitman,ma,massachusetts,21,ma
wilbrahamma,wilbraham,ma,massachusetts,21,ma
williamsburgma,williamsburg,ma,massachusetts,21,ma
williamstownma,williamstown,ma,massachusetts,21,ma
wilmingtonma,wilmington,ma,massachusetts,21,ma
winchendonma,winchendon,ma,massachusetts,21,ma
winchesterma,winchester,ma,massachusetts,21,ma
winthropma,winthrop,ma,massachusetts,21,ma
woburnma,woburn,ma,massachusetts,21,ma
worcesterma,worcester,ma,massachusetts,21,ma
worcestercountyma,worcester county,ma,massachusetts,21,ma
wrenthamma,wrentham,ma,massachusetts,21,ma
yarmouthma,yarmouth,ma,massachusetts,21,ma
yarmouthportma,yarmouth port,ma,massachusetts,21,ma
adrianmi,adrian,mi,michigan,22,mi
albionmi,albion,mi,michigan,22,mi
alconacountymi,alcona county,mi,michigan,22,mi
algercountymi,alger county,mi,michigan,22,mi
algonacmi,algonac,mi,michigan,22,mi
alleganmi,allegan,mi,michigan,22,mi
allegancountymi,allegan county,mi,michigan,22,mi
allenparkmi,allen park,mi,michigan,22,mi
allendalemi,allendale,mi,michigan,22,mi
almami,alma,mi,michigan,22,mi
almontmi,almont,mi,michigan,22,mi
alpenami,alpena,mi,michigan,22,mi
alpenacountymi,alpena county,mi,michigan,22,mi
annarbormi,ann arbor,mi,michigan,22,mi
antrimcountymi,antrim county,mi,michigan,22,mi
arenaccountymi,arenac county,mi,michigan,22,mi
argentinemi,argentine,mi,michigan,22,mi
armadami,armada,mi,michigan,22,mi
athensmi,athens,mi,michigan,22,mi
atlantami,atlanta,mi,michigan,22,mi
ausablemi,au sable,mi,michigan,22,mi
auburnmi,auburn,mi,michigan,22,mi
auburnhillsmi,auburn hills,mi,michigan,22,mi
badaxemi,bad axe,mi,michigan,22,mi
baldwinmi,baldwin,mi,michigan,22,mi
bangormi,bangor,mi,michigan,22,mi
baragami,baraga,mi,michigan,22,mi
baragacountymi,baraga county,mi,michigan,22,mi
barneslake-millerslakemi,barnes lake-millers lake,mi,michigan,22,mi
barrycountymi,barry county,mi,michigan,22,mi
bathmi,bath,mi,michigan,22,mi
battlecreekmi,battle creek,mi,michigan,22,mi
baycitymi,bay city,mi,michigan,22,mi
baycountymi,bay county,mi,michigan,22,mi
bayharbormi,bay harbor,mi,michigan,22,mi
beavertonmi,beaverton,mi,michigan,22,mi
beechermi,beecher,mi,michigan,22,mi
beechwoodmi,beechwood,mi,michigan,22,mi
beldingmi,belding,mi,michigan,22,mi
bellairemi,bellaire,mi,michigan,22,mi
bellevillemi,belleville,mi,michigan,22,mi
bellevuemi,bellevue,mi,michigan,22,mi
bentonharbormi,benton harbor,mi,michigan,22,mi
bentonheightsmi,benton heights,mi,michigan,22,mi
benziecountymi,benzie county,mi,michigan,22,mi
berkleymi,berkley,mi,michigan,22,mi
berriencountymi,berrien county,mi,michigan,22,mi
berrienspringsmi,berrien springs,mi,michigan,22,mi
bessemermi,bessemer,mi,michigan,22,mi
beulahmi,beulah,mi,michigan,22,mi
beverlyhillsmi,beverly hills,mi,michigan,22,mi
bigrapidsmi,big rapids,mi,michigan,22,mi
binghamfarmsmi,bingham farms,mi,michigan,22,mi
birchrunmi,birch run,mi,michigan,22,mi
birminghammi,birmingham,mi,michigan,22,mi
blissfieldmi,blissfield,mi,michigan,22,mi
bloomfieldhillsmi,bloomfield hills,mi,michigan,22,mi
boynecitymi,boyne city,mi,michigan,22,mi
branchcountymi,branch county,mi,michigan,22,mi
breckenridgemi,breckenridge,mi,michigan,22,mi
bridgeportmi,bridgeport,mi,michigan,22,mi
bridgmanmi,bridgman,mi,michigan,22,mi
brightonmi,brighton,mi,michigan,22,mi
bronsonmi,bronson,mi,michigan,22,mi
brooklynmi,brooklyn,mi,michigan,22,mi
browncitymi,brown city,mi,michigan,22,mi
brownleeparkmi,brownlee park,mi,michigan,22,mi
buchananmi,buchanan,mi,michigan,22,mi
buenavistami,buena vista,mi,michigan,22,mi
burtmi,burt,mi,michigan,22,mi
burtonmi,burton,mi,michigan,22,mi
byroncentermi,byron center,mi,michigan,22,mi
cadillacmi,cadillac,mi,michigan,22,mi
caledoniami,caledonia,mi,michigan,22,mi
calhouncountymi,calhoun county,mi,michigan,22,mi
canadianlakesmi,canadian lakes,mi,michigan,22,mi
cantonmi,canton,mi,michigan,22,mi
capacmi,capac,mi,michigan,22,mi
carletonmi,carleton,mi,michigan,22,mi
caromi,caro,mi,michigan,22,mi
carrolltonmi,carrollton,mi,michigan,22,mi
carsoncitymi,carson city,mi,michigan,22,mi
casscitymi,cass city,mi,michigan,22,mi
casscountymi,cass county,mi,michigan,22,mi
cassopolismi,cassopolis,mi,michigan,22,mi
cedarspringsmi,cedar springs,mi,michigan,22,mi
centerlinemi,center line,mi,michigan,22,mi
centrevillemi,centreville,mi,michigan,22,mi
charlevoixmi,charlevoix,mi,michigan,22,mi
charlevoixcountymi,charlevoix county,mi,michigan,22,mi
charlottemi,charlotte,mi,michigan,22,mi
cheboyganmi,cheboygan,mi,michigan,22,mi
cheboygancountymi,cheboygan county,mi,michigan,22,mi
chelseami,chelsea,mi,michigan,22,mi
chesaningmi,chesaning,mi,michigan,22,mi
chippewacountymi,chippewa county,mi,michigan,22,mi
claremi,clare,mi,michigan,22,mi
clarecountymi,clare county,mi,michigan,22,mi
clarkstonmi,clarkston,mi,michigan,22,mi
clawsonmi,clawson,mi,michigan,22,mi
clintonmi,clinton,mi,michigan,22,mi
clintoncountymi,clinton county,mi,michigan,22,mi
clintontownshipmi,clinton township,mi,michigan,22,mi
cliomi,clio,mi,michigan,22,mi
coldwatermi,coldwater,mi,michigan,22,mi
colemanmi,coleman,mi,michigan,22,mi
colomami,coloma,mi,michigan,22,mi
colonmi,colon,mi,michigan,22,mi
comstocknorthwestmi,comstock northwest,mi,michigan,22,mi
comstockparkmi,comstock park,mi,michigan,22,mi
concordmi,concord,mi,michigan,22,mi
constantinemi,constantine,mi,michigan,22,mi
coopersvillemi,coopersville,mi,michigan,22,mi
corunnami,corunna,mi,michigan,22,mi
crawfordcountymi,crawford county,mi,michigan,22,mi
croswellmi,croswell,mi,michigan,22,mi
crystalfallsmi,crystal falls,mi,michigan,22,mi
cutlervillemi,cutlerville,mi,michigan,22,mi
davisonmi,davison,mi,michigan,22,mi
dewittmi,dewitt,mi,michigan,22,mi
dearbornmi,dearborn,mi,michigan,22,mi
dearbornheightsmi,dearborn heights,mi,michigan,22,mi
decaturmi,decatur,mi,michigan,22,mi
deltacountymi,delta county,mi,michigan,22,mi
detroitmi,detroit,mi,michigan,22,mi
detroitbeachmi,detroit beach,mi,michigan,22,mi
dextermi,dexter,mi,michigan,22,mi
dickinsoncountymi,dickinson county,mi,michigan,22,mi
dimondalemi,dimondale,mi,michigan,22,mi
dollarbaymi,dollar bay,mi,michigan,22,mi
douglasmi,douglas,mi,michigan,22,mi
dowagiacmi,dowagiac,mi,michigan,22,mi
dundeemi,dundee,mi,michigan,22,mi
durandmi,durand,mi,michigan,22,mi
eaglerivermi,eagle river,mi,michigan,22,mi
eastgrandrapidsmi,east grand rapids,mi,michigan,22,mi
eastjordanmi,east jordan,mi,michigan,22,mi
eastlansingmi,east lansing,mi,michigan,22,mi
easttawasmi,east tawas,mi,michigan,22,mi
eastpointemi,eastpointe,mi,michigan,22,mi
eastwoodmi,eastwood,mi,michigan,22,mi
eatoncountymi,eaton county,mi,michigan,22,mi
eatonrapidsmi,eaton rapids,mi,michigan,22,mi
ecorsemi,ecorse,mi,michigan,22,mi
edgemontparkmi,edgemont park,mi,michigan,22,mi
edmoremi,edmore,mi,michigan,22,mi
edwardsburgmi,edwardsburg,mi,michigan,22,mi
elkrapidsmi,elk rapids,mi,michigan,22,mi
emmetcountymi,emmet county,mi,michigan,22,mi
escanabami,escanaba,mi,michigan,22,mi
essexvillemi,essexville,mi,michigan,22,mi
evartmi,evart,mi,michigan,22,mi
fairplainmi,fair plain,mi,michigan,22,mi
farmingtonmi,farmington,mi,michigan,22,mi
farmingtonhillsmi,farmington hills,mi,michigan,22,mi
fennvillemi,fennville,mi,michigan,22,mi
fentonmi,fenton,mi,michigan,22,mi
ferndalemi,ferndale,mi,michigan,22,mi
ferrysburgmi,ferrysburg,mi,michigan,22,mi
flatrockmi,flat rock,mi,michigan,22,mi
flintmi,flint,mi,michigan,22,mi
flushingmi,flushing,mi,michigan,22,mi
foresthillsmi,forest hills,mi,michigan,22,mi
fowlermi,fowler,mi,michigan,22,mi
fowlervillemi,fowlerville,mi,michigan,22,mi
frankenmuthmi,frankenmuth,mi,michigan,22,mi
frankfortmi,frankfort,mi,michigan,22,mi
franklinmi,franklin,mi,michigan,22,mi
frasermi,fraser,mi,michigan,22,mi
freelandmi,freeland,mi,michigan,22,mi
fremontmi,fremont,mi,michigan,22,mi
fruitportmi,fruitport,mi,michigan,22,mi
galesburgmi,galesburg,mi,michigan,22,mi
gardencitymi,garden city,mi,michigan,22,mi
gaylordmi,gaylord,mi,michigan,22,mi
geneseecountymi,genesee county,mi,michigan,22,mi
gibraltarmi,gibraltar,mi,michigan,22,mi
gladstonemi,gladstone,mi,michigan,22,mi
gladwinmi,gladwin,mi,michigan,22,mi
gladwincountymi,gladwin county,mi,michigan,22,mi
gogebiccountymi,gogebic county,mi,michigan,22,mi
goodrichmi,goodrich,mi,michigan,22,mi
grandblancmi,grand blanc,mi,michigan,22,mi
grandhavenmi,grand haven,mi,michigan,22,mi
grandledgemi,grand ledge,mi,michigan,22,mi
grandrapidsmi,grand rapids,mi,michigan,22,mi
grandtraversecountymi,grand traverse county,mi,michigan,22,mi
grandvillemi,grandville,mi,michigan,22,mi
grasslakemi,grass lake,mi,michigan,22,mi
gratiotcountymi,gratiot county,mi,michigan,22,mi
graylingmi,grayling,mi,michigan,22,mi
greenvillemi,greenville,mi,michigan,22,mi
greilickvillemi,greilickville,mi,michigan,22,mi
grosseilemi,grosse ile,mi,michigan,22,mi
grossepointemi,grosse pointe,mi,michigan,22,mi
grossepointefarmsmi,grosse pointe farms,mi,michigan,22,mi
grossepointeparkmi,grosse pointe park,mi,michigan,22,mi
grossepointeshoresmi,grosse pointe shores,mi,michigan,22,mi
grossepointewoodsmi,grosse pointe woods,mi,michigan,22,mi
gwinnmi,gwinn,mi,michigan,22,mi
hamtramckmi,hamtramck,mi,michigan,22,mi
hancockmi,hancock,mi,michigan,22,mi
harborbeachmi,harbor beach,mi,michigan,22,mi
harborspringsmi,harbor springs,mi,michigan,22,mi
harperwoodsmi,harper woods,mi,michigan,22,mi
harrisonmi,harrison,mi,michigan,22,mi
harrisvillemi,harrisville,mi,michigan,22,mi
hartmi,hart,mi,michigan,22,mi
hartfordmi,hartford,mi,michigan,22,mi
harveymi,harvey,mi,michigan,22,mi
haslettmi,haslett,mi,michigan,22,mi
hastingsmi,hastings,mi,michigan,22,mi
hazelparkmi,hazel park,mi,michigan,22,mi
hemlockmi,hemlock,mi,michigan,22,mi
highlandparkmi,highland park,mi,michigan,22,mi
hillsdalemi,hillsdale,mi,michigan,22,mi
hillsdalecountymi,hillsdale county,mi,michigan,22,mi
hollandmi,holland,mi,michigan,22,mi
hollymi,holly,mi,michigan,22,mi
holtmi,holt,mi,michigan,22,mi
homermi,homer,mi,michigan,22,mi
houghtonmi,houghton,mi,michigan,22,mi
houghtoncountymi,houghton county,mi,michigan,22,mi
houghtonlakemi,houghton lake,mi,michigan,22,mi
howardcitymi,howard city,mi,michigan,22,mi
howellmi,howell,mi,michigan,22,mi
hubbardlakemi,hubbard lake,mi,michigan,22,mi
hudsonmi,hudson,mi,michigan,22,mi
hudsonvillemi,hudsonville,mi,michigan,22,mi
huntingtonwoodsmi,huntington woods,mi,michigan,22,mi
huroncountymi,huron county,mi,michigan,22,mi
imlaycitymi,imlay city,mi,michigan,22,mi
indianrivermi,indian river,mi,michigan,22,mi
inghamcountymi,ingham county,mi,michigan,22,mi
inkstermi,inkster,mi,michigan,22,mi
ioniami,ionia,mi,michigan,22,mi
ioniacountymi,ionia county,mi,michigan,22,mi
ioscocountymi,iosco county,mi,michigan,22,mi
ironcountymi,iron county,mi,michigan,22,mi
ironmountainmi,iron mountain,mi,michigan,22,mi
ironrivermi,iron river,mi,michigan,22,mi
ironwoodmi,ironwood,mi,michigan,22,mi
isabellacountymi,isabella county,mi,michigan,22,mi
ishpemingmi,ishpeming,mi,michigan,22,mi
ithacami,ithaca,mi,michigan,22,mi
jacksonmi,jackson,mi,michigan,22,mi
jacksoncountymi,jackson county,mi,michigan,22,mi
jenisonmi,jenison,mi,michigan,22,mi
jonesvillemi,jonesville,mi,michigan,22,mi
k.i.sawyerairforcebasemi,k. i. sawyer air force base,mi,michigan,22,mi
kalamazoomi,kalamazoo,mi,michigan,22,mi
kalamazoocountymi,kalamazoo county,mi,michigan,22,mi
kalkaskami,kalkaska,mi,michigan,22,mi
kalkaskacountymi,kalkaska county,mi,michigan,22,mi
keegoharbormi,keego harbor,mi,michigan,22,mi
kentcitymi,kent city,mi,michigan,22,mi
kentcountymi,kent county,mi,michigan,22,mi
kentwoodmi,kentwood,mi,michigan,22,mi
keweenawcountymi,keweenaw county,mi,michigan,22,mi
kilmanaghmi,kilmanagh,mi,michigan,22,mi
kingsfordmi,kingsford,mi,michigan,22,mi
kingsleymi,kingsley,mi,michigan,22,mi
l'ansemi,l'anse,mi,michigan,22,mi
laingsburgmi,laingsburg,mi,michigan,22,mi
lakecitymi,lake city,mi,michigan,22,mi
lakecountymi,lake county,mi,michigan,22,mi
lakefentonmi,lake fenton,mi,michigan,22,mi
lakeisabellami,lake isabella,mi,michigan,22,mi
lakemichiganbeachmi,lake michigan beach,mi,michigan,22,mi
lakeodessami,lake odessa,mi,michigan,22,mi
lakeorionmi,lake orion,mi,michigan,22,mi
lakeviewmi,lakeview,mi,michigan,22,mi
lakewoodclubmi,lakewood club,mi,michigan,22,mi
lambertvillemi,lambertville,mi,michigan,22,mi
lansingmi,lansing,mi,michigan,22,mi
lapeermi,lapeer,mi,michigan,22,mi
lapeercountymi,lapeer county,mi,michigan,22,mi
lathrupvillagemi,lathrup village,mi,michigan,22,mi
lauriummi,laurium,mi,michigan,22,mi
lawtonmi,lawton,mi,michigan,22,mi
leelanaucountymi,leelanau county,mi,michigan,22,mi
lelandmi,leland,mi,michigan,22,mi
lenaweecountymi,lenawee county,mi,michigan,22,mi
lesliemi,leslie,mi,michigan,22,mi
levelpark-oakparkmi,level park-oak park,mi,michigan,22,mi
lewistonmi,lewiston,mi,michigan,22,mi
lexingtonmi,lexington,mi,michigan,22,mi
lincolnparkmi,lincoln park,mi,michigan,22,mi
lindenmi,linden,mi,michigan,22,mi
litchfieldmi,litchfield,mi,michigan,22,mi
livingstoncountymi,livingston county,mi,michigan,22,mi
livoniami,livonia,mi,michigan,22,mi
lowellmi,lowell,mi,michigan,22,mi
lucecountymi,luce county,mi,michigan,22,mi
ludingtonmi,ludington,mi,michigan,22,mi
lunapiermi,luna pier,mi,michigan,22,mi
mackinaccountymi,mackinac county,mi,michigan,22,mi
macombcountymi,macomb county,mi,michigan,22,mi
madisonheightsmi,madison heights,mi,michigan,22,mi
mancelonami,mancelona,mi,michigan,22,mi
manchestermi,manchester,mi,michigan,22,mi
manisteemi,manistee,mi,michigan,22,mi
manisteecountymi,manistee county,mi,michigan,22,mi
manistiquemi,manistique,mi,michigan,22,mi
manitoubeach-devilslakemi,manitou beach-devils lake,mi,michigan,22,mi
mantonmi,manton,mi,michigan,22,mi
marcellusmi,marcellus,mi,michigan,22,mi
marinecitymi,marine city,mi,michigan,22,mi
marlettemi,marlette,mi,michigan,22,mi
marquettemi,marquette,mi,michigan,22,mi
marquettecountymi,marquette county,mi,michigan,22,mi
marshallmi,marshall,mi,michigan,22,mi
marysvillemi,marysville,mi,michigan,22,mi
masonmi,mason,mi,michigan,22,mi
masoncountymi,mason county,mi,michigan,22,mi
mattawanmi,mattawan,mi,michigan,22,mi
mecostacountymi,mecosta county,mi,michigan,22,mi
melvindalemi,melvindale,mi,michigan,22,mi
memphismi,memphis,mi,michigan,22,mi
menomineemi,menominee,mi,michigan,22,mi
menomineecountymi,menominee county,mi,michigan,22,mi
michigancentermi,michigan center,mi,michigan,22,mi
middlevillemi,middleville,mi,michigan,22,mi
midlandmi,midland,mi,michigan,22,mi
midlandcountymi,midland county,mi,michigan,22,mi
milanmi,milan,mi,michigan,22,mi
milfordmi,milford,mi,michigan,22,mi
millingtonmi,millington,mi,michigan,22,mi
miomi,mio,mi,michigan,22,mi
missaukeecountymi,missaukee county,mi,michigan,22,mi
monroemi,monroe,mi,michigan,22,mi
monroecountymi,monroe county,mi,michigan,22,mi
montaguemi,montague,mi,michigan,22,mi
montcalmcountymi,montcalm county,mi,michigan,22,mi
montmorencycountymi,montmorency county,mi,michigan,22,mi
montrosemi,montrose,mi,michigan,22,mi
morencimi,morenci,mi,michigan,22,mi
mountclemensmi,mount clemens,mi,michigan,22,mi
mountmorrismi,mount morris,mi,michigan,22,mi
mountpleasantmi,mount pleasant,mi,michigan,22,mi
munisingmi,munising,mi,michigan,22,mi
muskegonmi,muskegon,mi,michigan,22,mi
muskegoncountymi,muskegon county,mi,michigan,22,mi
muskegonheightsmi,muskegon heights,mi,michigan,22,mi
napoleonmi,napoleon,mi,michigan,22,mi
nashvillemi,nashville,mi,michigan,22,mi
negauneemi,negaunee,mi,michigan,22,mi
newbaltimoremi,new baltimore,mi,michigan,22,mi
newbuffalomi,new buffalo,mi,michigan,22,mi
newhavenmi,new haven,mi,michigan,22,mi
newaygomi,newaygo,mi,michigan,22,mi
newaygocountymi,newaygo county,mi,michigan,22,mi
newberrymi,newberry,mi,michigan,22,mi
nilesmi,niles,mi,michigan,22,mi
northbranchmi,north branch,mi,michigan,22,mi
northmuskegonmi,north muskegon,mi,michigan,22,mi
northviewmi,northview,mi,michigan,22,mi
northvillemi,northville,mi,michigan,22,mi
nortonshoresmi,norton shores,mi,michigan,22,mi
norwaymi,norway,mi,michigan,22,mi
novimi,novi,mi,michigan,22,mi
oakparkmi,oak park,mi,michigan,22,mi
oaklandcountymi,oakland county,mi,michigan,22,mi
oceanacountymi,oceana county,mi,michigan,22,mi
ogemawcountymi,ogemaw county,mi,michigan,22,mi
okemosmi,okemos,mi,michigan,22,mi
olivetmi,olivet,mi,michigan,22,mi
ontonagonmi,ontonagon,mi,michigan,22,mi
ontonagoncountymi,ontonagon county,mi,michigan,22,mi
orchardlakemi,orchard lake,mi,michigan,22,mi
ortonvillemi,ortonville,mi,michigan,22,mi
osceolacountymi,osceola county,mi,michigan,22,mi
oscodacountymi,oscoda county,mi,michigan,22,mi
otsegomi,otsego,mi,michigan,22,mi
otsegocountymi,otsego county,mi,michigan,22,mi
ottawacountymi,ottawa county,mi,michigan,22,mi
ovidmi,ovid,mi,michigan,22,mi
owossomi,owosso,mi,michigan,22,mi
oxfordmi,oxford,mi,michigan,22,mi
parchmentmi,parchment,mi,michigan,22,mi
pawpawmi,paw paw,mi,michigan,22,mi
pawpawlakemi,paw paw lake,mi,michigan,22,mi
pearlbeachmi,pearl beach,mi,michigan,22,mi
perrymi,perry,mi,michigan,22,mi
petersburgmi,petersburg,mi,michigan,22,mi
petoskeymi,petoskey,mi,michigan,22,mi
pigeonmi,pigeon,mi,michigan,22,mi
pinckneymi,pinckney,mi,michigan,22,mi
pinconningmi,pinconning,mi,michigan,22,mi
plainwellmi,plainwell,mi,michigan,22,mi
pleasantridgemi,pleasant ridge,mi,michigan,22,mi
plymouthmi,plymouth,mi,michigan,22,mi
pontiacmi,pontiac,mi,michigan,22,mi
porthuronmi,port huron,mi,michigan,22,mi
portagemi,portage,mi,michigan,22,mi
portlandmi,portland,mi,michigan,22,mi
pottervillemi,potterville,mi,michigan,22,mi
presqueislecountymi,presque isle county,mi,michigan,22,mi
prudenvillemi,prudenville,mi,michigan,22,mi
quincymi,quincy,mi,michigan,22,mi
quinnesecmi,quinnesec,mi,michigan,22,mi
rapidcitymi,rapid city,mi,michigan,22,mi
ravennami,ravenna,mi,michigan,22,mi
readingmi,reading,mi,michigan,22,mi
redfordmi,redford,mi,michigan,22,mi
reedcitymi,reed city,mi,michigan,22,mi
reesemi,reese,mi,michigan,22,mi
richmondmi,richmond,mi,michigan,22,mi
riverrougemi,river rouge,mi,michigan,22,mi
riverviewmi,riverview,mi,michigan,22,mi
rochestermi,rochester,mi,michigan,22,mi
rochesterhillsmi,rochester hills,mi,michigan,22,mi
rockfordmi,rockford,mi,michigan,22,mi
rockwoodmi,rockwood,mi,michigan,22,mi
rogerscitymi,rogers city,mi,michigan,22,mi
romeomi,romeo,mi,michigan,22,mi
romulusmi,romulus,mi,michigan,22,mi
rooseveltparkmi,roosevelt park,mi,michigan,22,mi
roscommonmi,roscommon,mi,michigan,22,mi
roscommoncountymi,roscommon county,mi,michigan,22,mi
rosevillemi,roseville,mi,michigan,22,mi
royaloakmi,royal oak,mi,michigan,22,mi
saginawmi,saginaw,mi,michigan,22,mi
saginawcountymi,saginaw county,mi,michigan,22,mi
saginawtownshipnorthmi,saginaw township north,mi,michigan,22,mi
saintcharlesmi,saint charles,mi,michigan,22,mi
saintclairmi,saint clair,mi,michigan,22,mi
saintclaircountymi,saint clair county,mi,michigan,22,mi
saintclairshoresmi,saint clair shores,mi,michigan,22,mi
sainthelenmi,saint helen,mi,michigan,22,mi
saintignacemi,saint ignace,mi,michigan,22,mi
saintjohnsmi,saint johns,mi,michigan,22,mi
saintjosephmi,saint joseph,mi,michigan,22,mi
saintjosephcountymi,saint joseph county,mi,michigan,22,mi
saintlouismi,saint louis,mi,michigan,22,mi
salinemi,saline,mi,michigan,22,mi
sandlakemi,sand lake,mi,michigan,22,mi
sanduskymi,sandusky,mi,michigan,22,mi
sanilaccountymi,sanilac county,mi,michigan,22,mi
saranacmi,saranac,mi,michigan,22,mi
saultste.mariemi,sault ste. marie,mi,michigan,22,mi
schoolcraftmi,schoolcraft,mi,michigan,22,mi
schoolcraftcountymi,schoolcraft county,mi,michigan,22,mi
scottvillemi,scottville,mi,michigan,22,mi
sebewaingmi,sebewaing,mi,michigan,22,mi
shelbymi,shelby,mi,michigan,22,mi
shepherdmi,shepherd,mi,michigan,22,mi
shiawasseecountymi,shiawassee county,mi,michigan,22,mi
shieldsmi,shields,mi,michigan,22,mi
shorewood-towerhills-harbertmi,shorewood-tower hills-harbert,mi,michigan,22,mi
skidwaylakemi,skidway lake,mi,michigan,22,mi
southgulllakemi,south gull lake,mi,michigan,22,mi
southhavenmi,south haven,mi,michigan,22,mi
southlyonmi,south lyon,mi,michigan,22,mi
southmonroemi,south monroe,mi,michigan,22,mi
southrockwoodmi,south rockwood,mi,michigan,22,mi
southfieldmi,southfield,mi,michigan,22,mi
southgatemi,southgate,mi,michigan,22,mi
spartami,sparta,mi,michigan,22,mi
springarbormi,spring arbor,mi,michigan,22,mi
springlakemi,spring lake,mi,michigan,22,mi
springfieldmi,springfield,mi,michigan,22,mi
"stambaugh,ironrivermi","stambaugh, iron river",mi,michigan,22,mi
standishmi,standish,mi,michigan,22,mi
stantonmi,stanton,mi,michigan,22,mi
sterlingheightsmi,sterling heights,mi,michigan,22,mi
stevensvillemi,stevensville,mi,michigan,22,mi
stockbridgemi,stockbridge,mi,michigan,22,mi
stonypointmi,stony point,mi,michigan,22,mi
sturgismi,sturgis,mi,michigan,22,mi
swartzcreekmi,swartz creek,mi,michigan,22,mi
sylvanlakemi,sylvan lake,mi,michigan,22,mi
tawascitymi,tawas city,mi,michigan,22,mi
taylormi,taylor,mi,michigan,22,mi
tecumsehmi,tecumseh,mi,michigan,22,mi
temperancemi,temperance,mi,michigan,22,mi
threeoaksmi,three oaks,mi,michigan,22,mi
threeriversmi,three rivers,mi,michigan,22,mi
traversecitymi,traverse city,mi,michigan,22,mi
trentonmi,trenton,mi,michigan,22,mi
trowbridgeparkmi,trowbridge park,mi,michigan,22,mi
troymi,troy,mi,michigan,22,mi
tuscolacountymi,tuscola county,mi,michigan,22,mi
twinlakemi,twin lake,mi,michigan,22,mi
unioncitymi,union city,mi,michigan,22,mi
uticami,utica,mi,michigan,22,mi
vanburencountymi,van buren county,mi,michigan,22,mi
vandercooklakemi,vandercook lake,mi,michigan,22,mi
vassarmi,vassar,mi,michigan,22,mi
vicksburgmi,vicksburg,mi,michigan,22,mi
wacoustami,wacousta,mi,michigan,22,mi
wakefieldmi,wakefield,mi,michigan,22,mi
walkermi,walker,mi,michigan,22,mi
walledlakemi,walled lake,mi,michigan,22,mi
warrenmi,warren,mi,michigan,22,mi
washtenawcountymi,washtenaw county,mi,michigan,22,mi
waterfordmi,waterford,mi,michigan,22,mi
watervlietmi,watervliet,mi,michigan,22,mi
waverlymi,waverly,mi,michigan,22,mi
waylandmi,wayland,mi,michigan,22,mi
waynemi,wayne,mi,michigan,22,mi
waynecountymi,wayne county,mi,michigan,22,mi
webbervillemi,webberville,mi,michigan,22,mi
westbloomfieldtownshipmi,west bloomfield township,mi,michigan,22,mi
westbranchmi,west branch,mi,michigan,22,mi
westishpemingmi,west ishpeming,mi,michigan,22,mi
westmonroemi,west monroe,mi,michigan,22,mi
westlandmi,westland,mi,michigan,22,mi
westwoodmi,westwood,mi,michigan,22,mi
wexfordcountymi,wexford county,mi,michigan,22,mi
whitecloudmi,white cloud,mi,michigan,22,mi
whitepigeonmi,white pigeon,mi,michigan,22,mi
whitehallmi,whitehall,mi,michigan,22,mi
whitmorelakemi,whitmore lake,mi,michigan,22,mi
williamstonmi,williamston,mi,michigan,22,mi
wixommi,wixom,mi,michigan,22,mi
wolflakemi,wolf lake,mi,michigan,22,mi
wolverinelakemi,wolverine lake,mi,michigan,22,mi
woodhavenmi,woodhaven,mi,michigan,22,mi
woodlandbeachmi,woodland beach,mi,michigan,22,mi
wyandottemi,wyandotte,mi,michigan,22,mi
wyomingmi,wyoming,mi,michigan,22,mi
yalemi,yale,mi,michigan,22,mi
ypsilantimi,ypsilanti,mi,michigan,22,mi
zeelandmi,zeeland,mi,michigan,22,mi
zilwaukeemi,zilwaukee,mi,michigan,22,mi
adamn,ada,mn,minnesota,23,mn
adrianmn,adrian,mn,minnesota,23,mn
aftonmn,afton,mn,minnesota,23,mn
aitkinmn,aitkin,mn,minnesota,23,mn
aitkincountymn,aitkin county,mn,minnesota,23,mn
albanymn,albany,mn,minnesota,23,mn
albertleamn,albert lea,mn,minnesota,23,mn
albertvillemn,albertville,mn,minnesota,23,mn
alexandriamn,alexandria,mn,minnesota,23,mn
andovermn,andover,mn,minnesota,23,mn
annandalemn,annandale,mn,minnesota,23,mn
anokamn,anoka,mn,minnesota,23,mn
anokacountymn,anoka county,mn,minnesota,23,mn
applevalleymn,apple valley,mn,minnesota,23,mn
appletonmn,appleton,mn,minnesota,23,mn
ardenhillsmn,arden hills,mn,minnesota,23,mn
arlingtonmn,arlington,mn,minnesota,23,mn
arnoldmn,arnold,mn,minnesota,23,mn
atwatermn,atwater,mn,minnesota,23,mn
auroramn,aurora,mn,minnesota,23,mn
austinmn,austin,mn,minnesota,23,mn
avonmn,avon,mn,minnesota,23,mn
babbittmn,babbitt,mn,minnesota,23,mn
bagleymn,bagley,mn,minnesota,23,mn
barnesvillemn,barnesville,mn,minnesota,23,mn
baudettemn,baudette,mn,minnesota,23,mn
baxtermn,baxter,mn,minnesota,23,mn
bayportmn,bayport,mn,minnesota,23,mn
beckermn,becker,mn,minnesota,23,mn
beckercountymn,becker county,mn,minnesota,23,mn
belleplainemn,belle plaine,mn,minnesota,23,mn
beltramicountymn,beltrami county,mn,minnesota,23,mn
bemidjimn,bemidji,mn,minnesota,23,mn
bensonmn,benson,mn,minnesota,23,mn
bentoncountymn,benton county,mn,minnesota,23,mn
biglakemn,big lake,mn,minnesota,23,mn
bigstonecountymn,big stone county,mn,minnesota,23,mn
birchwoodmn,birchwood,mn,minnesota,23,mn
blainemn,blaine,mn,minnesota,23,mn
bloomingprairiemn,blooming prairie,mn,minnesota,23,mn
bloomingtonmn,bloomington,mn,minnesota,23,mn
blueearthmn,blue earth,mn,minnesota,23,mn
blueearthcountymn,blue earth county,mn,minnesota,23,mn
brahammn,braham,mn,minnesota,23,mn
brainerdmn,brainerd,mn,minnesota,23,mn
branchmn,branch,mn,minnesota,23,mn
breckenridgemn,breckenridge,mn,minnesota,23,mn
breezypointmn,breezy point,mn,minnesota,23,mn
brooklyncentermn,brooklyn center,mn,minnesota,23,mn
brooklynparkmn,brooklyn park,mn,minnesota,23,mn
browncountymn,brown county,mn,minnesota,23,mn
buffalomn,buffalo,mn,minnesota,23,mn
burnsvillemn,burnsville,mn,minnesota,23,mn
byronmn,byron,mn,minnesota,23,mn
caledoniamn,caledonia,mn,minnesota,23,mn
cambridgemn,cambridge,mn,minnesota,23,mn
canbymn,canby,mn,minnesota,23,mn
cannonfallsmn,cannon falls,mn,minnesota,23,mn
carltonmn,carlton,mn,minnesota,23,mn
carltoncountymn,carlton county,mn,minnesota,23,mn
carvermn,carver,mn,minnesota,23,mn
carvercountymn,carver county,mn,minnesota,23,mn
casscountymn,cass county,mn,minnesota,23,mn
centercitymn,center city,mn,minnesota,23,mn
centervillemn,centerville,mn,minnesota,23,mn
champlinmn,champlin,mn,minnesota,23,mn
chanhassenmn,chanhassen,mn,minnesota,23,mn
chaskamn,chaska,mn,minnesota,23,mn
chatfieldmn,chatfield,mn,minnesota,23,mn
chippewacountymn,chippewa county,mn,minnesota,23,mn
chisagocitymn,chisago city,mn,minnesota,23,mn
chisagocountymn,chisago county,mn,minnesota,23,mn
chisholmmn,chisholm,mn,minnesota,23,mn
circlepinesmn,circle pines,mn,minnesota,23,mn
claracitymn,clara city,mn,minnesota,23,mn
claycountymn,clay county,mn,minnesota,23,mn
clearwatermn,clearwater,mn,minnesota,23,mn
clearwatercountymn,clearwater county,mn,minnesota,23,mn
cloquetmn,cloquet,mn,minnesota,23,mn
cohassetmn,cohasset,mn,minnesota,23,mn
cokatomn,cokato,mn,minnesota,23,mn
coldspringmn,cold spring,mn,minnesota,23,mn
colerainemn,coleraine,mn,minnesota,23,mn
collegevillemn,collegeville,mn,minnesota,23,mn
colognemn,cologne,mn,minnesota,23,mn
columbiaheightsmn,columbia heights,mn,minnesota,23,mn
columbusmn,columbus,mn,minnesota,23,mn
cookcountymn,cook county,mn,minnesota,23,mn
coonrapidsmn,coon rapids,mn,minnesota,23,mn
corcoranmn,corcoran,mn,minnesota,23,mn
cottagegrovemn,cottage grove,mn,minnesota,23,mn
cottonwoodmn,cottonwood,mn,minnesota,23,mn
cottonwoodcountymn,cottonwood county,mn,minnesota,23,mn
crookstonmn,crookston,mn,minnesota,23,mn
crosbymn,crosby,mn,minnesota,23,mn
crosslakemn,cross lake,mn,minnesota,23,mn
crowwingcountymn,crow wing county,mn,minnesota,23,mn
crystalmn,crystal,mn,minnesota,23,mn
dakotacountymn,dakota county,mn,minnesota,23,mn
dasselmn,dassel,mn,minnesota,23,mn
dawsonmn,dawson,mn,minnesota,23,mn
daytonmn,dayton,mn,minnesota,23,mn
deephavenmn,deephaven,mn,minnesota,23,mn
delanomn,delano,mn,minnesota,23,mn
dellwoodmn,dellwood,mn,minnesota,23,mn
detroitlakesmn,detroit lakes,mn,minnesota,23,mn
dilworthmn,dilworth,mn,minnesota,23,mn
dodgecentermn,dodge center,mn,minnesota,23,mn
dodgecountymn,dodge county,mn,minnesota,23,mn
douglascountymn,douglas county,mn,minnesota,23,mn
duluthmn,duluth,mn,minnesota,23,mn
dundasmn,dundas,mn,minnesota,23,mn
eaganmn,eagan,mn,minnesota,23,mn
eaglelakemn,eagle lake,mn,minnesota,23,mn
eastbethelmn,east bethel,mn,minnesota,23,mn
eastgrandforksmn,east grand forks,mn,minnesota,23,mn
eastgulllakemn,east gull lake,mn,minnesota,23,mn
edenprairiemn,eden prairie,mn,minnesota,23,mn
edenvalleymn,eden valley,mn,minnesota,23,mn
edgertonmn,edgerton,mn,minnesota,23,mn
edinamn,edina,mn,minnesota,23,mn
elbowlakemn,elbow lake,mn,minnesota,23,mn
elginmn,elgin,mn,minnesota,23,mn
elkrivermn,elk river,mn,minnesota,23,mn
elkonewmarketmn,elko new market,mn,minnesota,23,mn
elymn,ely,mn,minnesota,23,mn
eskomn,esko,mn,minnesota,23,mn
evelethmn,eveleth,mn,minnesota,23,mn
excelsiormn,excelsior,mn,minnesota,23,mn
eyotamn,eyota,mn,minnesota,23,mn
fairfaxmn,fairfax,mn,minnesota,23,mn
fairmontmn,fairmont,mn,minnesota,23,mn
falconheightsmn,falcon heights,mn,minnesota,23,mn
faribaultmn,faribault,mn,minnesota,23,mn
faribaultcountymn,faribault county,mn,minnesota,23,mn
farmingtonmn,farmington,mn,minnesota,23,mn
fergusfallsmn,fergus falls,mn,minnesota,23,mn
fillmorecountymn,fillmore county,mn,minnesota,23,mn
foleymn,foley,mn,minnesota,23,mn
forestlakemn,forest lake,mn,minnesota,23,mn
fosstonmn,fosston,mn,minnesota,23,mn
frazeemn,frazee,mn,minnesota,23,mn
freeborncountymn,freeborn county,mn,minnesota,23,mn
fridleymn,fridley,mn,minnesota,23,mn
fuldamn,fulda,mn,minnesota,23,mn
gaylordmn,gaylord,mn,minnesota,23,mn
gilbertmn,gilbert,mn,minnesota,23,mn
glencoemn,glencoe,mn,minnesota,23,mn
glenwoodmn,glenwood,mn,minnesota,23,mn
glyndonmn,glyndon,mn,minnesota,23,mn
goldenvalleymn,golden valley,mn,minnesota,23,mn
goodhuemn,goodhue,mn,minnesota,23,mn
goodhuecountymn,goodhue county,mn,minnesota,23,mn
goodviewmn,goodview,mn,minnesota,23,mn
grandmaraismn,grand marais,mn,minnesota,23,mn
grandmeadowmn,grand meadow,mn,minnesota,23,mn
grandrapidsmn,grand rapids,mn,minnesota,23,mn
granitefallsmn,granite falls,mn,minnesota,23,mn
grantmn,grant,mn,minnesota,23,mn
grantcountymn,grant county,mn,minnesota,23,mn
greenfieldmn,greenfield,mn,minnesota,23,mn
hallockmn,hallock,mn,minnesota,23,mn
hamlakemn,ham lake,mn,minnesota,23,mn
hanovermn,hanover,mn,minnesota,23,mn
harrismn,harris,mn,minnesota,23,mn
hastingsmn,hastings,mn,minnesota,23,mn
hawleymn,hawley,mn,minnesota,23,mn
hayfieldmn,hayfield,mn,minnesota,23,mn
hectormn,hector,mn,minnesota,23,mn
hennepincountymn,hennepin county,mn,minnesota,23,mn
hermantownmn,hermantown,mn,minnesota,23,mn
hibbingmn,hibbing,mn,minnesota,23,mn
hinckleymn,hinckley,mn,minnesota,23,mn
hopkinsmn,hopkins,mn,minnesota,23,mn
houstoncountymn,houston county,mn,minnesota,23,mn
howardlakemn,howard lake,mn,minnesota,23,mn
hoytlakesmn,hoyt lakes,mn,minnesota,23,mn
hubbardcountymn,hubbard county,mn,minnesota,23,mn
hugomn,hugo,mn,minnesota,23,mn
hutchinsonmn,hutchinson,mn,minnesota,23,mn
independencemn,independence,mn,minnesota,23,mn
internationalfallsmn,international falls,mn,minnesota,23,mn
invergroveheightsmn,inver grove heights,mn,minnesota,23,mn
isantimn,isanti,mn,minnesota,23,mn
isanticountymn,isanti county,mn,minnesota,23,mn
itascacountymn,itasca county,mn,minnesota,23,mn
ivanhoemn,ivanhoe,mn,minnesota,23,mn
jacksonmn,jackson,mn,minnesota,23,mn
jacksoncountymn,jackson county,mn,minnesota,23,mn
janesvillemn,janesville,mn,minnesota,23,mn
jordanmn,jordan,mn,minnesota,23,mn
kanabeccountymn,kanabec county,mn,minnesota,23,mn
kandiyohicountymn,kandiyohi county,mn,minnesota,23,mn
kassonmn,kasson,mn,minnesota,23,mn
keewatinmn,keewatin,mn,minnesota,23,mn
kenyonmn,kenyon,mn,minnesota,23,mn
kittsoncountymn,kittson county,mn,minnesota,23,mn
koochichingcountymn,koochiching county,mn,minnesota,23,mn
lacrescentmn,la crescent,mn,minnesota,23,mn
lacquiparlecountymn,lac qui parle county,mn,minnesota,23,mn
lakecitymn,lake city,mn,minnesota,23,mn
lakecountymn,lake county,mn,minnesota,23,mn
lakecrystalmn,lake crystal,mn,minnesota,23,mn
lakeelmomn,lake elmo,mn,minnesota,23,mn
lakesaintcroixbeachmn,lake saint croix beach,mn,minnesota,23,mn
lakeshoremn,lake shore,mn,minnesota,23,mn
lakeofthewoodscountymn,lake of the woods county,mn,minnesota,23,mn
lakefieldmn,lakefield,mn,minnesota,23,mn
lakelandmn,lakeland,mn,minnesota,23,mn
lakevillemn,lakeville,mn,minnesota,23,mn
lauderdalemn,lauderdale,mn,minnesota,23,mn
lecentermn,le center,mn,minnesota,23,mn
lesueurmn,le sueur,mn,minnesota,23,mn
lesueurcountymn,le sueur county,mn,minnesota,23,mn
lesterprairiemn,lester prairie,mn,minnesota,23,mn
lewistonmn,lewiston,mn,minnesota,23,mn
lexingtonmn,lexington,mn,minnesota,23,mn
lincolncountymn,lincoln county,mn,minnesota,23,mn
lindstrommn,lindstrom,mn,minnesota,23,mn
linolakesmn,lino lakes,mn,minnesota,23,mn
litchfieldmn,litchfield,mn,minnesota,23,mn
littlecanadamn,little canada,mn,minnesota,23,mn
littlefallsmn,little falls,mn,minnesota,23,mn
littlerockmn,little rock,mn,minnesota,23,mn
longlakemn,long lake,mn,minnesota,23,mn
longprairiemn,long prairie,mn,minnesota,23,mn
lonsdalemn,lonsdale,mn,minnesota,23,mn
luvernemn,luverne,mn,minnesota,23,mn
lyoncountymn,lyon county,mn,minnesota,23,mn
madeliamn,madelia,mn,minnesota,23,mn
madisonmn,madison,mn,minnesota,23,mn
madisonlakemn,madison lake,mn,minnesota,23,mn
mahnomenmn,mahnomen,mn,minnesota,23,mn
mahnomencountymn,mahnomen county,mn,minnesota,23,mn
mahtomedimn,mahtomedi,mn,minnesota,23,mn
mankatomn,mankato,mn,minnesota,23,mn
mantorvillemn,mantorville,mn,minnesota,23,mn
maplegrovemn,maple grove,mn,minnesota,23,mn
maplelakemn,maple lake,mn,minnesota,23,mn
mapleplainmn,maple plain,mn,minnesota,23,mn
mapletonmn,mapleton,mn,minnesota,23,mn
maplewoodmn,maplewood,mn,minnesota,23,mn
marshallmn,marshall,mn,minnesota,23,mn
marshallcountymn,marshall county,mn,minnesota,23,mn
martincountymn,martin county,mn,minnesota,23,mn
mayermn,mayer,mn,minnesota,23,mn
mcleodcountymn,mcleod county,mn,minnesota,23,mn
medfordmn,medford,mn,minnesota,23,mn
medinamn,medina,mn,minnesota,23,mn
meekercountymn,meeker county,mn,minnesota,23,mn
melrosemn,melrose,mn,minnesota,23,mn
menahgamn,menahga,mn,minnesota,23,mn
mendotaheightsmn,mendota heights,mn,minnesota,23,mn
milacamn,milaca,mn,minnesota,23,mn
millelacscountymn,mille lacs county,mn,minnesota,23,mn
minneapolismn,minneapolis,mn,minnesota,23,mn
minneotamn,minneota,mn,minnesota,23,mn
minnetonkamn,minnetonka,mn,minnesota,23,mn
minnetonkamillsmn,minnetonka mills,mn,minnesota,23,mn
minnetristamn,minnetrista,mn,minnesota,23,mn
montevideomn,montevideo,mn,minnesota,23,mn
montgomerymn,montgomery,mn,minnesota,23,mn
monticellomn,monticello,mn,minnesota,23,mn
montrosemn,montrose,mn,minnesota,23,mn
moorheadmn,moorhead,mn,minnesota,23,mn
mooselakemn,moose lake,mn,minnesota,23,mn
moramn,mora,mn,minnesota,23,mn
morrismn,morris,mn,minnesota,23,mn
morrisoncountymn,morrison county,mn,minnesota,23,mn
moundmn,mound,mn,minnesota,23,mn
moundsviewmn,mounds view,mn,minnesota,23,mn
mountainironmn,mountain iron,mn,minnesota,23,mn
mountainlakemn,mountain lake,mn,minnesota,23,mn
mowercountymn,mower county,mn,minnesota,23,mn
murraycountymn,murray county,mn,minnesota,23,mn
newbrightonmn,new brighton,mn,minnesota,23,mn
newhopemn,new hope,mn,minnesota,23,mn
newlondonmn,new london,mn,minnesota,23,mn
newpraguemn,new prague,mn,minnesota,23,mn
newrichlandmn,new richland,mn,minnesota,23,mn
newulmmn,new ulm,mn,minnesota,23,mn
newyorkmillsmn,new york mills,mn,minnesota,23,mn
newportmn,newport,mn,minnesota,23,mn
nicolletmn,nicollet,mn,minnesota,23,mn
nicolletcountymn,nicollet county,mn,minnesota,23,mn
nisswamn,nisswa,mn,minnesota,23,mn
noblescountymn,nobles county,mn,minnesota,23,mn
normancountymn,norman county,mn,minnesota,23,mn
northbranchmn,north branch,mn,minnesota,23,mn
northmankatomn,north mankato,mn,minnesota,23,mn
northoaksmn,north oaks,mn,minnesota,23,mn
northsaintpaulmn,north saint paul,mn,minnesota,23,mn
northfieldmn,northfield,mn,minnesota,23,mn
norwood(historical)mn,norwood (historical),mn,minnesota,23,mn
norwoodyoungamericamn,norwood young america,mn,minnesota,23,mn
nowthenmn,nowthen,mn,minnesota,23,mn
oakgrovemn,oak grove,mn,minnesota,23,mn
oakparkheightsmn,oak park heights,mn,minnesota,23,mn
oakdalemn,oakdale,mn,minnesota,23,mn
oakportmn,oakport,mn,minnesota,23,mn
oliviamn,olivia,mn,minnesota,23,mn
olmstedcountymn,olmsted county,mn,minnesota,23,mn
oronomn,orono,mn,minnesota,23,mn
oronocomn,oronoco,mn,minnesota,23,mn
ortonvillemn,ortonville,mn,minnesota,23,mn
osakismn,osakis,mn,minnesota,23,mn
osseomn,osseo,mn,minnesota,23,mn
otsegomn,otsego,mn,minnesota,23,mn
ottertailcountymn,otter tail county,mn,minnesota,23,mn
owatonnamn,owatonna,mn,minnesota,23,mn
parkrapidsmn,park rapids,mn,minnesota,23,mn
parkersprairiemn,parkers prairie,mn,minnesota,23,mn
parkvillemn,parkville,mn,minnesota,23,mn
paynesvillemn,paynesville,mn,minnesota,23,mn
pelicanrapidsmn,pelican rapids,mn,minnesota,23,mn
penningtoncountymn,pennington county,mn,minnesota,23,mn
pequotlakesmn,pequot lakes,mn,minnesota,23,mn
perhammn,perham,mn,minnesota,23,mn
pierzmn,pierz,mn,minnesota,23,mn
pinecitymn,pine city,mn,minnesota,23,mn
pinecountymn,pine county,mn,minnesota,23,mn
pineislandmn,pine island,mn,minnesota,23,mn
pipestonemn,pipestone,mn,minnesota,23,mn
pipestonecountymn,pipestone county,mn,minnesota,23,mn
plainviewmn,plainview,mn,minnesota,23,mn
plymouthmn,plymouth,mn,minnesota,23,mn
polkcountymn,polk county,mn,minnesota,23,mn
popecountymn,pope county,mn,minnesota,23,mn
prestonmn,preston,mn,minnesota,23,mn
princetonmn,princeton,mn,minnesota,23,mn
priorlakemn,prior lake,mn,minnesota,23,mn
proctormn,proctor,mn,minnesota,23,mn
ramseymn,ramsey,mn,minnesota,23,mn
ramseycountymn,ramsey county,mn,minnesota,23,mn
redlakemn,red lake,mn,minnesota,23,mn
redlakecountymn,red lake county,mn,minnesota,23,mn
redlakefallsmn,red lake falls,mn,minnesota,23,mn
redwingmn,red wing,mn,minnesota,23,mn
redbymn,redby,mn,minnesota,23,mn
redwoodcountymn,redwood county,mn,minnesota,23,mn
redwoodfallsmn,redwood falls,mn,minnesota,23,mn
renvillemn,renville,mn,minnesota,23,mn
renvillecountymn,renville county,mn,minnesota,23,mn
ricemn,rice,mn,minnesota,23,mn
ricecountymn,rice county,mn,minnesota,23,mn
richfieldmn,richfield,mn,minnesota,23,mn
richmondmn,richmond,mn,minnesota,23,mn
robbinsdalemn,robbinsdale,mn,minnesota,23,mn
rochestermn,rochester,mn,minnesota,23,mn
rockcountymn,rock county,mn,minnesota,23,mn
rockcreekmn,rock creek,mn,minnesota,23,mn
rockfordmn,rockford,mn,minnesota,23,mn
rockvillemn,rockville,mn,minnesota,23,mn
rogersmn,rogers,mn,minnesota,23,mn
roseaumn,roseau,mn,minnesota,23,mn
roseaucountymn,roseau county,mn,minnesota,23,mn
rosemountmn,rosemount,mn,minnesota,23,mn
rosevillemn,roseville,mn,minnesota,23,mn
royaltonmn,royalton,mn,minnesota,23,mn
rushcitymn,rush city,mn,minnesota,23,mn
rushfordmn,rushford,mn,minnesota,23,mn
saintanthonymn,saint anthony,mn,minnesota,23,mn
saintaugustamn,saint augusta,mn,minnesota,23,mn
saintbonifaciusmn,saint bonifacius,mn,minnesota,23,mn
saintcharlesmn,saint charles,mn,minnesota,23,mn
saintcloudmn,saint cloud,mn,minnesota,23,mn
saintfrancismn,saint francis,mn,minnesota,23,mn
saintjamesmn,saint james,mn,minnesota,23,mn
saintjosephmn,saint joseph,mn,minnesota,23,mn
saintlouiscountymn,saint louis county,mn,minnesota,23,mn
saintlouisparkmn,saint louis park,mn,minnesota,23,mn
saintmichaelmn,saint michael,mn,minnesota,23,mn
saintpaulmn,saint paul,mn,minnesota,23,mn
saintpaulparkmn,saint paul park,mn,minnesota,23,mn
saintpetermn,saint peter,mn,minnesota,23,mn
sandstonemn,sandstone,mn,minnesota,23,mn
sartellmn,sartell,mn,minnesota,23,mn
saukcentremn,sauk centre,mn,minnesota,23,mn
saukrapidsmn,sauk rapids,mn,minnesota,23,mn
savagemn,savage,mn,minnesota,23,mn
scandiamn,scandia,mn,minnesota,23,mn
scottcountymn,scott county,mn,minnesota,23,mn
shafermn,shafer,mn,minnesota,23,mn
shakopeemn,shakopee,mn,minnesota,23,mn
sherburnmn,sherburn,mn,minnesota,23,mn
sherburnecountymn,sherburne county,mn,minnesota,23,mn
shoreviewmn,shoreview,mn,minnesota,23,mn
shorewoodmn,shorewood,mn,minnesota,23,mn
sibleycountymn,sibley county,mn,minnesota,23,mn
silverbaymn,silver bay,mn,minnesota,23,mn
slaytonmn,slayton,mn,minnesota,23,mn
sleepyeyemn,sleepy eye,mn,minnesota,23,mn
southsaintpaulmn,south saint paul,mn,minnesota,23,mn
spicermn,spicer,mn,minnesota,23,mn
springgrovemn,spring grove,mn,minnesota,23,mn
springlakeparkmn,spring lake park,mn,minnesota,23,mn
springparkmn,spring park,mn,minnesota,23,mn
springvalleymn,spring valley,mn,minnesota,23,mn
springfieldmn,springfield,mn,minnesota,23,mn
stacymn,stacy,mn,minnesota,23,mn
staplesmn,staples,mn,minnesota,23,mn
starbuckmn,starbuck,mn,minnesota,23,mn
stearnscountymn,stearns county,mn,minnesota,23,mn
steelecountymn,steele county,mn,minnesota,23,mn
stevenscountymn,stevens county,mn,minnesota,23,mn
stewartvillemn,stewartville,mn,minnesota,23,mn
stillwatermn,stillwater,mn,minnesota,23,mn
swiftcountymn,swift county,mn,minnesota,23,mn
taylorsfallsmn,taylors falls,mn,minnesota,23,mn
thiefriverfallsmn,thief river falls,mn,minnesota,23,mn
toddcountymn,todd county,mn,minnesota,23,mn
tonkabaymn,tonka bay,mn,minnesota,23,mn
tracymn,tracy,mn,minnesota,23,mn
traversecountymn,traverse county,mn,minnesota,23,mn
trumanmn,truman,mn,minnesota,23,mn
twoharborsmn,two harbors,mn,minnesota,23,mn
tylermn,tyler,mn,minnesota,23,mn
vadnaisheightsmn,vadnais heights,mn,minnesota,23,mn
victoriamn,victoria,mn,minnesota,23,mn
vinelandmn,vineland,mn,minnesota,23,mn
virginiamn,virginia,mn,minnesota,23,mn
wabashamn,wabasha,mn,minnesota,23,mn
wabashacountymn,wabasha county,mn,minnesota,23,mn
waconiamn,waconia,mn,minnesota,23,mn
wadenamn,wadena,mn,minnesota,23,mn
wadenacountymn,wadena county,mn,minnesota,23,mn
waiteparkmn,waite park,mn,minnesota,23,mn
walkermn,walker,mn,minnesota,23,mn
wanamingomn,wanamingo,mn,minnesota,23,mn
warrenmn,warren,mn,minnesota,23,mn
warroadmn,warroad,mn,minnesota,23,mn
wasecamn,waseca,mn,minnesota,23,mn
wasecacountymn,waseca county,mn,minnesota,23,mn
washingtoncountymn,washington county,mn,minnesota,23,mn
watertownmn,watertown,mn,minnesota,23,mn
watervillemn,waterville,mn,minnesota,23,mn
watonwancountymn,watonwan county,mn,minnesota,23,mn
waverlymn,waverly,mn,minnesota,23,mn
wayzatamn,wayzata,mn,minnesota,23,mn
wellsmn,wells,mn,minnesota,23,mn
westcoonrapidsmn,west coon rapids,mn,minnesota,23,mn
westsaintpaulmn,west saint paul,mn,minnesota,23,mn
wheatonmn,wheaton,mn,minnesota,23,mn
whitebearlakemn,white bear lake,mn,minnesota,23,mn
wilkincountymn,wilkin county,mn,minnesota,23,mn
willmarmn,willmar,mn,minnesota,23,mn
windommn,windom,mn,minnesota,23,mn
winnebagomn,winnebago,mn,minnesota,23,mn
winonamn,winona,mn,minnesota,23,mn
winonacountymn,winona county,mn,minnesota,23,mn
winstedmn,winsted,mn,minnesota,23,mn
winthropmn,winthrop,mn,minnesota,23,mn
woodburymn,woodbury,mn,minnesota,23,mn
worthingtonmn,worthington,mn,minnesota,23,mn
wrightcountymn,wright county,mn,minnesota,23,mn
wyomingmn,wyoming,mn,minnesota,23,mn
yellowmedicinecountymn,yellow medicine county,mn,minnesota,23,mn
youngamerica(historical)mn,young america (historical),mn,minnesota,23,mn
zimmermanmn,zimmerman,mn,minnesota,23,mn
zumbrotamn,zumbrota,mn,minnesota,23,mn
aberdeenms,aberdeen,ms,mississippi,24,ms
ackermanms,ackerman,ms,mississippi,24,ms
adamscountyms,adams county,ms,mississippi,24,ms
alcorncountyms,alcorn county,ms,mississippi,24,ms
amitecountyms,amite county,ms,mississippi,24,ms
amoryms,amory,ms,mississippi,24,ms
arnoldlinems,arnold line,ms,mississippi,24,ms
ashlandms,ashland,ms,mississippi,24,ms
attalacountyms,attala county,ms,mississippi,24,ms
baldwynms,baldwyn,ms,mississippi,24,ms
batesvillems,batesville,ms,mississippi,24,ms
baysaintlouisms,bay saint louis,ms,mississippi,24,ms
bayspringsms,bay springs,ms,mississippi,24,ms
beechwoodms,beechwood,ms,mississippi,24,ms
belmontms,belmont,ms,mississippi,24,ms
belzonims,belzoni,ms,mississippi,24,ms
bentoncountyms,benton county,ms,mississippi,24,ms
biloxims,biloxi,ms,mississippi,24,ms
bolivarcountyms,bolivar county,ms,mississippi,24,ms
boonevillems,booneville,ms,mississippi,24,ms
brandonms,brandon,ms,mississippi,24,ms
brookhavenms,brookhaven,ms,mississippi,24,ms
brooksvillems,brooksville,ms,mississippi,24,ms
brucems,bruce,ms,mississippi,24,ms
budems,bude,ms,mississippi,24,ms
byhaliams,byhalia,ms,mississippi,24,ms
byramms,byram,ms,mississippi,24,ms
caledoniams,caledonia,ms,mississippi,24,ms
calhouncityms,calhoun city,ms,mississippi,24,ms
calhouncountyms,calhoun county,ms,mississippi,24,ms
cantonms,canton,ms,mississippi,24,ms
carrierems,carriere,ms,mississippi,24,ms
carrollcountyms,carroll county,ms,mississippi,24,ms
carrolltonms,carrollton,ms,mississippi,24,ms
carthagems,carthage,ms,mississippi,24,ms
centrevillems,centreville,ms,mississippi,24,ms
charlestonms,charleston,ms,mississippi,24,ms
chickasawcountyms,chickasaw county,ms,mississippi,24,ms
choctawcountyms,choctaw county,ms,mississippi,24,ms
claibornecountyms,claiborne county,ms,mississippi,24,ms
clarkecountyms,clarke county,ms,mississippi,24,ms
clarksdalems,clarksdale,ms,mississippi,24,ms
claycountyms,clay county,ms,mississippi,24,ms
clearyms,cleary,ms,mississippi,24,ms
clevelandms,cleveland,ms,mississippi,24,ms
clintonms,clinton,ms,mississippi,24,ms
coahomacountyms,coahoma county,ms,mississippi,24,ms
coldwaterms,coldwater,ms,mississippi,24,ms
collinsms,collins,ms,mississippi,24,ms
collinsvillems,collinsville,ms,mississippi,24,ms
columbiams,columbia,ms,mississippi,24,ms
columbusms,columbus,ms,mississippi,24,ms
columbusairforcebasems,columbus air force base,ms,mississippi,24,ms
comoms,como,ms,mississippi,24,ms
conehattams,conehatta,ms,mississippi,24,ms
copiahcountyms,copiah county,ms,mississippi,24,ms
corinthms,corinth,ms,mississippi,24,ms
covingtoncountyms,covington county,ms,mississippi,24,ms
crystalspringsms,crystal springs,ms,mississippi,24,ms
d'ibervillems,d'iberville,ms,mississippi,24,ms
dekalbms,de kalb,ms,mississippi,24,ms
delislems,de lisle,ms,mississippi,24,ms
desotocountyms,de soto county,ms,mississippi,24,ms
decaturms,decatur,ms,mississippi,24,ms
dermams,derma,ms,mississippi,24,ms
diamondheadms,diamondhead,ms,mississippi,24,ms
drewms,drew,ms,mississippi,24,ms
duckhillms,duck hill,ms,mississippi,24,ms
durantms,durant,ms,mississippi,24,ms
edwardsms,edwards,ms,mississippi,24,ms
ellisvillems,ellisville,ms,mississippi,24,ms
escatawpams,escatawpa,ms,mississippi,24,ms
euporams,eupora,ms,mississippi,24,ms
farmingtonms,farmington,ms,mississippi,24,ms
fayettems,fayette,ms,mississippi,24,ms
florams,flora,ms,mississippi,24,ms
florencems,florence,ms,mississippi,24,ms
flowoodms,flowood,ms,mississippi,24,ms
forestms,forest,ms,mississippi,24,ms
forrestcountyms,forrest county,ms,mississippi,24,ms
franklincountyms,franklin county,ms,mississippi,24,ms
friarspointms,friars point,ms,mississippi,24,ms
fultonms,fulton,ms,mississippi,24,ms
gautierms,gautier,ms,mississippi,24,ms
georgecountyms,george county,ms,mississippi,24,ms
glendalems,glendale,ms,mississippi,24,ms
goodmanms,goodman,ms,mississippi,24,ms
greenecountyms,greene county,ms,mississippi,24,ms
greenvillems,greenville,ms,mississippi,24,ms
greenwoodms,greenwood,ms,mississippi,24,ms
grenadams,grenada,ms,mississippi,24,ms
grenadacountyms,grenada county,ms,mississippi,24,ms
gulfhillsms,gulf hills,ms,mississippi,24,ms
gulfparkestatesms,gulf park estates,ms,mississippi,24,ms
gulfportms,gulfport,ms,mississippi,24,ms
guntownms,guntown,ms,mississippi,24,ms
hancockcountyms,hancock county,ms,mississippi,24,ms
harrisoncountyms,harrison county,ms,mississippi,24,ms
hattiesburgms,hattiesburg,ms,mississippi,24,ms
hazlehurstms,hazlehurst,ms,mississippi,24,ms
helenams,helena,ms,mississippi,24,ms
hernandoms,hernando,ms,mississippi,24,ms
hickoryhillsms,hickory hills,ms,mississippi,24,ms
hide-a-waylakems,hide-a-way lake,ms,mississippi,24,ms
hillsboroms,hillsboro,ms,mississippi,24,ms
hindscountyms,hinds county,ms,mississippi,24,ms
hollandalems,hollandale,ms,mississippi,24,ms
hollyspringsms,holly springs,ms,mississippi,24,ms
holmescountyms,holmes county,ms,mississippi,24,ms
hornlakems,horn lake,ms,mississippi,24,ms
houstonms,houston,ms,mississippi,24,ms
humphreyscountyms,humphreys county,ms,mississippi,24,ms
hurleyms,hurley,ms,mississippi,24,ms
indianolams,indianola,ms,mississippi,24,ms
issaquenacountyms,issaquena county,ms,mississippi,24,ms
itawambacountyms,itawamba county,ms,mississippi,24,ms
ittabenams,itta bena,ms,mississippi,24,ms
iukams,iuka,ms,mississippi,24,ms
jacksonms,jackson,ms,mississippi,24,ms
jacksoncountyms,jackson county,ms,mississippi,24,ms
jaspercountyms,jasper county,ms,mississippi,24,ms
jeffersoncountyms,jefferson county,ms,mississippi,24,ms
jeffersondaviscountyms,jefferson davis county,ms,mississippi,24,ms
jonescountyms,jones county,ms,mississippi,24,ms
jonestownms,jonestown,ms,mississippi,24,ms
kearneyparkms,kearney park,ms,mississippi,24,ms
kempercountyms,kemper county,ms,mississippi,24,ms
kilnms,kiln,ms,mississippi,24,ms
kosciuskoms,kosciusko,ms,mississippi,24,ms
lafayettecountyms,lafayette county,ms,mississippi,24,ms
lamarcountyms,lamar county,ms,mississippi,24,ms
lambertms,lambert,ms,mississippi,24,ms
latimerms,latimer,ms,mississippi,24,ms
lauderdalecountyms,lauderdale county,ms,mississippi,24,ms
laurelms,laurel,ms,mississippi,24,ms
lawrencecountyms,lawrence county,ms,mississippi,24,ms
leakecountyms,leake county,ms,mississippi,24,ms
leakesvillems,leakesville,ms,mississippi,24,ms
leecountyms,lee county,ms,mississippi,24,ms
leflorecountyms,leflore county,ms,mississippi,24,ms
lelandms,leland,ms,mississippi,24,ms
lexingtonms,lexington,ms,mississippi,24,ms
libertyms,liberty,ms,mississippi,24,ms
lincolncountyms,lincoln county,ms,mississippi,24,ms
longbeachms,long beach,ms,mississippi,24,ms
louisvillems,louisville,ms,mississippi,24,ms
lowndescountyms,lowndes county,ms,mississippi,24,ms
lucedalems,lucedale,ms,mississippi,24,ms
lumbertonms,lumberton,ms,mississippi,24,ms
lymanms,lyman,ms,mississippi,24,ms
lynchburgms,lynchburg,ms,mississippi,24,ms
maconms,macon,ms,mississippi,24,ms
madisonms,madison,ms,mississippi,24,ms
madisoncountyms,madison county,ms,mississippi,24,ms
mageems,magee,ms,mississippi,24,ms
magnoliams,magnolia,ms,mississippi,24,ms
mantachiems,mantachie,ms,mississippi,24,ms
marionms,marion,ms,mississippi,24,ms
marioncountyms,marion county,ms,mississippi,24,ms
marksms,marks,ms,mississippi,24,ms
marshallcountyms,marshall county,ms,mississippi,24,ms
mayersvillems,mayersville,ms,mississippi,24,ms
mccombms,mccomb,ms,mississippi,24,ms
meadvillems,meadville,ms,mississippi,24,ms
mendenhallms,mendenhall,ms,mississippi,24,ms
meridianms,meridian,ms,mississippi,24,ms
meridianstationms,meridian station,ms,mississippi,24,ms
metcalfems,metcalfe,ms,mississippi,24,ms
mikomams,mikoma,ms,mississippi,24,ms
monroecountyms,monroe county,ms,mississippi,24,ms
montgomerycountyms,montgomery county,ms,mississippi,24,ms
monticelloms,monticello,ms,mississippi,24,ms
moorheadms,moorhead,ms,mississippi,24,ms
morgantownms,morgantown,ms,mississippi,24,ms
mortonms,morton,ms,mississippi,24,ms
mosspointms,moss point,ms,mississippi,24,ms
moundbayoums,mound bayou,ms,mississippi,24,ms
natchezms,natchez,ms,mississippi,24,ms
nellieburgms,nellieburg,ms,mississippi,24,ms
neshobacountyms,neshoba county,ms,mississippi,24,ms
nettletonms,nettleton,ms,mississippi,24,ms
newalbanyms,new albany,ms,mississippi,24,ms
newaugustams,new augusta,ms,mississippi,24,ms
newhopems,new hope,ms,mississippi,24,ms
newtonms,newton,ms,mississippi,24,ms
newtoncountyms,newton county,ms,mississippi,24,ms
nicholsonms,nicholson,ms,mississippi,24,ms
northtunicams,north tunica,ms,mississippi,24,ms
noxubeecountyms,noxubee county,ms,mississippi,24,ms
oceanspringsms,ocean springs,ms,mississippi,24,ms
okolonams,okolona,ms,mississippi,24,ms
oktibbehacountyms,oktibbeha county,ms,mississippi,24,ms
olivebranchms,olive branch,ms,mississippi,24,ms
oxfordms,oxford,ms,mississippi,24,ms
panolacountyms,panola county,ms,mississippi,24,ms
pascagoulams,pascagoula,ms,mississippi,24,ms
passchristianms,pass christian,ms,mississippi,24,ms
pearlms,pearl,ms,mississippi,24,ms
pearlriverms,pearl river,ms,mississippi,24,ms
pearlrivercountyms,pearl river county,ms,mississippi,24,ms
pearlingtonms,pearlington,ms,mississippi,24,ms
pelahatchiems,pelahatchie,ms,mississippi,24,ms
perrycountyms,perry county,ms,mississippi,24,ms
petalms,petal,ms,mississippi,24,ms
philadelphiams,philadelphia,ms,mississippi,24,ms
picayunems,picayune,ms,mississippi,24,ms
pickensms,pickens,ms,mississippi,24,ms
pikecountyms,pike county,ms,mississippi,24,ms
pittsboroms,pittsboro,ms,mississippi,24,ms
plantersvillems,plantersville,ms,mississippi,24,ms
pontotocms,pontotoc,ms,mississippi,24,ms
pontotoccountyms,pontotoc county,ms,mississippi,24,ms
poplarvillems,poplarville,ms,mississippi,24,ms
portgibsonms,port gibson,ms,mississippi,24,ms
prentissms,prentiss,ms,mississippi,24,ms
prentisscountyms,prentiss county,ms,mississippi,24,ms
purvisms,purvis,ms,mississippi,24,ms
quitmanms,quitman,ms,mississippi,24,ms
quitmancountyms,quitman county,ms,mississippi,24,ms
raleighms,raleigh,ms,mississippi,24,ms
rankincountyms,rankin county,ms,mississippi,24,ms
rawlsspringsms,rawls springs,ms,mississippi,24,ms
raymondms,raymond,ms,mississippi,24,ms
richlandms,richland,ms,mississippi,24,ms
richtonms,richton,ms,mississippi,24,ms
ridgelandms,ridgeland,ms,mississippi,24,ms
ripleyms,ripley,ms,mississippi,24,ms
rollingforkms,rolling fork,ms,mississippi,24,ms
rosedalems,rosedale,ms,mississippi,24,ms
rulevillems,ruleville,ms,mississippi,24,ms
saintmartinms,saint martin,ms,mississippi,24,ms
saltilloms,saltillo,ms,mississippi,24,ms
sardisms,sardis,ms,mississippi,24,ms
saucierms,saucier,ms,mississippi,24,ms
scottcountyms,scott county,ms,mississippi,24,ms
senatobiams,senatobia,ms,mississippi,24,ms
shannonms,shannon,ms,mississippi,24,ms
sharkeycountyms,sharkey county,ms,mississippi,24,ms
sharonms,sharon,ms,mississippi,24,ms
shawms,shaw,ms,mississippi,24,ms
shelbyms,shelby,ms,mississippi,24,ms
simpsoncountyms,simpson county,ms,mississippi,24,ms
smithcountyms,smith county,ms,mississippi,24,ms
southavenms,southaven,ms,mississippi,24,ms
starkvillems,starkville,ms,mississippi,24,ms
stonecountyms,stone county,ms,mississippi,24,ms
stonewallms,stonewall,ms,mississippi,24,ms
summitms,summit,ms,mississippi,24,ms
sumrallms,sumrall,ms,mississippi,24,ms
sunflowerms,sunflower,ms,mississippi,24,ms
sunflowercountyms,sunflower county,ms,mississippi,24,ms
tallahatchiecountyms,tallahatchie county,ms,mississippi,24,ms
tatecountyms,tate county,ms,mississippi,24,ms
taylorsvillems,taylorsville,ms,mississippi,24,ms
tchulams,tchula,ms,mississippi,24,ms
terryms,terry,ms,mississippi,24,ms
tippahcountyms,tippah county,ms,mississippi,24,ms
tishomingocountyms,tishomingo county,ms,mississippi,24,ms
tunicams,tunica,ms,mississippi,24,ms
tunicacountyms,tunica county,ms,mississippi,24,ms
tunicaresortsms,tunica resorts,ms,mississippi,24,ms
tupeloms,tupelo,ms,mississippi,24,ms
tutwilerms,tutwiler,ms,mississippi,24,ms
tylertownms,tylertown,ms,mississippi,24,ms
unionms,union,ms,mississippi,24,ms
unioncountyms,union county,ms,mississippi,24,ms
universityms,university,ms,mississippi,24,ms
vancleavems,vancleave,ms,mississippi,24,ms
vardamanms,vardaman,ms,mississippi,24,ms
veronams,verona,ms,mississippi,24,ms
vicksburgms,vicksburg,ms,mississippi,24,ms
wadems,wade,ms,mississippi,24,ms
wallsms,walls,ms,mississippi,24,ms
walnutgrovems,walnut grove,ms,mississippi,24,ms
walthallms,walthall,ms,mississippi,24,ms
walthallcountyms,walthall county,ms,mississippi,24,ms
warrencountyms,warren county,ms,mississippi,24,ms
washingtoncountyms,washington county,ms,mississippi,24,ms
watervalleyms,water valley,ms,mississippi,24,ms
wavelandms,waveland,ms,mississippi,24,ms
waynecountyms,wayne county,ms,mississippi,24,ms
waynesboroms,waynesboro,ms,mississippi,24,ms
webstercountyms,webster county,ms,mississippi,24,ms
wessonms,wesson,ms,mississippi,24,ms
westgulfportms,west gulfport,ms,mississippi,24,ms
westhattiesburgms,west hattiesburg,ms,mississippi,24,ms
westpointms,west point,ms,mississippi,24,ms
wigginsms,wiggins,ms,mississippi,24,ms
wilkinsoncountyms,wilkinson county,ms,mississippi,24,ms
winonams,winona,ms,mississippi,24,ms
winstoncountyms,winston county,ms,mississippi,24,ms
woodvillems,woodville,ms,mississippi,24,ms
yalobushacountyms,yalobusha county,ms,mississippi,24,ms
yazoocityms,yazoo city,ms,mississippi,24,ms
yazoocountyms,yazoo county,ms,mississippi,24,ms
adaircountymo,adair county,mo,missouri,25,mo
adrianmo,adrian,mo,missouri,25,mo
advancemo,advance,mo,missouri,25,mo
afftonmo,affton,mo,missouri,25,mo
albanymo,albany,mo,missouri,25,mo
altonmo,alton,mo,missouri,25,mo
andersonmo,anderson,mo,missouri,25,mo
andrewcountymo,andrew county,mo,missouri,25,mo
appletoncitymo,appleton city,mo,missouri,25,mo
archiemo,archie,mo,missouri,25,mo
arnoldmo,arnold,mo,missouri,25,mo
ashgrovemo,ash grove,mo,missouri,25,mo
ashlandmo,ashland,mo,missouri,25,mo
atchisoncountymo,atchison county,mo,missouri,25,mo
audraincountymo,audrain county,mo,missouri,25,mo
auroramo,aurora,mo,missouri,25,mo
avamo,ava,mo,missouri,25,mo
ballwinmo,ballwin,mo,missouri,25,mo
barnhartmo,barnhart,mo,missouri,25,mo
barrycountymo,barry county,mo,missouri,25,mo
bartoncountymo,barton county,mo,missouri,25,mo
batescountymo,bates county,mo,missouri,25,mo
battlefieldmo,battlefield,mo,missouri,25,mo
bel-normo,bel-nor,mo,missouri,25,mo
bel-ridgemo,bel-ridge,mo,missouri,25,mo
bellemo,belle,mo,missouri,25,mo
bellefontaineneighborsmo,bellefontaine neighbors,mo,missouri,25,mo
beltonmo,belton,mo,missouri,25,mo
bentonmo,benton,mo,missouri,25,mo
bentoncountymo,benton county,mo,missouri,25,mo
berkeleymo,berkeley,mo,missouri,25,mo
berniemo,bernie,mo,missouri,25,mo
bethanymo,bethany,mo,missouri,25,mo
billingsmo,billings,mo,missouri,25,mo
bismarckmo,bismarck,mo,missouri,25,mo
blackjackmo,black jack,mo,missouri,25,mo
bloomfieldmo,bloomfield,mo,missouri,25,mo
bluespringsmo,blue springs,mo,missouri,25,mo
bolivarmo,bolivar,mo,missouri,25,mo
bollingercountymo,bollinger county,mo,missouri,25,mo
bonneterremo,bonne terre,mo,missouri,25,mo
boonecountymo,boone county,mo,missouri,25,mo
boonvillemo,boonville,mo,missouri,25,mo
bourbonmo,bourbon,mo,missouri,25,mo
bowlinggreenmo,bowling green,mo,missouri,25,mo
bransonmo,branson,mo,missouri,25,mo
breckenridgehillsmo,breckenridge hills,mo,missouri,25,mo
brentwoodmo,brentwood,mo,missouri,25,mo
bridgetonmo,bridgeton,mo,missouri,25,mo
brookfieldmo,brookfield,mo,missouri,25,mo
buchanancountymo,buchanan county,mo,missouri,25,mo
bucknermo,buckner,mo,missouri,25,mo
buffalomo,buffalo,mo,missouri,25,mo
butlermo,butler,mo,missouri,25,mo
butlercountymo,butler county,mo,missouri,25,mo
byrnesmillmo,byrnes mill,mo,missouri,25,mo
caboolmo,cabool,mo,missouri,25,mo
caldwellcountymo,caldwell county,mo,missouri,25,mo
californiamo,california,mo,missouri,25,mo
callawaycountymo,callaway county,mo,missouri,25,mo
calvertonparkmo,calverton park,mo,missouri,25,mo
camdencountymo,camden county,mo,missouri,25,mo
camdentonmo,camdenton,mo,missouri,25,mo
cameronmo,cameron,mo,missouri,25,mo
campbellmo,campbell,mo,missouri,25,mo
cantonmo,canton,mo,missouri,25,mo
capegirardeaumo,cape girardeau,mo,missouri,25,mo
capegirardeaucountymo,cape girardeau county,mo,missouri,25,mo
carljunctionmo,carl junction,mo,missouri,25,mo
carrollcountymo,carroll county,mo,missouri,25,mo
carrolltonmo,carrollton,mo,missouri,25,mo
cartercountymo,carter county,mo,missouri,25,mo
cartervillemo,carterville,mo,missouri,25,mo
carthagemo,carthage,mo,missouri,25,mo
caruthersvillemo,caruthersville,mo,missouri,25,mo
casscountymo,cass county,mo,missouri,25,mo
cassvillemo,cassville,mo,missouri,25,mo
castlepointmo,castle point,mo,missouri,25,mo
cedarcountymo,cedar county,mo,missouri,25,mo
cedarhillmo,cedar hill,mo,missouri,25,mo
centervillemo,centerville,mo,missouri,25,mo
centraliamo,centralia,mo,missouri,25,mo
chaffeemo,chaffee,mo,missouri,25,mo
charitoncountymo,chariton county,mo,missouri,25,mo
charlackmo,charlack,mo,missouri,25,mo
charlestonmo,charleston,mo,missouri,25,mo
chesterfieldmo,chesterfield,mo,missouri,25,mo
chillicothemo,chillicothe,mo,missouri,25,mo
christiancountymo,christian county,mo,missouri,25,mo
cityofsaintlouismo,city of saint louis,mo,missouri,25,mo
clarkcountymo,clark county,mo,missouri,25,mo
clarksonvalleymo,clarkson valley,mo,missouri,25,mo
clarktonmo,clarkton,mo,missouri,25,mo
claycountymo,clay county,mo,missouri,25,mo
claycomomo,claycomo,mo,missouri,25,mo
claytonmo,clayton,mo,missouri,25,mo
clevermo,clever,mo,missouri,25,mo
clintonmo,clinton,mo,missouri,25,mo
clintoncountymo,clinton county,mo,missouri,25,mo
colecampmo,cole camp,mo,missouri,25,mo
colecountymo,cole county,mo,missouri,25,mo
columbiamo,columbia,mo,missouri,25,mo
concordmo,concord,mo,missouri,25,mo
concordiamo,concordia,mo,missouri,25,mo
coolvalleymo,cool valley,mo,missouri,25,mo
coopercountymo,cooper county,mo,missouri,25,mo
cottlevillemo,cottleville,mo,missouri,25,mo
countryclubhillsmo,country club hills,mo,missouri,25,mo
countryclubvillagemo,country club village,mo,missouri,25,mo
cranemo,crane,mo,missouri,25,mo
crawfordcountymo,crawford county,mo,missouri,25,mo
crestwoodmo,crestwood,mo,missouri,25,mo
crevecoeurmo,creve coeur,mo,missouri,25,mo
crockermo,crocker,mo,missouri,25,mo
crystalcitymo,crystal city,mo,missouri,25,mo
cubamo,cuba,mo,missouri,25,mo
dadecountymo,dade county,mo,missouri,25,mo
dallascountymo,dallas county,mo,missouri,25,mo
dardenneprairiemo,dardenne prairie,mo,missouri,25,mo
daviesscountymo,daviess county,mo,missouri,25,mo
desotomo,de soto,mo,missouri,25,mo
dekalbcountymo,dekalb county,mo,missouri,25,mo
dellwoodmo,dellwood,mo,missouri,25,mo
dentcountymo,dent county,mo,missouri,25,mo
desperesmo,des peres,mo,missouri,25,mo
deslogemo,desloge,mo,missouri,25,mo
dextermo,dexter,mo,missouri,25,mo
dixonmo,dixon,mo,missouri,25,mo
doniphanmo,doniphan,mo,missouri,25,mo
douglascountymo,douglas county,mo,missouri,25,mo
duenwegmo,duenweg,mo,missouri,25,mo
dunklincountymo,dunklin county,mo,missouri,25,mo
duquesnemo,duquesne,mo,missouri,25,mo
eastindependencemo,east independence,mo,missouri,25,mo
eastprairiemo,east prairie,mo,missouri,25,mo
edinamo,edina,mo,missouri,25,mo
eldoradospringsmo,el dorado springs,mo,missouri,25,mo
eldonmo,eldon,mo,missouri,25,mo
ellisvillemo,ellisville,mo,missouri,25,mo
elsberrymo,elsberry,mo,missouri,25,mo
elvinsmo,elvins,mo,missouri,25,mo
eminencemo,eminence,mo,missouri,25,mo
esthermo,esther,mo,missouri,25,mo
eurekamo,eureka,mo,missouri,25,mo
excelsiorspringsmo,excelsior springs,mo,missouri,25,mo
fairgrovemo,fair grove,mo,missouri,25,mo
farmingtonmo,farmington,mo,missouri,25,mo
fayettemo,fayette,mo,missouri,25,mo
fentonmo,fenton,mo,missouri,25,mo
fergusonmo,ferguson,mo,missouri,25,mo
festusmo,festus,mo,missouri,25,mo
flatrivermo,flat river,mo,missouri,25,mo
florissantmo,florissant,mo,missouri,25,mo
forsythmo,forsyth,mo,missouri,25,mo
fortleonardwoodmo,fort leonard wood,mo,missouri,25,mo
fourseasonsmo,four seasons,mo,missouri,25,mo
franklincountymo,franklin county,mo,missouri,25,mo
fredericktownmo,fredericktown,mo,missouri,25,mo
frontenacmo,frontenac,mo,missouri,25,mo
fultonmo,fulton,mo,missouri,25,mo
gainesvillemo,gainesville,mo,missouri,25,mo
galenamo,galena,mo,missouri,25,mo
gallatinmo,gallatin,mo,missouri,25,mo
gardencitymo,garden city,mo,missouri,25,mo
gasconadecountymo,gasconade county,mo,missouri,25,mo
gentrycountymo,gentry county,mo,missouri,25,mo
geraldmo,gerald,mo,missouri,25,mo
gideonmo,gideon,mo,missouri,25,mo
gladstonemo,gladstone,mo,missouri,25,mo
glasgowmo,glasgow,mo,missouri,25,mo
glasgowvillagemo,glasgow village,mo,missouri,25,mo
glendalemo,glendale,mo,missouri,25,mo
goodmanmo,goodman,mo,missouri,25,mo
gowermo,gower,mo,missouri,25,mo
grainvalleymo,grain valley,mo,missouri,25,mo
granbymo,granby,mo,missouri,25,mo
grandviewmo,grandview,mo,missouri,25,mo
grantcitymo,grant city,mo,missouri,25,mo
graysummitmo,gray summit,mo,missouri,25,mo
greenparkmo,green park,mo,missouri,25,mo
greenecountymo,greene county,mo,missouri,25,mo
greenfieldmo,greenfield,mo,missouri,25,mo
greenvillemo,greenville,mo,missouri,25,mo
greenwoodmo,greenwood,mo,missouri,25,mo
grundycountymo,grundy county,mo,missouri,25,mo
hallsvillemo,hallsville,mo,missouri,25,mo
hamiltonmo,hamilton,mo,missouri,25,mo
hanleyhillsmo,hanley hills,mo,missouri,25,mo
hannibalmo,hannibal,mo,missouri,25,mo
harrisoncountymo,harrison county,mo,missouri,25,mo
harrisonvillemo,harrisonville,mo,missouri,25,mo
hartvillemo,hartville,mo,missouri,25,mo
haytimo,hayti,mo,missouri,25,mo
hazelwoodmo,hazelwood,mo,missouri,25,mo
henrycountymo,henry county,mo,missouri,25,mo
herculaneummo,herculaneum,mo,missouri,25,mo
hermannmo,hermann,mo,missouri,25,mo
hermitagemo,hermitage,mo,missouri,25,mo
hickorycountymo,hickory county,mo,missouri,25,mo
higginsvillemo,higginsville,mo,missouri,25,mo
highridgemo,high ridge,mo,missouri,25,mo
hillsboromo,hillsboro,mo,missouri,25,mo
hillsdalemo,hillsdale,mo,missouri,25,mo
holdenmo,holden,mo,missouri,25,mo
hollistermo,hollister,mo,missouri,25,mo
holtcountymo,holt county,mo,missouri,25,mo
holtssummitmo,holts summit,mo,missouri,25,mo
houstonmo,houston,mo,missouri,25,mo
howardcountymo,howard county,mo,missouri,25,mo
howellcountymo,howell county,mo,missouri,25,mo
humansvillemo,humansville,mo,missouri,25,mo
huntsvillemo,huntsville,mo,missouri,25,mo
imperialmo,imperial,mo,missouri,25,mo
independencemo,independence,mo,missouri,25,mo
ironcountymo,iron county,mo,missouri,25,mo
irontonmo,ironton,mo,missouri,25,mo
jacksonmo,jackson,mo,missouri,25,mo
jacksoncountymo,jackson county,mo,missouri,25,mo
jaspercountymo,jasper county,mo,missouri,25,mo
jeffersoncitymo,jefferson city,mo,missouri,25,mo
jeffersoncountymo,jefferson county,mo,missouri,25,mo
jenningsmo,jennings,mo,missouri,25,mo
johnsoncountymo,johnson county,mo,missouri,25,mo
joplinmo,joplin,mo,missouri,25,mo
kahokamo,kahoka,mo,missouri,25,mo
kansascitymo,kansas city,mo,missouri,25,mo
kearneymo,kearney,mo,missouri,25,mo
kennettmo,kennett,mo,missouri,25,mo
keytesvillemo,keytesville,mo,missouri,25,mo
kimberlingcitymo,kimberling city,mo,missouri,25,mo
kingcitymo,king city,mo,missouri,25,mo
kingstonmo,kingston,mo,missouri,25,mo
kirksvillemo,kirksville,mo,missouri,25,mo
kirkwoodmo,kirkwood,mo,missouri,25,mo
kisseemillsmo,kissee mills,mo,missouri,25,mo
knobnostermo,knob noster,mo,missouri,25,mo
knoxcountymo,knox county,mo,missouri,25,mo
lamontemo,la monte,mo,missouri,25,mo
laplatamo,la plata,mo,missouri,25,mo
labarquecreekmo,labarque creek,mo,missouri,25,mo
lacledecountymo,laclede county,mo,missouri,25,mo
laduemo,ladue,mo,missouri,25,mo
lafayettecountymo,lafayette county,mo,missouri,25,mo
lakelotawanamo,lake lotawana,mo,missouri,25,mo
lakeozarkmo,lake ozark,mo,missouri,25,mo
lakesaintlouismo,lake saint louis,mo,missouri,25,mo
lakewinnebagomo,lake winnebago,mo,missouri,25,mo
lakeshiremo,lakeshire,mo,missouri,25,mo
lamarmo,lamar,mo,missouri,25,mo
lancastermo,lancaster,mo,missouri,25,mo
lathropmo,lathrop,mo,missouri,25,mo
lawrencecountymo,lawrence county,mo,missouri,25,mo
lawsonmo,lawson,mo,missouri,25,mo
leadwoodmo,leadwood,mo,missouri,25,mo
lebanonmo,lebanon,mo,missouri,25,mo
lee'ssummitmo,lee's summit,mo,missouri,25,mo
lemaymo,lemay,mo,missouri,25,mo
lewiscountymo,lewis county,mo,missouri,25,mo
lexingtonmo,lexington,mo,missouri,25,mo
libertymo,liberty,mo,missouri,25,mo
lickingmo,licking,mo,missouri,25,mo
lilbournmo,lilbourn,mo,missouri,25,mo
lincolnmo,lincoln,mo,missouri,25,mo
lincolncountymo,lincoln county,mo,missouri,25,mo
linnmo,linn,mo,missouri,25,mo
linncountymo,linn county,mo,missouri,25,mo
linneusmo,linneus,mo,missouri,25,mo
livingstoncountymo,livingston county,mo,missouri,25,mo
lonejackmo,lone jack,mo,missouri,25,mo
louisianamo,louisiana,mo,missouri,25,mo
maconmo,macon,mo,missouri,25,mo
maconcountymo,macon county,mo,missouri,25,mo
madisoncountymo,madison county,mo,missouri,25,mo
maldenmo,malden,mo,missouri,25,mo
manchestermo,manchester,mo,missouri,25,mo
mansfieldmo,mansfield,mo,missouri,25,mo
maplewoodmo,maplewood,mo,missouri,25,mo
marblehillmo,marble hill,mo,missouri,25,mo
marcelinemo,marceline,mo,missouri,25,mo
mariescountymo,maries county,mo,missouri,25,mo
marioncountymo,marion county,mo,missouri,25,mo
marionvillemo,marionville,mo,missouri,25,mo
marlboroughmo,marlborough,mo,missouri,25,mo
marshallmo,marshall,mo,missouri,25,mo
marshfieldmo,marshfield,mo,missouri,25,mo
marthasvillemo,marthasville,mo,missouri,25,mo
marylandheightsmo,maryland heights,mo,missouri,25,mo
maryvillemo,maryville,mo,missouri,25,mo
maysvillemo,maysville,mo,missouri,25,mo
mcdonaldcountymo,mcdonald county,mo,missouri,25,mo
mehlvillemo,mehlville,mo,missouri,25,mo
memphismo,memphis,mo,missouri,25,mo
mercercountymo,mercer county,mo,missouri,25,mo
merriamwoodsmo,merriam woods,mo,missouri,25,mo
mexicomo,mexico,mo,missouri,25,mo
milanmo,milan,mo,missouri,25,mo
millercountymo,miller county,mo,missouri,25,mo
mississippicountymo,mississippi county,mo,missouri,25,mo
moberlymo,moberly,mo,missouri,25,mo
molineacresmo,moline acres,mo,missouri,25,mo
monettmo,monett,mo,missouri,25,mo
moniteaucountymo,moniteau county,mo,missouri,25,mo
monroecitymo,monroe city,mo,missouri,25,mo
monroecountymo,monroe county,mo,missouri,25,mo
montgomerycitymo,montgomery city,mo,missouri,25,mo
montgomerycountymo,montgomery county,mo,missouri,25,mo
monticellomo,monticello,mo,missouri,25,mo
morgancountymo,morgan county,mo,missouri,25,mo
moscowmillsmo,moscow mills,mo,missouri,25,mo
moundcitymo,mound city,mo,missouri,25,mo
mountvernonmo,mount vernon,mo,missouri,25,mo
mountaingrovemo,mountain grove,mo,missouri,25,mo
mountainviewmo,mountain view,mo,missouri,25,mo
murphymo,murphy,mo,missouri,25,mo
neoshomo,neosho,mo,missouri,25,mo
nevadamo,nevada,mo,missouri,25,mo
newfranklinmo,new franklin,mo,missouri,25,mo
newhavenmo,new haven,mo,missouri,25,mo
newlondonmo,new london,mo,missouri,25,mo
newmadridmo,new madrid,mo,missouri,25,mo
newmadridcountymo,new madrid county,mo,missouri,25,mo
newtoncountymo,newton county,mo,missouri,25,mo
nixamo,nixa,mo,missouri,25,mo
nodawaycountymo,nodaway county,mo,missouri,25,mo
noelmo,noel,mo,missouri,25,mo
normandymo,normandy,mo,missouri,25,mo
northkansascitymo,north kansas city,mo,missouri,25,mo
northwoodsmo,northwoods,mo,missouri,25,mo
o'fallonmo,o'fallon,mo,missouri,25,mo
oakgrovemo,oak grove,mo,missouri,25,mo
oaklandmo,oakland,mo,missouri,25,mo
oakvillemo,oakville,mo,missouri,25,mo
odessamo,odessa,mo,missouri,25,mo
oldjamestownmo,old jamestown,mo,missouri,25,mo
olivettemo,olivette,mo,missouri,25,mo
oranmo,oran,mo,missouri,25,mo
oregonmo,oregon,mo,missouri,25,mo
oregoncountymo,oregon county,mo,missouri,25,mo
oronogomo,oronogo,mo,missouri,25,mo
osagebeachmo,osage beach,mo,missouri,25,mo
osagecountymo,osage county,mo,missouri,25,mo
osceolamo,osceola,mo,missouri,25,mo
overlandmo,overland,mo,missouri,25,mo
owensvillemo,owensville,mo,missouri,25,mo
ozarkmo,ozark,mo,missouri,25,mo
ozarkcountymo,ozark county,mo,missouri,25,mo
pacificmo,pacific,mo,missouri,25,mo
pagedalemo,pagedale,mo,missouri,25,mo
palmyramo,palmyra,mo,missouri,25,mo
parismo,paris,mo,missouri,25,mo
parkhillsmo,park hills,mo,missouri,25,mo
parkvillemo,parkville,mo,missouri,25,mo
peculiarmo,peculiar,mo,missouri,25,mo
pemiscotcountymo,pemiscot county,mo,missouri,25,mo
perrycountymo,perry county,mo,missouri,25,mo
perryvillemo,perryville,mo,missouri,25,mo
pettiscountymo,pettis county,mo,missouri,25,mo
pevelymo,pevely,mo,missouri,25,mo
phelpscountymo,phelps county,mo,missouri,25,mo
piedmontmo,piedmont,mo,missouri,25,mo
piercecitymo,pierce city,mo,missouri,25,mo
pikecountymo,pike county,mo,missouri,25,mo
pinelawnmo,pine lawn,mo,missouri,25,mo
pinevillemo,pineville,mo,missouri,25,mo
plattecitymo,platte city,mo,missouri,25,mo
plattecountymo,platte county,mo,missouri,25,mo
plattsburgmo,plattsburg,mo,missouri,25,mo
pleasanthillmo,pleasant hill,mo,missouri,25,mo
pleasantvalleymo,pleasant valley,mo,missouri,25,mo
polkcountymo,polk county,mo,missouri,25,mo
poplarbluffmo,poplar bluff,mo,missouri,25,mo
portagevillemo,portageville,mo,missouri,25,mo
potosimo,potosi,mo,missouri,25,mo
princetonmo,princeton,mo,missouri,25,mo
pulaskicountymo,pulaski county,mo,missouri,25,mo
purdymo,purdy,mo,missouri,25,mo
putnamcountymo,putnam county,mo,missouri,25,mo
rallscountymo,ralls county,mo,missouri,25,mo
randolphcountymo,randolph county,mo,missouri,25,mo
raycountymo,ray county,mo,missouri,25,mo
raymoremo,raymore,mo,missouri,25,mo
raytownmo,raytown,mo,missouri,25,mo
republicmo,republic,mo,missouri,25,mo
reynoldscountymo,reynolds county,mo,missouri,25,mo
richhillmo,rich hill,mo,missouri,25,mo
richlandmo,richland,mo,missouri,25,mo
richmondmo,richmond,mo,missouri,25,mo
richmondheightsmo,richmond heights,mo,missouri,25,mo
ripleycountymo,ripley county,mo,missouri,25,mo
riversidemo,riverside,mo,missouri,25,mo
riverviewmo,riverview,mo,missouri,25,mo
rockhillmo,rock hill,mo,missouri,25,mo
rockportmo,rock port,mo,missouri,25,mo
rogersvillemo,rogersville,mo,missouri,25,mo
rollamo,rolla,mo,missouri,25,mo
saintannmo,saint ann,mo,missouri,25,mo
saintcharlesmo,saint charles,mo,missouri,25,mo
saintcharlescountymo,saint charles county,mo,missouri,25,mo
saintclairmo,saint clair,mo,missouri,25,mo
saintclaircountymo,saint clair county,mo,missouri,25,mo
saintfrancoiscountymo,saint francois county,mo,missouri,25,mo
saintgeorgemo,saint george,mo,missouri,25,mo
saintjamesmo,saint james,mo,missouri,25,mo
saintjohnmo,saint john,mo,missouri,25,mo
saintjohnsmo,saint johns,mo,missouri,25,mo
saintjosephmo,saint joseph,mo,missouri,25,mo
saintlouiscountymo,saint louis county,mo,missouri,25,mo
saintmartinsmo,saint martins,mo,missouri,25,mo
saintpaulmo,saint paul,mo,missouri,25,mo
saintpetersmo,saint peters,mo,missouri,25,mo
saintrobertmo,saint robert,mo,missouri,25,mo
saintegenevievemo,sainte genevieve,mo,missouri,25,mo
saintegenevievecountymo,sainte genevieve county,mo,missouri,25,mo
salemmo,salem,mo,missouri,25,mo
salinecountymo,saline county,mo,missouri,25,mo
salisburymo,salisbury,mo,missouri,25,mo
sappingtonmo,sappington,mo,missouri,25,mo
sarcoxiemo,sarcoxie,mo,missouri,25,mo
savannahmo,savannah,mo,missouri,25,mo
schuylercountymo,schuyler county,mo,missouri,25,mo
scotlandcountymo,scotland county,mo,missouri,25,mo
scottcitymo,scott city,mo,missouri,25,mo
scottcountymo,scott county,mo,missouri,25,mo
sedaliamo,sedalia,mo,missouri,25,mo
senathmo,senath,mo,missouri,25,mo
senecamo,seneca,mo,missouri,25,mo
seymourmo,seymour,mo,missouri,25,mo
shannoncountymo,shannon county,mo,missouri,25,mo
shelbinamo,shelbina,mo,missouri,25,mo
shelbycountymo,shelby county,mo,missouri,25,mo
shelbyvillemo,shelbyville,mo,missouri,25,mo
shellknobmo,shell knob,mo,missouri,25,mo
shrewsburymo,shrewsbury,mo,missouri,25,mo
sikestonmo,sikeston,mo,missouri,25,mo
slatermo,slater,mo,missouri,25,mo
smithvillemo,smithville,mo,missouri,25,mo
spanishlakemo,spanish lake,mo,missouri,25,mo
spartamo,sparta,mo,missouri,25,mo
springfieldmo,springfield,mo,missouri,25,mo
st.louismo,st. louis,mo,missouri,25,mo
stanberrymo,stanberry,mo,missouri,25,mo
steelemo,steele,mo,missouri,25,mo
steelvillemo,steelville,mo,missouri,25,mo
stocktonmo,stockton,mo,missouri,25,mo
stoddardcountymo,stoddard county,mo,missouri,25,mo
stonecountymo,stone county,mo,missouri,25,mo
stovermo,stover,mo,missouri,25,mo
straffordmo,strafford,mo,missouri,25,mo
sugarcreekmo,sugar creek,mo,missouri,25,mo
sullivanmo,sullivan,mo,missouri,25,mo
sullivancountymo,sullivan county,mo,missouri,25,mo
sunsethillsmo,sunset hills,mo,missouri,25,mo
sweetspringsmo,sweet springs,mo,missouri,25,mo
taneycountymo,taney county,mo,missouri,25,mo
taosmo,taos,mo,missouri,25,mo
tarkiomo,tarkio,mo,missouri,25,mo
terrehautemo,terre haute,mo,missouri,25,mo
terredulacmo,terre du lac,mo,missouri,25,mo
texascountymo,texas county,mo,missouri,25,mo
thayermo,thayer,mo,missouri,25,mo
tiptonmo,tipton,mo,missouri,25,mo
townandcountrymo,town and country,mo,missouri,25,mo
trentonmo,trenton,mo,missouri,25,mo
troymo,troy,mo,missouri,25,mo
tuscumbiamo,tuscumbia,mo,missouri,25,mo
unionmo,union,mo,missouri,25,mo
unionvillemo,unionville,mo,missouri,25,mo
universitycitymo,university city,mo,missouri,25,mo
valleyparkmo,valley park,mo,missouri,25,mo
vanburenmo,van buren,mo,missouri,25,mo
vandaliamo,vandalia,mo,missouri,25,mo
veldavillagemo,velda village,mo,missouri,25,mo
veldavillagehillsmo,velda village hills,mo,missouri,25,mo
vernoncountymo,vernon county,mo,missouri,25,mo
versaillesmo,versailles,mo,missouri,25,mo
viennamo,vienna,mo,missouri,25,mo
villaridgemo,villa ridge,mo,missouri,25,mo
vinitaparkmo,vinita park,mo,missouri,25,mo
wardsvillemo,wardsville,mo,missouri,25,mo
warrencountymo,warren county,mo,missouri,25,mo
warrensburgmo,warrensburg,mo,missouri,25,mo
warrentonmo,warrenton,mo,missouri,25,mo
warsawmo,warsaw,mo,missouri,25,mo
warsonwoodsmo,warson woods,mo,missouri,25,mo
washingtonmo,washington,mo,missouri,25,mo
washingtoncountymo,washington county,mo,missouri,25,mo
waynecountymo,wayne county,mo,missouri,25,mo
waynesvillemo,waynesville,mo,missouri,25,mo
weatherbylakemo,weatherby lake,mo,missouri,25,mo
webbcitymo,webb city,mo,missouri,25,mo
webstercountymo,webster county,mo,missouri,25,mo
webstergrovesmo,webster groves,mo,missouri,25,mo
weldonspringmo,weldon spring,mo,missouri,25,mo
wellstonmo,wellston,mo,missouri,25,mo
wellsvillemo,wellsville,mo,missouri,25,mo
wentzvillemo,wentzville,mo,missouri,25,mo
westplainsmo,west plains,mo,missouri,25,mo
westonmo,weston,mo,missouri,25,mo
whitemanairforcebasemo,whiteman air force base,mo,missouri,25,mo
wildwoodmo,wildwood,mo,missouri,25,mo
willardmo,willard,mo,missouri,25,mo
willowspringsmo,willow springs,mo,missouri,25,mo
winchestermo,winchester,mo,missouri,25,mo
windsormo,windsor,mo,missouri,25,mo
winfieldmo,winfield,mo,missouri,25,mo
winonamo,winona,mo,missouri,25,mo
woodsonterracemo,woodson terrace,mo,missouri,25,mo
worthcountymo,worth county,mo,missouri,25,mo
wrightcitymo,wright city,mo,missouri,25,mo
wrightcountymo,wright county,mo,missouri,25,mo
absarokeemt,absarokee,mt,montana,26,mt
anacondamt,anaconda,mt,montana,26,mt
bakermt,baker,mt,montana,26,mt
beaverheadcountymt,beaverhead county,mt,montana,26,mt
belgrademt,belgrade,mt,montana,26,mt
bighorncountymt,big horn county,mt,montana,26,mt
bigskymt,big sky,mt,montana,26,mt
bigtimbermt,big timber,mt,montana,26,mt
bigforkmt,bigfork,mt,montana,26,mt
billingsmt,billings,mt,montana,26,mt
blainecountymt,blaine county,mt,montana,26,mt
bonner-westriversidemt,bonner-west riverside,mt,montana,26,mt
bouldermt,boulder,mt,montana,26,mt
bozemanmt,bozeman,mt,montana,26,mt
broadusmt,broadus,mt,montana,26,mt
broadwatercountymt,broadwater county,mt,montana,26,mt
browningmt,browning,mt,montana,26,mt
buttemt,butte,mt,montana,26,mt
butte-silverbow(balance)mt,butte-silver bow (balance),mt,montana,26,mt
carboncountymt,carbon county,mt,montana,26,mt
cartercountymt,carter county,mt,montana,26,mt
cascadecountymt,cascade county,mt,montana,26,mt
chestermt,chester,mt,montana,26,mt
chinookmt,chinook,mt,montana,26,mt
choteaumt,choteau,mt,montana,26,mt
chouteaucountymt,chouteau county,mt,montana,26,mt
circlemt,circle,mt,montana,26,mt
clancymt,clancy,mt,montana,26,mt
clintonmt,clinton,mt,montana,26,mt
colstripmt,colstrip,mt,montana,26,mt
columbiafallsmt,columbia falls,mt,montana,26,mt
columbusmt,columbus,mt,montana,26,mt
conradmt,conrad,mt,montana,26,mt
crowagencymt,crow agency,mt,montana,26,mt
custercountymt,custer county,mt,montana,26,mt
cutbankmt,cut bank,mt,montana,26,mt
danielscountymt,daniels county,mt,montana,26,mt
dawsoncountymt,dawson county,mt,montana,26,mt
deerlodgemt,deer lodge,mt,montana,26,mt
deerlodgecountymt,deer lodge county,mt,montana,26,mt
dillonmt,dillon,mt,montana,26,mt
easthelenamt,east helena,mt,montana,26,mt
eastmissoulamt,east missoula,mt,montana,26,mt
ekalakamt,ekalaka,mt,montana,26,mt
eurekamt,eureka,mt,montana,26,mt
evergreenmt,evergreen,mt,montana,26,mt
falloncountymt,fallon county,mt,montana,26,mt
ferguscountymt,fergus county,mt,montana,26,mt
flatheadcountymt,flathead county,mt,montana,26,mt
forsythmt,forsyth,mt,montana,26,mt
fortbelknapagencymt,fort belknap agency,mt,montana,26,mt
fortbentonmt,fort benton,mt,montana,26,mt
fourcornersmt,four corners,mt,montana,26,mt
frenchtownmt,frenchtown,mt,montana,26,mt
gallatincountymt,gallatin county,mt,montana,26,mt
garfieldcountymt,garfield county,mt,montana,26,mt
glaciercountymt,glacier county,mt,montana,26,mt
glasgowmt,glasgow,mt,montana,26,mt
glendivemt,glendive,mt,montana,26,mt
goldenvalleycountymt,golden valley county,mt,montana,26,mt
granitecountymt,granite county,mt,montana,26,mt
greatfallsmt,great falls,mt,montana,26,mt
hamiltonmt,hamilton,mt,montana,26,mt
hardinmt,hardin,mt,montana,26,mt
harlowtonmt,harlowton,mt,montana,26,mt
havremt,havre,mt,montana,26,mt
helenamt,helena,mt,montana,26,mt
helenavalleynortheastmt,helena valley northeast,mt,montana,26,mt
helenavalleynorthwestmt,helena valley northwest,mt,montana,26,mt
helenavalleysoutheastmt,helena valley southeast,mt,montana,26,mt
helenavalleywestcentralmt,helena valley west central,mt,montana,26,mt
helenawestsidemt,helena west side,mt,montana,26,mt
hillcountymt,hill county,mt,montana,26,mt
hyshammt,hysham,mt,montana,26,mt
jeffersoncountymt,jefferson county,mt,montana,26,mt
jordanmt,jordan,mt,montana,26,mt
judithbasincountymt,judith basin county,mt,montana,26,mt
kalispellmt,kalispell,mt,montana,26,mt
lakecountymt,lake county,mt,montana,26,mt
lakesidemt,lakeside,mt,montana,26,mt
lamedeermt,lame deer,mt,montana,26,mt
laurelmt,laurel,mt,montana,26,mt
lewisandclarkcountymt,lewis and clark county,mt,montana,26,mt
lewistownmt,lewistown,mt,montana,26,mt
libbymt,libby,mt,montana,26,mt
libertycountymt,liberty county,mt,montana,26,mt
lincolnmt,lincoln,mt,montana,26,mt
lincolncountymt,lincoln county,mt,montana,26,mt
livingstonmt,livingston,mt,montana,26,mt
lockwoodmt,lockwood,mt,montana,26,mt
lolomt,lolo,mt,montana,26,mt
madisoncountymt,madison county,mt,montana,26,mt
malmstromairforcebasemt,malmstrom air force base,mt,montana,26,mt
maltamt,malta,mt,montana,26,mt
manhattanmt,manhattan,mt,montana,26,mt
mcconecountymt,mccone county,mt,montana,26,mt
meaghercountymt,meagher county,mt,montana,26,mt
milescitymt,miles city,mt,montana,26,mt
mineralcountymt,mineral county,mt,montana,26,mt
missoulamt,missoula,mt,montana,26,mt
missoulacountymt,missoula county,mt,montana,26,mt
montanacitymt,montana city,mt,montana,26,mt
musselshellcountymt,musselshell county,mt,montana,26,mt
northbrowningmt,north browning,mt,montana,26,mt
orchardhomesmt,orchard homes,mt,montana,26,mt
pablomt,pablo,mt,montana,26,mt
parkcountymt,park county,mt,montana,26,mt
petroleumcountymt,petroleum county,mt,montana,26,mt
philipsburgmt,philipsburg,mt,montana,26,mt
phillipscountymt,phillips county,mt,montana,26,mt
plainsmt,plains,mt,montana,26,mt
plentywoodmt,plentywood,mt,montana,26,mt
polsonmt,polson,mt,montana,26,mt
ponderacountymt,pondera county,mt,montana,26,mt
powderrivercountymt,powder river county,mt,montana,26,mt
powellcountymt,powell county,mt,montana,26,mt
prairiecountymt,prairie county,mt,montana,26,mt
ravallicountymt,ravalli county,mt,montana,26,mt
redlodgemt,red lodge,mt,montana,26,mt
richlandcountymt,richland county,mt,montana,26,mt
ronanmt,ronan,mt,montana,26,mt
rooseveltcountymt,roosevelt county,mt,montana,26,mt
rosebudcountymt,rosebud county,mt,montana,26,mt
roundupmt,roundup,mt,montana,26,mt
ryegatemt,ryegate,mt,montana,26,mt
sanderscountymt,sanders county,mt,montana,26,mt
scobeymt,scobey,mt,montana,26,mt
seeleylakemt,seeley lake,mt,montana,26,mt
shelbymt,shelby,mt,montana,26,mt
sheridancountymt,sheridan county,mt,montana,26,mt
sidneymt,sidney,mt,montana,26,mt
silverbowcountymt,silver bow county,mt,montana,26,mt
somersmt,somers,mt,montana,26,mt
southbrowningmt,south browning,mt,montana,26,mt
stanfordmt,stanford,mt,montana,26,mt
stevensvillemt,stevensville,mt,montana,26,mt
stillwatercountymt,stillwater county,mt,montana,26,mt
sunprairiemt,sun prairie,mt,montana,26,mt
superiormt,superior,mt,montana,26,mt
sweetgrasscountymt,sweet grass county,mt,montana,26,mt
terrymt,terry,mt,montana,26,mt
tetoncountymt,teton county,mt,montana,26,mt
thompsonfallsmt,thompson falls,mt,montana,26,mt
threeforksmt,three forks,mt,montana,26,mt
toolecountymt,toole county,mt,montana,26,mt
townsendmt,townsend,mt,montana,26,mt
treasurecountymt,treasure county,mt,montana,26,mt
valleycountymt,valley county,mt,montana,26,mt
virginiacitymt,virginia city,mt,montana,26,mt
warmspringsmt,warm springs,mt,montana,26,mt
westglendivemt,west glendive,mt,montana,26,mt
westyellowstonemt,west yellowstone,mt,montana,26,mt
wheatlandcountymt,wheatland county,mt,montana,26,mt
whitesulphurspringsmt,white sulphur springs,mt,montana,26,mt
whitefishmt,whitefish,mt,montana,26,mt
whitehallmt,whitehall,mt,montana,26,mt
wibauxmt,wibaux,mt,montana,26,mt
wibauxcountymt,wibaux county,mt,montana,26,mt
winnettmt,winnett,mt,montana,26,mt
wolfpointmt,wolf point,mt,montana,26,mt
yellowstonecountymt,yellowstone county,mt,montana,26,mt
adamscountyne,adams county,ne,nebraska,27,ne
ainsworthne,ainsworth,ne,nebraska,27,ne
albionne,albion,ne,nebraska,27,ne
alliancene,alliance,ne,nebraska,27,ne
almane,alma,ne,nebraska,27,ne
antelopecountyne,antelope county,ne,nebraska,27,ne
arapahoene,arapahoe,ne,nebraska,27,ne
arlingtonne,arlington,ne,nebraska,27,ne
arthurne,arthur,ne,nebraska,27,ne
arthurcountyne,arthur county,ne,nebraska,27,ne
ashlandne,ashland,ne,nebraska,27,ne
atkinsonne,atkinson,ne,nebraska,27,ne
auburnne,auburn,ne,nebraska,27,ne
aurorane,aurora,ne,nebraska,27,ne
bannercountyne,banner county,ne,nebraska,27,ne
bartlettne,bartlett,ne,nebraska,27,ne
bassettne,bassett,ne,nebraska,27,ne
battlecreekne,battle creek,ne,nebraska,27,ne
bayardne,bayard,ne,nebraska,27,ne
beatricene,beatrice,ne,nebraska,27,ne
beavercityne,beaver city,ne,nebraska,27,ne
bellevuene,bellevue,ne,nebraska,27,ne
benkelmanne,benkelman,ne,nebraska,27,ne
benningtonne,bennington,ne,nebraska,27,ne
blainecountyne,blaine county,ne,nebraska,27,ne
blairne,blair,ne,nebraska,27,ne
boonecountyne,boone county,ne,nebraska,27,ne
boxbuttecountyne,box butte county,ne,nebraska,27,ne
boydcountyne,boyd county,ne,nebraska,27,ne
brewsterne,brewster,ne,nebraska,27,ne
bridgeportne,bridgeport,ne,nebraska,27,ne
brokenbowne,broken bow,ne,nebraska,27,ne
browncountyne,brown county,ne,nebraska,27,ne
buffalocountyne,buffalo county,ne,nebraska,27,ne
burtcountyne,burt county,ne,nebraska,27,ne
burwellne,burwell,ne,nebraska,27,ne
butlercountyne,butler county,ne,nebraska,27,ne
buttene,butte,ne,nebraska,27,ne
cambridgene,cambridge,ne,nebraska,27,ne
casscountyne,cass county,ne,nebraska,27,ne
cedarcountyne,cedar county,ne,nebraska,27,ne
centerne,center,ne,nebraska,27,ne
centralcityne,central city,ne,nebraska,27,ne
chadronne,chadron,ne,nebraska,27,ne
chalcone,chalco,ne,nebraska,27,ne
chappellne,chappell,ne,nebraska,27,ne
chasecountyne,chase county,ne,nebraska,27,ne
cherrycountyne,cherry county,ne,nebraska,27,ne
cheyennecountyne,cheyenne county,ne,nebraska,27,ne
claycenterne,clay center,ne,nebraska,27,ne
claycountyne,clay county,ne,nebraska,27,ne
colfaxcountyne,colfax county,ne,nebraska,27,ne
columbusne,columbus,ne,nebraska,27,ne
cozadne,cozad,ne,nebraska,27,ne
creightonne,creighton,ne,nebraska,27,ne
cretene,crete,ne,nebraska,27,ne
cumingcountyne,cuming county,ne,nebraska,27,ne
custercountyne,custer county,ne,nebraska,27,ne
dakotacityne,dakota city,ne,nebraska,27,ne
dakotacountyne,dakota county,ne,nebraska,27,ne
davidcityne,david city,ne,nebraska,27,ne
dawescountyne,dawes county,ne,nebraska,27,ne
dawsoncountyne,dawson county,ne,nebraska,27,ne
deuelcountyne,deuel county,ne,nebraska,27,ne
dixoncountyne,dixon county,ne,nebraska,27,ne
dodgecountyne,dodge county,ne,nebraska,27,ne
douglascountyne,douglas county,ne,nebraska,27,ne
dundycountyne,dundy county,ne,nebraska,27,ne
eaglene,eagle,ne,nebraska,27,ne
elkhornne,elkhorn,ne,nebraska,27,ne
elwoodne,elwood,ne,nebraska,27,ne
fairburyne,fairbury,ne,nebraska,27,ne
fallscityne,falls city,ne,nebraska,27,ne
fillmorecountyne,fillmore county,ne,nebraska,27,ne
franklinne,franklin,ne,nebraska,27,ne
franklincountyne,franklin county,ne,nebraska,27,ne
fremontne,fremont,ne,nebraska,27,ne
friendne,friend,ne,nebraska,27,ne
frontiercountyne,frontier county,ne,nebraska,27,ne
fullertonne,fullerton,ne,nebraska,27,ne
furnascountyne,furnas county,ne,nebraska,27,ne
gagecountyne,gage county,ne,nebraska,27,ne
gardencountyne,garden county,ne,nebraska,27,ne
garfieldcountyne,garfield county,ne,nebraska,27,ne
genevane,geneva,ne,nebraska,27,ne
geringne,gering,ne,nebraska,27,ne
gibbonne,gibbon,ne,nebraska,27,ne
gordonne,gordon,ne,nebraska,27,ne
gospercountyne,gosper county,ne,nebraska,27,ne
gothenburgne,gothenburg,ne,nebraska,27,ne
grandislandne,grand island,ne,nebraska,27,ne
grantne,grant,ne,nebraska,27,ne
grantcountyne,grant county,ne,nebraska,27,ne
greeleyne,greeley,ne,nebraska,27,ne
greeleycountyne,greeley county,ne,nebraska,27,ne
gretnane,gretna,ne,nebraska,27,ne
hallcountyne,hall county,ne,nebraska,27,ne
hamiltoncountyne,hamilton county,ne,nebraska,27,ne
harlancountyne,harlan county,ne,nebraska,27,ne
harrisburgne,harrisburg,ne,nebraska,27,ne
harrisonne,harrison,ne,nebraska,27,ne
hartingtonne,hartington,ne,nebraska,27,ne
hastingsne,hastings,ne,nebraska,27,ne
hayescenterne,hayes center,ne,nebraska,27,ne
hayescountyne,hayes county,ne,nebraska,27,ne
hebronne,hebron,ne,nebraska,27,ne
hickmanne,hickman,ne,nebraska,27,ne
hitchcockcountyne,hitchcock county,ne,nebraska,27,ne
holdregene,holdrege,ne,nebraska,27,ne
holtcountyne,holt county,ne,nebraska,27,ne
hookercountyne,hooker county,ne,nebraska,27,ne
howardcountyne,howard county,ne,nebraska,27,ne
hyannisne,hyannis,ne,nebraska,27,ne
imperialne,imperial,ne,nebraska,27,ne
jeffersoncountyne,jefferson county,ne,nebraska,27,ne
johnsoncountyne,johnson county,ne,nebraska,27,ne
kearneyne,kearney,ne,nebraska,27,ne
kearneycountyne,kearney county,ne,nebraska,27,ne
keithcountyne,keith county,ne,nebraska,27,ne
keyapahacountyne,keya paha county,ne,nebraska,27,ne
kimballne,kimball,ne,nebraska,27,ne
kimballcountyne,kimball county,ne,nebraska,27,ne
knoxcountyne,knox county,ne,nebraska,27,ne
lavistane,la vista,ne,nebraska,27,ne
lancastercountyne,lancaster county,ne,nebraska,27,ne
lexingtonne,lexington,ne,nebraska,27,ne
lincolnne,lincoln,ne,nebraska,27,ne
lincolncountyne,lincoln county,ne,nebraska,27,ne
logancountyne,logan county,ne,nebraska,27,ne
louisvillene,louisville,ne,nebraska,27,ne
loupcityne,loup city,ne,nebraska,27,ne
loupcountyne,loup county,ne,nebraska,27,ne
macyne,macy,ne,nebraska,27,ne
madisonne,madison,ne,nebraska,27,ne
madisoncountyne,madison county,ne,nebraska,27,ne
mccookne,mccook,ne,nebraska,27,ne
mcphersoncountyne,mcpherson county,ne,nebraska,27,ne
merrickcountyne,merrick county,ne,nebraska,27,ne
milfordne,milford,ne,nebraska,27,ne
mindenne,minden,ne,nebraska,27,ne
mitchellne,mitchell,ne,nebraska,27,ne
morrillcountyne,morrill county,ne,nebraska,27,ne
mullenne,mullen,ne,nebraska,27,ne
nancecountyne,nance county,ne,nebraska,27,ne
nebraskacityne,nebraska city,ne,nebraska,27,ne
nelighne,neligh,ne,nebraska,27,ne
nelsonne,nelson,ne,nebraska,27,ne
nemahacountyne,nemaha county,ne,nebraska,27,ne
norfolkne,norfolk,ne,nebraska,27,ne
northbendne,north bend,ne,nebraska,27,ne
northplattene,north platte,ne,nebraska,27,ne
nuckollscountyne,nuckolls county,ne,nebraska,27,ne
o'neillne,o'neill,ne,nebraska,27,ne
oaklandne,oakland,ne,nebraska,27,ne
offuttairforcebasene,offutt air force base,ne,nebraska,27,ne
ogallalane,ogallala,ne,nebraska,27,ne
omahane,omaha,ne,nebraska,27,ne
ordne,ord,ne,nebraska,27,ne
osceolane,osceola,ne,nebraska,27,ne
oshkoshne,oshkosh,ne,nebraska,27,ne
otoecountyne,otoe county,ne,nebraska,27,ne
papillionne,papillion,ne,nebraska,27,ne
pawneecityne,pawnee city,ne,nebraska,27,ne
pawneecountyne,pawnee county,ne,nebraska,27,ne
penderne,pender,ne,nebraska,27,ne
perkinscountyne,perkins county,ne,nebraska,27,ne
phelpscountyne,phelps county,ne,nebraska,27,ne
piercene,pierce,ne,nebraska,27,ne
piercecountyne,pierce county,ne,nebraska,27,ne
plainviewne,plainview,ne,nebraska,27,ne
plattecountyne,platte county,ne,nebraska,27,ne
plattsmouthne,plattsmouth,ne,nebraska,27,ne
polkcountyne,polk county,ne,nebraska,27,ne
poncane,ponca,ne,nebraska,27,ne
ralstonne,ralston,ne,nebraska,27,ne
ravennane,ravenna,ne,nebraska,27,ne
redcloudne,red cloud,ne,nebraska,27,ne
redwillowcountyne,red willow county,ne,nebraska,27,ne
richardsoncountyne,richardson county,ne,nebraska,27,ne
rockcountyne,rock county,ne,nebraska,27,ne
rushvillene,rushville,ne,nebraska,27,ne
saintpaulne,saint paul,ne,nebraska,27,ne
salinecountyne,saline county,ne,nebraska,27,ne
sarpycountyne,sarpy county,ne,nebraska,27,ne
saunderscountyne,saunders county,ne,nebraska,27,ne
schuylerne,schuyler,ne,nebraska,27,ne
scottsbluffcountyne,scotts bluff county,ne,nebraska,27,ne
scottsbluffne,scottsbluff,ne,nebraska,27,ne
sewardne,seward,ne,nebraska,27,ne
sewardcountyne,seward county,ne,nebraska,27,ne
sheltonne,shelton,ne,nebraska,27,ne
sheridancountyne,sheridan county,ne,nebraska,27,ne
shermancountyne,sherman county,ne,nebraska,27,ne
sidneyne,sidney,ne,nebraska,27,ne
siouxcountyne,sioux county,ne,nebraska,27,ne
southsiouxcityne,south sioux city,ne,nebraska,27,ne
springfieldne,springfield,ne,nebraska,27,ne
springviewne,springview,ne,nebraska,27,ne
stantonne,stanton,ne,nebraska,27,ne
stantoncountyne,stanton county,ne,nebraska,27,ne
stapletonne,stapleton,ne,nebraska,27,ne
stockvillene,stockville,ne,nebraska,27,ne
stromsburgne,stromsburg,ne,nebraska,27,ne
superiorne,superior,ne,nebraska,27,ne
sutherlandne,sutherland,ne,nebraska,27,ne
suttonne,sutton,ne,nebraska,27,ne
syracusene,syracuse,ne,nebraska,27,ne
taylorne,taylor,ne,nebraska,27,ne
tecumsehne,tecumseh,ne,nebraska,27,ne
tekamahne,tekamah,ne,nebraska,27,ne
terrytownne,terrytown,ne,nebraska,27,ne
thayercountyne,thayer county,ne,nebraska,27,ne
thedfordne,thedford,ne,nebraska,27,ne
thomascountyne,thomas county,ne,nebraska,27,ne
thurstoncountyne,thurston county,ne,nebraska,27,ne
trentonne,trenton,ne,nebraska,27,ne
tryonne,tryon,ne,nebraska,27,ne
valentinene,valentine,ne,nebraska,27,ne
valleyne,valley,ne,nebraska,27,ne
valleycountyne,valley county,ne,nebraska,27,ne
wahoone,wahoo,ne,nebraska,27,ne
wakefieldne,wakefield,ne,nebraska,27,ne
washingtoncountyne,washington county,ne,nebraska,27,ne
waterloone,waterloo,ne,nebraska,27,ne
waverlyne,waverly,ne,nebraska,27,ne
waynene,wayne,ne,nebraska,27,ne
waynecountyne,wayne county,ne,nebraska,27,ne
webstercountyne,webster county,ne,nebraska,27,ne
weepingwaterne,weeping water,ne,nebraska,27,ne
westpointne,west point,ne,nebraska,27,ne
wheelercountyne,wheeler county,ne,nebraska,27,ne
wilberne,wilber,ne,nebraska,27,ne
wisnerne,wisner,ne,nebraska,27,ne
woodriverne,wood river,ne,nebraska,27,ne
wymorene,wymore,ne,nebraska,27,ne
yorkne,york,ne,nebraska,27,ne
yorkcountyne,york county,ne,nebraska,27,ne
yutanne,yutan,ne,nebraska,27,ne
alamonv,alamo,nv,nevada,28,nv
battlemountainnv,battle mountain,nv,nevada,28,nv
beattynv,beatty,nv,nevada,28,nv
bouldercitynv,boulder city,nv,nevada,28,nv
bunkervillenv,bunkerville,nv,nevada,28,nv
calientenv,caliente,nv,nevada,28,nv
carlinnv,carlin,nv,nevada,28,nv
carsoncitynv,carson city,nv,nevada,28,nv
churchillcountynv,churchill county,nv,nevada,28,nv
clarkcountynv,clark county,nv,nevada,28,nv
coldspringsnv,cold springs,nv,nevada,28,nv
daytonnv,dayton,nv,nevada,28,nv
douglascountynv,douglas county,nv,nevada,28,nv
eastvalleynv,east valley,nv,nevada,28,nv
elkonv,elko,nv,nevada,28,nv
elkocountynv,elko county,nv,nevada,28,nv
elynv,ely,nv,nevada,28,nv
enterprisenv,enterprise,nv,nevada,28,nv
esmeraldacountynv,esmeralda county,nv,nevada,28,nv
eurekanv,eureka,nv,nevada,28,nv
eurekacountynv,eureka county,nv,nevada,28,nv
fallonnv,fallon,nv,nevada,28,nv
fernleynv,fernley,nv,nevada,28,nv
gardnervillenv,gardnerville,nv,nevada,28,nv
gardnervilleranchosnv,gardnerville ranchos,nv,nevada,28,nv
goldenvalleynv,golden valley,nv,nevada,28,nv
goldfieldnv,goldfield,nv,nevada,28,nv
hawthornenv,hawthorne,nv,nevada,28,nv
hendersonnv,henderson,nv,nevada,28,nv
humboldtcountynv,humboldt county,nv,nevada,28,nv
inclinevillagenv,incline village,nv,nevada,28,nv
indianhillsnv,indian hills,nv,nevada,28,nv
jackpotnv,jackpot,nv,nevada,28,nv
johnsonlanenv,johnson lane,nv,nevada,28,nv
kingsburynv,kingsbury,nv,nevada,28,nv
landercountynv,lander county,nv,nevada,28,nv
lasvegasnv,las vegas,nv,nevada,28,nv
laughlinnv,laughlin,nv,nevada,28,nv
lemmonvalleynv,lemmon valley,nv,nevada,28,nv
lincolncountynv,lincoln county,nv,nevada,28,nv
lovelocknv,lovelock,nv,nevada,28,nv
lyoncountynv,lyon county,nv,nevada,28,nv
mcgillnv,mcgill,nv,nevada,28,nv
mesquitenv,mesquite,nv,nevada,28,nv
mindennv,minden,nv,nevada,28,nv
mineralcountynv,mineral county,nv,nevada,28,nv
moapatownnv,moapa town,nv,nevada,28,nv
moapavalleynv,moapa valley,nv,nevada,28,nv
mogulnv,mogul,nv,nevada,28,nv
nellisairforcebasenv,nellis air force base,nv,nevada,28,nv
northlasvegasnv,north las vegas,nv,nevada,28,nv
nyecountynv,nye county,nv,nevada,28,nv
pahrumpnv,pahrump,nv,nevada,28,nv
paradisenv,paradise,nv,nevada,28,nv
pershingcountynv,pershing county,nv,nevada,28,nv
piochenv,pioche,nv,nevada,28,nv
renonv,reno,nv,nevada,28,nv
sandyvalleynv,sandy valley,nv,nevada,28,nv
silverspringsnv,silver springs,nv,nevada,28,nv
smithnv,smith,nv,nevada,28,nv
smithvalleynv,smith valley,nv,nevada,28,nv
spanishspringsnv,spanish springs,nv,nevada,28,nv
sparksnv,sparks,nv,nevada,28,nv
springcreeknv,spring creek,nv,nevada,28,nv
springvalleynv,spring valley,nv,nevada,28,nv
stagecoachnv,stagecoach,nv,nevada,28,nv
storeycountynv,storey county,nv,nevada,28,nv
summerlinsouthnv,summerlin south,nv,nevada,28,nv
sunvalleynv,sun valley,nv,nevada,28,nv
sunrisemanornv,sunrise manor,nv,nevada,28,nv
tonopahnv,tonopah,nv,nevada,28,nv
topazranchestatesnv,topaz ranch estates,nv,nevada,28,nv
verdinv,verdi,nv,nevada,28,nv
virginiacitynv,virginia city,nv,nevada,28,nv
washoecountynv,washoe county,nv,nevada,28,nv
wellsnv,wells,nv,nevada,28,nv
westwendovernv,west wendover,nv,nevada,28,nv
whitepinecountynv,white pine county,nv,nevada,28,nv
whitneynv,whitney,nv,nevada,28,nv
winchesternv,winchester,nv,nevada,28,nv
winnemuccanv,winnemucca,nv,nevada,28,nv
yeringtonnv,yerington,nv,nevada,28,nv
alexandrianh,alexandria,nh,new hampshire,29,nh
alsteadnh,alstead,nh,new hampshire,29,nh
andovernh,andover,nh,new hampshire,29,nh
antrimnh,antrim,nh,new hampshire,29,nh
ashlandnh,ashland,nh,new hampshire,29,nh
atkinsonnh,atkinson,nh,new hampshire,29,nh
auburnnh,auburn,nh,new hampshire,29,nh
barnsteadnh,barnstead,nh,new hampshire,29,nh
barringtonnh,barrington,nh,new hampshire,29,nh
bedfordnh,bedford,nh,new hampshire,29,nh
belknapcountynh,belknap county,nh,new hampshire,29,nh
belmontnh,belmont,nh,new hampshire,29,nh
berlinnh,berlin,nh,new hampshire,29,nh
boscawennh,boscawen,nh,new hampshire,29,nh
bowbognh,bow bog,nh,new hampshire,29,nh
brentwoodnh,brentwood,nh,new hampshire,29,nh
bridgewaternh,bridgewater,nh,new hampshire,29,nh
bristolnh,bristol,nh,new hampshire,29,nh
brooklinenh,brookline,nh,new hampshire,29,nh
candianh,candia,nh,new hampshire,29,nh
canterburynh,canterbury,nh,new hampshire,29,nh
carrollcountynh,carroll county,nh,new hampshire,29,nh
centerharbornh,center harbor,nh,new hampshire,29,nh
charlestownnh,charlestown,nh,new hampshire,29,nh
cheshirecountynh,cheshire county,nh,new hampshire,29,nh
chesternh,chester,nh,new hampshire,29,nh
chesterfieldnh,chesterfield,nh,new hampshire,29,nh
chichesternh,chichester,nh,new hampshire,29,nh
claremontnh,claremont,nh,new hampshire,29,nh
colebrooknh,colebrook,nh,new hampshire,29,nh
concordnh,concord,nh,new hampshire,29,nh
contoocooknh,contoocook,nh,new hampshire,29,nh
conwaynh,conway,nh,new hampshire,29,nh
cooscountynh,coos county,nh,new hampshire,29,nh
danburynh,danbury,nh,new hampshire,29,nh
danvillenh,danville,nh,new hampshire,29,nh
deerfieldnh,deerfield,nh,new hampshire,29,nh
deeringnh,deering,nh,new hampshire,29,nh
derrynh,derry,nh,new hampshire,29,nh
derryvillagenh,derry village,nh,new hampshire,29,nh
dovernh,dover,nh,new hampshire,29,nh
dublinnh,dublin,nh,new hampshire,29,nh
durhamnh,durham,nh,new hampshire,29,nh
eastconcordnh,east concord,nh,new hampshire,29,nh
eastkingstonnh,east kingston,nh,new hampshire,29,nh
eastmerrimacknh,east merrimack,nh,new hampshire,29,nh
effinghamnh,effingham,nh,new hampshire,29,nh
enfieldnh,enfield,nh,new hampshire,29,nh
eppingnh,epping,nh,new hampshire,29,nh
epsomnh,epsom,nh,new hampshire,29,nh
exeternh,exeter,nh,new hampshire,29,nh
farmingtonnh,farmington,nh,new hampshire,29,nh
fitzwilliamnh,fitzwilliam,nh,new hampshire,29,nh
francestownnh,francestown,nh,new hampshire,29,nh
franklinnh,franklin,nh,new hampshire,29,nh
freedomnh,freedom,nh,new hampshire,29,nh
fremontnh,fremont,nh,new hampshire,29,nh
gilfordnh,gilford,nh,new hampshire,29,nh
gilmantonnh,gilmanton,nh,new hampshire,29,nh
goffstownnh,goffstown,nh,new hampshire,29,nh
gorhamnh,gorham,nh,new hampshire,29,nh
graftonnh,grafton,nh,new hampshire,29,nh
graftoncountynh,grafton county,nh,new hampshire,29,nh
granthamnh,grantham,nh,new hampshire,29,nh
greenfieldnh,greenfield,nh,new hampshire,29,nh
greenlandnh,greenland,nh,new hampshire,29,nh
greenvillenh,greenville,nh,new hampshire,29,nh
grovetonnh,groveton,nh,new hampshire,29,nh
hampsteadnh,hampstead,nh,new hampshire,29,nh
hamptonnh,hampton,nh,new hampshire,29,nh
hamptonbeachnh,hampton beach,nh,new hampshire,29,nh
hamptonfallsnh,hampton falls,nh,new hampshire,29,nh
hanovernh,hanover,nh,new hampshire,29,nh
harrisvillenh,harrisville,nh,new hampshire,29,nh
haverhillnh,haverhill,nh,new hampshire,29,nh
hennikernh,henniker,nh,new hampshire,29,nh
hillnh,hill,nh,new hampshire,29,nh
hillsboroughnh,hillsborough,nh,new hampshire,29,nh
hillsboroughcountynh,hillsborough county,nh,new hampshire,29,nh
hinsdalenh,hinsdale,nh,new hampshire,29,nh
holdernessnh,holderness,nh,new hampshire,29,nh
hollisnh,hollis,nh,new hampshire,29,nh
hooksettnh,hooksett,nh,new hampshire,29,nh
hopkintonnh,hopkinton,nh,new hampshire,29,nh
hudsonnh,hudson,nh,new hampshire,29,nh
jaffreynh,jaffrey,nh,new hampshire,29,nh
jeffersonnh,jefferson,nh,new hampshire,29,nh
keenenh,keene,nh,new hampshire,29,nh
kensingtonnh,kensington,nh,new hampshire,29,nh
kingstonnh,kingston,nh,new hampshire,29,nh
laconianh,laconia,nh,new hampshire,29,nh
lancasternh,lancaster,nh,new hampshire,29,nh
lebanonnh,lebanon,nh,new hampshire,29,nh
leenh,lee,nh,new hampshire,29,nh
lempsternh,lempster,nh,new hampshire,29,nh
litchfieldnh,litchfield,nh,new hampshire,29,nh
littletonnh,littleton,nh,new hampshire,29,nh
londonderrynh,londonderry,nh,new hampshire,29,nh
lymenh,lyme,nh,new hampshire,29,nh
lyndeboroughnh,lyndeborough,nh,new hampshire,29,nh
madburynh,madbury,nh,new hampshire,29,nh
madisonnh,madison,nh,new hampshire,29,nh
manchesternh,manchester,nh,new hampshire,29,nh
marlboroughnh,marlborough,nh,new hampshire,29,nh
masonnh,mason,nh,new hampshire,29,nh
meredithnh,meredith,nh,new hampshire,29,nh
merrimacknh,merrimack,nh,new hampshire,29,nh
merrimackcountynh,merrimack county,nh,new hampshire,29,nh
milannh,milan,nh,new hampshire,29,nh
milfordnh,milford,nh,new hampshire,29,nh
montvernonnh,mont vernon,nh,new hampshire,29,nh
moultonboroughnh,moultonborough,nh,new hampshire,29,nh
nashuanh,nashua,nh,new hampshire,29,nh
newbostonnh,new boston,nh,new hampshire,29,nh
newcastlenh,new castle,nh,new hampshire,29,nh
newdurhamnh,new durham,nh,new hampshire,29,nh
newipswichnh,new ipswich,nh,new hampshire,29,nh
newlondonnh,new london,nh,new hampshire,29,nh
newburynh,newbury,nh,new hampshire,29,nh
newmarketnh,newmarket,nh,new hampshire,29,nh
newportnh,newport,nh,new hampshire,29,nh
newtonnh,newton,nh,new hampshire,29,nh
northconwaynh,north conway,nh,new hampshire,29,nh
northhamptonnh,north hampton,nh,new hampshire,29,nh
northfieldnh,northfield,nh,new hampshire,29,nh
northumberlandnh,northumberland,nh,new hampshire,29,nh
northwoodnh,northwood,nh,new hampshire,29,nh
nottinghamnh,nottingham,nh,new hampshire,29,nh
orfordnh,orford,nh,new hampshire,29,nh
ossipeenh,ossipee,nh,new hampshire,29,nh
pelhamnh,pelham,nh,new hampshire,29,nh
pembrokenh,pembroke,nh,new hampshire,29,nh
peterboroughnh,peterborough,nh,new hampshire,29,nh
pinardvillenh,pinardville,nh,new hampshire,29,nh
pittsfieldnh,pittsfield,nh,new hampshire,29,nh
plaistownh,plaistow,nh,new hampshire,29,nh
plymouthnh,plymouth,nh,new hampshire,29,nh
portsmouthnh,portsmouth,nh,new hampshire,29,nh
raymondnh,raymond,nh,new hampshire,29,nh
richmondnh,richmond,nh,new hampshire,29,nh
rindgenh,rindge,nh,new hampshire,29,nh
rochesternh,rochester,nh,new hampshire,29,nh
rockinghamcountynh,rockingham county,nh,new hampshire,29,nh
rollinsfordnh,rollinsford,nh,new hampshire,29,nh
rumneynh,rumney,nh,new hampshire,29,nh
ryenh,rye,nh,new hampshire,29,nh
salemnh,salem,nh,new hampshire,29,nh
salisburynh,salisbury,nh,new hampshire,29,nh
sanborntonnh,sanbornton,nh,new hampshire,29,nh
sanbornvillenh,sanbornville,nh,new hampshire,29,nh
sandownnh,sandown,nh,new hampshire,29,nh
sandwichnh,sandwich,nh,new hampshire,29,nh
seabrooknh,seabrook,nh,new hampshire,29,nh
somersworthnh,somersworth,nh,new hampshire,29,nh
southhooksettnh,south hooksett,nh,new hampshire,29,nh
springfieldnh,springfield,nh,new hampshire,29,nh
straffordnh,strafford,nh,new hampshire,29,nh
straffordcountynh,strafford county,nh,new hampshire,29,nh
stratfordnh,stratford,nh,new hampshire,29,nh
strathamstationnh,stratham station,nh,new hampshire,29,nh
sullivancountynh,sullivan county,nh,new hampshire,29,nh
sunapeenh,sunapee,nh,new hampshire,29,nh
suncooknh,suncook,nh,new hampshire,29,nh
suttonnh,sutton,nh,new hampshire,29,nh
swanzeynh,swanzey,nh,new hampshire,29,nh
tamworthnh,tamworth,nh,new hampshire,29,nh
templenh,temple,nh,new hampshire,29,nh
thorntonnh,thornton,nh,new hampshire,29,nh
tiltonnh,tilton,nh,new hampshire,29,nh
tilton-northfieldnh,tilton-northfield,nh,new hampshire,29,nh
troynh,troy,nh,new hampshire,29,nh
tuftonboronh,tuftonboro,nh,new hampshire,29,nh
unitynh,unity,nh,new hampshire,29,nh
wakefieldnh,wakefield,nh,new hampshire,29,nh
wearenh,weare,nh,new hampshire,29,nh
websternh,webster,nh,new hampshire,29,nh
westswanzeynh,west swanzey,nh,new hampshire,29,nh
westmorelandnh,westmoreland,nh,new hampshire,29,nh
whitefieldnh,whitefield,nh,new hampshire,29,nh
wilmotnh,wilmot,nh,new hampshire,29,nh
wiltonnh,wilton,nh,new hampshire,29,nh
winchesternh,winchester,nh,new hampshire,29,nh
windhamnh,windham,nh,new hampshire,29,nh
wolfeboronh,wolfeboro,nh,new hampshire,29,nh
woodstocknh,woodstock,nh,new hampshire,29,nh
woodsvillenh,woodsville,nh,new hampshire,29,nh
abseconnj,absecon,nj,new jersey,30,nj
allendalenj,allendale,nj,new jersey,30,nj
allentownnj,allentown,nj,new jersey,30,nj
allowaynj,alloway,nj,new jersey,30,nj
alphanj,alpha,nj,new jersey,30,nj
alpinenj,alpine,nj,new jersey,30,nj
annandalenj,annandale,nj,new jersey,30,nj
asburyparknj,asbury park,nj,new jersey,30,nj
ashlandnj,ashland,nj,new jersey,30,nj
atconj,atco,nj,new jersey,30,nj
atlanticcitynj,atlantic city,nj,new jersey,30,nj
atlanticcountynj,atlantic county,nj,new jersey,30,nj
atlantichighlandsnj,atlantic highlands,nj,new jersey,30,nj
audubonnj,audubon,nj,new jersey,30,nj
audubonparknj,audubon park,nj,new jersey,30,nj
avalonnj,avalon,nj,new jersey,30,nj
avenelnj,avenel,nj,new jersey,30,nj
avon-by-the-seanj,avon-by-the-sea,nj,new jersey,30,nj
barnegatnj,barnegat,nj,new jersey,30,nj
barringtonnj,barrington,nj,new jersey,30,nj
bayonnenj,bayonne,nj,new jersey,30,nj
bayvillenj,bayville,nj,new jersey,30,nj
beachhavennj,beach haven,nj,new jersey,30,nj
beachhavenwestnj,beach haven west,nj,new jersey,30,nj
beachwoodnj,beachwood,nj,new jersey,30,nj
beattystownnj,beattystown,nj,new jersey,30,nj
beckettnj,beckett,nj,new jersey,30,nj
bedminsternj,bedminster,nj,new jersey,30,nj
belfordnj,belford,nj,new jersey,30,nj
bellevillenj,belleville,nj,new jersey,30,nj
bellmawrnj,bellmawr,nj,new jersey,30,nj
belmarnj,belmar,nj,new jersey,30,nj
belviderenj,belvidere,nj,new jersey,30,nj
bergencountynj,bergen county,nj,new jersey,30,nj
bergenfieldnj,bergenfield,nj,new jersey,30,nj
berkeleyheightsnj,berkeley heights,nj,new jersey,30,nj
berlinnj,berlin,nj,new jersey,30,nj
bernardsvillenj,bernardsville,nj,new jersey,30,nj
beverlynj,beverly,nj,new jersey,30,nj
blackwoodnj,blackwood,nj,new jersey,30,nj
bloomfieldnj,bloomfield,nj,new jersey,30,nj
bloomingdalenj,bloomingdale,nj,new jersey,30,nj
bogotanj,bogota,nj,new jersey,30,nj
boontonnj,boonton,nj,new jersey,30,nj
bordentownnj,bordentown,nj,new jersey,30,nj
boundbrooknj,bound brook,nj,new jersey,30,nj
bradleybeachnj,bradley beach,nj,new jersey,30,nj
bradleygardensnj,bradley gardens,nj,new jersey,30,nj
brasscastlenj,brass castle,nj,new jersey,30,nj
bridgetonnj,bridgeton,nj,new jersey,30,nj
bridgewaternj,bridgewater,nj,new jersey,30,nj
briellenj,brielle,nj,new jersey,30,nj
brigantinenj,brigantine,nj,new jersey,30,nj
brookdalenj,brookdale,nj,new jersey,30,nj
brooklawnnj,brooklawn,nj,new jersey,30,nj
brownsmillsnj,browns mills,nj,new jersey,30,nj
brownvillenj,brownville,nj,new jersey,30,nj
buddlakenj,budd lake,nj,new jersey,30,nj
buenanj,buena,nj,new jersey,30,nj
burlingtonnj,burlington,nj,new jersey,30,nj
burlingtoncountynj,burlington county,nj,new jersey,30,nj
butlernj,butler,nj,new jersey,30,nj
caldwellnj,caldwell,nj,new jersey,30,nj
califonnj,califon,nj,new jersey,30,nj
camdennj,camden,nj,new jersey,30,nj
camdencountynj,camden county,nj,new jersey,30,nj
capemaynj,cape may,nj,new jersey,30,nj
capemaycountynj,cape may county,nj,new jersey,30,nj
capemaycourthousenj,cape may court house,nj,new jersey,30,nj
carlstadtnj,carlstadt,nj,new jersey,30,nj
carneyspointnj,carneys point,nj,new jersey,30,nj
carteretnj,carteret,nj,new jersey,30,nj
cedarglenlakesnj,cedar glen lakes,nj,new jersey,30,nj
cedarglenwestnj,cedar glen west,nj,new jersey,30,nj
cedargrovenj,cedar grove,nj,new jersey,30,nj
chathamnj,chatham,nj,new jersey,30,nj
cherryhillnj,cherry hill,nj,new jersey,30,nj
cherryhillmallnj,cherry hill mall,nj,new jersey,30,nj
chesilhurstnj,chesilhurst,nj,new jersey,30,nj
chesternj,chester,nj,new jersey,30,nj
cinnaminsonnj,cinnaminson,nj,new jersey,30,nj
clarknj,clark,nj,new jersey,30,nj
claytonnj,clayton,nj,new jersey,30,nj
clearbrookparknj,clearbrook park,nj,new jersey,30,nj
clementonnj,clementon,nj,new jersey,30,nj
cliffsideparknj,cliffside park,nj,new jersey,30,nj
cliffwoodbeachnj,cliffwood beach,nj,new jersey,30,nj
cliftonnj,clifton,nj,new jersey,30,nj
clintonnj,clinton,nj,new jersey,30,nj
closternj,closter,nj,new jersey,30,nj
collingslakesnj,collings lakes,nj,new jersey,30,nj
collingswoodnj,collingswood,nj,new jersey,30,nj
colonianj,colonia,nj,new jersey,30,nj
concordianj,concordia,nj,new jersey,30,nj
countrylakeestatesnj,country lake estates,nj,new jersey,30,nj
cranburynj,cranbury,nj,new jersey,30,nj
crandonlakesnj,crandon lakes,nj,new jersey,30,nj
cranfordnj,cranford,nj,new jersey,30,nj
cresskillnj,cresskill,nj,new jersey,30,nj
crestwoodvillagenj,crestwood village,nj,new jersey,30,nj
cumberlandcountynj,cumberland county,nj,new jersey,30,nj
daytonnj,dayton,nj,new jersey,30,nj
delanconj,delanco,nj,new jersey,30,nj
demarestnj,demarest,nj,new jersey,30,nj
dovernj,dover,nj,new jersey,30,nj
doverbeachesnorthnj,dover beaches north,nj,new jersey,30,nj
doverbeachessouthnj,dover beaches south,nj,new jersey,30,nj
dumontnj,dumont,nj,new jersey,30,nj
dunellennj,dunellen,nj,new jersey,30,nj
eastbrunswicknj,east brunswick,nj,new jersey,30,nj
eastfranklinnj,east franklin,nj,new jersey,30,nj
eastfreeholdnj,east freehold,nj,new jersey,30,nj
easthanovernj,east hanover,nj,new jersey,30,nj
eastnewarknj,east newark,nj,new jersey,30,nj
eastorangenj,east orange,nj,new jersey,30,nj
eastrutherfordnj,east rutherford,nj,new jersey,30,nj
eatontownnj,eatontown,nj,new jersey,30,nj
echelonnj,echelon,nj,new jersey,30,nj
edgewaternj,edgewater,nj,new jersey,30,nj
edgewaterparknj,edgewater park,nj,new jersey,30,nj
edisonnj,edison,nj,new jersey,30,nj
eggharborcitynj,egg harbor city,nj,new jersey,30,nj
elizabethnj,elizabeth,nj,new jersey,30,nj
ellisburgnj,ellisburg,nj,new jersey,30,nj
elmernj,elmer,nj,new jersey,30,nj
elmwoodparknj,elmwood park,nj,new jersey,30,nj
elwoodnj,elwood,nj,new jersey,30,nj
emersonnj,emerson,nj,new jersey,30,nj
englewoodnj,englewood,nj,new jersey,30,nj
englewoodcliffsnj,englewood cliffs,nj,new jersey,30,nj
englishtownnj,englishtown,nj,new jersey,30,nj
ermanj,erma,nj,new jersey,30,nj
essexcountynj,essex county,nj,new jersey,30,nj
essexfellsnj,essex fells,nj,new jersey,30,nj
estellmanornj,estell manor,nj,new jersey,30,nj
ewingnj,ewing,nj,new jersey,30,nj
fairhavennj,fair haven,nj,new jersey,30,nj
fairlawnnj,fair lawn,nj,new jersey,30,nj
fairfieldnj,fairfield,nj,new jersey,30,nj
fairtonnj,fairton,nj,new jersey,30,nj
fairviewnj,fairview,nj,new jersey,30,nj
fanwoodnj,fanwood,nj,new jersey,30,nj
farmingdalenj,farmingdale,nj,new jersey,30,nj
findernenj,finderne,nj,new jersey,30,nj
flemingtonnj,flemington,nj,new jersey,30,nj
florencenj,florence,nj,new jersey,30,nj
florhamparknj,florham park,nj,new jersey,30,nj
folsomnj,folsom,nj,new jersey,30,nj
fordsnj,fords,nj,new jersey,30,nj
forkedrivernj,forked river,nj,new jersey,30,nj
fortdixnj,fort dix,nj,new jersey,30,nj
fortleenj,fort lee,nj,new jersey,30,nj
franklinnj,franklin,nj,new jersey,30,nj
franklincenternj,franklin center,nj,new jersey,30,nj
franklinlakesnj,franklin lakes,nj,new jersey,30,nj
franklinparknj,franklin park,nj,new jersey,30,nj
freeholdnj,freehold,nj,new jersey,30,nj
frenchtownnj,frenchtown,nj,new jersey,30,nj
garfieldnj,garfield,nj,new jersey,30,nj
garwoodnj,garwood,nj,new jersey,30,nj
gibbsboronj,gibbsboro,nj,new jersey,30,nj
gibbstownnj,gibbstown,nj,new jersey,30,nj
gladstonenj,gladstone,nj,new jersey,30,nj
glassboronj,glassboro,nj,new jersey,30,nj
glengardnernj,glen gardner,nj,new jersey,30,nj
glenridgenj,glen ridge,nj,new jersey,30,nj
glenrocknj,glen rock,nj,new jersey,30,nj
glendoranj,glendora,nj,new jersey,30,nj
gloucestercitynj,gloucester city,nj,new jersey,30,nj
gloucestercountynj,gloucester county,nj,new jersey,30,nj
goldentrianglenj,golden triangle,nj,new jersey,30,nj
greenknollnj,green knoll,nj,new jersey,30,nj
greentreenj,greentree,nj,new jersey,30,nj
grovevillenj,groveville,nj,new jersey,30,nj
guttenbergnj,guttenberg,nj,new jersey,30,nj
hackensacknj,hackensack,nj,new jersey,30,nj
hackettstownnj,hackettstown,nj,new jersey,30,nj
haddonheightsnj,haddon heights,nj,new jersey,30,nj
haddonfieldnj,haddonfield,nj,new jersey,30,nj
haledonnj,haledon,nj,new jersey,30,nj
hamburgnj,hamburg,nj,new jersey,30,nj
hamiltonsquarenj,hamilton square,nj,new jersey,30,nj
hammontonnj,hammonton,nj,new jersey,30,nj
hamptonnj,hampton,nj,new jersey,30,nj
hanovernj,hanover,nj,new jersey,30,nj
hardwicknj,hardwick,nj,new jersey,30,nj
harringtonparknj,harrington park,nj,new jersey,30,nj
harrisonnj,harrison,nj,new jersey,30,nj
hasbrouckheightsnj,hasbrouck heights,nj,new jersey,30,nj
haworthnj,haworth,nj,new jersey,30,nj
hawthornenj,hawthorne,nj,new jersey,30,nj
heathcotenj,heathcote,nj,new jersey,30,nj
helmettanj,helmetta,nj,new jersey,30,nj
highbridgenj,high bridge,nj,new jersey,30,nj
highlandlakenj,highland lake,nj,new jersey,30,nj
highlandparknj,highland park,nj,new jersey,30,nj
highlandsnj,highlands,nj,new jersey,30,nj
hightstownnj,hightstown,nj,new jersey,30,nj
hillsdalenj,hillsdale,nj,new jersey,30,nj
hillsidenj,hillside,nj,new jersey,30,nj
ho-ho-kusnj,ho-ho-kus,nj,new jersey,30,nj
hobokennj,hoboken,nj,new jersey,30,nj
holidaycitysouthnj,holiday city south,nj,new jersey,30,nj
holidaycity-berkeleynj,holiday city-berkeley,nj,new jersey,30,nj
holidayheightsnj,holiday heights,nj,new jersey,30,nj
hopatcongnj,hopatcong,nj,new jersey,30,nj
hopatconghillsnj,hopatcong hills,nj,new jersey,30,nj
hopewellnj,hopewell,nj,new jersey,30,nj
hudsoncountynj,hudson county,nj,new jersey,30,nj
hunterdoncountynj,hunterdon county,nj,new jersey,30,nj
irvingtonnj,irvington,nj,new jersey,30,nj
iselinnj,iselin,nj,new jersey,30,nj
islandheightsnj,island heights,nj,new jersey,30,nj
jacksonnj,jackson,nj,new jersey,30,nj
jamesburgnj,jamesburg,nj,new jersey,30,nj
jerseycitynj,jersey city,nj,new jersey,30,nj
keansburgnj,keansburg,nj,new jersey,30,nj
kearnynj,kearny,nj,new jersey,30,nj
kendallparknj,kendall park,nj,new jersey,30,nj
kenilworthnj,kenilworth,nj,new jersey,30,nj
kenvilnj,kenvil,nj,new jersey,30,nj
keyportnj,keyport,nj,new jersey,30,nj
kingstonnj,kingston,nj,new jersey,30,nj
kingstonestatesnj,kingston estates,nj,new jersey,30,nj
kinnelonnj,kinnelon,nj,new jersey,30,nj
lakecomonj,lake como,nj,new jersey,30,nj
lakemohawknj,lake mohawk,nj,new jersey,30,nj
laketelemarknj,lake telemark,nj,new jersey,30,nj
lakehurstnj,lakehurst,nj,new jersey,30,nj
lakewoodnj,lakewood,nj,new jersey,30,nj
lambertvillenj,lambertville,nj,new jersey,30,nj
landingnj,landing,nj,new jersey,30,nj
laurellakenj,laurel lake,nj,new jersey,30,nj
laurelspringsnj,laurel springs,nj,new jersey,30,nj
laurenceharbornj,laurence harbor,nj,new jersey,30,nj
lavallettenj,lavallette,nj,new jersey,30,nj
lawnsidenj,lawnside,nj,new jersey,30,nj
lawrencevillenj,lawrenceville,nj,new jersey,30,nj
lebanonnj,lebanon,nj,new jersey,30,nj
leisureknollnj,leisure knoll,nj,new jersey,30,nj
leisurevillagenj,leisure village,nj,new jersey,30,nj
leisurevillageeastnj,leisure village east,nj,new jersey,30,nj
leisurevillagewest-pinelakeparknj,leisure village west-pine lake park,nj,new jersey,30,nj
leisuretownenj,leisuretowne,nj,new jersey,30,nj
leonardonj,leonardo,nj,new jersey,30,nj
leonianj,leonia,nj,new jersey,30,nj
lincolnparknj,lincoln park,nj,new jersey,30,nj
lincroftnj,lincroft,nj,new jersey,30,nj
lindennj,linden,nj,new jersey,30,nj
lindenwoldnj,lindenwold,nj,new jersey,30,nj
linwoodnj,linwood,nj,new jersey,30,nj
littlefallsnj,little falls,nj,new jersey,30,nj
littleferrynj,little ferry,nj,new jersey,30,nj
littlesilvernj,little silver,nj,new jersey,30,nj
livingstonnj,livingston,nj,new jersey,30,nj
lodinj,lodi,nj,new jersey,30,nj
longbranchnj,long branch,nj,new jersey,30,nj
longvalleynj,long valley,nj,new jersey,30,nj
lyndhurstnj,lyndhurst,nj,new jersey,30,nj
madisonnj,madison,nj,new jersey,30,nj
madisonparknj,madison park,nj,new jersey,30,nj
magnolianj,magnolia,nj,new jersey,30,nj
mahwahnj,mahwah,nj,new jersey,30,nj
manahawkinnj,manahawkin,nj,new jersey,30,nj
manasquannj,manasquan,nj,new jersey,30,nj
manvillenj,manville,nj,new jersey,30,nj
mapleshadenj,maple shade,nj,new jersey,30,nj
maplewoodnj,maplewood,nj,new jersey,30,nj
margatecitynj,margate city,nj,new jersey,30,nj
marlboronj,marlboro,nj,new jersey,30,nj
marltonnj,marlton,nj,new jersey,30,nj
martinsvillenj,martinsville,nj,new jersey,30,nj
matawannj,matawan,nj,new jersey,30,nj
mayslandingnj,mays landing,nj,new jersey,30,nj
maywoodnj,maywood,nj,new jersey,30,nj
mcguireafbnj,mcguire afb,nj,new jersey,30,nj
medfordlakesnj,medford lakes,nj,new jersey,30,nj
mendhamnj,mendham,nj,new jersey,30,nj
mercercountynj,mercer county,nj,new jersey,30,nj
mercervillenj,mercerville,nj,new jersey,30,nj
mercerville-hamiltonsquarenj,mercerville-hamilton square,nj,new jersey,30,nj
merchantvillenj,merchantville,nj,new jersey,30,nj
metuchennj,metuchen,nj,new jersey,30,nj
middlebushnj,middlebush,nj,new jersey,30,nj
middlesexnj,middlesex,nj,new jersey,30,nj
middlesexcountynj,middlesex county,nj,new jersey,30,nj
midlandparknj,midland park,nj,new jersey,30,nj
milfordnj,milford,nj,new jersey,30,nj
milltownnj,milltown,nj,new jersey,30,nj
millvillenj,millville,nj,new jersey,30,nj
monmouthbeachnj,monmouth beach,nj,new jersey,30,nj
monmouthcountynj,monmouth county,nj,new jersey,30,nj
monmouthjunctionnj,monmouth junction,nj,new jersey,30,nj
montclairnj,montclair,nj,new jersey,30,nj
montvalenj,montvale,nj,new jersey,30,nj
moonachienj,moonachie,nj,new jersey,30,nj
moorestown-lenolanj,moorestown-lenola,nj,new jersey,30,nj
morganvillenj,morganville,nj,new jersey,30,nj
morriscountynj,morris county,nj,new jersey,30,nj
morrisplainsnj,morris plains,nj,new jersey,30,nj
morristownnj,morristown,nj,new jersey,30,nj
mountarlingtonnj,mount arlington,nj,new jersey,30,nj
mountephraimnj,mount ephraim,nj,new jersey,30,nj
mounthollynj,mount holly,nj,new jersey,30,nj
mountlaurelnj,mount laurel,nj,new jersey,30,nj
mountainlakesnj,mountain lakes,nj,new jersey,30,nj
mountainsidenj,mountainside,nj,new jersey,30,nj
mullicahillnj,mullica hill,nj,new jersey,30,nj
mysticislandnj,mystic island,nj,new jersey,30,nj
nationalparknj,national park,nj,new jersey,30,nj
navesinknj,navesink,nj,new jersey,30,nj
neptunecitynj,neptune city,nj,new jersey,30,nj
netcongnj,netcong,nj,new jersey,30,nj
newbrunswicknj,new brunswick,nj,new jersey,30,nj
newegyptnj,new egypt,nj,new jersey,30,nj
newmilfordnj,new milford,nj,new jersey,30,nj
newprovidencenj,new providence,nj,new jersey,30,nj
newarknj,newark,nj,new jersey,30,nj
newfieldnj,newfield,nj,new jersey,30,nj
newtonnj,newton,nj,new jersey,30,nj
northarlingtonnj,north arlington,nj,new jersey,30,nj
northbeachhavennj,north beach haven,nj,new jersey,30,nj
northbergennj,north bergen,nj,new jersey,30,nj
northcaldwellnj,north caldwell,nj,new jersey,30,nj
northcapemaynj,north cape may,nj,new jersey,30,nj
northhaledonnj,north haledon,nj,new jersey,30,nj
northmiddletownnj,north middletown,nj,new jersey,30,nj
northplainfieldnj,north plainfield,nj,new jersey,30,nj
northwildwoodnj,north wildwood,nj,new jersey,30,nj
northfieldnj,northfield,nj,new jersey,30,nj
northvalenj,northvale,nj,new jersey,30,nj
norwoodnj,norwood,nj,new jersey,30,nj
nutleynj,nutley,nj,new jersey,30,nj
oakvalleynj,oak valley,nj,new jersey,30,nj
oakhurstnj,oakhurst,nj,new jersey,30,nj
oaklandnj,oakland,nj,new jersey,30,nj
oaklynnj,oaklyn,nj,new jersey,30,nj
oceanacresnj,ocean acres,nj,new jersey,30,nj
oceancitynj,ocean city,nj,new jersey,30,nj
oceancountynj,ocean county,nj,new jersey,30,nj
oceangatenj,ocean gate,nj,new jersey,30,nj
oceangrovenj,ocean grove,nj,new jersey,30,nj
oceanportnj,oceanport,nj,new jersey,30,nj
ogdensburgnj,ogdensburg,nj,new jersey,30,nj
oldbridgenj,old bridge,nj,new jersey,30,nj
oldtappannj,old tappan,nj,new jersey,30,nj
olivetnj,olivet,nj,new jersey,30,nj
oradellnj,oradell,nj,new jersey,30,nj
orangenj,orange,nj,new jersey,30,nj
oxfordnj,oxford,nj,new jersey,30,nj
palisadesparknj,palisades park,nj,new jersey,30,nj
palmyranj,palmyra,nj,new jersey,30,nj
paramusnj,paramus,nj,new jersey,30,nj
parkridgenj,park ridge,nj,new jersey,30,nj
parsippanynj,parsippany,nj,new jersey,30,nj
passaicnj,passaic,nj,new jersey,30,nj
passaiccountynj,passaic county,nj,new jersey,30,nj
patersonnj,paterson,nj,new jersey,30,nj
paulsboronj,paulsboro,nj,new jersey,30,nj
peapacknj,peapack,nj,new jersey,30,nj
pembertonnj,pemberton,nj,new jersey,30,nj
pembertonheightsnj,pemberton heights,nj,new jersey,30,nj
penningtonnj,pennington,nj,new jersey,30,nj
pennsgrovenj,penns grove,nj,new jersey,30,nj
pennsaukennj,pennsauken,nj,new jersey,30,nj
pennsvillenj,pennsville,nj,new jersey,30,nj
perthamboynj,perth amboy,nj,new jersey,30,nj
phillipsburgnj,phillipsburg,nj,new jersey,30,nj
pinebeachnj,pine beach,nj,new jersey,30,nj
pinehillnj,pine hill,nj,new jersey,30,nj
pinelakeparknj,pine lake park,nj,new jersey,30,nj
pineridgeatcrestwoodnj,pine ridge at crestwood,nj,new jersey,30,nj
piscatawaynj,piscataway,nj,new jersey,30,nj
pitmannj,pitman,nj,new jersey,30,nj
plainfieldnj,plainfield,nj,new jersey,30,nj
plainsborocenternj,plainsboro center,nj,new jersey,30,nj
pleasantvillenj,pleasantville,nj,new jersey,30,nj
pointpleasantnj,point pleasant,nj,new jersey,30,nj
pointpleasantbeachnj,point pleasant beach,nj,new jersey,30,nj
pomonanj,pomona,nj,new jersey,30,nj
pomptonlakesnj,pompton lakes,nj,new jersey,30,nj
portmonmouthnj,port monmouth,nj,new jersey,30,nj
portnorrisnj,port norris,nj,new jersey,30,nj
portreadingnj,port reading,nj,new jersey,30,nj
portrepublicnj,port republic,nj,new jersey,30,nj
presidentiallakesestatesnj,presidential lakes estates,nj,new jersey,30,nj
princetonnj,princeton,nj,new jersey,30,nj
princetonjunctionnj,princeton junction,nj,new jersey,30,nj
princetonmeadowsnj,princeton meadows,nj,new jersey,30,nj
prospectparknj,prospect park,nj,new jersey,30,nj
rahwaynj,rahway,nj,new jersey,30,nj
ramblewoodnj,ramblewood,nj,new jersey,30,nj
ramseynj,ramsey,nj,new jersey,30,nj
ramtownnj,ramtown,nj,new jersey,30,nj
randolphnj,randolph,nj,new jersey,30,nj
raritannj,raritan,nj,new jersey,30,nj
redbanknj,red bank,nj,new jersey,30,nj
richwoodnj,richwood,nj,new jersey,30,nj
ridgefieldnj,ridgefield,nj,new jersey,30,nj
ridgefieldparknj,ridgefield park,nj,new jersey,30,nj
ridgewoodnj,ridgewood,nj,new jersey,30,nj
ringwoodnj,ringwood,nj,new jersey,30,nj
riograndenj,rio grande,nj,new jersey,30,nj
riveredgenj,river edge,nj,new jersey,30,nj
rivervalenj,river vale,nj,new jersey,30,nj
riverdalenj,riverdale,nj,new jersey,30,nj
rivertonnj,riverton,nj,new jersey,30,nj
robbinsvillenj,robbinsville,nj,new jersey,30,nj
robertsvillenj,robertsville,nj,new jersey,30,nj
rochelleparknj,rochelle park,nj,new jersey,30,nj
rockawaynj,rockaway,nj,new jersey,30,nj
roeblingnj,roebling,nj,new jersey,30,nj
roselandnj,roseland,nj,new jersey,30,nj
rosellenj,roselle,nj,new jersey,30,nj
roselleparknj,roselle park,nj,new jersey,30,nj
rosenhaynnj,rosenhayn,nj,new jersey,30,nj
rossmoornj,rossmoor,nj,new jersey,30,nj
rumsonnj,rumson,nj,new jersey,30,nj
runnemedenj,runnemede,nj,new jersey,30,nj
rutherfordnj,rutherford,nj,new jersey,30,nj
saddlebrooknj,saddle brook,nj,new jersey,30,nj
saddlerivernj,saddle river,nj,new jersey,30,nj
salemnj,salem,nj,new jersey,30,nj
salemcountynj,salem county,nj,new jersey,30,nj
sayrevillenj,sayreville,nj,new jersey,30,nj
sayrevillejunctionnj,sayreville junction,nj,new jersey,30,nj
scotchplainsnj,scotch plains,nj,new jersey,30,nj
seabrightnj,sea bright,nj,new jersey,30,nj
seagirtnj,sea girt,nj,new jersey,30,nj
seaislecitynj,sea isle city,nj,new jersey,30,nj
seabrookfarmsnj,seabrook farms,nj,new jersey,30,nj
seasideheightsnj,seaside heights,nj,new jersey,30,nj
seasideparknj,seaside park,nj,new jersey,30,nj
secaucusnj,secaucus,nj,new jersey,30,nj
sewarennj,sewaren,nj,new jersey,30,nj
sharkriverhillsnj,shark river hills,nj,new jersey,30,nj
shipbottomnj,ship bottom,nj,new jersey,30,nj
shorthillsnj,short hills,nj,new jersey,30,nj
shrewsburynj,shrewsbury,nj,new jersey,30,nj
sicklervillenj,sicklerville,nj,new jersey,30,nj
silverridgenj,silver ridge,nj,new jersey,30,nj
singacnj,singac,nj,new jersey,30,nj
sixmilerunnj,sixmile run,nj,new jersey,30,nj
smithvillenj,smithville,nj,new jersey,30,nj
societyhillnj,society hill,nj,new jersey,30,nj
somerdalenj,somerdale,nj,new jersey,30,nj
somerspointnj,somers point,nj,new jersey,30,nj
somersetnj,somerset,nj,new jersey,30,nj
somersetcountynj,somerset county,nj,new jersey,30,nj
somervillenj,somerville,nj,new jersey,30,nj
southamboynj,south amboy,nj,new jersey,30,nj
southbelmarnj,south belmar,nj,new jersey,30,nj
southboundbrooknj,south bound brook,nj,new jersey,30,nj
southoldbridgenj,south old bridge,nj,new jersey,30,nj
southorangenj,south orange,nj,new jersey,30,nj
southplainfieldnj,south plainfield,nj,new jersey,30,nj
southrivernj,south river,nj,new jersey,30,nj
southtomsrivernj,south toms river,nj,new jersey,30,nj
southvinelandnj,south vineland,nj,new jersey,30,nj
spartanj,sparta,nj,new jersey,30,nj
spotswoodnj,spotswood,nj,new jersey,30,nj
springlakenj,spring lake,nj,new jersey,30,nj
springlakeheightsnj,spring lake heights,nj,new jersey,30,nj
springdalenj,springdale,nj,new jersey,30,nj
springfieldnj,springfield,nj,new jersey,30,nj
stanhopenj,stanhope,nj,new jersey,30,nj
stratfordnj,stratford,nj,new jersey,30,nj
strathmorenj,strathmore,nj,new jersey,30,nj
succasunnanj,succasunna,nj,new jersey,30,nj
summitnj,summit,nj,new jersey,30,nj
surfcitynj,surf city,nj,new jersey,30,nj
sussexnj,sussex,nj,new jersey,30,nj
sussexcountynj,sussex county,nj,new jersey,30,nj
swedesboronj,swedesboro,nj,new jersey,30,nj
teanecknj,teaneck,nj,new jersey,30,nj
tenmilerunnj,ten mile run,nj,new jersey,30,nj
tenaflynj,tenafly,nj,new jersey,30,nj
tintonfallsnj,tinton falls,nj,new jersey,30,nj
tomsrivernj,toms river,nj,new jersey,30,nj
totowanj,totowa,nj,new jersey,30,nj
trentonnj,trenton,nj,new jersey,30,nj
tuckertonnj,tuckerton,nj,new jersey,30,nj
turnersvillenj,turnersville,nj,new jersey,30,nj
twinriversnj,twin rivers,nj,new jersey,30,nj
unionnj,union,nj,new jersey,30,nj
unionbeachnj,union beach,nj,new jersey,30,nj
unioncitynj,union city,nj,new jersey,30,nj
unioncountynj,union county,nj,new jersey,30,nj
uppermontclairnj,upper montclair,nj,new jersey,30,nj
upperpohatcongnj,upper pohatcong,nj,new jersey,30,nj
uppersaddlerivernj,upper saddle river,nj,new jersey,30,nj
ventnorcitynj,ventnor city,nj,new jersey,30,nj
vernoncenternj,vernon center,nj,new jersey,30,nj
vernonvalleynj,vernon valley,nj,new jersey,30,nj
veronanj,verona,nj,new jersey,30,nj
victorygardensnj,victory gardens,nj,new jersey,30,nj
victorylakesnj,victory lakes,nj,new jersey,30,nj
villasnj,villas,nj,new jersey,30,nj
vincentownnj,vincentown,nj,new jersey,30,nj
vinelandnj,vineland,nj,new jersey,30,nj
vistacenternj,vista center,nj,new jersey,30,nj
voorheesnj,voorhees,nj,new jersey,30,nj
waldwicknj,waldwick,nj,new jersey,30,nj
wallingtonnj,wallington,nj,new jersey,30,nj
wanamassanj,wanamassa,nj,new jersey,30,nj
wanaquenj,wanaque,nj,new jersey,30,nj
waretownnj,waretown,nj,new jersey,30,nj
warrencountynj,warren county,nj,new jersey,30,nj
warrentownshipnj,warren township,nj,new jersey,30,nj
washingtonnj,washington,nj,new jersey,30,nj
watchungnj,watchung,nj,new jersey,30,nj
waynenj,wayne,nj,new jersey,30,nj
weehawkennj,weehawken,nj,new jersey,30,nj
wenonahnj,wenonah,nj,new jersey,30,nj
westbelmarnj,west belmar,nj,new jersey,30,nj
westcapemaynj,west cape may,nj,new jersey,30,nj
westfreeholdnj,west freehold,nj,new jersey,30,nj
westlongbranchnj,west long branch,nj,new jersey,30,nj
westmilfordnj,west milford,nj,new jersey,30,nj
westnewyorknj,west new york,nj,new jersey,30,nj
westorangenj,west orange,nj,new jersey,30,nj
westfieldnj,westfield,nj,new jersey,30,nj
westonnj,weston,nj,new jersey,30,nj
westvillenj,westville,nj,new jersey,30,nj
westwoodnj,westwood,nj,new jersey,30,nj
whartonnj,wharton,nj,new jersey,30,nj
whitehorsenj,white horse,nj,new jersey,30,nj
whitemeadowlakenj,white meadow lake,nj,new jersey,30,nj
whitehousestationnj,whitehouse station,nj,new jersey,30,nj
whitesboronj,whitesboro,nj,new jersey,30,nj
whitesboro-burleighnj,whitesboro-burleigh,nj,new jersey,30,nj
whittinghamnj,whittingham,nj,new jersey,30,nj
wildwoodnj,wildwood,nj,new jersey,30,nj
wildwoodcrestnj,wildwood crest,nj,new jersey,30,nj
williamstownnj,williamstown,nj,new jersey,30,nj
willingboronj,willingboro,nj,new jersey,30,nj
winfieldnj,winfield,nj,new jersey,30,nj
wood-lynnenj,wood-lynne,nj,new jersey,30,nj
wood-ridgenj,wood-ridge,nj,new jersey,30,nj
woodbinenj,woodbine,nj,new jersey,30,nj
woodbridgenj,woodbridge,nj,new jersey,30,nj
woodburynj,woodbury,nj,new jersey,30,nj
woodburyheightsnj,woodbury heights,nj,new jersey,30,nj
woodclifflakenj,woodcliff lake,nj,new jersey,30,nj
woodlandparknj,woodland park,nj,new jersey,30,nj
woodstownnj,woodstown,nj,new jersey,30,nj
wyckoffnj,wyckoff,nj,new jersey,30,nj
yardvillenj,yardville,nj,new jersey,30,nj
yorketownnj,yorketown,nj,new jersey,30,nj
aguafrianm,agua fria,nm,new mexico,31,nm
alamonm,alamo,nm,new mexico,31,nm
alamogordonm,alamogordo,nm,new mexico,31,nm
albuquerquenm,albuquerque,nm,new mexico,31,nm
angelfirenm,angel fire,nm,new mexico,31,nm
anthonynm,anthony,nm,new mexico,31,nm
arenasvalleynm,arenas valley,nm,new mexico,31,nm
arroyoseconm,arroyo seco,nm,new mexico,31,nm
artesianm,artesia,nm,new mexico,31,nm
atokanm,atoka,nm,new mexico,31,nm
aztecnm,aztec,nm,new mexico,31,nm
bayardnm,bayard,nm,new mexico,31,nm
belennm,belen,nm,new mexico,31,nm
berinonm,berino,nm,new mexico,31,nm
bernalillonm,bernalillo,nm,new mexico,31,nm
bernalillocountynm,bernalillo county,nm,new mexico,31,nm
blackrocknm,black rock,nm,new mexico,31,nm
bloomfieldnm,bloomfield,nm,new mexico,31,nm
bolesacresnm,boles acres,nm,new mexico,31,nm
bosquefarmsnm,bosque farms,nm,new mexico,31,nm
cannonairforcebasenm,cannon air force base,nm,new mexico,31,nm
capitannm,capitan,nm,new mexico,31,nm
carlsbadnm,carlsbad,nm,new mexico,31,nm
carnuelnm,carnuel,nm,new mexico,31,nm
carrizozonm,carrizozo,nm,new mexico,31,nm
catroncountynm,catron county,nm,new mexico,31,nm
chamanm,chama,nm,new mexico,31,nm
chaparralnm,chaparral,nm,new mexico,31,nm
chavescountynm,chaves county,nm,new mexico,31,nm
chimayonm,chimayo,nm,new mexico,31,nm
churchrocknm,church rock,nm,new mexico,31,nm
cibolacountynm,cibola county,nm,new mexico,31,nm
claytonnm,clayton,nm,new mexico,31,nm
clovisnm,clovis,nm,new mexico,31,nm
colfaxcountynm,colfax county,nm,new mexico,31,nm
columbusnm,columbus,nm,new mexico,31,nm
corralesnm,corrales,nm,new mexico,31,nm
crownpointnm,crownpoint,nm,new mexico,31,nm
currycountynm,curry county,nm,new mexico,31,nm
debacacountynm,de baca county,nm,new mexico,31,nm
demingnm,deming,nm,new mexico,31,nm
dexternm,dexter,nm,new mexico,31,nm
doñaananm,doña ana,nm,new mexico,31,nm
doñaanacountynm,doña ana county,nm,new mexico,31,nm
dulcenm,dulce,nm,new mexico,31,nm
eddycountynm,eddy county,nm,new mexico,31,nm
edgewoodnm,edgewood,nm,new mexico,31,nm
elcerronm,el cerro,nm,new mexico,31,nm
elcerromissionnm,el cerro mission,nm,new mexico,31,nm
elranchonm,el rancho,nm,new mexico,31,nm
elvalledearroyoseconm,el valle de arroyo seco,nm,new mexico,31,nm
eldoradoatsantafenm,eldorado at santa fe,nm,new mexico,31,nm
elephantbuttenm,elephant butte,nm,new mexico,31,nm
enchantedhillsnm,enchanted hills,nm,new mexico,31,nm
españolanm,española,nm,new mexico,31,nm
estancianm,estancia,nm,new mexico,31,nm
eunicenm,eunice,nm,new mexico,31,nm
farmingtonnm,farmington,nm,new mexico,31,nm
floravistanm,flora vista,nm,new mexico,31,nm
fortsumnernm,fort sumner,nm,new mexico,31,nm
gallupnm,gallup,nm,new mexico,31,nm
grantcountynm,grant county,nm,new mexico,31,nm
grantsnm,grants,nm,new mexico,31,nm
guadalupecountynm,guadalupe county,nm,new mexico,31,nm
hagermannm,hagerman,nm,new mexico,31,nm
hardingcountynm,harding county,nm,new mexico,31,nm
hatchnm,hatch,nm,new mexico,31,nm
hidalgocountynm,hidalgo county,nm,new mexico,31,nm
hobbsnm,hobbs,nm,new mexico,31,nm
hollomanairforcebasenm,holloman air force base,nm,new mexico,31,nm
hurleynm,hurley,nm,new mexico,31,nm
jalnm,jal,nm,new mexico,31,nm
jaralesnm,jarales,nm,new mexico,31,nm
jemezpueblonm,jemez pueblo,nm,new mexico,31,nm
keelerfarmnm,keeler farm,nm,new mexico,31,nm
kirtlandnm,kirtland,nm,new mexico,31,nm
lacieneganm,la cienega,nm,new mexico,31,nm
lahuertanm,la huerta,nm,new mexico,31,nm
laluznm,la luz,nm,new mexico,31,nm
lamesillanm,la mesilla,nm,new mexico,31,nm
lapueblanm,la puebla,nm,new mexico,31,nm
launionnm,la union,nm,new mexico,31,nm
lagunanm,laguna,nm,new mexico,31,nm
lascrucesnm,las cruces,nm,new mexico,31,nm
lasmaravillasnm,las maravillas,nm,new mexico,31,nm
lasvegasnm,las vegas,nm,new mexico,31,nm
leacountynm,lea county,nm,new mexico,31,nm
leeacresnm,lee acres,nm,new mexico,31,nm
lincolncountynm,lincoln county,nm,new mexico,31,nm
lordsburgnm,lordsburg,nm,new mexico,31,nm
losalamosnm,los alamos,nm,new mexico,31,nm
losalamoscountynm,los alamos county,nm,new mexico,31,nm
loschaveznm,los chavez,nm,new mexico,31,nm
loslunasnm,los lunas,nm,new mexico,31,nm
losranchosdealbuquerquenm,los ranchos de albuquerque,nm,new mexico,31,nm
lovingnm,loving,nm,new mexico,31,nm
lovingtonnm,lovington,nm,new mexico,31,nm
lunacountynm,luna county,nm,new mexico,31,nm
mcintoshnm,mcintosh,nm,new mexico,31,nm
mckinleycountynm,mckinley county,nm,new mexico,31,nm
meadowlakenm,meadow lake,nm,new mexico,31,nm
mescaleronm,mescalero,nm,new mexico,31,nm
mesillanm,mesilla,nm,new mexico,31,nm
mesquitenm,mesquite,nm,new mexico,31,nm
milannm,milan,nm,new mexico,31,nm
montereyparknm,monterey park,nm,new mexico,31,nm
moranm,mora,nm,new mexico,31,nm
moracountynm,mora county,nm,new mexico,31,nm
moriartynm,moriarty,nm,new mexico,31,nm
mosqueronm,mosquero,nm,new mexico,31,nm
nambenm,nambe,nm,new mexico,31,nm
navajonm,navajo,nm,new mexico,31,nm
northvalleynm,north valley,nm,new mexico,31,nm
ohkayowingehnm,ohkay owingeh,nm,new mexico,31,nm
oterocountynm,otero county,nm,new mexico,31,nm
paradisehillsnm,paradise hills,nm,new mexico,31,nm
pecosnm,pecos,nm,new mexico,31,nm
peraltanm,peralta,nm,new mexico,31,nm
placitasnm,placitas,nm,new mexico,31,nm
pojoaquenm,pojoaque,nm,new mexico,31,nm
ponderosapinenm,ponderosa pine,nm,new mexico,31,nm
portalesnm,portales,nm,new mexico,31,nm
quaycountynm,quay county,nm,new mexico,31,nm
questanm,questa,nm,new mexico,31,nm
radiumspringsnm,radium springs,nm,new mexico,31,nm
ranchosdetaosnm,ranchos de taos,nm,new mexico,31,nm
ratonnm,raton,nm,new mexico,31,nm
reservenm,reserve,nm,new mexico,31,nm
rioarribacountynm,rio arriba county,nm,new mexico,31,nm
riocommunitiesnm,rio communities,nm,new mexico,31,nm
rioranchonm,rio rancho,nm,new mexico,31,nm
rooseveltcountynm,roosevelt county,nm,new mexico,31,nm
roswellnm,roswell,nm,new mexico,31,nm
ruidosonm,ruidoso,nm,new mexico,31,nm
ruidosodownsnm,ruidoso downs,nm,new mexico,31,nm
sanfelipepueblonm,san felipe pueblo,nm,new mexico,31,nm
sanjuancountynm,san juan county,nm,new mexico,31,nm
sanmiguelnm,san miguel,nm,new mexico,31,nm
sanmiguelcountynm,san miguel county,nm,new mexico,31,nm
sanysidronm,san ysidro,nm,new mexico,31,nm
sandiaheightsnm,sandia heights,nm,new mexico,31,nm
sandiaknollsnm,sandia knolls,nm,new mexico,31,nm
sandovalcountynm,sandoval county,nm,new mexico,31,nm
santaclaranm,santa clara,nm,new mexico,31,nm
santaclarapueblonm,santa clara pueblo,nm,new mexico,31,nm
santafenm,santa fe,nm,new mexico,31,nm
santafecountynm,santa fe county,nm,new mexico,31,nm
santarosanm,santa rosa,nm,new mexico,31,nm
santateresanm,santa teresa,nm,new mexico,31,nm
santodomingopueblonm,santo domingo pueblo,nm,new mexico,31,nm
shiprocknm,shiprock,nm,new mexico,31,nm
sierracountynm,sierra county,nm,new mexico,31,nm
silvercitynm,silver city,nm,new mexico,31,nm
skyline-ganipanm,skyline-ganipa,nm,new mexico,31,nm
socorronm,socorro,nm,new mexico,31,nm
socorrocountynm,socorro county,nm,new mexico,31,nm
southvalleynm,south valley,nm,new mexico,31,nm
spencervillenm,spencerville,nm,new mexico,31,nm
sunlandparknm,sunland park,nm,new mexico,31,nm
taosnm,taos,nm,new mexico,31,nm
taoscountynm,taos county,nm,new mexico,31,nm
taospueblonm,taos pueblo,nm,new mexico,31,nm
texiconm,texico,nm,new mexico,31,nm
thoreaunm,thoreau,nm,new mexico,31,nm
tierraamarillanm,tierra amarilla,nm,new mexico,31,nm
tomenm,tome,nm,new mexico,31,nm
torrancecountynm,torrance county,nm,new mexico,31,nm
truthorconsequencesnm,truth or consequences,nm,new mexico,31,nm
tucumcarinm,tucumcari,nm,new mexico,31,nm
tularosanm,tularosa,nm,new mexico,31,nm
twinlakesnm,twin lakes,nm,new mexico,31,nm
unioncountynm,union county,nm,new mexico,31,nm
universityparknm,university park,nm,new mexico,31,nm
upperfruitlandnm,upper fruitland,nm,new mexico,31,nm
vadonm,vado,nm,new mexico,31,nm
valencianm,valencia,nm,new mexico,31,nm
valenciacountynm,valencia county,nm,new mexico,31,nm
waterflownm,waterflow,nm,new mexico,31,nm
westhammondnm,west hammond,nm,new mexico,31,nm
whiterocknm,white rock,nm,new mexico,31,nm
whitesandsnm,white sands,nm,new mexico,31,nm
zunipueblonm,zuni pueblo,nm,new mexico,31,nm
adamsny,adams,ny,new york,32,ny
adamscenterny,adams center,ny,new york,32,ny
addisonny,addison,ny,new york,32,ny
airmontny,airmont,ny,new york,32,ny
akronny,akron,ny,new york,32,ny
alabamany,alabama,ny,new york,32,ny
albanyny,albany,ny,new york,32,ny
albanycountyny,albany county,ny,new york,32,ny
albertsonny,albertson,ny,new york,32,ny
albionny,albion,ny,new york,32,ny
aldenny,alden,ny,new york,32,ny
alexandriabayny,alexandria bay,ny,new york,32,ny
alfredny,alfred,ny,new york,32,ny
alleganyny,allegany,ny,new york,32,ny
alleganycountyny,allegany county,ny,new york,32,ny
altamontny,altamont,ny,new york,32,ny
amagansettny,amagansett,ny,new york,32,ny
amherstny,amherst,ny,new york,32,ny
amityvilleny,amityville,ny,new york,32,ny
amsterdamny,amsterdam,ny,new york,32,ny
andoverny,andover,ny,new york,32,ny
angolany,angola,ny,new york,32,ny
angolaonthelakeny,angola on the lake,ny,new york,32,ny
apalachinny,apalachin,ny,new york,32,ny
aquebogueny,aquebogue,ny,new york,32,ny
arcadeny,arcade,ny,new york,32,ny
ardsleyny,ardsley,ny,new york,32,ny
arlingtonny,arlington,ny,new york,32,ny
armonkny,armonk,ny,new york,32,ny
arrocharny,arrochar,ny,new york,32,ny
arverneny,arverne,ny,new york,32,ny
astoriany,astoria,ny,new york,32,ny
athensny,athens,ny,new york,32,ny
atlanticbeachny,atlantic beach,ny,new york,32,ny
atticany,attica,ny,new york,32,ny
auburnny,auburn,ny,new york,32,ny
augustany,augusta,ny,new york,32,ny
averillparkny,averill park,ny,new york,32,ny
avonny,avon,ny,new york,32,ny
babylonny,babylon,ny,new york,32,ny
bainbridgeny,bainbridge,ny,new york,32,ny
baitinghollowny,baiting hollow,ny,new york,32,ny
baldwinny,baldwin,ny,new york,32,ny
baldwinharborny,baldwin harbor,ny,new york,32,ny
baldwinsvilleny,baldwinsville,ny,new york,32,ny
ballstonspany,ballston spa,ny,new york,32,ny
balmvilleny,balmville,ny,new york,32,ny
bardoniany,bardonia,ny,new york,32,ny
barnumislandny,barnum island,ny,new york,32,ny
bataviany,batavia,ny,new york,32,ny
bathny,bath,ny,new york,32,ny
bathbeachny,bath beach,ny,new york,32,ny
baxterestatesny,baxter estates,ny,new york,32,ny
bayparkny,bay park,ny,new york,32,ny
bayshoreny,bay shore,ny,new york,32,ny
baywoodny,bay wood,ny,new york,32,ny
baychesterny,baychester,ny,new york,32,ny
bayportny,bayport,ny,new york,32,ny
baysideny,bayside,ny,new york,32,ny
bayvilleny,bayville,ny,new york,32,ny
beaconny,beacon,ny,new york,32,ny
beaverdamlakeny,beaver dam lake,ny,new york,32,ny
beaverdamlake-salisburymillsny,beaverdam lake-salisbury mills,ny,new york,32,ny
bedfordny,bedford,ny,new york,32,ny
bedfordhillsny,bedford hills,ny,new york,32,ny
bellaireny,bellaire,ny,new york,32,ny
belleharborny,belle harbor,ny,new york,32,ny
belleroseny,bellerose,ny,new york,32,ny
belleroseterraceny,bellerose terrace,ny,new york,32,ny
bellmoreny,bellmore,ny,new york,32,ny
bellportny,bellport,ny,new york,32,ny
belmontny,belmont,ny,new york,32,ny
bensonhurstny,bensonhurst,ny,new york,32,ny
bergenny,bergen,ny,new york,32,ny
bergenbeachny,bergen beach,ny,new york,32,ny
bethpageny,bethpage,ny,new york,32,ny
bigflatsny,big flats,ny,new york,32,ny
billingtonheightsny,billington heights,ny,new york,32,ny
binghamtonny,binghamton,ny,new york,32,ny
blackriverny,black river,ny,new york,32,ny
blasdellny,blasdell,ny,new york,32,ny
blauveltny,blauvelt,ny,new york,32,ny
bloomfieldny,bloomfield,ny,new york,32,ny
bluepointny,blue point,ny,new york,32,ny
bohemiany,bohemia,ny,new york,32,ny
bolivarny,bolivar,ny,new york,32,ny
boonvilleny,boonville,ny,new york,32,ny
boroughparkny,borough park,ny,new york,32,ny
bostonny,boston,ny,new york,32,ny
brentwoodny,brentwood,ny,new york,32,ny
brewertonny,brewerton,ny,new york,32,ny
brewsterny,brewster,ny,new york,32,ny
brewsterhillny,brewster hill,ny,new york,32,ny
briarcliffmanorny,briarcliff manor,ny,new york,32,ny
briarwoodny,briarwood,ny,new york,32,ny
bridgehamptonny,bridgehampton,ny,new york,32,ny
bridgeportny,bridgeport,ny,new york,32,ny
brightonny,brighton,ny,new york,32,ny
brightonbeachny,brighton beach,ny,new york,32,ny
brightwatersny,brightwaters,ny,new york,32,ny
brinckerhoffny,brinckerhoff,ny,new york,32,ny
broadchannelny,broad channel,ny,new york,32,ny
broadalbinny,broadalbin,ny,new york,32,ny
brockportny,brockport,ny,new york,32,ny
broctonny,brocton,ny,new york,32,ny
bronxny,bronx,ny,new york,32,ny
bronxvilleny,bronxville,ny,new york,32,ny
brookhavenny,brookhaven,ny,new york,32,ny
brooklynny,brooklyn,ny,new york,32,ny
brooklynheightsny,brooklyn heights,ny,new york,32,ny
brookvilleny,brookville,ny,new york,32,ny
broomecountyny,broome county,ny,new york,32,ny
brownsvilleny,brownsville,ny,new york,32,ny
brownvilleny,brownville,ny,new york,32,ny
buchananny,buchanan,ny,new york,32,ny
buffalony,buffalo,ny,new york,32,ny
bushwickny,bushwick,ny,new york,32,ny
cairony,cairo,ny,new york,32,ny
calciumny,calcium,ny,new york,32,ny
caledoniany,caledonia,ny,new york,32,ny
calvertonny,calverton,ny,new york,32,ny
cambriaheightsny,cambria heights,ny,new york,32,ny
cambridgeny,cambridge,ny,new york,32,ny
camdenny,camden,ny,new york,32,ny
camillusny,camillus,ny,new york,32,ny
canajoharieny,canajoharie,ny,new york,32,ny
canandaiguany,canandaigua,ny,new york,32,ny
canarsieny,canarsie,ny,new york,32,ny
canastotany,canastota,ny,new york,32,ny
canisteony,canisteo,ny,new york,32,ny
cantonny,canton,ny,new york,32,ny
carleplaceny,carle place,ny,new york,32,ny
carmelny,carmel,ny,new york,32,ny
carmelhamletny,carmel hamlet,ny,new york,32,ny
carthageny,carthage,ny,new york,32,ny
castleton-on-hudsonny,castleton-on-hudson,ny,new york,32,ny
catskillny,catskill,ny,new york,32,ny
cattarauguscountyny,cattaraugus county,ny,new york,32,ny
cayugacountyny,cayuga county,ny,new york,32,ny
cayugaheightsny,cayuga heights,ny,new york,32,ny
cazenoviany,cazenovia,ny,new york,32,ny
cedarhurstny,cedarhurst,ny,new york,32,ny
celoronny,celoron,ny,new york,32,ny
centermorichesny,center moriches,ny,new york,32,ny
centereachny,centereach,ny,new york,32,ny
centerportny,centerport,ny,new york,32,ny
centralislipny,central islip,ny,new york,32,ny
centralsquareny,central square,ny,new york,32,ny
centralvalleyny,central valley,ny,new york,32,ny
chadwicksny,chadwicks,ny,new york,32,ny
champlainny,champlain,ny,new york,32,ny
chappaquany,chappaqua,ny,new york,32,ny
charlestonny,charleston,ny,new york,32,ny
chathamny,chatham,ny,new york,32,ny
chautauquacountyny,chautauqua county,ny,new york,32,ny
cheektowagany,cheektowaga,ny,new york,32,ny
chelseany,chelsea,ny,new york,32,ny
chemungcountyny,chemung county,ny,new york,32,ny
chenangobridgeny,chenango bridge,ny,new york,32,ny
chenangocountyny,chenango county,ny,new york,32,ny
chesterny,chester,ny,new york,32,ny
chestnutridgeny,chestnut ridge,ny,new york,32,ny
chittenangony,chittenango,ny,new york,32,ny
churchvilleny,churchville,ny,new york,32,ny
cityislandny,city island,ny,new york,32,ny
clarenceny,clarence,ny,new york,32,ny
clarencecenterny,clarence center,ny,new york,32,ny
clarkmillsny,clark mills,ny,new york,32,ny
clarksonny,clarkson,ny,new york,32,ny
claytonny,clayton,ny,new york,32,ny
cliftonny,clifton,ny,new york,32,ny
cliftonspringsny,clifton springs,ny,new york,32,ny
clintonny,clinton,ny,new york,32,ny
clintoncountyny,clinton county,ny,new york,32,ny
clintondaleny,clintondale,ny,new york,32,ny
clydeny,clyde,ny,new york,32,ny
clymerny,clymer,ny,new york,32,ny
cobleskillny,cobleskill,ny,new york,32,ny
cohoesny,cohoes,ny,new york,32,ny
coldspringny,cold spring,ny,new york,32,ny
coldspringharborny,cold spring harbor,ny,new york,32,ny
collegepointny,college point,ny,new york,32,ny
colonieny,colonie,ny,new york,32,ny
columbiacountyny,columbia county,ny,new york,32,ny
commackny,commack,ny,new york,32,ny
concordny,concord,ny,new york,32,ny
coneyislandny,coney island,ny,new york,32,ny
congersny,congers,ny,new york,32,ny
constantiany,constantia,ny,new york,32,ny
cooperstownny,cooperstown,ny,new york,32,ny
copiagueny,copiague,ny,new york,32,ny
coramny,coram,ny,new york,32,ny
corinthny,corinth,ny,new york,32,ny
corningny,corning,ny,new york,32,ny
cornwallny,cornwall,ny,new york,32,ny
coronany,corona,ny,new york,32,ny
cortlandny,cortland,ny,new york,32,ny
cortlandcountyny,cortland county,ny,new york,32,ny
cortlandwestny,cortland west,ny,new york,32,ny
countryknollsny,country knolls,ny,new york,32,ny
coxsackieny,coxsackie,ny,new york,32,ny
crompondny,crompond,ny,new york,32,ny
croton-on-hudsonny,croton-on-hudson,ny,new york,32,ny
crownheightsny,crown heights,ny,new york,32,ny
crugersny,crugers,ny,new york,32,ny
cubany,cuba,ny,new york,32,ny
cumberlandheadny,cumberland head,ny,new york,32,ny
cutchogueny,cutchogue,ny,new york,32,ny
cypresshillsny,cypress hills,ny,new york,32,ny
dannemorany,dannemora,ny,new york,32,ny
dansvilleny,dansville,ny,new york,32,ny
deerparkny,deer park,ny,new york,32,ny
delawarecountyny,delaware county,ny,new york,32,ny
delevanny,delevan,ny,new york,32,ny
delhiny,delhi,ny,new york,32,ny
delmarny,delmar,ny,new york,32,ny
depewny,depew,ny,new york,32,ny
depositny,deposit,ny,new york,32,ny
dexterny,dexter,ny,new york,32,ny
dixhillsny,dix hills,ny,new york,32,ny
dobbsferryny,dobbs ferry,ny,new york,32,ny
dolgevilleny,dolgeville,ny,new york,32,ny
donganhillsny,dongan hills,ny,new york,32,ny
douglastonny,douglaston,ny,new york,32,ny
doverplainsny,dover plains,ny,new york,32,ny
drydenny,dryden,ny,new york,32,ny
dundeeny,dundee,ny,new york,32,ny
dunkirkny,dunkirk,ny,new york,32,ny
durhamny,durham,ny,new york,32,ny
dutchesscountyny,dutchess county,ny,new york,32,ny
dykerheightsny,dyker heights,ny,new york,32,ny
eastatlanticbeachny,east atlantic beach,ny,new york,32,ny
eastaurorany,east aurora,ny,new york,32,ny
eastelmhurstny,east elmhurst,ny,new york,32,ny
eastfarmingdaleny,east farmingdale,ny,new york,32,ny
eastflatbushny,east flatbush,ny,new york,32,ny
eastgardencityny,east garden city,ny,new york,32,ny
eastglenvilleny,east glenville,ny,new york,32,ny
eastgreenbushny,east greenbush,ny,new york,32,ny
easthamptonny,east hampton,ny,new york,32,ny
easthamptonnorthny,east hampton north,ny,new york,32,ny
eastharlemny,east harlem,ny,new york,32,ny
easthillsny,east hills,ny,new york,32,ny
eastislipny,east islip,ny,new york,32,ny
eastithacany,east ithaca,ny,new york,32,ny
eastmassapequany,east massapequa,ny,new york,32,ny
eastmeadowny,east meadow,ny,new york,32,ny
eastmorichesny,east moriches,ny,new york,32,ny
eastnewyorkny,east new york,ny,new york,32,ny
eastnorthportny,east northport,ny,new york,32,ny
eastnorwichny,east norwich,ny,new york,32,ny
eastpatchogueny,east patchogue,ny,new york,32,ny
eastquogueny,east quogue,ny,new york,32,ny
eastrochesterny,east rochester,ny,new york,32,ny
eastrockawayny,east rockaway,ny,new york,32,ny
eastsetauketny,east setauket,ny,new york,32,ny
eastshorehamny,east shoreham,ny,new york,32,ny
eastsyracuseny,east syracuse,ny,new york,32,ny
easttremontny,east tremont,ny,new york,32,ny
eastvillageny,east village,ny,new york,32,ny
eastwillistonny,east williston,ny,new york,32,ny
eastchesterny,eastchester,ny,new york,32,ny
eastportny,eastport,ny,new york,32,ny
eatonsneckny,eatons neck,ny,new york,32,ny
edenny,eden,ny,new york,32,ny
edgemereny,edgemere,ny,new york,32,ny
edinburgny,edinburg,ny,new york,32,ny
eggertsvilleny,eggertsville,ny,new york,32,ny
elbridgeny,elbridge,ny,new york,32,ny
elizabethtownny,elizabethtown,ny,new york,32,ny
ellenvilleny,ellenville,ny,new york,32,ny
elmacenterny,elma center,ny,new york,32,ny
elmhurstny,elmhurst,ny,new york,32,ny
elmirany,elmira,ny,new york,32,ny
elmiraheightsny,elmira heights,ny,new york,32,ny
elmontny,elmont,ny,new york,32,ny
elmsfordny,elmsford,ny,new york,32,ny
eltingvilleny,eltingville,ny,new york,32,ny
elwoodny,elwood,ny,new york,32,ny
emersonhillny,emerson hill,ny,new york,32,ny
endicottny,endicott,ny,new york,32,ny
endwellny,endwell,ny,new york,32,ny
eriecountyny,erie county,ny,new york,32,ny
essexcountyny,essex county,ny,new york,32,ny
fairmountny,fairmount,ny,new york,32,ny
fairportny,fairport,ny,new york,32,ny
fairviewny,fairview,ny,new york,32,ny
falconerny,falconer,ny,new york,32,ny
fallsburgny,fallsburg,ny,new york,32,ny
farrockawayny,far rockaway,ny,new york,32,ny
farmingdaleny,farmingdale,ny,new york,32,ny
farmingvilleny,farmingville,ny,new york,32,ny
fayettevilleny,fayetteville,ny,new york,32,ny
financialdistrictny,financial district,ny,new york,32,ny
firthcliffeny,firthcliffe,ny,new york,32,ny
fishkillny,fishkill,ny,new york,32,ny
flandersny,flanders,ny,new york,32,ny
flatbushny,flatbush,ny,new york,32,ny
flatlandsny,flatlands,ny,new york,32,ny
floralparkny,floral park,ny,new york,32,ny
floridany,florida,ny,new york,32,ny
flowerhillny,flower hill,ny,new york,32,ny
fondany,fonda,ny,new york,32,ny
fordhamny,fordham,ny,new york,32,ny
foresthillsny,forest hills,ny,new york,32,ny
fortcovingtonhamletny,fort covington hamlet,ny,new york,32,ny
fortdrumny,fort drum,ny,new york,32,ny
fortedwardny,fort edward,ny,new york,32,ny
forthamiltonny,fort hamilton,ny,new york,32,ny
fortmontgomeryny,fort montgomery,ny,new york,32,ny
fortplainny,fort plain,ny,new york,32,ny
fortsalongany,fort salonga,ny,new york,32,ny
fortwadsworthny,fort wadsworth,ny,new york,32,ny
frankfortny,frankfort,ny,new york,32,ny
franklincountyny,franklin county,ny,new york,32,ny
franklinsquareny,franklin square,ny,new york,32,ny
franklinvilleny,franklinville,ny,new york,32,ny
fredoniany,fredonia,ny,new york,32,ny
freeportny,freeport,ny,new york,32,ny
freshmeadowsny,fresh meadows,ny,new york,32,ny
frewsburgny,frewsburg,ny,new york,32,ny
friendshipny,friendship,ny,new york,32,ny
fultonny,fulton,ny,new york,32,ny
fultoncountyny,fulton county,ny,new york,32,ny
galevilleny,galeville,ny,new york,32,ny
gangmillsny,gang mills,ny,new york,32,ny
gardencityny,garden city,ny,new york,32,ny
gardencityparkny,garden city park,ny,new york,32,ny
gardencitysouthny,garden city south,ny,new york,32,ny
gardnertownny,gardnertown,ny,new york,32,ny
gasportny,gasport,ny,new york,32,ny
gates-northgatesny,gates-north gates,ny,new york,32,ny
geneseecountyny,genesee county,ny,new york,32,ny
geneseony,geneseo,ny,new york,32,ny
genevany,geneva,ny,new york,32,ny
glascony,glasco,ny,new york,32,ny
glencoveny,glen cove,ny,new york,32,ny
glenheadny,glen head,ny,new york,32,ny
glenoaksny,glen oaks,ny,new york,32,ny
glendaleny,glendale,ny,new york,32,ny
glensfallsny,glens falls,ny,new york,32,ny
glensfallsnorthny,glens falls north,ny,new york,32,ny
glenwoodlandingny,glenwood landing,ny,new york,32,ny
gloversvilleny,gloversville,ny,new york,32,ny
goldensbridgeny,goldens bridge,ny,new york,32,ny
gordonheightsny,gordon heights,ny,new york,32,ny
goshenny,goshen,ny,new york,32,ny
gouverneurny,gouverneur,ny,new york,32,ny
gowandany,gowanda,ny,new york,32,ny
gramercyparkny,gramercy park,ny,new york,32,ny
grandislandny,grand island,ny,new york,32,ny
grandylevillageny,grandyle village,ny,new york,32,ny
granitevilleny,graniteville,ny,new york,32,ny
grantcityny,grant city,ny,new york,32,ny
granvilleny,granville,ny,new york,32,ny
gravesendny,gravesend,ny,new york,32,ny
greatkillsny,great kills,ny,new york,32,ny
greatneckny,great neck,ny,new york,32,ny
greatneckestatesny,great neck estates,ny,new york,32,ny
greatneckgardensny,great neck gardens,ny,new york,32,ny
greatneckplazany,great neck plaza,ny,new york,32,ny
greatriverny,great river,ny,new york,32,ny
greeceny,greece,ny,new york,32,ny
greenislandny,green island,ny,new york,32,ny
greenburghny,greenburgh,ny,new york,32,ny
greeneny,greene,ny,new york,32,ny
greenecountyny,greene county,ny,new york,32,ny
greenlawnny,greenlawn,ny,new york,32,ny
greenpointny,greenpoint,ny,new york,32,ny
greenportny,greenport,ny,new york,32,ny
greenportwestny,greenport west,ny,new york,32,ny
greenvaleny,greenvale,ny,new york,32,ny
greenvilleny,greenville,ny,new york,32,ny
greenwichny,greenwich,ny,new york,32,ny
greenwoodlakeny,greenwood lake,ny,new york,32,ny
grotonny,groton,ny,new york,32,ny
grymeshillny,grymes hill,ny,new york,32,ny
hadleyny,hadley,ny,new york,32,ny
hagamanny,hagaman,ny,new york,32,ny
halesiteny,halesite,ny,new york,32,ny
hamburgny,hamburg,ny,new york,32,ny
hamiltonny,hamilton,ny,new york,32,ny
hamiltoncountyny,hamilton county,ny,new york,32,ny
hamlinny,hamlin,ny,new york,32,ny
hamptonbaysny,hampton bays,ny,new york,32,ny
hamptonmanorny,hampton manor,ny,new york,32,ny
hannawafallsny,hannawa falls,ny,new york,32,ny
harborisleny,harbor isle,ny,new york,32,ny
harlemny,harlem,ny,new york,32,ny
harrimanny,harriman,ny,new york,32,ny
harrishillny,harris hill,ny,new york,32,ny
harrisonny,harrison,ny,new york,32,ny
hartfordny,hartford,ny,new york,32,ny
hartsdaleny,hartsdale,ny,new york,32,ny
hastings-on-hudsonny,hastings-on-hudson,ny,new york,32,ny
hauppaugeny,hauppauge,ny,new york,32,ny
haverstrawny,haverstraw,ny,new york,32,ny
havilandny,haviland,ny,new york,32,ny
hawthorneny,hawthorne,ny,new york,32,ny
headoftheharborny,head of the harbor,ny,new york,32,ny
hell'skitchenny,hell's kitchen,ny,new york,32,ny
hempsteadny,hempstead,ny,new york,32,ny
heritagehillsny,heritage hills,ny,new york,32,ny
herkimerny,herkimer,ny,new york,32,ny
herkimercountyny,herkimer county,ny,new york,32,ny
herricksny,herricks,ny,new york,32,ny
hewlettny,hewlett,ny,new york,32,ny
hewlettharborny,hewlett harbor,ny,new york,32,ny
hicksvilleny,hicksville,ny,new york,32,ny
highlandny,highland,ny,new york,32,ny
highlandfallsny,highland falls,ny,new york,32,ny
highlandmillsny,highland mills,ny,new york,32,ny
hillcrestny,hillcrest,ny,new york,32,ny
hillsideny,hillside,ny,new york,32,ny
hillsidelakeny,hillside lake,ny,new york,32,ny
hiltonny,hilton,ny,new york,32,ny
holbrookny,holbrook,ny,new york,32,ny
holcombny,holcomb,ny,new york,32,ny
hollandny,holland,ny,new york,32,ny
holleyny,holley,ny,new york,32,ny
hollisny,hollis,ny,new york,32,ny
holtsvilleny,holtsville,ny,new york,32,ny
homerny,homer,ny,new york,32,ny
honeoyefallsny,honeoye falls,ny,new york,32,ny
hoosickfallsny,hoosick falls,ny,new york,32,ny
hornellny,hornell,ny,new york,32,ny
horseheadsny,horseheads,ny,new york,32,ny
horseheadsnorthny,horseheads north,ny,new york,32,ny
houghtonny,houghton,ny,new york,32,ny
howardbeachny,howard beach,ny,new york,32,ny
hudsonny,hudson,ny,new york,32,ny
hudsonfallsny,hudson falls,ny,new york,32,ny
huguenotny,huguenot,ny,new york,32,ny
huntingtonny,huntington,ny,new york,32,ny
huntingtonbayny,huntington bay,ny,new york,32,ny
huntingtonstationny,huntington station,ny,new york,32,ny
huntspointny,hunts point,ny,new york,32,ny
hurleyny,hurley,ny,new york,32,ny
hydeparkny,hyde park,ny,new york,32,ny
ilionny,ilion,ny,new york,32,ny
inwoodny,inwood,ny,new york,32,ny
irondequoitny,irondequoit,ny,new york,32,ny
irvingtonny,irvington,ny,new york,32,ny
islandparkny,island park,ny,new york,32,ny
islandiany,islandia,ny,new york,32,ny
islipny,islip,ny,new york,32,ny
islipterraceny,islip terrace,ny,new york,32,ny
ithacany,ithaca,ny,new york,32,ny
jacksonheightsny,jackson heights,ny,new york,32,ny
jamaicany,jamaica,ny,new york,32,ny
jamesportny,jamesport,ny,new york,32,ny
jamestownny,jamestown,ny,new york,32,ny
jamestownwestny,jamestown west,ny,new york,32,ny
jeffersoncountyny,jefferson county,ny,new york,32,ny
jeffersonheightsny,jefferson heights,ny,new york,32,ny
jeffersonvalley-yorktownny,jefferson valley-yorktown,ny,new york,32,ny
jerichony,jericho,ny,new york,32,ny
johnsoncityny,johnson city,ny,new york,32,ny
johnstownny,johnstown,ny,new york,32,ny
jordanny,jordan,ny,new york,32,ny
kaserny,kaser,ny,new york,32,ny
katonahny,katonah,ny,new york,32,ny
keesevilleny,keeseville,ny,new york,32,ny
kenmoreny,kenmore,ny,new york,32,ny
kensingtonny,kensington,ny,new york,32,ny
kerhonksonny,kerhonkson,ny,new york,32,ny
keukaparkny,keuka park,ny,new york,32,ny
kewgardensny,kew gardens,ny,new york,32,ny
kewgardenshillsny,kew gardens hills,ny,new york,32,ny
kiantoneny,kiantone,ny,new york,32,ny
kinderhookny,kinderhook,ny,new york,32,ny
kingsbridgeny,kings bridge,ny,new york,32,ny
kingscountyny,kings county,ny,new york,32,ny
kingsparkny,kings park,ny,new york,32,ny
kingspointny,kings point,ny,new york,32,ny
kingstonny,kingston,ny,new york,32,ny
kiryasjoelny,kiryas joel,ny,new york,32,ny
lackawannany,lackawanna,ny,new york,32,ny
lakecarmelny,lake carmel,ny,new york,32,ny
lakeeriebeachny,lake erie beach,ny,new york,32,ny
lakegroveny,lake grove,ny,new york,32,ny
lakekatrineny,lake katrine,ny,new york,32,ny
lakeluzerneny,lake luzerne,ny,new york,32,ny
lakemoheganny,lake mohegan,ny,new york,32,ny
lakeplacidny,lake placid,ny,new york,32,ny
lakepleasantny,lake pleasant,ny,new york,32,ny
lakeronkonkomany,lake ronkonkoma,ny,new york,32,ny
lakesuccessny,lake success,ny,new york,32,ny
lakelandny,lakeland,ny,new york,32,ny
lakeviewny,lakeview,ny,new york,32,ny
lakewoodny,lakewood,ny,new york,32,ny
lancasterny,lancaster,ny,new york,32,ny
lansingny,lansing,ny,new york,32,ny
larchmontny,larchmont,ny,new york,32,ny
lathamny,latham,ny,new york,32,ny
lattingtownny,lattingtown,ny,new york,32,ny
laurelny,laurel,ny,new york,32,ny
laurelhollowny,laurel hollow,ny,new york,32,ny
laureltonny,laurelton,ny,new york,32,ny
lawrenceny,lawrence,ny,new york,32,ny
leroyny,le roy,ny,new york,32,ny
levittownny,levittown,ny,new york,32,ny
lewiscountyny,lewis county,ny,new york,32,ny
lewistonny,lewiston,ny,new york,32,ny
libertyny,liberty,ny,new york,32,ny
lidobeachny,lido beach,ny,new york,32,ny
limany,lima,ny,new york,32,ny
lincolnparkny,lincoln park,ny,new york,32,ny
lincolndaleny,lincolndale,ny,new york,32,ny
lindenhurstny,lindenhurst,ny,new york,32,ny
lindleyny,lindley,ny,new york,32,ny
littlefallsny,little falls,ny,new york,32,ny
littleneckny,little neck,ny,new york,32,ny
littlevalleyny,little valley,ny,new york,32,ny
liverpoolny,liverpool,ny,new york,32,ny
livingstoncountyny,livingston county,ny,new york,32,ny
livingstonmanorny,livingston manor,ny,new york,32,ny
livoniany,livonia,ny,new york,32,ny
lloydharborny,lloyd harbor,ny,new york,32,ny
lockportny,lockport,ny,new york,32,ny
locustvalleyny,locust valley,ny,new york,32,ny
longbeachny,long beach,ny,new york,32,ny
longislandcityny,long island city,ny,new york,32,ny
lorenzparkny,lorenz park,ny,new york,32,ny
lowvilleny,lowville,ny,new york,32,ny
lynbrookny,lynbrook,ny,new york,32,ny
lyncourtny,lyncourt,ny,new york,32,ny
lyonsny,lyons,ny,new york,32,ny
macedonny,macedon,ny,new york,32,ny
madisoncountyny,madison county,ny,new york,32,ny
mahopacny,mahopac,ny,new york,32,ny
maloneny,malone,ny,new york,32,ny
malverneny,malverne,ny,new york,32,ny
mamaroneckny,mamaroneck,ny,new york,32,ny
manchesterny,manchester,ny,new york,32,ny
manhassetny,manhasset,ny,new york,32,ny
manhassethillsny,manhasset hills,ny,new york,32,ny
manhattanny,manhattan,ny,new york,32,ny
manliusny,manlius,ny,new york,32,ny
manorhavenny,manorhaven,ny,new york,32,ny
manorvilleny,manorville,ny,new york,32,ny
marbletownny,marbletown,ny,new york,32,ny
marcellusny,marcellus,ny,new york,32,ny
marinersharborny,mariners harbor,ny,new york,32,ny
marionny,marion,ny,new york,32,ny
marlborony,marlboro,ny,new york,32,ny
maspethny,maspeth,ny,new york,32,ny
massapequany,massapequa,ny,new york,32,ny
massapequaparkny,massapequa park,ny,new york,32,ny
massenany,massena,ny,new york,32,ny
masticny,mastic,ny,new york,32,ny
masticbeachny,mastic beach,ny,new york,32,ny
mattituckny,mattituck,ny,new york,32,ny
mattydaleny,mattydale,ny,new york,32,ny
maybrookny,maybrook,ny,new york,32,ny
mayvilleny,mayville,ny,new york,32,ny
mcgrawny,mcgraw,ny,new york,32,ny
mckownvilleny,mckownville,ny,new york,32,ny
mechanicstownny,mechanicstown,ny,new york,32,ny
mechanicvilleny,mechanicville,ny,new york,32,ny
medfordny,medford,ny,new york,32,ny
medinany,medina,ny,new york,32,ny
melroseny,melrose,ny,new york,32,ny
melroseparkny,melrose park,ny,new york,32,ny
melvilleny,melville,ny,new york,32,ny
menandsny,menands,ny,new york,32,ny
merrickny,merrick,ny,new york,32,ny
merrittparkny,merritt park,ny,new york,32,ny
mexicony,mexico,ny,new york,32,ny
middleislandny,middle island,ny,new york,32,ny
middlevillageny,middle village,ny,new york,32,ny
middleburghny,middleburgh,ny,new york,32,ny
middleportny,middleport,ny,new york,32,ny
middletownny,middletown,ny,new york,32,ny
midlandbeachny,midland beach,ny,new york,32,ny
millneckny,mill neck,ny,new york,32,ny
millbrookny,millbrook,ny,new york,32,ny
millerplaceny,miller place,ny,new york,32,ny
miltonny,milton,ny,new york,32,ny
mineolany,mineola,ny,new york,32,ny
minettony,minetto,ny,new york,32,ny
minevilleny,mineville,ny,new york,32,ny
minoany,minoa,ny,new york,32,ny
mohawkny,mohawk,ny,new york,32,ny
monroeny,monroe,ny,new york,32,ny
monroecountyny,monroe county,ny,new york,32,ny
monseyny,monsey,ny,new york,32,ny
montaukny,montauk,ny,new york,32,ny
montebellony,montebello,ny,new york,32,ny
montgomeryny,montgomery,ny,new york,32,ny
montgomerycountyny,montgomery county,ny,new york,32,ny
monticellony,monticello,ny,new york,32,ny
montourfallsny,montour falls,ny,new york,32,ny
montroseny,montrose,ny,new york,32,ny
moraviany,moravia,ny,new york,32,ny
morichesny,moriches,ny,new york,32,ny
morningsideheightsny,morningside heights,ny,new york,32,ny
morrisheightsny,morris heights,ny,new york,32,ny
morrisparkny,morris park,ny,new york,32,ny
morrisaniany,morrisania,ny,new york,32,ny
morrisonvilleny,morrisonville,ny,new york,32,ny
morrisvilleny,morrisville,ny,new york,32,ny
motthavenny,mott haven,ny,new york,32,ny
mountivyny,mount ivy,ny,new york,32,ny
mountkiscony,mount kisco,ny,new york,32,ny
mountmorrisny,mount morris,ny,new york,32,ny
mountsinainy,mount sinai,ny,new york,32,ny
mountvernonny,mount vernon,ny,new york,32,ny
mountainlodgeparkny,mountain lodge park,ny,new york,32,ny
munseyparkny,munsey park,ny,new york,32,ny
munsonscornersny,munsons corners,ny,new york,32,ny
muttontownny,muttontown,ny,new york,32,ny
myerscornerny,myers corner,ny,new york,32,ny
nanuetny,nanuet,ny,new york,32,ny
napanochny,napanoch,ny,new york,32,ny
naplesny,naples,ny,new york,32,ny
nassauny,nassau,ny,new york,32,ny
nassaucountyny,nassau county,ny,new york,32,ny
nedrowny,nedrow,ny,new york,32,ny
neponsitny,neponsit,ny,new york,32,ny
nesconsetny,nesconset,ny,new york,32,ny
newbrightonny,new brighton,ny,new york,32,ny
newcasselny,new cassel,ny,new york,32,ny
newcityny,new city,ny,new york,32,ny
newdorpny,new dorp,ny,new york,32,ny
newdorpbeachny,new dorp beach,ny,new york,32,ny
newhartfordny,new hartford,ny,new york,32,ny
newhempsteadny,new hempstead,ny,new york,32,ny
newhydeparkny,new hyde park,ny,new york,32,ny
newpaltzny,new paltz,ny,new york,32,ny
newrochelleny,new rochelle,ny,new york,32,ny
newspringvilleny,new springville,ny,new york,32,ny
newsquareny,new square,ny,new york,32,ny
newwindsorny,new windsor,ny,new york,32,ny
newyorkcityny,new york city,ny,new york,32,ny
newyorkcountyny,new york county,ny,new york,32,ny
newyorkmillsny,new york mills,ny,new york,32,ny
newarkny,newark,ny,new york,32,ny
newburghny,newburgh,ny,new york,32,ny
newfaneny,newfane,ny,new york,32,ny
niagaracountyny,niagara county,ny,new york,32,ny
niagarafallsny,niagara falls,ny,new york,32,ny
niskayunany,niskayuna,ny,new york,32,ny
nissequogueny,nissequogue,ny,new york,32,ny
nivervilleny,niverville,ny,new york,32,ny
norfolkny,norfolk,ny,new york,32,ny
northamityvilleny,north amityville,ny,new york,32,ny
northbabylonny,north babylon,ny,new york,32,ny
northballstonspany,north ballston spa,ny,new york,32,ny
northbayshoreny,north bay shore,ny,new york,32,ny
northbellmoreny,north bellmore,ny,new york,32,ny
northbellportny,north bellport,ny,new york,32,ny
northbostonny,north boston,ny,new york,32,ny
northcastleny,north castle,ny,new york,32,ny
northcollinsny,north collins,ny,new york,32,ny
northelbany,north elba,ny,new york,32,ny
northgatesny,north gates,ny,new york,32,ny
northgreatriverny,north great river,ny,new york,32,ny
northhillsny,north hills,ny,new york,32,ny
northlindenhurstny,north lindenhurst,ny,new york,32,ny
northmassapequany,north massapequa,ny,new york,32,ny
northmerrickny,north merrick,ny,new york,32,ny
northnewhydeparkny,north new hyde park,ny,new york,32,ny
northpatchogueny,north patchogue,ny,new york,32,ny
northseany,north sea,ny,new york,32,ny
northsyracuseny,north syracuse,ny,new york,32,ny
northtonawandany,north tonawanda,ny,new york,32,ny
northvalleystreamny,north valley stream,ny,new york,32,ny
northwantaghny,north wantagh,ny,new york,32,ny
northeastithacany,northeast ithaca,ny,new york,32,ny
northportny,northport,ny,new york,32,ny
northumberlandny,northumberland,ny,new york,32,ny
northvilleny,northville,ny,new york,32,ny
northwestharborny,northwest harbor,ny,new york,32,ny
northwestithacany,northwest ithaca,ny,new york,32,ny
norwichny,norwich,ny,new york,32,ny
norwoodny,norwood,ny,new york,32,ny
noyackny,noyack,ny,new york,32,ny
nundany,nunda,ny,new york,32,ny
nyackny,nyack,ny,new york,32,ny
oakdaleny,oakdale,ny,new york,32,ny
oakfieldny,oakfield,ny,new york,32,ny
oakwoodny,oakwood,ny,new york,32,ny
oceansideny,oceanside,ny,new york,32,ny
ogdensburgny,ogdensburg,ny,new york,32,ny
olcottny,olcott,ny,new york,32,ny
oldbethpageny,old bethpage,ny,new york,32,ny
oldbrookvilleny,old brookville,ny,new york,32,ny
oldwestburyny,old westbury,ny,new york,32,ny
oleanny,olean,ny,new york,32,ny
oneidany,oneida,ny,new york,32,ny
oneidacountyny,oneida county,ny,new york,32,ny
oneontany,oneonta,ny,new york,32,ny
onondagacountyny,onondaga county,ny,new york,32,ny
ontariony,ontario,ny,new york,32,ny
ontariocountyny,ontario county,ny,new york,32,ny
orangecountyny,orange county,ny,new york,32,ny
orangelakeny,orange lake,ny,new york,32,ny
orangeburgny,orangeburg,ny,new york,32,ny
orchardparkny,orchard park,ny,new york,32,ny
oriskanyny,oriskany,ny,new york,32,ny
orleanscountyny,orleans county,ny,new york,32,ny
ossiningny,ossining,ny,new york,32,ny
oswegony,oswego,ny,new york,32,ny
oswegocountyny,oswego county,ny,new york,32,ny
otisvilleny,otisville,ny,new york,32,ny
otsegocountyny,otsego county,ny,new york,32,ny
owegony,owego,ny,new york,32,ny
oxfordny,oxford,ny,new york,32,ny
oysterbayny,oyster bay,ny,new york,32,ny
oysterbaycoveny,oyster bay cove,ny,new york,32,ny
ozoneparkny,ozone park,ny,new york,32,ny
paintedpostny,painted post,ny,new york,32,ny
palenvilleny,palenville,ny,new york,32,ny
palmyrany,palmyra,ny,new york,32,ny
parkslopeny,park slope,ny,new york,32,ny
parkchesterny,parkchester,ny,new york,32,ny
patchogueny,patchogue,ny,new york,32,ny
pawlingny,pawling,ny,new york,32,ny
peachlakeny,peach lake,ny,new york,32,ny
pearlriverny,pearl river,ny,new york,32,ny
peekskillny,peekskill,ny,new york,32,ny
pelhamny,pelham,ny,new york,32,ny
pelhammanorny,pelham manor,ny,new york,32,ny
pennyanny,penn yan,ny,new york,32,ny
perryny,perry,ny,new york,32,ny
perthny,perth,ny,new york,32,ny
peruny,peru,ny,new york,32,ny
phelpsny,phelps,ny,new york,32,ny
philadelphiany,philadelphia,ny,new york,32,ny
philmontny,philmont,ny,new york,32,ny
phoenixny,phoenix,ny,new york,32,ny
piermontny,piermont,ny,new york,32,ny
pinebushny,pine bush,ny,new york,32,ny
pineplainsny,pine plains,ny,new york,32,ny
pittsfordny,pittsford,ny,new york,32,ny
plainedgeny,plainedge,ny,new york,32,ny
plainviewny,plainview,ny,new york,32,ny
plandomeny,plandome,ny,new york,32,ny
plandomeheightsny,plandome heights,ny,new york,32,ny
plattekillny,plattekill,ny,new york,32,ny
plattsburghny,plattsburgh,ny,new york,32,ny
plattsburghwestny,plattsburgh west,ny,new york,32,ny
pleasantvalleyny,pleasant valley,ny,new york,32,ny
pleasantvilleny,pleasantville,ny,new york,32,ny
poestenkillny,poestenkill,ny,new york,32,ny
pointlookoutny,point lookout,ny,new york,32,ny
pomonany,pomona,ny,new york,32,ny
portbyronny,port byron,ny,new york,32,ny
portchesterny,port chester,ny,new york,32,ny
portdickinsonny,port dickinson,ny,new york,32,ny
portewenny,port ewen,ny,new york,32,ny
porthenryny,port henry,ny,new york,32,ny
portjeffersonny,port jefferson,ny,new york,32,ny
portjeffersonstationny,port jefferson station,ny,new york,32,ny
portjervisny,port jervis,ny,new york,32,ny
portmorrisny,port morris,ny,new york,32,ny
portrichmondny,port richmond,ny,new york,32,ny
portwashingtonny,port washington,ny,new york,32,ny
portwashingtonnorthny,port washington north,ny,new york,32,ny
portlandny,portland,ny,new york,32,ny
potsdamny,potsdam,ny,new york,32,ny
poughkeepsieny,poughkeepsie,ny,new york,32,ny
poundridgeny,pound ridge,ny,new york,32,ny
pulaskiny,pulaski,ny,new york,32,ny
purchaseny,purchase,ny,new york,32,ny
putnamcountyny,putnam county,ny,new york,32,ny
putnamlakeny,putnam lake,ny,new york,32,ny
queensny,queens,ny,new york,32,ny
queenscountyny,queens county,ny,new york,32,ny
queensvillageny,queens village,ny,new york,32,ny
queensburyny,queensbury,ny,new york,32,ny
randolphny,randolph,ny,new york,32,ny
ransomvilleny,ransomville,ny,new york,32,ny
rapidsny,rapids,ny,new york,32,ny
ravenany,ravena,ny,new york,32,ny
redhookny,red hook,ny,new york,32,ny
redoaksmillny,red oaks mill,ny,new york,32,ny
regoparkny,rego park,ny,new york,32,ny
remsenburg-speonkny,remsenburg-speonk,ny,new york,32,ny
rensselaerny,rensselaer,ny,new york,32,ny
rensselaercountyny,rensselaer county,ny,new york,32,ny
rhinebeckny,rhinebeck,ny,new york,32,ny
richfieldspringsny,richfield springs,ny,new york,32,ny
richlandny,richland,ny,new york,32,ny
richmondcountyny,richmond county,ny,new york,32,ny
richmondhillny,richmond hill,ny,new york,32,ny
ridgeny,ridge,ny,new york,32,ny
ridgewoodny,ridgewood,ny,new york,32,ny
riverdaleny,riverdale,ny,new york,32,ny
riverheadny,riverhead,ny,new york,32,ny
riversideny,riverside,ny,new york,32,ny
rochesterny,rochester,ny,new york,32,ny
rockhillny,rock hill,ny,new york,32,ny
rockawaypointny,rockaway point,ny,new york,32,ny
rocklandcountyny,rockland county,ny,new york,32,ny
rockvillecentreny,rockville centre,ny,new york,32,ny
rockypointny,rocky point,ny,new york,32,ny
roesslevilleny,roessleville,ny,new york,32,ny
romeny,rome,ny,new york,32,ny
ronkonkomany,ronkonkoma,ny,new york,32,ny
rooseveltny,roosevelt,ny,new york,32,ny
rosebankny,rosebank,ny,new york,32,ny
rosedaleny,rosedale,ny,new york,32,ny
rosendalevillageny,rosendale village,ny,new york,32,ny
roslynny,roslyn,ny,new york,32,ny
roslynestatesny,roslyn estates,ny,new york,32,ny
roslynharborny,roslyn harbor,ny,new york,32,ny
roslynheightsny,roslyn heights,ny,new york,32,ny
rossvilleny,rossville,ny,new york,32,ny
rotterdamny,rotterdam,ny,new york,32,ny
rousespointny,rouses point,ny,new york,32,ny
ryeny,rye,ny,new york,32,ny
ryebrookny,rye brook,ny,new york,32,ny
sacketsharborny,sackets harbor,ny,new york,32,ny
sagharborny,sag harbor,ny,new york,32,ny
saintbonaventureny,saint bonaventure,ny,new york,32,ny
saintjamesny,saint james,ny,new york,32,ny
saintjohnsvilleny,saint johnsville,ny,new york,32,ny
salamancany,salamanca,ny,new york,32,ny
salisburyny,salisbury,ny,new york,32,ny
sanbornny,sanborn,ny,new york,32,ny
sandspointny,sands point,ny,new york,32,ny
saranaclakeny,saranac lake,ny,new york,32,ny
saratogacountyny,saratoga county,ny,new york,32,ny
saratogaspringsny,saratoga springs,ny,new york,32,ny
saugertiesny,saugerties,ny,new york,32,ny
saugertiessouthny,saugerties south,ny,new york,32,ny
sayvilleny,sayville,ny,new york,32,ny
scarsdaleny,scarsdale,ny,new york,32,ny
schenectadyny,schenectady,ny,new york,32,ny
schenectadycountyny,schenectady county,ny,new york,32,ny
schoharieny,schoharie,ny,new york,32,ny
schohariecountyny,schoharie county,ny,new york,32,ny
schuylercountyny,schuyler county,ny,new york,32,ny
schuylervilleny,schuylerville,ny,new york,32,ny
scotchtownny,scotchtown,ny,new york,32,ny
scotiany,scotia,ny,new york,32,ny
scottsvilleny,scottsville,ny,new york,32,ny
seacliffny,sea cliff,ny,new york,32,ny
seafordny,seaford,ny,new york,32,ny
searingtownny,searingtown,ny,new york,32,ny
seasideny,seaside,ny,new york,32,ny
seldenny,selden,ny,new york,32,ny
senecacountyny,seneca county,ny,new york,32,ny
senecafallsny,seneca falls,ny,new york,32,ny
senecaknollsny,seneca knolls,ny,new york,32,ny
setauket-eastsetauketny,setauket-east setauket,ny,new york,32,ny
sheepsheadbayny,sheepshead bay,ny,new york,32,ny
shelterislandny,shelter island,ny,new york,32,ny
shelterislandheightsny,shelter island heights,ny,new york,32,ny
shenorockny,shenorock,ny,new york,32,ny
sherburneny,sherburne,ny,new york,32,ny
sherrillny,sherrill,ny,new york,32,ny
shinnecockhillsny,shinnecock hills,ny,new york,32,ny
shirleyny,shirley,ny,new york,32,ny
shokanny,shokan,ny,new york,32,ny
shortsvilleny,shortsville,ny,new york,32,ny
shruboakny,shrub oak,ny,new york,32,ny
sidneyny,sidney,ny,new york,32,ny
silvercreekny,silver creek,ny,new york,32,ny
skaneatelesny,skaneateles,ny,new york,32,ny
sleepyhollowny,sleepy hollow,ny,new york,32,ny
sloanny,sloan,ny,new york,32,ny
sloatsburgny,sloatsburg,ny,new york,32,ny
smithtownny,smithtown,ny,new york,32,ny
sodusny,sodus,ny,new york,32,ny
solvayny,solvay,ny,new york,32,ny
soundbeachny,sound beach,ny,new york,32,ny
southbeachny,south beach,ny,new york,32,ny
southbloominggroveny,south blooming grove,ny,new york,32,ny
southcorningny,south corning,ny,new york,32,ny
southfallsburgny,south fallsburg,ny,new york,32,ny
southfarmingdaleny,south farmingdale,ny,new york,32,ny
southfloralparkny,south floral park,ny,new york,32,ny
southglensfallsny,south glens falls,ny,new york,32,ny
southhempsteadny,south hempstead,ny,new york,32,ny
southhillny,south hill,ny,new york,32,ny
southhuntingtonny,south huntington,ny,new york,32,ny
southlockportny,south lockport,ny,new york,32,ny
southnyackny,south nyack,ny,new york,32,ny
southvalleystreamny,south valley stream,ny,new york,32,ny
southamptonny,southampton,ny,new york,32,ny
southoldny,southold,ny,new york,32,ny
southportny,southport,ny,new york,32,ny
spackenkillny,spackenkill,ny,new york,32,ny
sparkillny,sparkill,ny,new york,32,ny
spencerportny,spencerport,ny,new york,32,ny
springvalleyny,spring valley,ny,new york,32,ny
springfieldny,springfield,ny,new york,32,ny
springfieldgardensny,springfield gardens,ny,new york,32,ny
springsny,springs,ny,new york,32,ny
springvilleny,springville,ny,new york,32,ny
spuytenduyvilny,spuyten duyvil,ny,new york,32,ny
st.lawrencecountyny,st. lawrence county,ny,new york,32,ny
stamfordny,stamford,ny,new york,32,ny
stapletonny,stapleton,ny,new york,32,ny
statenislandny,staten island,ny,new york,32,ny
steinwayny,steinway,ny,new york,32,ny
steubencountyny,steuben county,ny,new york,32,ny
stewartmanorny,stewart manor,ny,new york,32,ny
stillwaterny,stillwater,ny,new york,32,ny
stoneridgeny,stone ridge,ny,new york,32,ny
stonybrookny,stony brook,ny,new york,32,ny
stonypointny,stony point,ny,new york,32,ny
stottvilleny,stottville,ny,new york,32,ny
suffernny,suffern,ny,new york,32,ny
suffolkcountyny,suffolk county,ny,new york,32,ny
sullivancountyny,sullivan county,ny,new york,32,ny
sunnysideny,sunnyside,ny,new york,32,ny
sunsetparkny,sunset park,ny,new york,32,ny
sylvanbeachny,sylvan beach,ny,new york,32,ny
syossetny,syosset,ny,new york,32,ny
syracuseny,syracuse,ny,new york,32,ny
tappanny,tappan,ny,new york,32,ny
tarrytownny,tarrytown,ny,new york,32,ny
terraceheightsny,terrace heights,ny,new york,32,ny
terryvilleny,terryville,ny,new york,32,ny
thebronxny,the bronx,ny,new york,32,ny
thiellsny,thiells,ny,new york,32,ny
thomastonny,thomaston,ny,new york,32,ny
thornwoodny,thornwood,ny,new york,32,ny
throgsneckny,throgs neck,ny,new york,32,ny
ticonderogany,ticonderoga,ny,new york,32,ny
tillsonny,tillson,ny,new york,32,ny
tiogacountyny,tioga county,ny,new york,32,ny
tivoliny,tivoli,ny,new york,32,ny
tompkinscountyny,tompkins county,ny,new york,32,ny
tompkinsvilleny,tompkinsville,ny,new york,32,ny
tonawandany,tonawanda,ny,new york,32,ny
townlineny,town line,ny,new york,32,ny
tremontny,tremont,ny,new york,32,ny
tribeshillny,tribes hill,ny,new york,32,ny
troyny,troy,ny,new york,32,ny
trumansburgny,trumansburg,ny,new york,32,ny
tuckahoeny,tuckahoe,ny,new york,32,ny
tupperlakeny,tupper lake,ny,new york,32,ny
ulstercountyny,ulster county,ny,new york,32,ny
unadillany,unadilla,ny,new york,32,ny
unionspringsny,union springs,ny,new york,32,ny
uniondaleny,uniondale,ny,new york,32,ny
unionportny,unionport,ny,new york,32,ny
universitygardensny,university gardens,ny,new york,32,ny
universityheightsny,university heights,ny,new york,32,ny
upperbrookvilleny,upper brookville,ny,new york,32,ny
uppernyackny,upper nyack,ny,new york,32,ny
uticany,utica,ny,new york,32,ny
vailsgateny,vails gate,ny,new york,32,ny
valatieny,valatie,ny,new york,32,ny
valhallany,valhalla,ny,new york,32,ny
valleycottageny,valley cottage,ny,new york,32,ny
valleystreamny,valley stream,ny,new york,32,ny
vannestny,van nest,ny,new york,32,ny
vernonny,vernon,ny,new york,32,ny
verplanckny,verplanck,ny,new york,32,ny
victorny,victor,ny,new york,32,ny
villagegreenny,village green,ny,new york,32,ny
villageofthebranchny,village of the branch,ny,new york,32,ny
violany,viola,ny,new york,32,ny
volneyny,volney,ny,new york,32,ny
voorheesvilleny,voorheesville,ny,new york,32,ny
wadingriverny,wading river,ny,new york,32,ny
wakefieldny,wakefield,ny,new york,32,ny
waldenny,walden,ny,new york,32,ny
wallkillny,wallkill,ny,new york,32,ny
waltonny,walton,ny,new york,32,ny
waltonparkny,walton park,ny,new york,32,ny
wampsvilleny,wampsville,ny,new york,32,ny
wanakahny,wanakah,ny,new york,32,ny
wantaghny,wantagh,ny,new york,32,ny
wappingersfallsny,wappingers falls,ny,new york,32,ny
warrencountyny,warren county,ny,new york,32,ny
warrensburgny,warrensburg,ny,new york,32,ny
warsawny,warsaw,ny,new york,32,ny
warwickny,warwick,ny,new york,32,ny
washingtoncountyny,washington county,ny,new york,32,ny
washingtonheightsny,washington heights,ny,new york,32,ny
washingtonmillsny,washington mills,ny,new york,32,ny
washingtonvilleny,washingtonville,ny,new york,32,ny
watchtowerny,watchtower,ny,new york,32,ny
watermillny,water mill,ny,new york,32,ny
waterfordny,waterford,ny,new york,32,ny
waterloony,waterloo,ny,new york,32,ny
watertownny,watertown,ny,new york,32,ny
watervilleny,waterville,ny,new york,32,ny
watervlietny,watervliet,ny,new york,32,ny
watkinsglenny,watkins glen,ny,new york,32,ny
waverlyny,waverly,ny,new york,32,ny
wawarsingny,wawarsing,ny,new york,32,ny
waylandny,wayland,ny,new york,32,ny
waynecountyny,wayne county,ny,new york,32,ny
websterny,webster,ny,new york,32,ny
weedsportny,weedsport,ny,new york,32,ny
wellsvilleny,wellsville,ny,new york,32,ny
wesleyhillsny,wesley hills,ny,new york,32,ny
westalbanyny,west albany,ny,new york,32,ny
westbabylonny,west babylon,ny,new york,32,ny
westbayshoreny,west bay shore,ny,new york,32,ny
westcarthageny,west carthage,ny,new york,32,ny
westelmirany,west elmira,ny,new york,32,ny
westendny,west end,ny,new york,32,ny
westglensfallsny,west glens falls,ny,new york,32,ny
westhaverstrawny,west haverstraw,ny,new york,32,ny
westhempsteadny,west hempstead,ny,new york,32,ny
westhillsny,west hills,ny,new york,32,ny
westhurleyny,west hurley,ny,new york,32,ny
westislipny,west islip,ny,new york,32,ny
westnyackny,west nyack,ny,new york,32,ny
westpointny,west point,ny,new york,32,ny
westsandlakeny,west sand lake,ny,new york,32,ny
westsayvilleny,west sayville,ny,new york,32,ny
westsenecany,west seneca,ny,new york,32,ny
westburyny,westbury,ny,new york,32,ny
westchestercountyny,westchester county,ny,new york,32,ny
westerleighny,westerleigh,ny,new york,32,ny
westfieldny,westfield,ny,new york,32,ny
westhamptonny,westhampton,ny,new york,32,ny
westhamptonbeachny,westhampton beach,ny,new york,32,ny
westmereny,westmere,ny,new york,32,ny
westonmillsny,weston mills,ny,new york,32,ny
westvaleny,westvale,ny,new york,32,ny
wheatleyheightsny,wheatley heights,ny,new york,32,ny
whiteplainsny,white plains,ny,new york,32,ny
whitehallny,whitehall,ny,new york,32,ny
whitesborony,whitesboro,ny,new york,32,ny
whitestoneny,whitestone,ny,new york,32,ny
williamsburgny,williamsburg,ny,new york,32,ny
williamsonny,williamson,ny,new york,32,ny
williamsvilleny,williamsville,ny,new york,32,ny
willistonparkny,williston park,ny,new york,32,ny
willowbrookny,willowbrook,ny,new york,32,ny
wilsonny,wilson,ny,new york,32,ny
wolcottny,wolcott,ny,new york,32,ny
woodburyny,woodbury,ny,new york,32,ny
woodhavenny,woodhaven,ny,new york,32,ny
woodlawnny,woodlawn,ny,new york,32,ny
woodmereny,woodmere,ny,new york,32,ny
woodrowny,woodrow,ny,new york,32,ny
woodsideny,woodside,ny,new york,32,ny
woodstockny,woodstock,ny,new york,32,ny
worcesterny,worcester,ny,new york,32,ny
wurtsborony,wurtsboro,ny,new york,32,ny
wyandanchny,wyandanch,ny,new york,32,ny
wykagylny,wykagyl,ny,new york,32,ny
wynantskillny,wynantskill,ny,new york,32,ny
wyomingcountyny,wyoming county,ny,new york,32,ny
yaphankny,yaphank,ny,new york,32,ny
yatescountyny,yates county,ny,new york,32,ny
yonkersny,yonkers,ny,new york,32,ny
yorkshireny,yorkshire,ny,new york,32,ny
yorktownheightsny,yorktown heights,ny,new york,32,ny
yorkvilleny,yorkville,ny,new york,32,ny
youngstownny,youngstown,ny,new york,32,ny
zenany,zena,ny,new york,32,ny
aberdeennc,aberdeen,nc,north carolina,33,nc
advancenc,advance,nc,north carolina,33,nc
ahoskienc,ahoskie,nc,north carolina,33,nc
alamancecountync,alamance county,nc,north carolina,33,nc
albemarlenc,albemarle,nc,north carolina,33,nc
alexandercountync,alexander county,nc,north carolina,33,nc
alleghanycountync,alleghany county,nc,north carolina,33,nc
andrewsnc,andrews,nc,north carolina,33,nc
angiernc,angier,nc,north carolina,33,nc
ansoncountync,anson county,nc,north carolina,33,nc
apexnc,apex,nc,north carolina,33,nc
archdalenc,archdale,nc,north carolina,33,nc
archerlodgenc,archer lodge,nc,north carolina,33,nc
ashecountync,ashe county,nc,north carolina,33,nc
asheboronc,asheboro,nc,north carolina,33,nc
ashevillenc,asheville,nc,north carolina,33,nc
atlanticbeachnc,atlantic beach,nc,north carolina,33,nc
averycountync,avery county,nc,north carolina,33,nc
averycreeknc,avery creek,nc,north carolina,33,nc
aydennc,ayden,nc,north carolina,33,nc
badinnc,badin,nc,north carolina,33,nc
bakersvillenc,bakersville,nc,north carolina,33,nc
balfournc,balfour,nc,north carolina,33,nc
bannerelknc,banner elk,nc,north carolina,33,nc
barkerheightsnc,barker heights,nc,north carolina,33,nc
bayboronc,bayboro,nc,north carolina,33,nc
bayshorenc,bayshore,nc,north carolina,33,nc
beaufortnc,beaufort,nc,north carolina,33,nc
beaufortcountync,beaufort county,nc,north carolina,33,nc
belhavennc,belhaven,nc,north carolina,33,nc
belmontnc,belmont,nc,north carolina,33,nc
belvillenc,belville,nc,north carolina,33,nc
bensonnc,benson,nc,north carolina,33,nc
bentcreeknc,bent creek,nc,north carolina,33,nc
bermudarunnc,bermuda run,nc,north carolina,33,nc
bertiecountync,bertie county,nc,north carolina,33,nc
bessemercitync,bessemer city,nc,north carolina,33,nc
bethelnc,bethel,nc,north carolina,33,nc
bethlehemnc,bethlehem,nc,north carolina,33,nc
beulavillenc,beulaville,nc,north carolina,33,nc
biltmoreforestnc,biltmore forest,nc,north carolina,33,nc
biscoenc,biscoe,nc,north carolina,33,nc
blackmountainnc,black mountain,nc,north carolina,33,nc
bladencountync,bladen county,nc,north carolina,33,nc
bladenboronc,bladenboro,nc,north carolina,33,nc
blowingrocknc,blowing rock,nc,north carolina,33,nc
boilingspringlakesnc,boiling spring lakes,nc,north carolina,33,nc
boilingspringsnc,boiling springs,nc,north carolina,33,nc
bolivianc,bolivia,nc,north carolina,33,nc
boonenc,boone,nc,north carolina,33,nc
boonvillenc,boonville,nc,north carolina,33,nc
brevardnc,brevard,nc,north carolina,33,nc
bricescreeknc,brices creek,nc,north carolina,33,nc
broadcreeknc,broad creek,nc,north carolina,33,nc
broadwaync,broadway,nc,north carolina,33,nc
brogdennc,brogden,nc,north carolina,33,nc
brunswicknc,brunswick,nc,north carolina,33,nc
brunswickcountync,brunswick county,nc,north carolina,33,nc
brysoncitync,bryson city,nc,north carolina,33,nc
buiescreeknc,buies creek,nc,north carolina,33,nc
buncombecountync,buncombe county,nc,north carolina,33,nc
burgawnc,burgaw,nc,north carolina,33,nc
burkecountync,burke county,nc,north carolina,33,nc
burlingtonnc,burlington,nc,north carolina,33,nc
burnsvillenc,burnsville,nc,north carolina,33,nc
butnernc,butner,nc,north carolina,33,nc
buxtonnc,buxton,nc,north carolina,33,nc
cabarruscountync,cabarrus county,nc,north carolina,33,nc
cajahsmountainnc,cajahs mountain,nc,north carolina,33,nc
calabashnc,calabash,nc,north carolina,33,nc
caldwellcountync,caldwell county,nc,north carolina,33,nc
camdennc,camden,nc,north carolina,33,nc
camdencountync,camden county,nc,north carolina,33,nc
cantonnc,canton,nc,north carolina,33,nc
capecarteretnc,cape carteret,nc,north carolina,33,nc
carolinabeachnc,carolina beach,nc,north carolina,33,nc
carolinashoresnc,carolina shores,nc,north carolina,33,nc
carrboronc,carrboro,nc,north carolina,33,nc
carteretcountync,carteret county,nc,north carolina,33,nc
carthagenc,carthage,nc,north carolina,33,nc
carync,cary,nc,north carolina,33,nc
castlehaynenc,castle hayne,nc,north carolina,33,nc
caswellcountync,caswell county,nc,north carolina,33,nc
catawbacountync,catawba county,nc,north carolina,33,nc
cedarpointnc,cedar point,nc,north carolina,33,nc
chadbournnc,chadbourn,nc,north carolina,33,nc
chapelhillnc,chapel hill,nc,north carolina,33,nc
charlottenc,charlotte,nc,north carolina,33,nc
chathamcountync,chatham county,nc,north carolina,33,nc
cherokeenc,cherokee,nc,north carolina,33,nc
cherokeecountync,cherokee county,nc,north carolina,33,nc
cherryvillenc,cherryville,nc,north carolina,33,nc
chinagrovenc,china grove,nc,north carolina,33,nc
chowancountync,chowan county,nc,north carolina,33,nc
claremontnc,claremont,nc,north carolina,33,nc
claycountync,clay county,nc,north carolina,33,nc
claytonnc,clayton,nc,north carolina,33,nc
clemmonsnc,clemmons,nc,north carolina,33,nc
clevelandcountync,cleveland county,nc,north carolina,33,nc
clintonnc,clinton,nc,north carolina,33,nc
clydenc,clyde,nc,north carolina,33,nc
coatsnc,coats,nc,north carolina,33,nc
columbianc,columbia,nc,north carolina,33,nc
columbusnc,columbus,nc,north carolina,33,nc
columbuscountync,columbus county,nc,north carolina,33,nc
concordnc,concord,nc,north carolina,33,nc
connellyspringsnc,connelly springs,nc,north carolina,33,nc
conovernc,conover,nc,north carolina,33,nc
cordovanc,cordova,nc,north carolina,33,nc
corneliusnc,cornelius,nc,north carolina,33,nc
covecreeknc,cove creek,nc,north carolina,33,nc
cramertonnc,cramerton,nc,north carolina,33,nc
cravencountync,craven county,nc,north carolina,33,nc
creedmoornc,creedmoor,nc,north carolina,33,nc
cricketnc,cricket,nc,north carolina,33,nc
cullowheenc,cullowhee,nc,north carolina,33,nc
cumberlandcountync,cumberland county,nc,north carolina,33,nc
curritucknc,currituck,nc,north carolina,33,nc
currituckcountync,currituck county,nc,north carolina,33,nc
dallasnc,dallas,nc,north carolina,33,nc
dananc,dana,nc,north carolina,33,nc
danburync,danbury,nc,north carolina,33,nc
darecountync,dare county,nc,north carolina,33,nc
davidsonnc,davidson,nc,north carolina,33,nc
davidsoncountync,davidson county,nc,north carolina,33,nc
daviecountync,davie county,nc,north carolina,33,nc
dentonnc,denton,nc,north carolina,33,nc
denvernc,denver,nc,north carolina,33,nc
dobsonnc,dobson,nc,north carolina,33,nc
drexelnc,drexel,nc,north carolina,33,nc
dunnnc,dunn,nc,north carolina,33,nc
duplincountync,duplin county,nc,north carolina,33,nc
durhamnc,durham,nc,north carolina,33,nc
durhamcountync,durham county,nc,north carolina,33,nc
eastflatrocknc,east flat rock,nc,north carolina,33,nc
eastrockinghamnc,east rockingham,nc,north carolina,33,nc
eastspencernc,east spencer,nc,north carolina,33,nc
eastovernc,eastover,nc,north carolina,33,nc
edennc,eden,nc,north carolina,33,nc
edentonnc,edenton,nc,north carolina,33,nc
edgecombecountync,edgecombe county,nc,north carolina,33,nc
edneyvillenc,edneyville,nc,north carolina,33,nc
elizabethcitync,elizabeth city,nc,north carolina,33,nc
elizabethtownnc,elizabethtown,nc,north carolina,33,nc
elkinnc,elkin,nc,north carolina,33,nc
ellerbenc,ellerbe,nc,north carolina,33,nc
elmcitync,elm city,nc,north carolina,33,nc
elonnc,elon,nc,north carolina,33,nc
elroync,elroy,nc,north carolina,33,nc
emeraldislenc,emerald isle,nc,north carolina,33,nc
enfieldnc,enfield,nc,north carolina,33,nc
enochvillenc,enochville,nc,north carolina,33,nc
erwinnc,erwin,nc,north carolina,33,nc
etowahnc,etowah,nc,north carolina,33,nc
fairfieldharbournc,fairfield harbour,nc,north carolina,33,nc
fairmontnc,fairmont,nc,north carolina,33,nc
fairplainsnc,fairplains,nc,north carolina,33,nc
fairviewnc,fairview,nc,north carolina,33,nc
farmvillenc,farmville,nc,north carolina,33,nc
fayettevillenc,fayetteville,nc,north carolina,33,nc
fearringtonvillagenc,fearrington village,nc,north carolina,33,nc
flatrocknc,flat rock,nc,north carolina,33,nc
fletchernc,fletcher,nc,north carolina,33,nc
forestcitync,forest city,nc,north carolina,33,nc
forestoaksnc,forest oaks,nc,north carolina,33,nc
forsythcountync,forsyth county,nc,north carolina,33,nc
fortbraggnc,fort bragg,nc,north carolina,33,nc
foscoenc,foscoe,nc,north carolina,33,nc
fouroaksnc,four oaks,nc,north carolina,33,nc
franklinnc,franklin,nc,north carolina,33,nc
franklincountync,franklin county,nc,north carolina,33,nc
franklintonnc,franklinton,nc,north carolina,33,nc
franklinvillenc,franklinville,nc,north carolina,33,nc
fremontnc,fremont,nc,north carolina,33,nc
fruitlandnc,fruitland,nc,north carolina,33,nc
fuquay-varinanc,fuquay-varina,nc,north carolina,33,nc
gamewellnc,gamewell,nc,north carolina,33,nc
garnernc,garner,nc,north carolina,33,nc
gastonnc,gaston,nc,north carolina,33,nc
gastoncountync,gaston county,nc,north carolina,33,nc
gastonianc,gastonia,nc,north carolina,33,nc
gatescountync,gates county,nc,north carolina,33,nc
gatesvillenc,gatesville,nc,north carolina,33,nc
gibsonvillenc,gibsonville,nc,north carolina,33,nc
glenalpinenc,glen alpine,nc,north carolina,33,nc
glenravennc,glen raven,nc,north carolina,33,nc
goldsboronc,goldsboro,nc,north carolina,33,nc
gormannc,gorman,nc,north carolina,33,nc
grahamnc,graham,nc,north carolina,33,nc
grahamcountync,graham county,nc,north carolina,33,nc
granitefallsnc,granite falls,nc,north carolina,33,nc
granitequarrync,granite quarry,nc,north carolina,33,nc
granvillecountync,granville county,nc,north carolina,33,nc
greenlevelnc,green level,nc,north carolina,33,nc
greenecountync,greene county,nc,north carolina,33,nc
greensboronc,greensboro,nc,north carolina,33,nc
greenvillenc,greenville,nc,north carolina,33,nc
griftonnc,grifton,nc,north carolina,33,nc
guilfordcountync,guilford county,nc,north carolina,33,nc
halfmoonnc,half moon,nc,north carolina,33,nc
halifaxnc,halifax,nc,north carolina,33,nc
halifaxcountync,halifax county,nc,north carolina,33,nc
hamletnc,hamlet,nc,north carolina,33,nc
hampsteadnc,hampstead,nc,north carolina,33,nc
harkersislandnc,harkers island,nc,north carolina,33,nc
harnettcountync,harnett county,nc,north carolina,33,nc
harrisburgnc,harrisburg,nc,north carolina,33,nc
havelocknc,havelock,nc,north carolina,33,nc
hawrivernc,haw river,nc,north carolina,33,nc
hayesvillenc,hayesville,nc,north carolina,33,nc
haysnc,hays,nc,north carolina,33,nc
haywoodcountync,haywood county,nc,north carolina,33,nc
hazelwoodnc,hazelwood,nc,north carolina,33,nc
hembybridgenc,hemby bridge,nc,north carolina,33,nc
hendersonnc,henderson,nc,north carolina,33,nc
hendersoncountync,henderson county,nc,north carolina,33,nc
hendersonvillenc,hendersonville,nc,north carolina,33,nc
hertfordnc,hertford,nc,north carolina,33,nc
hertfordcountync,hertford county,nc,north carolina,33,nc
hickorync,hickory,nc,north carolina,33,nc
highpointnc,high point,nc,north carolina,33,nc
hildebrannc,hildebran,nc,north carolina,33,nc
hillsboroughnc,hillsborough,nc,north carolina,33,nc
hokecountync,hoke county,nc,north carolina,33,nc
hollyridgenc,holly ridge,nc,north carolina,33,nc
hollyspringsnc,holly springs,nc,north carolina,33,nc
hooperscreeknc,hoopers creek,nc,north carolina,33,nc
hopemillsnc,hope mills,nc,north carolina,33,nc
horseshoenc,horse shoe,nc,north carolina,33,nc
hudsonnc,hudson,nc,north carolina,33,nc
huntersvillenc,huntersville,nc,north carolina,33,nc
hydecountync,hyde county,nc,north carolina,33,nc
icardnc,icard,nc,north carolina,33,nc
indiantrailnc,indian trail,nc,north carolina,33,nc
iredellcountync,iredell county,nc,north carolina,33,nc
jacksonnc,jackson,nc,north carolina,33,nc
jacksoncountync,jackson county,nc,north carolina,33,nc
jacksonvillenc,jacksonville,nc,north carolina,33,nc
jamescitync,james city,nc,north carolina,33,nc
jamestownnc,jamestown,nc,north carolina,33,nc
jeffersonnc,jefferson,nc,north carolina,33,nc
johnstoncountync,johnston county,nc,north carolina,33,nc
jonescountync,jones county,nc,north carolina,33,nc
jonesvillenc,jonesville,nc,north carolina,33,nc
kannapolisnc,kannapolis,nc,north carolina,33,nc
kenansvillenc,kenansville,nc,north carolina,33,nc
kenlync,kenly,nc,north carolina,33,nc
kernersvillenc,kernersville,nc,north carolina,33,nc
killdevilhillsnc,kill devil hills,nc,north carolina,33,nc
kingnc,king,nc,north carolina,33,nc
kingsgrantnc,kings grant,nc,north carolina,33,nc
kingsmountainnc,kings mountain,nc,north carolina,33,nc
kinstonnc,kinston,nc,north carolina,33,nc
kittyhawknc,kitty hawk,nc,north carolina,33,nc
knightdalenc,knightdale,nc,north carolina,33,nc
kurebeachnc,kure beach,nc,north carolina,33,nc
lagrangenc,la grange,nc,north carolina,33,nc
lakejunaluskanc,lake junaluska,nc,north carolina,33,nc
lakelurenc,lake lure,nc,north carolina,33,nc
lakenormanofcatawbanc,lake norman of catawba,nc,north carolina,33,nc
lakeparknc,lake park,nc,north carolina,33,nc
lakewaccamawnc,lake waccamaw,nc,north carolina,33,nc
landisnc,landis,nc,north carolina,33,nc
laurelhillnc,laurel hill,nc,north carolina,33,nc
laurelparknc,laurel park,nc,north carolina,33,nc
laurinburgnc,laurinburg,nc,north carolina,33,nc
leecountync,lee county,nc,north carolina,33,nc
lelandnc,leland,nc,north carolina,33,nc
lenoirnc,lenoir,nc,north carolina,33,nc
lenoircountync,lenoir county,nc,north carolina,33,nc
lewisvillenc,lewisville,nc,north carolina,33,nc
lexingtonnc,lexington,nc,north carolina,33,nc
libertync,liberty,nc,north carolina,33,nc
lillingtonnc,lillington,nc,north carolina,33,nc
lincolncountync,lincoln county,nc,north carolina,33,nc
lincolntonnc,lincolnton,nc,north carolina,33,nc
locustnc,locust,nc,north carolina,33,nc
longbeachnc,long beach,nc,north carolina,33,nc
longviewnc,longview,nc,north carolina,33,nc
louisburgnc,louisburg,nc,north carolina,33,nc
lowellnc,lowell,nc,north carolina,33,nc
lowesvillenc,lowesville,nc,north carolina,33,nc
lucamanc,lucama,nc,north carolina,33,nc
lumbertonnc,lumberton,nc,north carolina,33,nc
maconcountync,macon county,nc,north carolina,33,nc
madisonnc,madison,nc,north carolina,33,nc
madisoncountync,madison county,nc,north carolina,33,nc
maggievalleync,maggie valley,nc,north carolina,33,nc
maidennc,maiden,nc,north carolina,33,nc
manteonc,manteo,nc,north carolina,33,nc
mar-macnc,mar-mac,nc,north carolina,33,nc
marionnc,marion,nc,north carolina,33,nc
marshillnc,mars hill,nc,north carolina,33,nc
marshallnc,marshall,nc,north carolina,33,nc
marshvillenc,marshville,nc,north carolina,33,nc
martincountync,martin county,nc,north carolina,33,nc
marvinnc,marvin,nc,north carolina,33,nc
masonboronc,masonboro,nc,north carolina,33,nc
matthewsnc,matthews,nc,north carolina,33,nc
maurync,maury,nc,north carolina,33,nc
maxtonnc,maxton,nc,north carolina,33,nc
mayodannc,mayodan,nc,north carolina,33,nc
maysvillenc,maysville,nc,north carolina,33,nc
mcdowellcountync,mcdowell county,nc,north carolina,33,nc
mcleansvillenc,mcleansville,nc,north carolina,33,nc
mebanenc,mebane,nc,north carolina,33,nc
mecklenburgcountync,mecklenburg county,nc,north carolina,33,nc
midlandnc,midland,nc,north carolina,33,nc
midwaync,midway,nc,north carolina,33,nc
millerscreeknc,millers creek,nc,north carolina,33,nc
millsrivernc,mills river,nc,north carolina,33,nc
mineralspringsnc,mineral springs,nc,north carolina,33,nc
minthillnc,mint hill,nc,north carolina,33,nc
mitchellcountync,mitchell county,nc,north carolina,33,nc
mocksvillenc,mocksville,nc,north carolina,33,nc
monroenc,monroe,nc,north carolina,33,nc
montgomerycountync,montgomery county,nc,north carolina,33,nc
moorecountync,moore county,nc,north carolina,33,nc
mooresvillenc,mooresville,nc,north carolina,33,nc
moravianfallsnc,moravian falls,nc,north carolina,33,nc
moreheadcitync,morehead city,nc,north carolina,33,nc
morgantonnc,morganton,nc,north carolina,33,nc
morrisvillenc,morrisville,nc,north carolina,33,nc
mountairync,mount airy,nc,north carolina,33,nc
mountgileadnc,mount gilead,nc,north carolina,33,nc
mounthollync,mount holly,nc,north carolina,33,nc
mountolivenc,mount olive,nc,north carolina,33,nc
mountpleasantnc,mount pleasant,nc,north carolina,33,nc
mountainhomenc,mountain home,nc,north carolina,33,nc
mountainviewnc,mountain view,nc,north carolina,33,nc
moyocknc,moyock,nc,north carolina,33,nc
mulberrync,mulberry,nc,north carolina,33,nc
murfreesboronc,murfreesboro,nc,north carolina,33,nc
murphync,murphy,nc,north carolina,33,nc
murraysvillenc,murraysville,nc,north carolina,33,nc
myrtlegrovenc,myrtle grove,nc,north carolina,33,nc
nagsheadnc,nags head,nc,north carolina,33,nc
nashcountync,nash county,nc,north carolina,33,nc
nashvillenc,nashville,nc,north carolina,33,nc
navassanc,navassa,nc,north carolina,33,nc
neuseforestnc,neuse forest,nc,north carolina,33,nc
newbernnc,new bern,nc,north carolina,33,nc
newhanovercountync,new hanover county,nc,north carolina,33,nc
newlandnc,newland,nc,north carolina,33,nc
newportnc,newport,nc,north carolina,33,nc
newtonnc,newton,nc,north carolina,33,nc
norlinanc,norlina,nc,north carolina,33,nc
northwilkesboronc,north wilkesboro,nc,north carolina,33,nc
northamptoncountync,northampton county,nc,north carolina,33,nc
northchasenc,northchase,nc,north carolina,33,nc
northlakesnc,northlakes,nc,north carolina,33,nc
norwoodnc,norwood,nc,north carolina,33,nc
oakislandnc,oak island,nc,north carolina,33,nc
oakridgenc,oak ridge,nc,north carolina,33,nc
oakboronc,oakboro,nc,north carolina,33,nc
ogdennc,ogden,nc,north carolina,33,nc
onslowcountync,onslow county,nc,north carolina,33,nc
orangecountync,orange county,nc,north carolina,33,nc
oxfordnc,oxford,nc,north carolina,33,nc
pamlicocountync,pamlico county,nc,north carolina,33,nc
pasquotankcountync,pasquotank county,nc,north carolina,33,nc
pembrokenc,pembroke,nc,north carolina,33,nc
pendercountync,pender county,nc,north carolina,33,nc
perquimanscountync,perquimans county,nc,north carolina,33,nc
personcountync,person county,nc,north carolina,33,nc
pilotmountainnc,pilot mountain,nc,north carolina,33,nc
pineknollshoresnc,pine knoll shores,nc,north carolina,33,nc
pinelevelnc,pine level,nc,north carolina,33,nc
pinebluffnc,pinebluff,nc,north carolina,33,nc
pinehurstnc,pinehurst,nc,north carolina,33,nc
pinetopsnc,pinetops,nc,north carolina,33,nc
pinevillenc,pineville,nc,north carolina,33,nc
pineygreennc,piney green,nc,north carolina,33,nc
pittcountync,pitt county,nc,north carolina,33,nc
pittsboronc,pittsboro,nc,north carolina,33,nc
plainviewnc,plain view,nc,north carolina,33,nc
pleasantgardennc,pleasant garden,nc,north carolina,33,nc
pleasanthillnc,pleasant hill,nc,north carolina,33,nc
plymouthnc,plymouth,nc,north carolina,33,nc
polkcountync,polk county,nc,north carolina,33,nc
polktonnc,polkton,nc,north carolina,33,nc
princetonnc,princeton,nc,north carolina,33,nc
princevillenc,princeville,nc,north carolina,33,nc
pumpkincenternc,pumpkin center,nc,north carolina,33,nc
raefordnc,raeford,nc,north carolina,33,nc
raleighnc,raleigh,nc,north carolina,33,nc
ramseurnc,ramseur,nc,north carolina,33,nc
randlemannc,randleman,nc,north carolina,33,nc
randolphcountync,randolph county,nc,north carolina,33,nc
ranlonc,ranlo,nc,north carolina,33,nc
redoaknc,red oak,nc,north carolina,33,nc
redspringsnc,red springs,nc,north carolina,33,nc
reidsvillenc,reidsville,nc,north carolina,33,nc
rhodhissnc,rhodhiss,nc,north carolina,33,nc
richlandsnc,richlands,nc,north carolina,33,nc
richmondcountync,richmond county,nc,north carolina,33,nc
riverbendnc,river bend,nc,north carolina,33,nc
riverroadnc,river road,nc,north carolina,33,nc
roanokerapidsnc,roanoke rapids,nc,north carolina,33,nc
robbinsnc,robbins,nc,north carolina,33,nc
robbinsvillenc,robbinsville,nc,north carolina,33,nc
robersonvillenc,robersonville,nc,north carolina,33,nc
robesoncountync,robeson county,nc,north carolina,33,nc
rockfishnc,rockfish,nc,north carolina,33,nc
rockinghamnc,rockingham,nc,north carolina,33,nc
rockinghamcountync,rockingham county,nc,north carolina,33,nc
rockwellnc,rockwell,nc,north carolina,33,nc
rockymountnc,rocky mount,nc,north carolina,33,nc
rockypointnc,rocky point,nc,north carolina,33,nc
rolesvillenc,rolesville,nc,north carolina,33,nc
rosehillnc,rose hill,nc,north carolina,33,nc
roseboronc,roseboro,nc,north carolina,33,nc
rowancountync,rowan county,nc,north carolina,33,nc
rowlandnc,rowland,nc,north carolina,33,nc
roxboronc,roxboro,nc,north carolina,33,nc
royalpinesnc,royal pines,nc,north carolina,33,nc
ruralhallnc,rural hall,nc,north carolina,33,nc
rutherfordcollegenc,rutherford college,nc,north carolina,33,nc
rutherfordcountync,rutherford county,nc,north carolina,33,nc
rutherfordtonnc,rutherfordton,nc,north carolina,33,nc
saintjamesnc,saint james,nc,north carolina,33,nc
saintpaulsnc,saint pauls,nc,north carolina,33,nc
saintstephensnc,saint stephens,nc,north carolina,33,nc
salemnc,salem,nc,north carolina,33,nc
salisburync,salisbury,nc,north carolina,33,nc
sampsoncountync,sampson county,nc,north carolina,33,nc
sanfordnc,sanford,nc,north carolina,33,nc
sawmillsnc,sawmills,nc,north carolina,33,nc
saxapahawnc,saxapahaw,nc,north carolina,33,nc
scotlandcountync,scotland county,nc,north carolina,33,nc
scotlandnecknc,scotland neck,nc,north carolina,33,nc
scottsmillnc,scotts mill,nc,north carolina,33,nc
seabreezenc,sea breeze,nc,north carolina,33,nc
seagatenc,seagate,nc,north carolina,33,nc
selmanc,selma,nc,north carolina,33,nc
sevenlakesnc,seven lakes,nc,north carolina,33,nc
shallottenc,shallotte,nc,north carolina,33,nc
sharpsburgnc,sharpsburg,nc,north carolina,33,nc
shelbync,shelby,nc,north carolina,33,nc
sherrillsfordnc,sherrills ford,nc,north carolina,33,nc
silercitync,siler city,nc,north carolina,33,nc
silverlakenc,silver lake,nc,north carolina,33,nc
skipperscornernc,skippers corner,nc,north carolina,33,nc
smithfieldnc,smithfield,nc,north carolina,33,nc
sneadsferrync,sneads ferry,nc,north carolina,33,nc
snowhillnc,snow hill,nc,north carolina,33,nc
southgastonianc,south gastonia,nc,north carolina,33,nc
southhendersonnc,south henderson,nc,north carolina,33,nc
southrosemarync,south rosemary,nc,north carolina,33,nc
southernpinesnc,southern pines,nc,north carolina,33,nc
southernshoresnc,southern shores,nc,north carolina,33,nc
southmontnc,southmont,nc,north carolina,33,nc
southportnc,southport,nc,north carolina,33,nc
spartanc,sparta,nc,north carolina,33,nc
spencernc,spencer,nc,north carolina,33,nc
spindalenc,spindale,nc,north carolina,33,nc
springhopenc,spring hope,nc,north carolina,33,nc
springlakenc,spring lake,nc,north carolina,33,nc
sprucepinenc,spruce pine,nc,north carolina,33,nc
stallingsnc,stallings,nc,north carolina,33,nc
stanfieldnc,stanfield,nc,north carolina,33,nc
stanleync,stanley,nc,north carolina,33,nc
stanlycountync,stanly county,nc,north carolina,33,nc
statesvillenc,statesville,nc,north carolina,33,nc
stedmannc,stedman,nc,north carolina,33,nc
stokescountync,stokes county,nc,north carolina,33,nc
stokesdalenc,stokesdale,nc,north carolina,33,nc
stonevillenc,stoneville,nc,north carolina,33,nc
stonypointnc,stony point,nc,north carolina,33,nc
summerfieldnc,summerfield,nc,north carolina,33,nc
sunsetbeachnc,sunset beach,nc,north carolina,33,nc
surfcitync,surf city,nc,north carolina,33,nc
surrycountync,surry county,nc,north carolina,33,nc
swaincountync,swain county,nc,north carolina,33,nc
swannanoanc,swannanoa,nc,north carolina,33,nc
swanquarternc,swanquarter,nc,north carolina,33,nc
swansboronc,swansboro,nc,north carolina,33,nc
swepsonvillenc,swepsonville,nc,north carolina,33,nc
sylvanc,sylva,nc,north carolina,33,nc
taborcitync,tabor city,nc,north carolina,33,nc
tarboronc,tarboro,nc,north carolina,33,nc
taylorsvillenc,taylorsville,nc,north carolina,33,nc
thomasvillenc,thomasville,nc,north carolina,33,nc
thurmondnc,thurmond,nc,north carolina,33,nc
toastnc,toast,nc,north carolina,33,nc
tobaccovillenc,tobaccoville,nc,north carolina,33,nc
transylvaniacountync,transylvania county,nc,north carolina,33,nc
trentwoodsnc,trent woods,nc,north carolina,33,nc
trentonnc,trenton,nc,north carolina,33,nc
trinitync,trinity,nc,north carolina,33,nc
troutmannc,troutman,nc,north carolina,33,nc
troync,troy,nc,north carolina,33,nc
tryonnc,tryon,nc,north carolina,33,nc
tyronc,tyro,nc,north carolina,33,nc
tyrrellcountync,tyrrell county,nc,north carolina,33,nc
unioncountync,union county,nc,north carolina,33,nc
unionvillenc,unionville,nc,north carolina,33,nc
valdesenc,valdese,nc,north carolina,33,nc
valleyhillnc,valley hill,nc,north carolina,33,nc
vancecountync,vance county,nc,north carolina,33,nc
vandernc,vander,nc,north carolina,33,nc
wadesboronc,wadesboro,nc,north carolina,33,nc
wakecountync,wake county,nc,north carolina,33,nc
wakeforestnc,wake forest,nc,north carolina,33,nc
walkertownnc,walkertown,nc,north carolina,33,nc
wallacenc,wallace,nc,north carolina,33,nc
wallburgnc,wallburg,nc,north carolina,33,nc
walnutcovenc,walnut cove,nc,north carolina,33,nc
wanchesenc,wanchese,nc,north carolina,33,nc
warrencountync,warren county,nc,north carolina,33,nc
warrentonnc,warrenton,nc,north carolina,33,nc
warsawnc,warsaw,nc,north carolina,33,nc
washingtonnc,washington,nc,north carolina,33,nc
washingtoncountync,washington county,nc,north carolina,33,nc
wataugacountync,watauga county,nc,north carolina,33,nc
waxhawnc,waxhaw,nc,north carolina,33,nc
waynecountync,wayne county,nc,north carolina,33,nc
waynesvillenc,waynesville,nc,north carolina,33,nc
weavervillenc,weaverville,nc,north carolina,33,nc
weddingtonnc,weddington,nc,north carolina,33,nc
welcomenc,welcome,nc,north carolina,33,nc
weldonnc,weldon,nc,north carolina,33,nc
wendellnc,wendell,nc,north carolina,33,nc
wentworthnc,wentworth,nc,north carolina,33,nc
wesleychapelnc,wesley chapel,nc,north carolina,33,nc
westcantonnc,west canton,nc,north carolina,33,nc
westjeffersonnc,west jefferson,nc,north carolina,33,nc
westmarionnc,west marion,nc,north carolina,33,nc
westraleighnc,west raleigh,nc,north carolina,33,nc
westportnc,westport,nc,north carolina,33,nc
whisperingpinesnc,whispering pines,nc,north carolina,33,nc
whiteplainsnc,white plains,nc,north carolina,33,nc
whitevillenc,whiteville,nc,north carolina,33,nc
wilkescountync,wilkes county,nc,north carolina,33,nc
wilkesboronc,wilkesboro,nc,north carolina,33,nc
williamstonnc,williamston,nc,north carolina,33,nc
wilmingtonnc,wilmington,nc,north carolina,33,nc
wilsonnc,wilson,nc,north carolina,33,nc
wilsoncountync,wilson county,nc,north carolina,33,nc
wilsonsmillsnc,wilsons mills,nc,north carolina,33,nc
windsornc,windsor,nc,north carolina,33,nc
wingatenc,wingate,nc,north carolina,33,nc
winston-salemnc,winston-salem,nc,north carolina,33,nc
wintervillenc,winterville,nc,north carolina,33,nc
wintonnc,winton,nc,north carolina,33,nc
woodfinnc,woodfin,nc,north carolina,33,nc
wrightsboronc,wrightsboro,nc,north carolina,33,nc
wrightsvillebeachnc,wrightsville beach,nc,north carolina,33,nc
yadkincountync,yadkin county,nc,north carolina,33,nc
yadkinvillenc,yadkinville,nc,north carolina,33,nc
yanceycountync,yancey county,nc,north carolina,33,nc
yanceyvillenc,yanceyville,nc,north carolina,33,nc
youngsvillenc,youngsville,nc,north carolina,33,nc
zebulonnc,zebulon,nc,north carolina,33,nc
adamscountynd,adams county,nd,north dakota,34,nd
amidonnd,amidon,nd,north dakota,34,nd
ashleynd,ashley,nd,north dakota,34,nd
barnescountynd,barnes county,nd,north dakota,34,nd
beachnd,beach,nd,north dakota,34,nd
belcourtnd,belcourt,nd,north dakota,34,nd
belfieldnd,belfield,nd,north dakota,34,nd
bensoncountynd,benson county,nd,north dakota,34,nd
beulahnd,beulah,nd,north dakota,34,nd
billingscountynd,billings county,nd,north dakota,34,nd
bismarcknd,bismarck,nd,north dakota,34,nd
bottineaund,bottineau,nd,north dakota,34,nd
bottineaucountynd,bottineau county,nd,north dakota,34,nd
bowbellsnd,bowbells,nd,north dakota,34,nd
bowmannd,bowman,nd,north dakota,34,nd
bowmancountynd,bowman county,nd,north dakota,34,nd
burkecountynd,burke county,nd,north dakota,34,nd
burleighcountynd,burleigh county,nd,north dakota,34,nd
burlingtonnd,burlington,nd,north dakota,34,nd
candond,cando,nd,north dakota,34,nd
carringtonnd,carrington,nd,north dakota,34,nd
carsonnd,carson,nd,north dakota,34,nd
casscountynd,cass county,nd,north dakota,34,nd
casseltonnd,casselton,nd,north dakota,34,nd
cavaliernd,cavalier,nd,north dakota,34,nd
cavaliercountynd,cavalier county,nd,north dakota,34,nd
centernd,center,nd,north dakota,34,nd
cooperstownnd,cooperstown,nd,north dakota,34,nd
crosbynd,crosby,nd,north dakota,34,nd
devilslakend,devils lake,nd,north dakota,34,nd
dickeycountynd,dickey county,nd,north dakota,34,nd
dickinsonnd,dickinson,nd,north dakota,34,nd
dividecountynd,divide county,nd,north dakota,34,nd
dunncountynd,dunn county,nd,north dakota,34,nd
eddycountynd,eddy county,nd,north dakota,34,nd
ellendalend,ellendale,nd,north dakota,34,nd
emmonscountynd,emmons county,nd,north dakota,34,nd
fargond,fargo,nd,north dakota,34,nd
fessendennd,fessenden,nd,north dakota,34,nd
finleynd,finley,nd,north dakota,34,nd
formannd,forman,nd,north dakota,34,nd
forttottennd,fort totten,nd,north dakota,34,nd
fortyatesnd,fort yates,nd,north dakota,34,nd
fostercountynd,foster county,nd,north dakota,34,nd
garrisonnd,garrison,nd,north dakota,34,nd
goldenvalleycountynd,golden valley county,nd,north dakota,34,nd
graftonnd,grafton,nd,north dakota,34,nd
grandforksnd,grand forks,nd,north dakota,34,nd
grandforksairforcebasend,grand forks air force base,nd,north dakota,34,nd
grandforkscountynd,grand forks county,nd,north dakota,34,nd
grantcountynd,grant county,nd,north dakota,34,nd
griggscountynd,griggs county,nd,north dakota,34,nd
harveynd,harvey,nd,north dakota,34,nd
hazennd,hazen,nd,north dakota,34,nd
hettingernd,hettinger,nd,north dakota,34,nd
hettingercountynd,hettinger county,nd,north dakota,34,nd
hillsborond,hillsboro,nd,north dakota,34,nd
horacend,horace,nd,north dakota,34,nd
jamestownnd,jamestown,nd,north dakota,34,nd
kenmarend,kenmare,nd,north dakota,34,nd
kiddercountynd,kidder county,nd,north dakota,34,nd
killdeernd,killdeer,nd,north dakota,34,nd
lamourecountynd,lamoure county,nd,north dakota,34,nd
lakotand,lakota,nd,north dakota,34,nd
langdonnd,langdon,nd,north dakota,34,nd
larimorend,larimore,nd,north dakota,34,nd
lincolnnd,lincoln,nd,north dakota,34,nd
lintonnd,linton,nd,north dakota,34,nd
lisbonnd,lisbon,nd,north dakota,34,nd
logancountynd,logan county,nd,north dakota,34,nd
mandannd,mandan,nd,north dakota,34,nd
manningnd,manning,nd,north dakota,34,nd
mayvillend,mayville,nd,north dakota,34,nd
mccluskynd,mcclusky,nd,north dakota,34,nd
mchenrycountynd,mchenry county,nd,north dakota,34,nd
mcintoshcountynd,mcintosh county,nd,north dakota,34,nd
mckenziecountynd,mckenzie county,nd,north dakota,34,nd
mcleancountynd,mclean county,nd,north dakota,34,nd
medorand,medora,nd,north dakota,34,nd
mercercountynd,mercer county,nd,north dakota,34,nd
minnewaukannd,minnewaukan,nd,north dakota,34,nd
minotnd,minot,nd,north dakota,34,nd
minotairforcebasend,minot air force base,nd,north dakota,34,nd
mohallnd,mohall,nd,north dakota,34,nd
mortoncountynd,morton county,nd,north dakota,34,nd
mottnd,mott,nd,north dakota,34,nd
mountrailcountynd,mountrail county,nd,north dakota,34,nd
napoleonnd,napoleon,nd,north dakota,34,nd
nelsoncountynd,nelson county,nd,north dakota,34,nd
newrockfordnd,new rockford,nd,north dakota,34,nd
newtownnd,new town,nd,north dakota,34,nd
oakesnd,oakes,nd,north dakota,34,nd
olivercountynd,oliver county,nd,north dakota,34,nd
parkrivernd,park river,nd,north dakota,34,nd
parshallnd,parshall,nd,north dakota,34,nd
pembinacountynd,pembina county,nd,north dakota,34,nd
piercecountynd,pierce county,nd,north dakota,34,nd
ramseycountynd,ramsey county,nd,north dakota,34,nd
ransomcountynd,ransom county,nd,north dakota,34,nd
renvillecountynd,renville county,nd,north dakota,34,nd
richlandcountynd,richland county,nd,north dakota,34,nd
rolettecountynd,rolette county,nd,north dakota,34,nd
rolland,rolla,nd,north dakota,34,nd
rugbynd,rugby,nd,north dakota,34,nd
sargentcountynd,sargent county,nd,north dakota,34,nd
sheldonnd,sheldon,nd,north dakota,34,nd
shellvalleynd,shell valley,nd,north dakota,34,nd
sheridancountynd,sheridan county,nd,north dakota,34,nd
siouxcountynd,sioux county,nd,north dakota,34,nd
slopecountynd,slope county,nd,north dakota,34,nd
stanleynd,stanley,nd,north dakota,34,nd
stantonnd,stanton,nd,north dakota,34,nd
starkcountynd,stark county,nd,north dakota,34,nd
steelend,steele,nd,north dakota,34,nd
steelecountynd,steele county,nd,north dakota,34,nd
stutsmancountynd,stutsman county,nd,north dakota,34,nd
surreynd,surrey,nd,north dakota,34,nd
thompsonnd,thompson,nd,north dakota,34,nd
tiogand,tioga,nd,north dakota,34,nd
townernd,towner,nd,north dakota,34,nd
townercountynd,towner county,nd,north dakota,34,nd
traillcountynd,traill county,nd,north dakota,34,nd
valleycitynd,valley city,nd,north dakota,34,nd
velvand,velva,nd,north dakota,34,nd
wahpetonnd,wahpeton,nd,north dakota,34,nd
walshcountynd,walsh county,nd,north dakota,34,nd
wardcountynd,ward county,nd,north dakota,34,nd
washburnnd,washburn,nd,north dakota,34,nd
watfordcitynd,watford city,nd,north dakota,34,nd
wellscountynd,wells county,nd,north dakota,34,nd
westfargond,west fargo,nd,north dakota,34,nd
williamscountynd,williams county,nd,north dakota,34,nd
willistonnd,williston,nd,north dakota,34,nd
adaoh,ada,oh,ohio,35,oh
adamscountyoh,adams county,oh,ohio,35,oh
akronoh,akron,oh,ohio,35,oh
allencountyoh,allen county,oh,ohio,35,oh
allianceoh,alliance,oh,ohio,35,oh
amberleyoh,amberley,oh,ohio,35,oh
ameliaoh,amelia,oh,ohio,35,oh
amherstoh,amherst,oh,ohio,35,oh
andoveroh,andover,oh,ohio,35,oh
annaoh,anna,oh,ohio,35,oh
ansoniaoh,ansonia,oh,ohio,35,oh
antwerpoh,antwerp,oh,ohio,35,oh
applecreekoh,apple creek,oh,ohio,35,oh
applevalleyoh,apple valley,oh,ohio,35,oh
arcanumoh,arcanum,oh,ohio,35,oh
archboldoh,archbold,oh,ohio,35,oh
arlingtonoh,arlington,oh,ohio,35,oh
ashlandoh,ashland,oh,ohio,35,oh
ashlandcountyoh,ashland county,oh,ohio,35,oh
ashleyoh,ashley,oh,ohio,35,oh
ashtabulaoh,ashtabula,oh,ohio,35,oh
ashtabulacountyoh,ashtabula county,oh,ohio,35,oh
ashvilleoh,ashville,oh,ohio,35,oh
athensoh,athens,oh,ohio,35,oh
athenscountyoh,athens county,oh,ohio,35,oh
auglaizecountyoh,auglaize county,oh,ohio,35,oh
auroraoh,aurora,oh,ohio,35,oh
austintownoh,austintown,oh,ohio,35,oh
avonoh,avon,oh,ohio,35,oh
avoncenteroh,avon center,oh,ohio,35,oh
avonlakeoh,avon lake,oh,ohio,35,oh
bainbridgeoh,bainbridge,oh,ohio,35,oh
ballvilleoh,ballville,oh,ohio,35,oh
baltimoreoh,baltimore,oh,ohio,35,oh
barbertonoh,barberton,oh,ohio,35,oh
barnesvilleoh,barnesville,oh,ohio,35,oh
bataviaoh,batavia,oh,ohio,35,oh
bayvillageoh,bay village,oh,ohio,35,oh
beachcityoh,beach city,oh,ohio,35,oh
beachwoodoh,beachwood,oh,ohio,35,oh
beavercreekoh,beavercreek,oh,ohio,35,oh
beckettridgeoh,beckett ridge,oh,ohio,35,oh
bedfordoh,bedford,oh,ohio,35,oh
bedfordheightsoh,bedford heights,oh,ohio,35,oh
beechwoodtrailsoh,beechwood trails,oh,ohio,35,oh
bellaireoh,bellaire,oh,ohio,35,oh
bellbrookoh,bellbrook,oh,ohio,35,oh
bellefontaineoh,bellefontaine,oh,ohio,35,oh
bellevueoh,bellevue,oh,ohio,35,oh
bellvilleoh,bellville,oh,ohio,35,oh
belmontcountyoh,belmont county,oh,ohio,35,oh
belpreoh,belpre,oh,ohio,35,oh
bereaoh,berea,oh,ohio,35,oh
betheloh,bethel,oh,ohio,35,oh
bethesdaoh,bethesda,oh,ohio,35,oh
beverlyoh,beverly,oh,ohio,35,oh
bexleyoh,bexley,oh,ohio,35,oh
blacklickestatesoh,blacklick estates,oh,ohio,35,oh
blanchesteroh,blanchester,oh,ohio,35,oh
blueashoh,blue ash,oh,ohio,35,oh
blufftonoh,bluffton,oh,ohio,35,oh
boardmanoh,boardman,oh,ohio,35,oh
bolindaleoh,bolindale,oh,ohio,35,oh
bostonheightsoh,boston heights,oh,ohio,35,oh
botkinsoh,botkins,oh,ohio,35,oh
bowlinggreenoh,bowling green,oh,ohio,35,oh
bradfordoh,bradford,oh,ohio,35,oh
bradneroh,bradner,oh,ohio,35,oh
bratenahloh,bratenahl,oh,ohio,35,oh
brecksvilleoh,brecksville,oh,ohio,35,oh
bremenoh,bremen,oh,ohio,35,oh
brewsteroh,brewster,oh,ohio,35,oh
bridgeportoh,bridgeport,oh,ohio,35,oh
bridgetownoh,bridgetown,oh,ohio,35,oh
brilliantoh,brilliant,oh,ohio,35,oh
brimfieldoh,brimfield,oh,ohio,35,oh
broadviewheightsoh,broadview heights,oh,ohio,35,oh
brookparkoh,brook park,oh,ohio,35,oh
brookfieldcenteroh,brookfield center,oh,ohio,35,oh
brooklynoh,brooklyn,oh,ohio,35,oh
brooklynheightsoh,brooklyn heights,oh,ohio,35,oh
brookvilleoh,brookville,oh,ohio,35,oh
browncountyoh,brown county,oh,ohio,35,oh
brunswickoh,brunswick,oh,ohio,35,oh
bryanoh,bryan,oh,ohio,35,oh
buckeyelakeoh,buckeye lake,oh,ohio,35,oh
bucyrusoh,bucyrus,oh,ohio,35,oh
burlingtonoh,burlington,oh,ohio,35,oh
burtonoh,burton,oh,ohio,35,oh
butlercountyoh,butler county,oh,ohio,35,oh
byesvilleoh,byesville,oh,ohio,35,oh
cadizoh,cadiz,oh,ohio,35,oh
calcuttaoh,calcutta,oh,ohio,35,oh
caldwelloh,caldwell,oh,ohio,35,oh
cambridgeoh,cambridge,oh,ohio,35,oh
camdenoh,camden,oh,ohio,35,oh
campbelloh,campbell,oh,ohio,35,oh
canalfultonoh,canal fulton,oh,ohio,35,oh
canalwinchesteroh,canal winchester,oh,ohio,35,oh
canfieldoh,canfield,oh,ohio,35,oh
cantonoh,canton,oh,ohio,35,oh
cardingtonoh,cardington,oh,ohio,35,oh
careyoh,carey,oh,ohio,35,oh
carlisleoh,carlisle,oh,ohio,35,oh
carrollcountyoh,carroll county,oh,ohio,35,oh
carrolltonoh,carrollton,oh,ohio,35,oh
cedarvilleoh,cedarville,oh,ohio,35,oh
celinaoh,celina,oh,ohio,35,oh
centerburgoh,centerburg,oh,ohio,35,oh
centervilleoh,centerville,oh,ohio,35,oh
chagrinfallsoh,chagrin falls,oh,ohio,35,oh
champaigncountyoh,champaign county,oh,ohio,35,oh
championheightsoh,champion heights,oh,ohio,35,oh
chardonoh,chardon,oh,ohio,35,oh
chaunceyoh,chauncey,oh,ohio,35,oh
cherrygroveoh,cherry grove,oh,ohio,35,oh
chesterlandoh,chesterland,oh,ohio,35,oh
cheviotoh,cheviot,oh,ohio,35,oh
chillicotheoh,chillicothe,oh,ohio,35,oh
choctawlakeoh,choctaw lake,oh,ohio,35,oh
churchilloh,churchill,oh,ohio,35,oh
cincinnatioh,cincinnati,oh,ohio,35,oh
circlevilleoh,circleville,oh,ohio,35,oh
clarkcountyoh,clark county,oh,ohio,35,oh
clark-fultonoh,clark-fulton,oh,ohio,35,oh
claytonoh,clayton,oh,ohio,35,oh
clermontcountyoh,clermont county,oh,ohio,35,oh
clevelandoh,cleveland,oh,ohio,35,oh
clevelandheightsoh,cleveland heights,oh,ohio,35,oh
clevesoh,cleves,oh,ohio,35,oh
clintonoh,clinton,oh,ohio,35,oh
clintoncountyoh,clinton county,oh,ohio,35,oh
clydeoh,clyde,oh,ohio,35,oh
coalgroveoh,coal grove,oh,ohio,35,oh
coldwateroh,coldwater,oh,ohio,35,oh
collinwoodoh,collinwood,oh,ohio,35,oh
columbianaoh,columbiana,oh,ohio,35,oh
columbianacountyoh,columbiana county,oh,ohio,35,oh
columbusoh,columbus,oh,ohio,35,oh
columbusgroveoh,columbus grove,oh,ohio,35,oh
commercialpointoh,commercial point,oh,ohio,35,oh
conneautoh,conneaut,oh,ohio,35,oh
continentaloh,continental,oh,ohio,35,oh
convoyoh,convoy,oh,ohio,35,oh
copleyoh,copley,oh,ohio,35,oh
cortlandoh,cortland,oh,ohio,35,oh
coshoctonoh,coshocton,oh,ohio,35,oh
coshoctoncountyoh,coshocton county,oh,ohio,35,oh
covedaleoh,covedale,oh,ohio,35,oh
covingtonoh,covington,oh,ohio,35,oh
craigbeachoh,craig beach,oh,ohio,35,oh
crawfordcountyoh,crawford county,oh,ohio,35,oh
crestlineoh,crestline,oh,ohio,35,oh
crestonoh,creston,oh,ohio,35,oh
cridersvilleoh,cridersville,oh,ohio,35,oh
crooksvilleoh,crooksville,oh,ohio,35,oh
crystallakesoh,crystal lakes,oh,ohio,35,oh
curticeoh,curtice,oh,ohio,35,oh
cuyahogacountyoh,cuyahoga county,oh,ohio,35,oh
cuyahogafallsoh,cuyahoga falls,oh,ohio,35,oh
daltonoh,dalton,oh,ohio,35,oh
danvilleoh,danville,oh,ohio,35,oh
darkecountyoh,darke county,oh,ohio,35,oh
dayheightsoh,day heights,oh,ohio,35,oh
daytonoh,dayton,oh,ohio,35,oh
degraffoh,de graff,oh,ohio,35,oh
deerparkoh,deer park,oh,ohio,35,oh
defianceoh,defiance,oh,ohio,35,oh
defiancecountyoh,defiance county,oh,ohio,35,oh
delawareoh,delaware,oh,ohio,35,oh
delawarecountyoh,delaware county,oh,ohio,35,oh
delhihillsoh,delhi hills,oh,ohio,35,oh
delphosoh,delphos,oh,ohio,35,oh
deltaoh,delta,oh,ohio,35,oh
dennisonoh,dennison,oh,ohio,35,oh
dentoh,dent,oh,ohio,35,oh
deshleroh,deshler,oh,ohio,35,oh
detroit-shorewayoh,detroit-shoreway,oh,ohio,35,oh
devolaoh,devola,oh,ohio,35,oh
dillonvaleoh,dillonvale,oh,ohio,35,oh
doveroh,dover,oh,ohio,35,oh
doylestownoh,doylestown,oh,ohio,35,oh
dresdenoh,dresden,oh,ohio,35,oh
drexeloh,drexel,oh,ohio,35,oh
dryridgeoh,dry ridge,oh,ohio,35,oh
dryrunoh,dry run,oh,ohio,35,oh
dublinoh,dublin,oh,ohio,35,oh
dunlapoh,dunlap,oh,ohio,35,oh
eastcantonoh,east canton,oh,ohio,35,oh
eastclevelandoh,east cleveland,oh,ohio,35,oh
eastliverpooloh,east liverpool,oh,ohio,35,oh
eastpalestineoh,east palestine,oh,ohio,35,oh
eastlakeoh,eastlake,oh,ohio,35,oh
eatonoh,eaton,oh,ohio,35,oh
eatonestatesoh,eaton estates,oh,ohio,35,oh
edgertonoh,edgerton,oh,ohio,35,oh
edgewoodoh,edgewood,oh,ohio,35,oh
elidaoh,elida,oh,ohio,35,oh
elmoreoh,elmore,oh,ohio,35,oh
elmwoodplaceoh,elmwood place,oh,ohio,35,oh
elyriaoh,elyria,oh,ohio,35,oh
englewoodoh,englewood,oh,ohio,35,oh
enonoh,enon,oh,ohio,35,oh
eriecountyoh,erie county,oh,ohio,35,oh
etnaoh,etna,oh,ohio,35,oh
euclidoh,euclid,oh,ohio,35,oh
evendaleoh,evendale,oh,ohio,35,oh
fairbornoh,fairborn,oh,ohio,35,oh
fairfaxoh,fairfax,oh,ohio,35,oh
fairfieldoh,fairfield,oh,ohio,35,oh
fairfieldbeachoh,fairfield beach,oh,ohio,35,oh
fairfieldcountyoh,fairfield county,oh,ohio,35,oh
fairlawnoh,fairlawn,oh,ohio,35,oh
fairportharboroh,fairport harbor,oh,ohio,35,oh
fairviewparkoh,fairview park,oh,ohio,35,oh
farmersvilleoh,farmersville,oh,ohio,35,oh
fayetteoh,fayette,oh,ohio,35,oh
fayettecountyoh,fayette county,oh,ohio,35,oh
findlayoh,findlay,oh,ohio,35,oh
finneytownoh,finneytown,oh,ohio,35,oh
fivepointsoh,five points,oh,ohio,35,oh
forestoh,forest,oh,ohio,35,oh
forestparkoh,forest park,oh,ohio,35,oh
forestvilleoh,forestville,oh,ohio,35,oh
fortloramieoh,fort loramie,oh,ohio,35,oh
fortmckinleyoh,fort mckinley,oh,ohio,35,oh
fortrecoveryoh,fort recovery,oh,ohio,35,oh
fortshawneeoh,fort shawnee,oh,ohio,35,oh
fostoriaoh,fostoria,oh,ohio,35,oh
frankfortoh,frankfort,oh,ohio,35,oh
franklinoh,franklin,oh,ohio,35,oh
franklincountyoh,franklin county,oh,ohio,35,oh
franklinfurnaceoh,franklin furnace,oh,ohio,35,oh
frazeysburgoh,frazeysburg,oh,ohio,35,oh
fredericktownoh,fredericktown,oh,ohio,35,oh
fremontoh,fremont,oh,ohio,35,oh
fruithilloh,fruit hill,oh,ohio,35,oh
fultoncountyoh,fulton county,oh,ohio,35,oh
gahannaoh,gahanna,oh,ohio,35,oh
galionoh,galion,oh,ohio,35,oh
galliacountyoh,gallia county,oh,ohio,35,oh
gallipolisoh,gallipolis,oh,ohio,35,oh
gambieroh,gambier,oh,ohio,35,oh
garfieldheightsoh,garfield heights,oh,ohio,35,oh
garrettsvilleoh,garrettsville,oh,ohio,35,oh
gatesmillsoh,gates mills,oh,ohio,35,oh
geaugacountyoh,geauga county,oh,ohio,35,oh
genevaoh,geneva,oh,ohio,35,oh
geneva-on-the-lakeoh,geneva-on-the-lake,oh,ohio,35,oh
genoaoh,genoa,oh,ohio,35,oh
georgetownoh,georgetown,oh,ohio,35,oh
germantownoh,germantown,oh,ohio,35,oh
gibsonburgoh,gibsonburg,oh,ohio,35,oh
girardoh,girard,oh,ohio,35,oh
glandorfoh,glandorf,oh,ohio,35,oh
glendaleoh,glendale,oh,ohio,35,oh
glenmooroh,glenmoor,oh,ohio,35,oh
glenvilleoh,glenville,oh,ohio,35,oh
glousteroh,glouster,oh,ohio,35,oh
gnadenhuttenoh,gnadenhutten,oh,ohio,35,oh
golfmanoroh,golf manor,oh,ohio,35,oh
goshenoh,goshen,oh,ohio,35,oh
graftonoh,grafton,oh,ohio,35,oh
grandviewoh,grandview,oh,ohio,35,oh
grandviewheightsoh,grandview heights,oh,ohio,35,oh
granvilleoh,granville,oh,ohio,35,oh
granvillesouthoh,granville south,oh,ohio,35,oh
greenoh,green,oh,ohio,35,oh
greenmeadowsoh,green meadows,oh,ohio,35,oh
greenspringsoh,green springs,oh,ohio,35,oh
greenecountyoh,greene county,oh,ohio,35,oh
greenfieldoh,greenfield,oh,ohio,35,oh
greenhillsoh,greenhills,oh,ohio,35,oh
greensburgoh,greensburg,oh,ohio,35,oh
greentownoh,greentown,oh,ohio,35,oh
greenvilleoh,greenville,oh,ohio,35,oh
greenwichoh,greenwich,oh,ohio,35,oh
groesbeckoh,groesbeck,oh,ohio,35,oh
grovecityoh,grove city,oh,ohio,35,oh
groveportoh,groveport,oh,ohio,35,oh
guernseycountyoh,guernsey county,oh,ohio,35,oh
hamiltonoh,hamilton,oh,ohio,35,oh
hamiltoncountyoh,hamilton county,oh,ohio,35,oh
hancockcountyoh,hancock county,oh,ohio,35,oh
hanoveroh,hanover,oh,ohio,35,oh
harborhillsoh,harbor hills,oh,ohio,35,oh
hardincountyoh,hardin county,oh,ohio,35,oh
harrisonoh,harrison,oh,ohio,35,oh
harrisoncountyoh,harrison county,oh,ohio,35,oh
hartvilleoh,hartville,oh,ohio,35,oh
haskinsoh,haskins,oh,ohio,35,oh
heathoh,heath,oh,ohio,35,oh
hebronoh,hebron,oh,ohio,35,oh
henrycountyoh,henry county,oh,ohio,35,oh
hicksvilleoh,hicksville,oh,ohio,35,oh
highlandcountyoh,highland county,oh,ohio,35,oh
highlandheightsoh,highland heights,oh,ohio,35,oh
highpointoh,highpoint,oh,ohio,35,oh
hilliardoh,hilliard,oh,ohio,35,oh
hillsborooh,hillsboro,oh,ohio,35,oh
hiramoh,hiram,oh,ohio,35,oh
hockingcountyoh,hocking county,oh,ohio,35,oh
holgateoh,holgate,oh,ohio,35,oh
holidayvalleyoh,holiday valley,oh,ohio,35,oh
hollandoh,holland,oh,ohio,35,oh
holmescountyoh,holmes county,oh,ohio,35,oh
houghoh,hough,oh,ohio,35,oh
howlandcenteroh,howland center,oh,ohio,35,oh
hubbardoh,hubbard,oh,ohio,35,oh
huberheightsoh,huber heights,oh,ohio,35,oh
huberridgeoh,huber ridge,oh,ohio,35,oh
hudsonoh,hudson,oh,ohio,35,oh
hunteroh,hunter,oh,ohio,35,oh
huronoh,huron,oh,ohio,35,oh
huroncountyoh,huron county,oh,ohio,35,oh
independenceoh,independence,oh,ohio,35,oh
irontonoh,ironton,oh,ohio,35,oh
jacksonoh,jackson,oh,ohio,35,oh
jacksoncenteroh,jackson center,oh,ohio,35,oh
jacksoncountyoh,jackson county,oh,ohio,35,oh
jamestownoh,jamestown,oh,ohio,35,oh
jeffersonoh,jefferson,oh,ohio,35,oh
jeffersoncountyoh,jefferson county,oh,ohio,35,oh
jeffersonvilleoh,jeffersonville,oh,ohio,35,oh
johnstownoh,johnstown,oh,ohio,35,oh
kalidaoh,kalida,oh,ohio,35,oh
kentoh,kent,oh,ohio,35,oh
kentonoh,kenton,oh,ohio,35,oh
kenwoodoh,kenwood,oh,ohio,35,oh
ketteringoh,kettering,oh,ohio,35,oh
kingsmillsoh,kings mills,oh,ohio,35,oh
kingstonoh,kingston,oh,ohio,35,oh
kirtlandoh,kirtland,oh,ohio,35,oh
knoxcountyoh,knox county,oh,ohio,35,oh
lacroftoh,la croft,oh,ohio,35,oh
lagrangeoh,lagrange,oh,ohio,35,oh
lakecountyoh,lake county,oh,ohio,35,oh
lakedarbyoh,lake darby,oh,ohio,35,oh
lakelakengrenoh,lake lakengren,oh,ohio,35,oh
lakemohawkoh,lake mohawk,oh,ohio,35,oh
lakemoreoh,lakemore,oh,ohio,35,oh
lakeviewoh,lakeview,oh,ohio,35,oh
lakewoodoh,lakewood,oh,ohio,35,oh
lancasteroh,lancaster,oh,ohio,35,oh
landenoh,landen,oh,ohio,35,oh
lawrencecountyoh,lawrence county,oh,ohio,35,oh
leavittsburgoh,leavittsburg,oh,ohio,35,oh
lebanonoh,lebanon,oh,ohio,35,oh
leesburgoh,leesburg,oh,ohio,35,oh
leetoniaoh,leetonia,oh,ohio,35,oh
leipsicoh,leipsic,oh,ohio,35,oh
lewiscenteroh,lewis center,oh,ohio,35,oh
lewisburgoh,lewisburg,oh,ohio,35,oh
lexingtonoh,lexington,oh,ohio,35,oh
libertycenteroh,liberty center,oh,ohio,35,oh
lickingcountyoh,licking county,oh,ohio,35,oh
limaoh,lima,oh,ohio,35,oh
lincolnheightsoh,lincoln heights,oh,ohio,35,oh
lincolnvillageoh,lincoln village,oh,ohio,35,oh
lisbonoh,lisbon,oh,ohio,35,oh
lithopolisoh,lithopolis,oh,ohio,35,oh
locklandoh,lockland,oh,ohio,35,oh
lodioh,lodi,oh,ohio,35,oh
loganoh,logan,oh,ohio,35,oh
logancountyoh,logan county,oh,ohio,35,oh
loganelmvillageoh,logan elm village,oh,ohio,35,oh
londonoh,london,oh,ohio,35,oh
lorainoh,lorain,oh,ohio,35,oh
loraincountyoh,lorain county,oh,ohio,35,oh
lordstownoh,lordstown,oh,ohio,35,oh
loudonvilleoh,loudonville,oh,ohio,35,oh
louisvilleoh,louisville,oh,ohio,35,oh
lovelandoh,loveland,oh,ohio,35,oh
lovelandparkoh,loveland park,oh,ohio,35,oh
lowellvilleoh,lowellville,oh,ohio,35,oh
lucascountyoh,lucas county,oh,ohio,35,oh
lucasvilleoh,lucasville,oh,ohio,35,oh
luckeyoh,luckey,oh,ohio,35,oh
lynchburgoh,lynchburg,oh,ohio,35,oh
lyndhurstoh,lyndhurst,oh,ohio,35,oh
macedoniaoh,macedonia,oh,ohio,35,oh
mackoh,mack,oh,ohio,35,oh
madeiraoh,madeira,oh,ohio,35,oh
madisonoh,madison,oh,ohio,35,oh
madisoncountyoh,madison county,oh,ohio,35,oh
mahoningcountyoh,mahoning county,oh,ohio,35,oh
malvernoh,malvern,oh,ohio,35,oh
manchesteroh,manchester,oh,ohio,35,oh
mansfieldoh,mansfield,oh,ohio,35,oh
mantuaoh,mantua,oh,ohio,35,oh
mapleheightsoh,maple heights,oh,ohio,35,oh
mariemontoh,mariemont,oh,ohio,35,oh
mariettaoh,marietta,oh,ohio,35,oh
marionoh,marion,oh,ohio,35,oh
marioncountyoh,marion county,oh,ohio,35,oh
martinsferryoh,martins ferry,oh,ohio,35,oh
marysvilleoh,marysville,oh,ohio,35,oh
masonoh,mason,oh,ohio,35,oh
massillonoh,massillon,oh,ohio,35,oh
masuryoh,masury,oh,ohio,35,oh
maumeeoh,maumee,oh,ohio,35,oh
mayfieldoh,mayfield,oh,ohio,35,oh
mayfieldheightsoh,mayfield heights,oh,ohio,35,oh
mcarthuroh,mcarthur,oh,ohio,35,oh
mccomboh,mccomb,oh,ohio,35,oh
mcconnelsvilleoh,mcconnelsville,oh,ohio,35,oh
mcdonaldoh,mcdonald,oh,ohio,35,oh
mckinleyheightsoh,mckinley heights,oh,ohio,35,oh
mechanicsburgoh,mechanicsburg,oh,ohio,35,oh
medinaoh,medina,oh,ohio,35,oh
medinacountyoh,medina county,oh,ohio,35,oh
meigscountyoh,meigs county,oh,ohio,35,oh
mentoroh,mentor,oh,ohio,35,oh
mentor-on-the-lakeoh,mentor-on-the-lake,oh,ohio,35,oh
mercercountyoh,mercer county,oh,ohio,35,oh
miamicountyoh,miami county,oh,ohio,35,oh
miamiheightsoh,miami heights,oh,ohio,35,oh
miamisburgoh,miamisburg,oh,ohio,35,oh
miamitownoh,miamitown,oh,ohio,35,oh
middleburgheightsoh,middleburg heights,oh,ohio,35,oh
middlefieldoh,middlefield,oh,ohio,35,oh
middleportoh,middleport,oh,ohio,35,oh
middletownoh,middletown,oh,ohio,35,oh
milanoh,milan,oh,ohio,35,oh
milfordoh,milford,oh,ohio,35,oh
millburyoh,millbury,oh,ohio,35,oh
millersburgoh,millersburg,oh,ohio,35,oh
millersportoh,millersport,oh,ohio,35,oh
mineralridgeoh,mineral ridge,oh,ohio,35,oh
minervaoh,minerva,oh,ohio,35,oh
minervaparkoh,minerva park,oh,ohio,35,oh
mingojunctionoh,mingo junction,oh,ohio,35,oh
minsteroh,minster,oh,ohio,35,oh
mogadoreoh,mogadore,oh,ohio,35,oh
monfortheightsoh,monfort heights,oh,ohio,35,oh
monroeoh,monroe,oh,ohio,35,oh
monroecountyoh,monroe county,oh,ohio,35,oh
monroevilleoh,monroeville,oh,ohio,35,oh
montgomeryoh,montgomery,oh,ohio,35,oh
montgomerycountyoh,montgomery county,oh,ohio,35,oh
montpelieroh,montpelier,oh,ohio,35,oh
montrose-ghentoh,montrose-ghent,oh,ohio,35,oh
moraineoh,moraine,oh,ohio,35,oh
morelandhillsoh,moreland hills,oh,ohio,35,oh
morgancountyoh,morgan county,oh,ohio,35,oh
morgandaleoh,morgandale,oh,ohio,35,oh
morrowoh,morrow,oh,ohio,35,oh
morrowcountyoh,morrow county,oh,ohio,35,oh
mountcarmeloh,mount carmel,oh,ohio,35,oh
mountgileadoh,mount gilead,oh,ohio,35,oh
mounthealthyoh,mount healthy,oh,ohio,35,oh
mounthealthyheightsoh,mount healthy heights,oh,ohio,35,oh
mountoraboh,mount orab,oh,ohio,35,oh
mountreposeoh,mount repose,oh,ohio,35,oh
mountsterlingoh,mount sterling,oh,ohio,35,oh
mountvernonoh,mount vernon,oh,ohio,35,oh
mulberryoh,mulberry,oh,ohio,35,oh
munroefallsoh,munroe falls,oh,ohio,35,oh
muskingumcountyoh,muskingum county,oh,ohio,35,oh
napoleonoh,napoleon,oh,ohio,35,oh
navarreoh,navarre,oh,ohio,35,oh
nelsonvilleoh,nelsonville,oh,ohio,35,oh
newalbanyoh,new albany,oh,ohio,35,oh
newbostonoh,new boston,oh,ohio,35,oh
newbremenoh,new bremen,oh,ohio,35,oh
newburlingtonoh,new burlington,oh,ohio,35,oh
newcaliforniaoh,new california,oh,ohio,35,oh
newcarlisleoh,new carlisle,oh,ohio,35,oh
newconcordoh,new concord,oh,ohio,35,oh
newfranklinoh,new franklin,oh,ohio,35,oh
newlebanonoh,new lebanon,oh,ohio,35,oh
newlexingtonoh,new lexington,oh,ohio,35,oh
newlondonoh,new london,oh,ohio,35,oh
newmatamorasoh,new matamoras,oh,ohio,35,oh
newmiamioh,new miami,oh,ohio,35,oh
newmiddletownoh,new middletown,oh,ohio,35,oh
newparisoh,new paris,oh,ohio,35,oh
newphiladelphiaoh,new philadelphia,oh,ohio,35,oh
newrichmondoh,new richmond,oh,ohio,35,oh
newviennaoh,new vienna,oh,ohio,35,oh
newwaterfordoh,new waterford,oh,ohio,35,oh
newarkoh,newark,oh,ohio,35,oh
newburghheightsoh,newburgh heights,oh,ohio,35,oh
newcomerstownoh,newcomerstown,oh,ohio,35,oh
newportoh,newport,oh,ohio,35,oh
newtonfallsoh,newton falls,oh,ohio,35,oh
newtownoh,newtown,oh,ohio,35,oh
nilesoh,niles,oh,ohio,35,oh
noblecountyoh,noble county,oh,ohio,35,oh
northbaltimoreoh,north baltimore,oh,ohio,35,oh
northcantonoh,north canton,oh,ohio,35,oh
northcollegehilloh,north college hill,oh,ohio,35,oh
northforkvillageoh,north fork village,oh,ohio,35,oh
northkingsvilleoh,north kingsville,oh,ohio,35,oh
northlewisburgoh,north lewisburg,oh,ohio,35,oh
northmadisonoh,north madison,oh,ohio,35,oh
northolmstedoh,north olmsted,oh,ohio,35,oh
northrandalloh,north randall,oh,ohio,35,oh
northridgevilleoh,north ridgeville,oh,ohio,35,oh
northroyaltonoh,north royalton,oh,ohio,35,oh
northzanesvilleoh,north zanesville,oh,ohio,35,oh
northbrookoh,northbrook,oh,ohio,35,oh
northfieldoh,northfield,oh,ohio,35,oh
northgateoh,northgate,oh,ohio,35,oh
northridgeoh,northridge,oh,ohio,35,oh
northwoodoh,northwood,oh,ohio,35,oh
nortonoh,norton,oh,ohio,35,oh
norwalkoh,norwalk,oh,ohio,35,oh
norwoodoh,norwood,oh,ohio,35,oh
oakharboroh,oak harbor,oh,ohio,35,oh
oakhilloh,oak hill,oh,ohio,35,oh
oakwoodoh,oakwood,oh,ohio,35,oh
oberlinoh,oberlin,oh,ohio,35,oh
obetzoh,obetz,oh,ohio,35,oh
olmstedfallsoh,olmsted falls,oh,ohio,35,oh
ontariooh,ontario,oh,ohio,35,oh
orangeoh,orange,oh,ohio,35,oh
oregonoh,oregon,oh,ohio,35,oh
orrvilleoh,orrville,oh,ohio,35,oh
orwelloh,orwell,oh,ohio,35,oh
ottawaoh,ottawa,oh,ohio,35,oh
ottawacountyoh,ottawa county,oh,ohio,35,oh
ottawahillsoh,ottawa hills,oh,ohio,35,oh
oxfordoh,oxford,oh,ohio,35,oh
painesvilleoh,painesville,oh,ohio,35,oh
pandoraoh,pandora,oh,ohio,35,oh
parklayneoh,park layne,oh,ohio,35,oh
parmaoh,parma,oh,ohio,35,oh
parmaheightsoh,parma heights,oh,ohio,35,oh
pataskalaoh,pataskala,oh,ohio,35,oh
pauldingoh,paulding,oh,ohio,35,oh
pauldingcountyoh,paulding county,oh,ohio,35,oh
payneoh,payne,oh,ohio,35,oh
peeblesoh,peebles,oh,ohio,35,oh
pembervilleoh,pemberville,oh,ohio,35,oh
pepperpikeoh,pepper pike,oh,ohio,35,oh
perryoh,perry,oh,ohio,35,oh
perrycountyoh,perry county,oh,ohio,35,oh
perryheightsoh,perry heights,oh,ohio,35,oh
perrysburgoh,perrysburg,oh,ohio,35,oh
pickawaycountyoh,pickaway county,oh,ohio,35,oh
pickeringtonoh,pickerington,oh,ohio,35,oh
pikecountyoh,pike county,oh,ohio,35,oh
piketonoh,piketon,oh,ohio,35,oh
pioneeroh,pioneer,oh,ohio,35,oh
piquaoh,piqua,oh,ohio,35,oh
plaincityoh,plain city,oh,ohio,35,oh
pleasantgroveoh,pleasant grove,oh,ohio,35,oh
pleasanthilloh,pleasant hill,oh,ohio,35,oh
pleasantrunoh,pleasant run,oh,ohio,35,oh
pleasantrunfarmoh,pleasant run farm,oh,ohio,35,oh
plymouthoh,plymouth,oh,ohio,35,oh
polandoh,poland,oh,ohio,35,oh
pomeroyoh,pomeroy,oh,ohio,35,oh
portclintonoh,port clinton,oh,ohio,35,oh
portagecountyoh,portage county,oh,ohio,35,oh
portagelakesoh,portage lakes,oh,ohio,35,oh
portsmouthoh,portsmouth,oh,ohio,35,oh
powelloh,powell,oh,ohio,35,oh
powhatanpointoh,powhatan point,oh,ohio,35,oh
preblecountyoh,preble county,oh,ohio,35,oh
prospectoh,prospect,oh,ohio,35,oh
putnamcountyoh,putnam county,oh,ohio,35,oh
ravennaoh,ravenna,oh,ohio,35,oh
readingoh,reading,oh,ohio,35,oh
remindervilleoh,reminderville,oh,ohio,35,oh
renooh,reno,oh,ohio,35,oh
reynoldsburgoh,reynoldsburg,oh,ohio,35,oh
richfieldoh,richfield,oh,ohio,35,oh
richlandcountyoh,richland county,oh,ohio,35,oh
richmondheightsoh,richmond heights,oh,ohio,35,oh
richvilleoh,richville,oh,ohio,35,oh
richwoodoh,richwood,oh,ohio,35,oh
ripleyoh,ripley,oh,ohio,35,oh
rittmanoh,rittman,oh,ohio,35,oh
riversideoh,riverside,oh,ohio,35,oh
roamingshoresoh,roaming shores,oh,ohio,35,oh
rockfordoh,rockford,oh,ohio,35,oh
rockyriveroh,rocky river,oh,ohio,35,oh
rosemountoh,rosemount,oh,ohio,35,oh
rosevilleoh,roseville,oh,ohio,35,oh
rossoh,ross,oh,ohio,35,oh
rosscountyoh,ross county,oh,ohio,35,oh
rossfordoh,rossford,oh,ohio,35,oh
rossmoyneoh,rossmoyne,oh,ohio,35,oh
russellspointoh,russells point,oh,ohio,35,oh
sabinaoh,sabina,oh,ohio,35,oh
saintbernardoh,saint bernard,oh,ohio,35,oh
saintclairsvilleoh,saint clairsville,oh,ohio,35,oh
sainthenryoh,saint henry,oh,ohio,35,oh
saintmarysoh,saint marys,oh,ohio,35,oh
saintparisoh,saint paris,oh,ohio,35,oh
salemoh,salem,oh,ohio,35,oh
salemheightsoh,salem heights,oh,ohio,35,oh
salinevilleoh,salineville,oh,ohio,35,oh
sanduskyoh,sandusky,oh,ohio,35,oh
sanduskycountyoh,sandusky county,oh,ohio,35,oh
sawyerwoodoh,sawyerwood,oh,ohio,35,oh
sciotocountyoh,scioto county,oh,ohio,35,oh
sciotodaleoh,sciotodale,oh,ohio,35,oh
sebringoh,sebring,oh,ohio,35,oh
senecacountyoh,seneca county,oh,ohio,35,oh
sevenhillsoh,seven hills,oh,ohio,35,oh
sevilleoh,seville,oh,ohio,35,oh
shadysideoh,shadyside,oh,ohio,35,oh
shakerheightsoh,shaker heights,oh,ohio,35,oh
sharonvilleoh,sharonville,oh,ohio,35,oh
shawneehillsoh,shawnee hills,oh,ohio,35,oh
sheffieldoh,sheffield,oh,ohio,35,oh
sheffieldlakeoh,sheffield lake,oh,ohio,35,oh
shelbyoh,shelby,oh,ohio,35,oh
shelbycountyoh,shelby county,oh,ohio,35,oh
sherwoodoh,sherwood,oh,ohio,35,oh
shilohoh,shiloh,oh,ohio,35,oh
shreveoh,shreve,oh,ohio,35,oh
sidneyoh,sidney,oh,ohio,35,oh
silverlakeoh,silver lake,oh,ohio,35,oh
silvertonoh,silverton,oh,ohio,35,oh
sixteenmilestandoh,sixteen mile stand,oh,ohio,35,oh
skylineacresoh,skyline acres,oh,ohio,35,oh
smithvilleoh,smithville,oh,ohio,35,oh
solonoh,solon,oh,ohio,35,oh
somersetoh,somerset,oh,ohio,35,oh
southamherstoh,south amherst,oh,ohio,35,oh
southbloomfieldoh,south bloomfield,oh,ohio,35,oh
southcanaloh,south canal,oh,ohio,35,oh
southcharlestonoh,south charleston,oh,ohio,35,oh
southeuclidoh,south euclid,oh,ohio,35,oh
southlebanonoh,south lebanon,oh,ohio,35,oh
southpointoh,south point,oh,ohio,35,oh
southrusselloh,south russell,oh,ohio,35,oh
southzanesvilleoh,south zanesville,oh,ohio,35,oh
spencervilleoh,spencerville,oh,ohio,35,oh
springborooh,springboro,oh,ohio,35,oh
springdaleoh,springdale,oh,ohio,35,oh
springfieldoh,springfield,oh,ohio,35,oh
starkcountyoh,stark county,oh,ohio,35,oh
steubenvilleoh,steubenville,oh,ohio,35,oh
stonyprairieoh,stony prairie,oh,ohio,35,oh
stowoh,stow,oh,ohio,35,oh
strasburgoh,strasburg,oh,ohio,35,oh
streetsborooh,streetsboro,oh,ohio,35,oh
strongsvilleoh,strongsville,oh,ohio,35,oh
struthersoh,struthers,oh,ohio,35,oh
strykeroh,stryker,oh,ohio,35,oh
sugarcreekoh,sugarcreek,oh,ohio,35,oh
sugarcreekpolicedeptoh,sugarcreek police dept,oh,ohio,35,oh
summersideoh,summerside,oh,ohio,35,oh
summitcountyoh,summit county,oh,ohio,35,oh
sunburyoh,sunbury,oh,ohio,35,oh
swantonoh,swanton,oh,ohio,35,oh
sylvaniaoh,sylvania,oh,ohio,35,oh
tallmadgeoh,tallmadge,oh,ohio,35,oh
terraceparkoh,terrace park,oh,ohio,35,oh
theplainsoh,the plains,oh,ohio,35,oh
thevillageofindianhilloh,the village of indian hill,oh,ohio,35,oh
thornportoh,thornport,oh,ohio,35,oh
tiffinoh,tiffin,oh,ohio,35,oh
tiltonsvilleoh,tiltonsville,oh,ohio,35,oh
tippcityoh,tipp city,oh,ohio,35,oh
toledooh,toledo,oh,ohio,35,oh
torontooh,toronto,oh,ohio,35,oh
trentonoh,trenton,oh,ohio,35,oh
trotwoodoh,trotwood,oh,ohio,35,oh
troyoh,troy,oh,ohio,35,oh
trumbullcountyoh,trumbull county,oh,ohio,35,oh
turpinhillsoh,turpin hills,oh,ohio,35,oh
tuscarawasoh,tuscarawas,oh,ohio,35,oh
tuscarawascountyoh,tuscarawas county,oh,ohio,35,oh
twinsburgoh,twinsburg,oh,ohio,35,oh
uhrichsvilleoh,uhrichsville,oh,ohio,35,oh
unionoh,union,oh,ohio,35,oh
unioncityoh,union city,oh,ohio,35,oh
unioncountyoh,union county,oh,ohio,35,oh
uniontownoh,uniontown,oh,ohio,35,oh
universityheightsoh,university heights,oh,ohio,35,oh
upperarlingtonoh,upper arlington,oh,ohio,35,oh
uppersanduskyoh,upper sandusky,oh,ohio,35,oh
urbanaoh,urbana,oh,ohio,35,oh
urbancrestoh,urbancrest,oh,ohio,35,oh
uticaoh,utica,oh,ohio,35,oh
valleyviewoh,valley view,oh,ohio,35,oh
vanwertoh,van wert,oh,ohio,35,oh
vanwertcountyoh,van wert county,oh,ohio,35,oh
vandaliaoh,vandalia,oh,ohio,35,oh
vermilionoh,vermilion,oh,ohio,35,oh
vermilion-on-the-lakeoh,vermilion-on-the-lake,oh,ohio,35,oh
versaillesoh,versailles,oh,ohio,35,oh
vintoncountyoh,vinton county,oh,ohio,35,oh
wadsworthoh,wadsworth,oh,ohio,35,oh
wakemanoh,wakeman,oh,ohio,35,oh
walbridgeoh,walbridge,oh,ohio,35,oh
waltonhillsoh,walton hills,oh,ohio,35,oh
wapakonetaoh,wapakoneta,oh,ohio,35,oh
warrenoh,warren,oh,ohio,35,oh
warrencountyoh,warren county,oh,ohio,35,oh
warrensvilleheightsoh,warrensville heights,oh,ohio,35,oh
washingtoncountyoh,washington county,oh,ohio,35,oh
washingtoncourthouseoh,washington court house,oh,ohio,35,oh
watervilleoh,waterville,oh,ohio,35,oh
wauseonoh,wauseon,oh,ohio,35,oh
waverlyoh,waverly,oh,ohio,35,oh
waynecountyoh,wayne county,oh,ohio,35,oh
waynesvilleoh,waynesville,oh,ohio,35,oh
wellingtonoh,wellington,oh,ohio,35,oh
wellstonoh,wellston,oh,ohio,35,oh
wellsvilleoh,wellsville,oh,ohio,35,oh
westalexandriaoh,west alexandria,oh,ohio,35,oh
westcarrolltoncityoh,west carrollton city,oh,ohio,35,oh
westhilloh,west hill,oh,ohio,35,oh
westjeffersonoh,west jefferson,oh,ohio,35,oh
westlafayetteoh,west lafayette,oh,ohio,35,oh
westlibertyoh,west liberty,oh,ohio,35,oh
westmiltonoh,west milton,oh,ohio,35,oh
westportsmouthoh,west portsmouth,oh,ohio,35,oh
westsalemoh,west salem,oh,ohio,35,oh
westunionoh,west union,oh,ohio,35,oh
westunityoh,west unity,oh,ohio,35,oh
westervilleoh,westerville,oh,ohio,35,oh
westfieldcenteroh,westfield center,oh,ohio,35,oh
westlakeoh,westlake,oh,ohio,35,oh
westonoh,weston,oh,ohio,35,oh
wetheringtonoh,wetherington,oh,ohio,35,oh
wheelersburgoh,wheelersburg,oh,ohio,35,oh
whiteoakoh,white oak,oh,ohio,35,oh
whitehalloh,whitehall,oh,ohio,35,oh
whitehouseoh,whitehouse,oh,ohio,35,oh
wickliffeoh,wickliffe,oh,ohio,35,oh
wilberforceoh,wilberforce,oh,ohio,35,oh
willardoh,willard,oh,ohio,35,oh
williamscountyoh,williams county,oh,ohio,35,oh
williamsburgoh,williamsburg,oh,ohio,35,oh
williamsportoh,williamsport,oh,ohio,35,oh
willoughbyoh,willoughby,oh,ohio,35,oh
willoughbyhillsoh,willoughby hills,oh,ohio,35,oh
willowickoh,willowick,oh,ohio,35,oh
wilmingtonoh,wilmington,oh,ohio,35,oh
winchesteroh,winchester,oh,ohio,35,oh
windhamoh,windham,oh,ohio,35,oh
wintersvilleoh,wintersville,oh,ohio,35,oh
withamsvilleoh,withamsville,oh,ohio,35,oh
wolfhurstoh,wolfhurst,oh,ohio,35,oh
woodcountyoh,wood county,oh,ohio,35,oh
woodlawnoh,woodlawn,oh,ohio,35,oh
woodsfieldoh,woodsfield,oh,ohio,35,oh
woodvilleoh,woodville,oh,ohio,35,oh
woosteroh,wooster,oh,ohio,35,oh
worthingtonoh,worthington,oh,ohio,35,oh
wright-pattersonafboh,wright-patterson afb,oh,ohio,35,oh
wyandotcountyoh,wyandot county,oh,ohio,35,oh
wyomingoh,wyoming,oh,ohio,35,oh
xeniaoh,xenia,oh,ohio,35,oh
yellowspringsoh,yellow springs,oh,ohio,35,oh
yorkvilleoh,yorkville,oh,ohio,35,oh
youngstownoh,youngstown,oh,ohio,35,oh
zanesvilleoh,zanesville,oh,ohio,35,oh
adaok,ada,ok,oklahoma,36,ok
adaircountyok,adair county,ok,oklahoma,36,ok
aftonok,afton,ok,oklahoma,36,ok
alfalfacountyok,alfalfa county,ok,oklahoma,36,ok
altusok,altus,ok,oklahoma,36,ok
alvaok,alva,ok,oklahoma,36,ok
anadarkook,anadarko,ok,oklahoma,36,ok
antlersok,antlers,ok,oklahoma,36,ok
apacheok,apache,ok,oklahoma,36,ok
arapahook,arapaho,ok,oklahoma,36,ok
ardmoreok,ardmore,ok,oklahoma,36,ok
arkomaok,arkoma,ok,oklahoma,36,ok
arnettok,arnett,ok,oklahoma,36,ok
atokaok,atoka,ok,oklahoma,36,ok
atokacountyok,atoka county,ok,oklahoma,36,ok
barnsdallok,barnsdall,ok,oklahoma,36,ok
bartlesvilleok,bartlesville,ok,oklahoma,36,ok
beaverok,beaver,ok,oklahoma,36,ok
beavercountyok,beaver county,ok,oklahoma,36,ok
beckhamcountyok,beckham county,ok,oklahoma,36,ok
beggsok,beggs,ok,oklahoma,36,ok
bethanyok,bethany,ok,oklahoma,36,ok
bethelacresok,bethel acres,ok,oklahoma,36,ok
bixbyok,bixby,ok,oklahoma,36,ok
blackwellok,blackwell,ok,oklahoma,36,ok
blainecountyok,blaine county,ok,oklahoma,36,ok
blanchardok,blanchard,ok,oklahoma,36,ok
boisecityok,boise city,ok,oklahoma,36,ok
boleyok,boley,ok,oklahoma,36,ok
brayok,bray,ok,oklahoma,36,ok
bristowok,bristow,ok,oklahoma,36,ok
brokenarrowok,broken arrow,ok,oklahoma,36,ok
brokenbowok,broken bow,ok,oklahoma,36,ok
bryancountyok,bryan county,ok,oklahoma,36,ok
buffalook,buffalo,ok,oklahoma,36,ok
burnsflatok,burns flat,ok,oklahoma,36,ok
bushyheadok,bushyhead,ok,oklahoma,36,ok
byngok,byng,ok,oklahoma,36,ok
cacheok,cache,ok,oklahoma,36,ok
caddook,caddo,ok,oklahoma,36,ok
caddocountyok,caddo county,ok,oklahoma,36,ok
caleraok,calera,ok,oklahoma,36,ok
canadiancountyok,canadian county,ok,oklahoma,36,ok
carnegieok,carnegie,ok,oklahoma,36,ok
cartercountyok,carter county,ok,oklahoma,36,ok
catoosaok,catoosa,ok,oklahoma,36,ok
centralhighok,central high,ok,oklahoma,36,ok
chandlerok,chandler,ok,oklahoma,36,ok
checotahok,checotah,ok,oklahoma,36,ok
chelseaok,chelsea,ok,oklahoma,36,ok
cherokeeok,cherokee,ok,oklahoma,36,ok
cherokeecountyok,cherokee county,ok,oklahoma,36,ok
cheyenneok,cheyenne,ok,oklahoma,36,ok
chickashaok,chickasha,ok,oklahoma,36,ok
choctawok,choctaw,ok,oklahoma,36,ok
choctawcountyok,choctaw county,ok,oklahoma,36,ok
chouteauok,chouteau,ok,oklahoma,36,ok
cimarroncountyok,cimarron county,ok,oklahoma,36,ok
claremoreok,claremore,ok,oklahoma,36,ok
cleoraok,cleora,ok,oklahoma,36,ok
clevelandok,cleveland,ok,oklahoma,36,ok
clevelandcountyok,cleveland county,ok,oklahoma,36,ok
clintonok,clinton,ok,oklahoma,36,ok
coalcountyok,coal county,ok,oklahoma,36,ok
coalgateok,coalgate,ok,oklahoma,36,ok
colbertok,colbert,ok,oklahoma,36,ok
collinsvilleok,collinsville,ok,oklahoma,36,ok
comancheok,comanche,ok,oklahoma,36,ok
comanchecountyok,comanche county,ok,oklahoma,36,ok
commerceok,commerce,ok,oklahoma,36,ok
copelandok,copeland,ok,oklahoma,36,ok
cordellok,cordell,ok,oklahoma,36,ok
cottoncountyok,cotton county,ok,oklahoma,36,ok
cowetaok,coweta,ok,oklahoma,36,ok
craigcountyok,craig county,ok,oklahoma,36,ok
creekcountyok,creek county,ok,oklahoma,36,ok
crescentok,crescent,ok,oklahoma,36,ok
cushingok,cushing,ok,oklahoma,36,ok
custercountyok,custer county,ok,oklahoma,36,ok
cyrilok,cyril,ok,oklahoma,36,ok
davisok,davis,ok,oklahoma,36,ok
delcityok,del city,ok,oklahoma,36,ok
delawarecountyok,delaware county,ok,oklahoma,36,ok
deweyok,dewey,ok,oklahoma,36,ok
deweycountyok,dewey county,ok,oklahoma,36,ok
dicksonok,dickson,ok,oklahoma,36,ok
drumrightok,drumright,ok,oklahoma,36,ok
duncanok,duncan,ok,oklahoma,36,ok
durantok,durant,ok,oklahoma,36,ok
edmondok,edmond,ok,oklahoma,36,ok
elrenook,el reno,ok,oklahoma,36,ok
elginok,elgin,ok,oklahoma,36,ok
elkcityok,elk city,ok,oklahoma,36,ok
elliscountyok,ellis county,ok,oklahoma,36,ok
enidok,enid,ok,oklahoma,36,ok
erickok,erick,ok,oklahoma,36,ok
eufaulaok,eufaula,ok,oklahoma,36,ok
fairfaxok,fairfax,ok,oklahoma,36,ok
fairlandok,fairland,ok,oklahoma,36,ok
fairviewok,fairview,ok,oklahoma,36,ok
fletcherok,fletcher,ok,oklahoma,36,ok
forestparkok,forest park,ok,oklahoma,36,ok
fortgibsonok,fort gibson,ok,oklahoma,36,ok
frederickok,frederick,ok,oklahoma,36,ok
garfieldcountyok,garfield county,ok,oklahoma,36,ok
garvincountyok,garvin county,ok,oklahoma,36,ok
gearyok,geary,ok,oklahoma,36,ok
geronimook,geronimo,ok,oklahoma,36,ok
glenpoolok,glenpool,ok,oklahoma,36,ok
goldsbyok,goldsby,ok,oklahoma,36,ok
goodwellok,goodwell,ok,oklahoma,36,ok
gradycountyok,grady county,ok,oklahoma,36,ok
graniteok,granite,ok,oklahoma,36,ok
grantcountyok,grant county,ok,oklahoma,36,ok
greercountyok,greer county,ok,oklahoma,36,ok
groveok,grove,ok,oklahoma,36,ok
guthrieok,guthrie,ok,oklahoma,36,ok
guymonok,guymon,ok,oklahoma,36,ok
hallparkok,hall park,ok,oklahoma,36,ok
harmoncountyok,harmon county,ok,oklahoma,36,ok
harpercountyok,harper county,ok,oklahoma,36,ok
harrahok,harrah,ok,oklahoma,36,ok
hartshorneok,hartshorne,ok,oklahoma,36,ok
haskellok,haskell,ok,oklahoma,36,ok
haskellcountyok,haskell county,ok,oklahoma,36,ok
healdtonok,healdton,ok,oklahoma,36,ok
heavenerok,heavener,ok,oklahoma,36,ok
helenaok,helena,ok,oklahoma,36,ok
hennesseyok,hennessey,ok,oklahoma,36,ok
henryettaok,henryetta,ok,oklahoma,36,ok
hintonok,hinton,ok,oklahoma,36,ok
hobartok,hobart,ok,oklahoma,36,ok
holdenvilleok,holdenville,ok,oklahoma,36,ok
hollisok,hollis,ok,oklahoma,36,ok
hominyok,hominy,ok,oklahoma,36,ok
hookerok,hooker,ok,oklahoma,36,ok
hughescountyok,hughes county,ok,oklahoma,36,ok
hugook,hugo,ok,oklahoma,36,ok
idabelok,idabel,ok,oklahoma,36,ok
inolaok,inola,ok,oklahoma,36,ok
jacksoncountyok,jackson county,ok,oklahoma,36,ok
jayok,jay,ok,oklahoma,36,ok
jeffersoncountyok,jefferson county,ok,oklahoma,36,ok
jenksok,jenks,ok,oklahoma,36,ok
johnstoncountyok,johnston county,ok,oklahoma,36,ok
jonesok,jones,ok,oklahoma,36,ok
justiceok,justice,ok,oklahoma,36,ok
kaycountyok,kay county,ok,oklahoma,36,ok
kellyvilleok,kellyville,ok,oklahoma,36,ok
kenwoodok,kenwood,ok,oklahoma,36,ok
kieferok,kiefer,ok,oklahoma,36,ok
kingfisherok,kingfisher,ok,oklahoma,36,ok
kingfishercountyok,kingfisher county,ok,oklahoma,36,ok
kingstonok,kingston,ok,oklahoma,36,ok
kiowacountyok,kiowa county,ok,oklahoma,36,ok
konawaok,konawa,ok,oklahoma,36,ok
krebsok,krebs,ok,oklahoma,36,ok
langstonok,langston,ok,oklahoma,36,ok
latimercountyok,latimer county,ok,oklahoma,36,ok
laverneok,laverne,ok,oklahoma,36,ok
lawtonok,lawton,ok,oklahoma,36,ok
leflorecountyok,le flore county,ok,oklahoma,36,ok
lexingtonok,lexington,ok,oklahoma,36,ok
lincolncountyok,lincoln county,ok,oklahoma,36,ok
lindsayok,lindsay,ok,oklahoma,36,ok
locustgroveok,locust grove,ok,oklahoma,36,ok
logancountyok,logan county,ok,oklahoma,36,ok
lonegroveok,lone grove,ok,oklahoma,36,ok
longtownok,longtown,ok,oklahoma,36,ok
lovecountyok,love county,ok,oklahoma,36,ok
lutherok,luther,ok,oklahoma,36,ok
madillok,madill,ok,oklahoma,36,ok
majorcountyok,major county,ok,oklahoma,36,ok
mangumok,mangum,ok,oklahoma,36,ok
mannfordok,mannford,ok,oklahoma,36,ok
mariettaok,marietta,ok,oklahoma,36,ok
marlowok,marlow,ok,oklahoma,36,ok
marshallcountyok,marshall county,ok,oklahoma,36,ok
maudok,maud,ok,oklahoma,36,ok
mayescountyok,mayes county,ok,oklahoma,36,ok
maysvilleok,maysville,ok,oklahoma,36,ok
mcalesterok,mcalester,ok,oklahoma,36,ok
mcclaincountyok,mcclain county,ok,oklahoma,36,ok
mccordok,mccord,ok,oklahoma,36,ok
mccurtaincountyok,mccurtain county,ok,oklahoma,36,ok
mcintoshcountyok,mcintosh county,ok,oklahoma,36,ok
mcloudok,mcloud,ok,oklahoma,36,ok
medfordok,medford,ok,oklahoma,36,ok
meekerok,meeker,ok,oklahoma,36,ok
meridianok,meridian,ok,oklahoma,36,ok
miamiok,miami,ok,oklahoma,36,ok
midwestcityok,midwest city,ok,oklahoma,36,ok
mincook,minco,ok,oklahoma,36,ok
mooreok,moore,ok,oklahoma,36,ok
moorelandok,mooreland,ok,oklahoma,36,ok
morrisok,morris,ok,oklahoma,36,ok
moundsok,mounds,ok,oklahoma,36,ok
muldrowok,muldrow,ok,oklahoma,36,ok
murraycountyok,murray county,ok,oklahoma,36,ok
muskogeeok,muskogee,ok,oklahoma,36,ok
muskogeecountyok,muskogee county,ok,oklahoma,36,ok
mustangok,mustang,ok,oklahoma,36,ok
newcastleok,newcastle,ok,oklahoma,36,ok
newkirkok,newkirk,ok,oklahoma,36,ok
nicholshillsok,nichols hills,ok,oklahoma,36,ok
nicomaparkok,nicoma park,ok,oklahoma,36,ok
ninnekahok,ninnekah,ok,oklahoma,36,ok
nobleok,noble,ok,oklahoma,36,ok
noblecountyok,noble county,ok,oklahoma,36,ok
normanok,norman,ok,oklahoma,36,ok
nowataok,nowata,ok,oklahoma,36,ok
nowatacountyok,nowata county,ok,oklahoma,36,ok
oakhurstok,oakhurst,ok,oklahoma,36,ok
oaklandok,oakland,ok,oklahoma,36,ok
oiltonok,oilton,ok,oklahoma,36,ok
okarcheok,okarche,ok,oklahoma,36,ok
okeeneok,okeene,ok,oklahoma,36,ok
okemahok,okemah,ok,oklahoma,36,ok
okfuskeecountyok,okfuskee county,ok,oklahoma,36,ok
oklahomacityok,oklahoma city,ok,oklahoma,36,ok
oklahomacountyok,oklahoma county,ok,oklahoma,36,ok
okmulgeeok,okmulgee,ok,oklahoma,36,ok
okmulgeecountyok,okmulgee county,ok,oklahoma,36,ok
oologahok,oologah,ok,oklahoma,36,ok
osagecountyok,osage county,ok,oklahoma,36,ok
ottawacountyok,ottawa county,ok,oklahoma,36,ok
owassook,owasso,ok,oklahoma,36,ok
panamaok,panama,ok,oklahoma,36,ok
parkhillok,park hill,ok,oklahoma,36,ok
paulsvalleyok,pauls valley,ok,oklahoma,36,ok
pawhuskaok,pawhuska,ok,oklahoma,36,ok
pawneeok,pawnee,ok,oklahoma,36,ok
pawneecountyok,pawnee county,ok,oklahoma,36,ok
paynecountyok,payne county,ok,oklahoma,36,ok
perkinsok,perkins,ok,oklahoma,36,ok
perryok,perry,ok,oklahoma,36,ok
piedmontok,piedmont,ok,oklahoma,36,ok
pinkok,pink,ok,oklahoma,36,ok
pittsburgcountyok,pittsburg county,ok,oklahoma,36,ok
pocolaok,pocola,ok,oklahoma,36,ok
poncacityok,ponca city,ok,oklahoma,36,ok
pontotoccountyok,pontotoc county,ok,oklahoma,36,ok
poteauok,poteau,ok,oklahoma,36,ok
pottawatomiecountyok,pottawatomie county,ok,oklahoma,36,ok
pragueok,prague,ok,oklahoma,36,ok
pryorok,pryor,ok,oklahoma,36,ok
pryorcreekok,pryor creek,ok,oklahoma,36,ok
purcellok,purcell,ok,oklahoma,36,ok
pushmatahacountyok,pushmataha county,ok,oklahoma,36,ok
quintonok,quinton,ok,oklahoma,36,ok
ringlingok,ringling,ok,oklahoma,36,ok
rogermillscountyok,roger mills county,ok,oklahoma,36,ok
rogerscountyok,rogers county,ok,oklahoma,36,ok
rolandok,roland,ok,oklahoma,36,ok
rushspringsok,rush springs,ok,oklahoma,36,ok
salinaok,salina,ok,oklahoma,36,ok
sallisawok,sallisaw,ok,oklahoma,36,ok
sandspringsok,sand springs,ok,oklahoma,36,ok
sapulpaok,sapulpa,ok,oklahoma,36,ok
sayreok,sayre,ok,oklahoma,36,ok
seminoleok,seminole,ok,oklahoma,36,ok
seminolecountyok,seminole county,ok,oklahoma,36,ok
sequoyahcountyok,sequoyah county,ok,oklahoma,36,ok
shattuckok,shattuck,ok,oklahoma,36,ok
shawneeok,shawnee,ok,oklahoma,36,ok
skiatookok,skiatook,ok,oklahoma,36,ok
slaughtervilleok,slaughterville,ok,oklahoma,36,ok
snyderok,snyder,ok,oklahoma,36,ok
spencerok,spencer,ok,oklahoma,36,ok
sperryok,sperry,ok,oklahoma,36,ok
spirook,spiro,ok,oklahoma,36,ok
stephenscountyok,stephens county,ok,oklahoma,36,ok
stiglerok,stigler,ok,oklahoma,36,ok
stillwaterok,stillwater,ok,oklahoma,36,ok
stilwellok,stilwell,ok,oklahoma,36,ok
stratfordok,stratford,ok,oklahoma,36,ok
stroudok,stroud,ok,oklahoma,36,ok
sulphurok,sulphur,ok,oklahoma,36,ok
tahlequahok,tahlequah,ok,oklahoma,36,ok
talihinaok,talihina,ok,oklahoma,36,ok
talogaok,taloga,ok,oklahoma,36,ok
tecumsehok,tecumseh,ok,oklahoma,36,ok
texannaok,texanna,ok,oklahoma,36,ok
texascountyok,texas county,ok,oklahoma,36,ok
thevillageok,the village,ok,oklahoma,36,ok
thomasok,thomas,ok,oklahoma,36,ok
tillmancountyok,tillman county,ok,oklahoma,36,ok
tishomingook,tishomingo,ok,oklahoma,36,ok
tonkawaok,tonkawa,ok,oklahoma,36,ok
tulsaok,tulsa,ok,oklahoma,36,ok
tulsacountyok,tulsa county,ok,oklahoma,36,ok
turleyok,turley,ok,oklahoma,36,ok
tuttleok,tuttle,ok,oklahoma,36,ok
unioncityok,union city,ok,oklahoma,36,ok
verdigrisok,verdigris,ok,oklahoma,36,ok
vianok,vian,ok,oklahoma,36,ok
vinitaok,vinita,ok,oklahoma,36,ok
wagonerok,wagoner,ok,oklahoma,36,ok
wagonercountyok,wagoner county,ok,oklahoma,36,ok
waltersok,walters,ok,oklahoma,36,ok
warnerok,warner,ok,oklahoma,36,ok
warracresok,warr acres,ok,oklahoma,36,ok
washingtoncountyok,washington county,ok,oklahoma,36,ok
washitacountyok,washita county,ok,oklahoma,36,ok
watongaok,watonga,ok,oklahoma,36,ok
waukomisok,waukomis,ok,oklahoma,36,ok
waurikaok,waurika,ok,oklahoma,36,ok
weatherfordok,weatherford,ok,oklahoma,36,ok
westvilleok,westville,ok,oklahoma,36,ok
wetumkaok,wetumka,ok,oklahoma,36,ok
wewokaok,wewoka,ok,oklahoma,36,ok
wilburtonok,wilburton,ok,oklahoma,36,ok
wilsonok,wilson,ok,oklahoma,36,ok
wisterok,wister,ok,oklahoma,36,ok
woodscountyok,woods county,ok,oklahoma,36,ok
woodwardok,woodward,ok,oklahoma,36,ok
woodwardcountyok,woodward county,ok,oklahoma,36,ok
wynnewoodok,wynnewood,ok,oklahoma,36,ok
yaleok,yale,ok,oklahoma,36,ok
yukonok,yukon,ok,oklahoma,36,ok
albanyor,albany,or,oregon,37,or
alohaor,aloha,or,oregon,37,or
altamontor,altamont,or,oregon,37,or
amityor,amity,or,oregon,37,or
ashlandor,ashland,or,oregon,37,or
astoriaor,astoria,or,oregon,37,or
athenaor,athena,or,oregon,37,or
aumsvilleor,aumsville,or,oregon,37,or
bakercityor,baker city,or,oregon,37,or
bakercountyor,baker county,or,oregon,37,or
bandonor,bandon,or,oregon,37,or
banksor,banks,or,oregon,37,or
barviewor,barview,or,oregon,37,or
baycityor,bay city,or,oregon,37,or
beavercreekor,beavercreek,or,oregon,37,or
beavertonor,beaverton,or,oregon,37,or
bendor,bend,or,oregon,37,or
bentoncountyor,benton county,or,oregon,37,or
bethanyor,bethany,or,oregon,37,or
boardmanor,boardman,or,oregon,37,or
brookingsor,brookings,or,oregon,37,or
brownsvilleor,brownsville,or,oregon,37,or
bunkerhillor,bunker hill,or,oregon,37,or
burnsor,burns,or,oregon,37,or
canbyor,canby,or,oregon,37,or
cannonbeachor,cannon beach,or,oregon,37,or
canyoncityor,canyon city,or,oregon,37,or
canyonvilleor,canyonville,or,oregon,37,or
carltonor,carlton,or,oregon,37,or
cascadelocksor,cascade locks,or,oregon,37,or
cavejunctionor,cave junction,or,oregon,37,or
cedarhillsor,cedar hills,or,oregon,37,or
cedarmillor,cedar mill,or,oregon,37,or
centralpointor,central point,or,oregon,37,or
chenowethor,chenoweth,or,oregon,37,or
clackamasor,clackamas,or,oregon,37,or
clackamascountyor,clackamas county,or,oregon,37,or
clatskanieor,clatskanie,or,oregon,37,or
clatsopcountyor,clatsop county,or,oregon,37,or
coburgor,coburg,or,oregon,37,or
columbiacityor,columbia city,or,oregon,37,or
columbiacountyor,columbia county,or,oregon,37,or
condonor,condon,or,oregon,37,or
coosbayor,coos bay,or,oregon,37,or
cooscountyor,coos county,or,oregon,37,or
coquilleor,coquille,or,oregon,37,or
corneliusor,cornelius,or,oregon,37,or
corvallisor,corvallis,or,oregon,37,or
cottagegroveor,cottage grove,or,oregon,37,or
creswellor,creswell,or,oregon,37,or
crookcountyor,crook county,or,oregon,37,or
culpcreekor,culp creek,or,oregon,37,or
culveror,culver,or,oregon,37,or
currycountyor,curry county,or,oregon,37,or
dallasor,dallas,or,oregon,37,or
damascusor,damascus,or,oregon,37,or
daytonor,dayton,or,oregon,37,or
depoebayor,depoe bay,or,oregon,37,or
deschutescountyor,deschutes county,or,oregon,37,or
deschutesriverwoodsor,deschutes river woods,or,oregon,37,or
donaldor,donald,or,oregon,37,or
douglascountyor,douglas county,or,oregon,37,or
drainor,drain,or,oregon,37,or
dundeeor,dundee,or,oregon,37,or
dunescityor,dunes city,or,oregon,37,or
durhamor,durham,or,oregon,37,or
eaglepointor,eagle point,or,oregon,37,or
elginor,elgin,or,oregon,37,or
enterpriseor,enterprise,or,oregon,37,or
estacadaor,estacada,or,oregon,37,or
eugeneor,eugene,or,oregon,37,or
fairviewor,fairview,or,oregon,37,or
florenceor,florence,or,oregon,37,or
forestgroveor,forest grove,or,oregon,37,or
fossilor,fossil,or,oregon,37,or
fourcornersor,four corners,or,oregon,37,or
fruitdaleor,fruitdale,or,oregon,37,or
gardenhome-whitfordor,garden home-whitford,or,oregon,37,or
gearhartor,gearhart,or,oregon,37,or
gervaisor,gervais,or,oregon,37,or
gilliamcountyor,gilliam county,or,oregon,37,or
gladstoneor,gladstone,or,oregon,37,or
glideor,glide,or,oregon,37,or
goldbeachor,gold beach,or,oregon,37,or
goldhillor,gold hill,or,oregon,37,or
grandrondeor,grand ronde,or,oregon,37,or
grantcountyor,grant county,or,oregon,37,or
grantspassor,grants pass,or,oregon,37,or
greenor,green,or,oregon,37,or
greshamor,gresham,or,oregon,37,or
happyvalleyor,happy valley,or,oregon,37,or
harboror,harbor,or,oregon,37,or
harneycountyor,harney county,or,oregon,37,or
harrisburgor,harrisburg,or,oregon,37,or
hayesvilleor,hayesville,or,oregon,37,or
heppneror,heppner,or,oregon,37,or
hermistonor,hermiston,or,oregon,37,or
hillsboroor,hillsboro,or,oregon,37,or
hinesor,hines,or,oregon,37,or
hoodriveror,hood river,or,oregon,37,or
hoodrivercountyor,hood river county,or,oregon,37,or
hubbardor,hubbard,or,oregon,37,or
independenceor,independence,or,oregon,37,or
irrigonor,irrigon,or,oregon,37,or
islandcityor,island city,or,oregon,37,or
jacksoncountyor,jackson county,or,oregon,37,or
jacksonvilleor,jacksonville,or,oregon,37,or
jeffersonor,jefferson,or,oregon,37,or
jeffersoncountyor,jefferson county,or,oregon,37,or
jenningslodgeor,jennings lodge,or,oregon,37,or
johndayor,john day,or,oregon,37,or
josephor,joseph,or,oregon,37,or
josephinecountyor,josephine county,or,oregon,37,or
junctioncityor,junction city,or,oregon,37,or
keizeror,keizer,or,oregon,37,or
kentonor,kenton,or,oregon,37,or
kingcityor,king city,or,oregon,37,or
klamathcountyor,klamath county,or,oregon,37,or
klamathfallsor,klamath falls,or,oregon,37,or
lagrandeor,la grande,or,oregon,37,or
lapineor,la pine,or,oregon,37,or
lafayetteor,lafayette,or,oregon,37,or
lakecountyor,lake county,or,oregon,37,or
lakeoswegoor,lake oswego,or,oregon,37,or
lakesideor,lakeside,or,oregon,37,or
lakeviewor,lakeview,or,oregon,37,or
lanecountyor,lane county,or,oregon,37,or
lebanonor,lebanon,or,oregon,37,or
lentsor,lents,or,oregon,37,or
lincolnbeachor,lincoln beach,or,oregon,37,or
lincolncityor,lincoln city,or,oregon,37,or
lincolncountyor,lincoln county,or,oregon,37,or
linncountyor,linn county,or,oregon,37,or
lowellor,lowell,or,oregon,37,or
lyonsor,lyons,or,oregon,37,or
madrasor,madras,or,oregon,37,or
malheurcountyor,malheur county,or,oregon,37,or
marioncountyor,marion county,or,oregon,37,or
mcminnvilleor,mcminnville,or,oregon,37,or
medfordor,medford,or,oregon,37,or
merlinor,merlin,or,oregon,37,or
metzgeror,metzger,or,oregon,37,or
millcityor,mill city,or,oregon,37,or
millersburgor,millersburg,or,oregon,37,or
milton-freewateror,milton-freewater,or,oregon,37,or
milwaukieor,milwaukie,or,oregon,37,or
missionor,mission,or,oregon,37,or
molallaor,molalla,or,oregon,37,or
monmouthor,monmouth,or,oregon,37,or
moroor,moro,or,oregon,37,or
morrowcountyor,morrow county,or,oregon,37,or
mountangelor,mount angel,or,oregon,37,or
mounthoodvillageor,mount hood village,or,oregon,37,or
mulinoor,mulino,or,oregon,37,or
multnomahcountyor,multnomah county,or,oregon,37,or
myrtlecreekor,myrtle creek,or,oregon,37,or
myrtlepointor,myrtle point,or,oregon,37,or
newhopeor,new hope,or,oregon,37,or
newbergor,newberg,or,oregon,37,or
newportor,newport,or,oregon,37,or
northbendor,north bend,or,oregon,37,or
northplainsor,north plains,or,oregon,37,or
northportlandor,north portland,or,oregon,37,or
nyssaor,nyssa,or,oregon,37,or
oakgroveor,oak grove,or,oregon,37,or
oakhillsor,oak hills,or,oregon,37,or
oakridgeor,oakridge,or,oregon,37,or
oatfieldor,oatfield,or,oregon,37,or
odellor,odell,or,oregon,37,or
ontarioor,ontario,or,oregon,37,or
oregoncityor,oregon city,or,oregon,37,or
pacificcityor,pacific city,or,oregon,37,or
pendletonor,pendleton,or,oregon,37,or
philomathor,philomath,or,oregon,37,or
phoenixor,phoenix,or,oregon,37,or
pilotrockor,pilot rock,or,oregon,37,or
polkcountyor,polk county,or,oregon,37,or
portorfordor,port orford,or,oregon,37,or
portlandor,portland,or,oregon,37,or
prinevilleor,prineville,or,oregon,37,or
rainieror,rainier,or,oregon,37,or
raleighhillsor,raleigh hills,or,oregon,37,or
redmondor,redmond,or,oregon,37,or
redwoodor,redwood,or,oregon,37,or
reedsportor,reedsport,or,oregon,37,or
riddleor,riddle,or,oregon,37,or
rockawaybeachor,rockaway beach,or,oregon,37,or
rockcreekor,rockcreek,or,oregon,37,or
rogueriveror,rogue river,or,oregon,37,or
roselodgeor,rose lodge,or,oregon,37,or
roseburgor,roseburg,or,oregon,37,or
roseburgnorthor,roseburg north,or,oregon,37,or
sainthelensor,saint helens,or,oregon,37,or
salemor,salem,or,oregon,37,or
sandyor,sandy,or,oregon,37,or
scappooseor,scappoose,or,oregon,37,or
seasideor,seaside,or,oregon,37,or
shadycoveor,shady cove,or,oregon,37,or
sheridanor,sheridan,or,oregon,37,or
shermancountyor,sherman county,or,oregon,37,or
sherwoodor,sherwood,or,oregon,37,or
siletzor,siletz,or,oregon,37,or
silvertonor,silverton,or,oregon,37,or
sistersor,sisters,or,oregon,37,or
southlebanonor,south lebanon,or,oregon,37,or
springfieldor,springfield,or,oregon,37,or
staffordor,stafford,or,oregon,37,or
stanfieldor,stanfield,or,oregon,37,or
staytonor,stayton,or,oregon,37,or
sublimityor,sublimity,or,oregon,37,or
sunriveror,sunriver,or,oregon,37,or
sutherlinor,sutherlin,or,oregon,37,or
sweethomeor,sweet home,or,oregon,37,or
talentor,talent,or,oregon,37,or
tangentor,tangent,or,oregon,37,or
terrebonneor,terrebonne,or,oregon,37,or
thedallesor,the dalles,or,oregon,37,or
threeriversor,three rivers,or,oregon,37,or
tigardor,tigard,or,oregon,37,or
tillamookor,tillamook,or,oregon,37,or
tillamookcountyor,tillamook county,or,oregon,37,or
toledoor,toledo,or,oregon,37,or
tri-cityor,tri-city,or,oregon,37,or
troutdaleor,troutdale,or,oregon,37,or
tualatinor,tualatin,or,oregon,37,or
turneror,turner,or,oregon,37,or
umatillaor,umatilla,or,oregon,37,or
umatillacountyor,umatilla county,or,oregon,37,or
unionor,union,or,oregon,37,or
unioncountyor,union county,or,oregon,37,or
valeor,vale,or,oregon,37,or
venetaor,veneta,or,oregon,37,or
vernoniaor,vernonia,or,oregon,37,or
waldportor,waldport,or,oregon,37,or
wallowacountyor,wallowa county,or,oregon,37,or
warmspringsor,warm springs,or,oregon,37,or
warrenor,warren,or,oregon,37,or
warrentonor,warrenton,or,oregon,37,or
wascocountyor,wasco county,or,oregon,37,or
washingtoncountyor,washington county,or,oregon,37,or
westhavenor,west haven,or,oregon,37,or
westhaven-sylvanor,west haven-sylvan,or,oregon,37,or
westlinnor,west linn,or,oregon,37,or
westslopeor,west slope,or,oregon,37,or
wheelercountyor,wheeler county,or,oregon,37,or
whitecityor,white city,or,oregon,37,or
willaminaor,willamina,or,oregon,37,or
williamsor,williams,or,oregon,37,or
wilsonvilleor,wilsonville,or,oregon,37,or
winstonor,winston,or,oregon,37,or
woodvillageor,wood village,or,oregon,37,or
woodburnor,woodburn,or,oregon,37,or
yamhillor,yamhill,or,oregon,37,or
yamhillcountyor,yamhill county,or,oregon,37,or
yoncallaor,yoncalla,or,oregon,37,or
abbottstownpa,abbottstown,pa,pennsylvania,38,pa
adamscountypa,adams county,pa,pennsylvania,38,pa
adamstownpa,adamstown,pa,pennsylvania,38,pa
akronpa,akron,pa,pennsylvania,38,pa
albionpa,albion,pa,pennsylvania,38,pa
alburtispa,alburtis,pa,pennsylvania,38,pa
aldanpa,aldan,pa,pennsylvania,38,pa
aliquippapa,aliquippa,pa,pennsylvania,38,pa
alleghenycountypa,allegheny county,pa,pennsylvania,38,pa
alleghenyvillepa,alleghenyville,pa,pennsylvania,38,pa
allentownpa,allentown,pa,pennsylvania,38,pa
allisonparkpa,allison park,pa,pennsylvania,38,pa
almediapa,almedia,pa,pennsylvania,38,pa
altoonapa,altoona,pa,pennsylvania,38,pa
amblerpa,ambler,pa,pennsylvania,38,pa
ambridgepa,ambridge,pa,pennsylvania,38,pa
amitygardenspa,amity gardens,pa,pennsylvania,38,pa
ancientoakspa,ancient oaks,pa,pennsylvania,38,pa
annvillepa,annville,pa,pennsylvania,38,pa
apollopa,apollo,pa,pennsylvania,38,pa
archbaldpa,archbald,pa,pennsylvania,38,pa
ardmorepa,ardmore,pa,pennsylvania,38,pa
arlingtonheightspa,arlington heights,pa,pennsylvania,38,pa
armstrongcountypa,armstrong county,pa,pennsylvania,38,pa
arnoldpa,arnold,pa,pennsylvania,38,pa
ashlandpa,ashland,pa,pennsylvania,38,pa
ashleypa,ashley,pa,pennsylvania,38,pa
aspinwallpa,aspinwall,pa,pennsylvania,38,pa
atglenpa,atglen,pa,pennsylvania,38,pa
athenspa,athens,pa,pennsylvania,38,pa
audubonpa,audubon,pa,pennsylvania,38,pa
avalonpa,avalon,pa,pennsylvania,38,pa
avispa,avis,pa,pennsylvania,38,pa
avocapa,avoca,pa,pennsylvania,38,pa
avonpa,avon,pa,pennsylvania,38,pa
avondalepa,avondale,pa,pennsylvania,38,pa
avoniapa,avonia,pa,pennsylvania,38,pa
backmountainpa,back mountain,pa,pennsylvania,38,pa
badenpa,baden,pa,pennsylvania,38,pa
baidlandpa,baidland,pa,pennsylvania,38,pa
bainbridgepa,bainbridge,pa,pennsylvania,38,pa
bakerstownpa,bakerstown,pa,pennsylvania,38,pa
bala-cynwydpa,bala-cynwyd,pa,pennsylvania,38,pa
baldwinpa,baldwin,pa,pennsylvania,38,pa
ballypa,bally,pa,pennsylvania,38,pa
bangorpa,bangor,pa,pennsylvania,38,pa
barnesboropa,barnesboro,pa,pennsylvania,38,pa
bathpa,bath,pa,pennsylvania,38,pa
bearrockspa,bear rocks,pa,pennsylvania,38,pa
beaverpa,beaver,pa,pennsylvania,38,pa
beavercountypa,beaver county,pa,pennsylvania,38,pa
beaverfallspa,beaver falls,pa,pennsylvania,38,pa
beaverdalepa,beaverdale,pa,pennsylvania,38,pa
bedfordpa,bedford,pa,pennsylvania,38,pa
bedfordcountypa,bedford county,pa,pennsylvania,38,pa
bedminsterpa,bedminster,pa,pennsylvania,38,pa
beechmountainlakespa,beech mountain lakes,pa,pennsylvania,38,pa
belfastpa,belfast,pa,pennsylvania,38,pa
bellacrespa,bell acres,pa,pennsylvania,38,pa
bellevernonpa,belle vernon,pa,pennsylvania,38,pa
bellefontepa,bellefonte,pa,pennsylvania,38,pa
bellevillepa,belleville,pa,pennsylvania,38,pa
bellevuepa,bellevue,pa,pennsylvania,38,pa
bellwoodpa,bellwood,pa,pennsylvania,38,pa
belmontpa,belmont,pa,pennsylvania,38,pa
benavonpa,ben avon,pa,pennsylvania,38,pa
bentleyvillepa,bentleyville,pa,pennsylvania,38,pa
berkscountypa,berks county,pa,pennsylvania,38,pa
berlinpa,berlin,pa,pennsylvania,38,pa
berwickpa,berwick,pa,pennsylvania,38,pa
berwynpa,berwyn,pa,pennsylvania,38,pa
bessemerpa,bessemer,pa,pennsylvania,38,pa
bethelparkpa,bethel park,pa,pennsylvania,38,pa
bethlehempa,bethlehem,pa,pennsylvania,38,pa
bigbasslakepa,big bass lake,pa,pennsylvania,38,pa
bigbeaverpa,big beaver,pa,pennsylvania,38,pa
biglervillepa,biglerville,pa,pennsylvania,38,pa
birchwoodlakespa,birchwood lakes,pa,pennsylvania,38,pa
birdsboropa,birdsboro,pa,pennsylvania,38,pa
blacklickpa,black lick,pa,pennsylvania,38,pa
blaircountypa,blair county,pa,pennsylvania,38,pa
blairsvillepa,blairsville,pa,pennsylvania,38,pa
blakelypa,blakely,pa,pennsylvania,38,pa
blandonpa,blandon,pa,pennsylvania,38,pa
blawnoxpa,blawnox,pa,pennsylvania,38,pa
bloomfieldpa,bloomfield,pa,pennsylvania,38,pa
bloomsburgpa,bloomsburg,pa,pennsylvania,38,pa
blossburgpa,blossburg,pa,pennsylvania,38,pa
blueballpa,blue ball,pa,pennsylvania,38,pa
bluebellpa,blue bell,pa,pennsylvania,38,pa
boalsburgpa,boalsburg,pa,pennsylvania,38,pa
boilingspringspa,boiling springs,pa,pennsylvania,38,pa
bonneauvillepa,bonneauville,pa,pennsylvania,38,pa
boothwynpa,boothwyn,pa,pennsylvania,38,pa
boswellpa,boswell,pa,pennsylvania,38,pa
bowmansvillepa,bowmansville,pa,pennsylvania,38,pa
boyertownpa,boyertown,pa,pennsylvania,38,pa
brackenridgepa,brackenridge,pa,pennsylvania,38,pa
braddockpa,braddock,pa,pennsylvania,38,pa
braddockhillspa,braddock hills,pa,pennsylvania,38,pa
bradfordpa,bradford,pa,pennsylvania,38,pa
bradfordcountypa,bradford county,pa,pennsylvania,38,pa
bradfordwoodspa,bradford woods,pa,pennsylvania,38,pa
breinigsvillepa,breinigsville,pa,pennsylvania,38,pa
brentwoodpa,brentwood,pa,pennsylvania,38,pa
bresslerpa,bressler,pa,pennsylvania,38,pa
brickervillepa,brickerville,pa,pennsylvania,38,pa
bridgeportpa,bridgeport,pa,pennsylvania,38,pa
bridgevillepa,bridgeville,pa,pennsylvania,38,pa
bristolpa,bristol,pa,pennsylvania,38,pa
brittanyfarms-highlandspa,brittany farms-highlands,pa,pennsylvania,38,pa
brockwaypa,brockway,pa,pennsylvania,38,pa
brodheadsvillepa,brodheadsville,pa,pennsylvania,38,pa
brookhavenpa,brookhaven,pa,pennsylvania,38,pa
brookvillepa,brookville,pa,pennsylvania,38,pa
broomallpa,broomall,pa,pennsylvania,38,pa
brownstownpa,brownstown,pa,pennsylvania,38,pa
brownsvillepa,brownsville,pa,pennsylvania,38,pa
browntownpa,browntown,pa,pennsylvania,38,pa
brynathynpa,bryn athyn,pa,pennsylvania,38,pa
brynmawrpa,bryn mawr,pa,pennsylvania,38,pa
buckscountypa,bucks county,pa,pennsylvania,38,pa
burgettstownpa,burgettstown,pa,pennsylvania,38,pa
burnhampa,burnham,pa,pennsylvania,38,pa
butlerpa,butler,pa,pennsylvania,38,pa
butlercountypa,butler county,pa,pennsylvania,38,pa
californiapa,california,pa,pennsylvania,38,pa
calnpa,caln,pa,pennsylvania,38,pa
calumetpa,calumet,pa,pennsylvania,38,pa
cambriacountypa,cambria county,pa,pennsylvania,38,pa
cambridgespringspa,cambridge springs,pa,pennsylvania,38,pa
cameroncountypa,cameron county,pa,pennsylvania,38,pa
camphillpa,camp hill,pa,pennsylvania,38,pa
campbelltownpa,campbelltown,pa,pennsylvania,38,pa
canonsburgpa,canonsburg,pa,pennsylvania,38,pa
cantonpa,canton,pa,pennsylvania,38,pa
carboncountypa,carbon county,pa,pennsylvania,38,pa
carbondalepa,carbondale,pa,pennsylvania,38,pa
carlislepa,carlisle,pa,pennsylvania,38,pa
carnegiepa,carnegie,pa,pennsylvania,38,pa
carnot-moonpa,carnot-moon,pa,pennsylvania,38,pa
carrollvalleypa,carroll valley,pa,pennsylvania,38,pa
castaneapa,castanea,pa,pennsylvania,38,pa
castleshannonpa,castle shannon,pa,pennsylvania,38,pa
catasauquapa,catasauqua,pa,pennsylvania,38,pa
catawissapa,catawissa,pa,pennsylvania,38,pa
cecil-bishoppa,cecil-bishop,pa,pennsylvania,38,pa
cementonpa,cementon,pa,pennsylvania,38,pa
centercitypa,center city,pa,pennsylvania,38,pa
centervillepa,centerville,pa,pennsylvania,38,pa
centralcitypa,central city,pa,pennsylvania,38,pa
centrecountypa,centre county,pa,pennsylvania,38,pa
centrehallpa,centre hall,pa,pennsylvania,38,pa
cetroniapa,cetronia,pa,pennsylvania,38,pa
chalfontpa,chalfont,pa,pennsylvania,38,pa
chambersburgpa,chambersburg,pa,pennsylvania,38,pa
charleroipa,charleroi,pa,pennsylvania,38,pa
cherryvillepa,cherryville,pa,pennsylvania,38,pa
chesterpa,chester,pa,pennsylvania,38,pa
chestercountypa,chester county,pa,pennsylvania,38,pa
chesterheightspa,chester heights,pa,pennsylvania,38,pa
chesterspringspa,chester springs,pa,pennsylvania,38,pa
chesterbrookpa,chesterbrook,pa,pennsylvania,38,pa
cheswickpa,cheswick,pa,pennsylvania,38,pa
chevychaseheightspa,chevy chase heights,pa,pennsylvania,38,pa
chicorapa,chicora,pa,pennsylvania,38,pa
chinchillapa,chinchilla,pa,pennsylvania,38,pa
christianapa,christiana,pa,pennsylvania,38,pa
churchhillpa,church hill,pa,pennsylvania,38,pa
churchillpa,churchill,pa,pennsylvania,38,pa
churchvillepa,churchville,pa,pennsylvania,38,pa
clairtonpa,clairton,pa,pennsylvania,38,pa
clarionpa,clarion,pa,pennsylvania,38,pa
clarioncountypa,clarion county,pa,pennsylvania,38,pa
clarksgreenpa,clarks green,pa,pennsylvania,38,pa
clarkssummitpa,clarks summit,pa,pennsylvania,38,pa
claypa,clay,pa,pennsylvania,38,pa
claysburgpa,claysburg,pa,pennsylvania,38,pa
clearfieldpa,clearfield,pa,pennsylvania,38,pa
clearfieldcountypa,clearfield county,pa,pennsylvania,38,pa
cleonapa,cleona,pa,pennsylvania,38,pa
cliftonheightspa,clifton heights,pa,pennsylvania,38,pa
clintoncountypa,clinton county,pa,pennsylvania,38,pa
clymerpa,clymer,pa,pennsylvania,38,pa
coaldalepa,coaldale,pa,pennsylvania,38,pa
coatesvillepa,coatesville,pa,pennsylvania,38,pa
cochrantonpa,cochranton,pa,pennsylvania,38,pa
collegevillepa,collegeville,pa,pennsylvania,38,pa
collingdalepa,collingdale,pa,pennsylvania,38,pa
collinsburgpa,collinsburg,pa,pennsylvania,38,pa
colonialparkpa,colonial park,pa,pennsylvania,38,pa
colonyparkpa,colony park,pa,pennsylvania,38,pa
columbiapa,columbia,pa,pennsylvania,38,pa
columbiacountypa,columbia county,pa,pennsylvania,38,pa
colwynpa,colwyn,pa,pennsylvania,38,pa
conashaughlakespa,conashaugh lakes,pa,pennsylvania,38,pa
conemaughpa,conemaugh,pa,pennsylvania,38,pa
conestogapa,conestoga,pa,pennsylvania,38,pa
conneautlakeshorepa,conneaut lakeshore,pa,pennsylvania,38,pa
connellsvillepa,connellsville,pa,pennsylvania,38,pa
conshohockenpa,conshohocken,pa,pennsylvania,38,pa
conwaypa,conway,pa,pennsylvania,38,pa
conynghampa,conyngham,pa,pennsylvania,38,pa
coopersburgpa,coopersburg,pa,pennsylvania,38,pa
coplaypa,coplay,pa,pennsylvania,38,pa
coraopolispa,coraopolis,pa,pennsylvania,38,pa
cornwallpa,cornwall,pa,pennsylvania,38,pa
cornwellsheightspa,cornwells heights,pa,pennsylvania,38,pa
corrypa,corry,pa,pennsylvania,38,pa
coudersportpa,coudersport,pa,pennsylvania,38,pa
craftonpa,crafton,pa,pennsylvania,38,pa
cranberrytownshippa,cranberry township,pa,pennsylvania,38,pa
crawfordcountypa,crawford county,pa,pennsylvania,38,pa
cressonpa,cresson,pa,pennsylvania,38,pa
cressonapa,cressona,pa,pennsylvania,38,pa
croydonpa,croydon,pa,pennsylvania,38,pa
cumberlandcountypa,cumberland county,pa,pennsylvania,38,pa
curtisvillepa,curtisville,pa,pennsylvania,38,pa
curwensvillepa,curwensville,pa,pennsylvania,38,pa
dalepa,dale,pa,pennsylvania,38,pa
dallaspa,dallas,pa,pennsylvania,38,pa
dallastownpa,dallastown,pa,pennsylvania,38,pa
daltonpa,dalton,pa,pennsylvania,38,pa
danvillepa,danville,pa,pennsylvania,38,pa
darbypa,darby,pa,pennsylvania,38,pa
dauphincountypa,dauphin county,pa,pennsylvania,38,pa
davidsvillepa,davidsville,pa,pennsylvania,38,pa
delawarecountypa,delaware county,pa,pennsylvania,38,pa
delmontpa,delmont,pa,pennsylvania,38,pa
denverpa,denver,pa,pennsylvania,38,pa
derrypa,derry,pa,pennsylvania,38,pa
devonpa,devon,pa,pennsylvania,38,pa
dewartpa,dewart,pa,pennsylvania,38,pa
dicksoncitypa,dickson city,pa,pennsylvania,38,pa
dillsburgpa,dillsburg,pa,pennsylvania,38,pa
donorapa,donora,pa,pennsylvania,38,pa
dormontpa,dormont,pa,pennsylvania,38,pa
dorneyvillepa,dorneyville,pa,pennsylvania,38,pa
doverpa,dover,pa,pennsylvania,38,pa
downingtownpa,downingtown,pa,pennsylvania,38,pa
doylestownpa,doylestown,pa,pennsylvania,38,pa
dravosburgpa,dravosburg,pa,pennsylvania,38,pa
dresherpa,dresher,pa,pennsylvania,38,pa
drexelhillpa,drexel hill,pa,pennsylvania,38,pa
duboispa,dubois,pa,pennsylvania,38,pa
dublinpa,dublin,pa,pennsylvania,38,pa
duboistownpa,duboistown,pa,pennsylvania,38,pa
dunbarpa,dunbar,pa,pennsylvania,38,pa
duncannonpa,duncannon,pa,pennsylvania,38,pa
duncansvillepa,duncansville,pa,pennsylvania,38,pa
dunmorepa,dunmore,pa,pennsylvania,38,pa
dunnstownpa,dunnstown,pa,pennsylvania,38,pa
dupontpa,dupont,pa,pennsylvania,38,pa
duquesnepa,duquesne,pa,pennsylvania,38,pa
duryeapa,duryea,pa,pennsylvania,38,pa
eagleviewpa,eagleview,pa,pennsylvania,38,pa
eaglevillepa,eagleville,pa,pennsylvania,38,pa
earlstonpa,earlston,pa,pennsylvania,38,pa
eastbangorpa,east bangor,pa,pennsylvania,38,pa
eastberlinpa,east berlin,pa,pennsylvania,38,pa
eastberwickpa,east berwick,pa,pennsylvania,38,pa
eastconemaughpa,east conemaugh,pa,pennsylvania,38,pa
eastearlpa,east earl,pa,pennsylvania,38,pa
eastgreenvillepa,east greenville,pa,pennsylvania,38,pa
eastlansdownepa,east lansdowne,pa,pennsylvania,38,pa
eastmckeesportpa,east mckeesport,pa,pennsylvania,38,pa
eastpetersburgpa,east petersburg,pa,pennsylvania,38,pa
eastpittsburghpa,east pittsburgh,pa,pennsylvania,38,pa
eaststroudsburgpa,east stroudsburg,pa,pennsylvania,38,pa
eastuniontownpa,east uniontown,pa,pennsylvania,38,pa
eastwashingtonpa,east washington,pa,pennsylvania,38,pa
eastyorkpa,east york,pa,pennsylvania,38,pa
eastlawngardenspa,eastlawn gardens,pa,pennsylvania,38,pa
eastonpa,easton,pa,pennsylvania,38,pa
ebensburgpa,ebensburg,pa,pennsylvania,38,pa
economypa,economy,pa,pennsylvania,38,pa
eddingtonpa,eddington,pa,pennsylvania,38,pa
eddystonepa,eddystone,pa,pennsylvania,38,pa
edgewoodpa,edgewood,pa,pennsylvania,38,pa
edgeworthpa,edgeworth,pa,pennsylvania,38,pa
edinboropa,edinboro,pa,pennsylvania,38,pa
edwardsvillepa,edwardsville,pa,pennsylvania,38,pa
effortpa,effort,pa,pennsylvania,38,pa
egyptpa,egypt,pa,pennsylvania,38,pa
elimpa,elim,pa,pennsylvania,38,pa
elizabethpa,elizabeth,pa,pennsylvania,38,pa
elizabethtownpa,elizabethtown,pa,pennsylvania,38,pa
elizabethvillepa,elizabethville,pa,pennsylvania,38,pa
elkcountypa,elk county,pa,pennsylvania,38,pa
elklandpa,elkland,pa,pennsylvania,38,pa
ellportpa,ellport,pa,pennsylvania,38,pa
ellwoodcitypa,ellwood city,pa,pennsylvania,38,pa
elversonpa,elverson,pa,pennsylvania,38,pa
elysburgpa,elysburg,pa,pennsylvania,38,pa
emeraldlakespa,emerald lakes,pa,pennsylvania,38,pa
emigsvillepa,emigsville,pa,pennsylvania,38,pa
emmauspa,emmaus,pa,pennsylvania,38,pa
emporiumpa,emporium,pa,pennsylvania,38,pa
emsworthpa,emsworth,pa,pennsylvania,38,pa
enhautpa,enhaut,pa,pennsylvania,38,pa
enlowpa,enlow,pa,pennsylvania,38,pa
enolapa,enola,pa,pennsylvania,38,pa
ephratapa,ephrata,pa,pennsylvania,38,pa
eriepa,erie,pa,pennsylvania,38,pa
eriecountypa,erie county,pa,pennsylvania,38,pa
espypa,espy,pa,pennsylvania,38,pa
etnapa,etna,pa,pennsylvania,38,pa
evanscitypa,evans city,pa,pennsylvania,38,pa
evansburgpa,evansburg,pa,pennsylvania,38,pa
everettpa,everett,pa,pennsylvania,38,pa
exeterpa,exeter,pa,pennsylvania,38,pa
extonpa,exton,pa,pennsylvania,38,pa
factoryvillepa,factoryville,pa,pennsylvania,38,pa
fairchancepa,fairchance,pa,pennsylvania,38,pa
fairdalepa,fairdale,pa,pennsylvania,38,pa
fairhopepa,fairhope,pa,pennsylvania,38,pa
fairlesshillspa,fairless hills,pa,pennsylvania,38,pa
fairviewpa,fairview,pa,pennsylvania,38,pa
fairview-ferndalepa,fairview-ferndale,pa,pennsylvania,38,pa
fallscreekpa,falls creek,pa,pennsylvania,38,pa
farrellpa,farrell,pa,pennsylvania,38,pa
faxonpa,faxon,pa,pennsylvania,38,pa
fayettecountypa,fayette county,pa,pennsylvania,38,pa
fayettevillepa,fayetteville,pa,pennsylvania,38,pa
feastervillepa,feasterville,pa,pennsylvania,38,pa
fellsburgpa,fellsburg,pa,pennsylvania,38,pa
ferndalepa,ferndale,pa,pennsylvania,38,pa
fernwaypa,fernway,pa,pennsylvania,38,pa
fivepointvillepa,fivepointville,pa,pennsylvania,38,pa
fleetwoodpa,fleetwood,pa,pennsylvania,38,pa
flemingtonpa,flemington,pa,pennsylvania,38,pa
flourtownpa,flourtown,pa,pennsylvania,38,pa
flyinghillspa,flying hills,pa,pennsylvania,38,pa
folcroftpa,folcroft,pa,pennsylvania,38,pa
folsompa,folsom,pa,pennsylvania,38,pa
fordcitypa,ford city,pa,pennsylvania,38,pa
forestcitypa,forest city,pa,pennsylvania,38,pa
forestcountypa,forest county,pa,pennsylvania,38,pa
foresthillspa,forest hills,pa,pennsylvania,38,pa
fortwashingtonpa,fort washington,pa,pennsylvania,38,pa
fortyfortpa,forty fort,pa,pennsylvania,38,pa
fosterbrookpa,foster brook,pa,pennsylvania,38,pa
fountainhillpa,fountain hill,pa,pennsylvania,38,pa
foxchapelpa,fox chapel,pa,pennsylvania,38,pa
foxchasepa,fox chase,pa,pennsylvania,38,pa
foxrunpa,fox run,pa,pennsylvania,38,pa
frackvillepa,frackville,pa,pennsylvania,38,pa
franklinpa,franklin,pa,pennsylvania,38,pa
franklincountypa,franklin county,pa,pennsylvania,38,pa
franklinparkpa,franklin park,pa,pennsylvania,38,pa
fredericksburgpa,fredericksburg,pa,pennsylvania,38,pa
freedompa,freedom,pa,pennsylvania,38,pa
freelandpa,freeland,pa,pennsylvania,38,pa
freemansburgpa,freemansburg,pa,pennsylvania,38,pa
freeportpa,freeport,pa,pennsylvania,38,pa
friedenspa,friedens,pa,pennsylvania,38,pa
fullertonpa,fullerton,pa,pennsylvania,38,pa
fultoncountypa,fulton county,pa,pennsylvania,38,pa
galetonpa,galeton,pa,pennsylvania,38,pa
gallitzinpa,gallitzin,pa,pennsylvania,38,pa
gappa,gap,pa,pennsylvania,38,pa
gardenviewpa,garden view,pa,pennsylvania,38,pa
gastonvillepa,gastonville,pa,pennsylvania,38,pa
geistownpa,geistown,pa,pennsylvania,38,pa
georgetownpa,georgetown,pa,pennsylvania,38,pa
gettysburgpa,gettysburg,pa,pennsylvania,38,pa
gibsoniapa,gibsonia,pa,pennsylvania,38,pa
gilbertsvillepa,gilbertsville,pa,pennsylvania,38,pa
girardpa,girard,pa,pennsylvania,38,pa
girardvillepa,girardville,pa,pennsylvania,38,pa
glassportpa,glassport,pa,pennsylvania,38,pa
glenlyonpa,glen lyon,pa,pennsylvania,38,pa
glenrockpa,glen rock,pa,pennsylvania,38,pa
glenoldenpa,glenolden,pa,pennsylvania,38,pa
glenshawpa,glenshaw,pa,pennsylvania,38,pa
glensidepa,glenside,pa,pennsylvania,38,pa
goldkeylakepa,gold key lake,pa,pennsylvania,38,pa
grantleypa,grantley,pa,pennsylvania,38,pa
greentreepa,green tree,pa,pennsylvania,38,pa
greencastlepa,greencastle,pa,pennsylvania,38,pa
greenecountypa,greene county,pa,pennsylvania,38,pa
greenfieldspa,greenfields,pa,pennsylvania,38,pa
greenockpa,greenock,pa,pennsylvania,38,pa
greensburgpa,greensburg,pa,pennsylvania,38,pa
greenvillepa,greenville,pa,pennsylvania,38,pa
greenwoodpa,greenwood,pa,pennsylvania,38,pa
grillpa,grill,pa,pennsylvania,38,pa
grovecitypa,grove city,pa,pennsylvania,38,pa
guilfordpa,guilford,pa,pennsylvania,38,pa
guilfordsidingpa,guilford siding,pa,pennsylvania,38,pa
halfwayhousepa,halfway house,pa,pennsylvania,38,pa
hallampa,hallam,pa,pennsylvania,38,pa
hallsteadpa,hallstead,pa,pennsylvania,38,pa
hamburgpa,hamburg,pa,pennsylvania,38,pa
hanoverpa,hanover,pa,pennsylvania,38,pa
harleighpa,harleigh,pa,pennsylvania,38,pa
harleysvillepa,harleysville,pa,pennsylvania,38,pa
harrisburgpa,harrisburg,pa,pennsylvania,38,pa
harveyslakepa,harveys lake,pa,pennsylvania,38,pa
hassonheightspa,hasson heights,pa,pennsylvania,38,pa
hastingspa,hastings,pa,pennsylvania,38,pa
hatboropa,hatboro,pa,pennsylvania,38,pa
hatfieldpa,hatfield,pa,pennsylvania,38,pa
hawleypa,hawley,pa,pennsylvania,38,pa
hazletonpa,hazleton,pa,pennsylvania,38,pa
hebronpa,hebron,pa,pennsylvania,38,pa
heidelbergpa,heidelberg,pa,pennsylvania,38,pa
hellertownpa,hellertown,pa,pennsylvania,38,pa
hemlockfarmspa,hemlock farms,pa,pennsylvania,38,pa
hermitagepa,hermitage,pa,pennsylvania,38,pa
hersheypa,hershey,pa,pennsylvania,38,pa
highlandparkpa,highland park,pa,pennsylvania,38,pa
highspirepa,highspire,pa,pennsylvania,38,pa
hilldalepa,hilldale,pa,pennsylvania,38,pa
hillerpa,hiller,pa,pennsylvania,38,pa
hokendauquapa,hokendauqua,pa,pennsylvania,38,pa
hollidaysburgpa,hollidaysburg,pa,pennsylvania,38,pa
homeacre-lyndorapa,homeacre-lyndora,pa,pennsylvania,38,pa
homercitypa,homer city,pa,pennsylvania,38,pa
homesteadpa,homestead,pa,pennsylvania,38,pa
hometownpa,hometown,pa,pennsylvania,38,pa
honesdalepa,honesdale,pa,pennsylvania,38,pa
honeybrookpa,honey brook,pa,pennsylvania,38,pa
hopwoodpa,hopwood,pa,pennsylvania,38,pa
horshampa,horsham,pa,pennsylvania,38,pa
houservillepa,houserville,pa,pennsylvania,38,pa
houstonpa,houston,pa,pennsylvania,38,pa
hudsonpa,hudson,pa,pennsylvania,38,pa
hughestownpa,hughestown,pa,pennsylvania,38,pa
hughesvillepa,hughesville,pa,pennsylvania,38,pa
hummelswharfpa,hummels wharf,pa,pennsylvania,38,pa
hummelstownpa,hummelstown,pa,pennsylvania,38,pa
huntingdonpa,huntingdon,pa,pennsylvania,38,pa
huntingdoncountypa,huntingdon county,pa,pennsylvania,38,pa
hydepa,hyde,pa,pennsylvania,38,pa
hydeparkpa,hyde park,pa,pennsylvania,38,pa
imperialpa,imperial,pa,pennsylvania,38,pa
indianmountainlakepa,indian mountain lake,pa,pennsylvania,38,pa
indianapa,indiana,pa,pennsylvania,38,pa
indianacountypa,indiana county,pa,pennsylvania,38,pa
industrypa,industry,pa,pennsylvania,38,pa
ingrampa,ingram,pa,pennsylvania,38,pa
inkermanpa,inkerman,pa,pennsylvania,38,pa
intercoursepa,intercourse,pa,pennsylvania,38,pa
irwinpa,irwin,pa,pennsylvania,38,pa
ivylandpa,ivyland,pa,pennsylvania,38,pa
jacksonwaldpa,jacksonwald,pa,pennsylvania,38,pa
jacobuspa,jacobus,pa,pennsylvania,38,pa
jeannettepa,jeannette,pa,pennsylvania,38,pa
jeffersoncountypa,jefferson county,pa,pennsylvania,38,pa
jeffersonhillspa,jefferson hills,pa,pennsylvania,38,pa
jenkintownpa,jenkintown,pa,pennsylvania,38,pa
jermynpa,jermyn,pa,pennsylvania,38,pa
jeromepa,jerome,pa,pennsylvania,38,pa
jerseyshorepa,jersey shore,pa,pennsylvania,38,pa
jessuppa,jessup,pa,pennsylvania,38,pa
jimthorpepa,jim thorpe,pa,pennsylvania,38,pa
johnsonburgpa,johnsonburg,pa,pennsylvania,38,pa
johnstownpa,johnstown,pa,pennsylvania,38,pa
jonestownpa,jonestown,pa,pennsylvania,38,pa
juniatacountypa,juniata county,pa,pennsylvania,38,pa
kanepa,kane,pa,pennsylvania,38,pa
kenhorstpa,kenhorst,pa,pennsylvania,38,pa
kenilworthpa,kenilworth,pa,pennsylvania,38,pa
kenmarpa,kenmar,pa,pennsylvania,38,pa
kennettsquarepa,kennett square,pa,pennsylvania,38,pa
kingofprussiapa,king of prussia,pa,pennsylvania,38,pa
kingstonpa,kingston,pa,pennsylvania,38,pa
kittanningpa,kittanning,pa,pennsylvania,38,pa
knoxpa,knox,pa,pennsylvania,38,pa
kulpmontpa,kulpmont,pa,pennsylvania,38,pa
kulpsvillepa,kulpsville,pa,pennsylvania,38,pa
kutztownpa,kutztown,pa,pennsylvania,38,pa
lackawannacountypa,lackawanna county,pa,pennsylvania,38,pa
lafayettehillpa,lafayette hill,pa,pennsylvania,38,pa
laflinpa,laflin,pa,pennsylvania,38,pa
lakecitypa,lake city,pa,pennsylvania,38,pa
lakeheritagepa,lake heritage,pa,pennsylvania,38,pa
lakelatonkapa,lake latonka,pa,pennsylvania,38,pa
lakemeadepa,lake meade,pa,pennsylvania,38,pa
lakewynonahpa,lake wynonah,pa,pennsylvania,38,pa
lakemontpa,lakemont,pa,pennsylvania,38,pa
lampeterpa,lampeter,pa,pennsylvania,38,pa
lancasterpa,lancaster,pa,pennsylvania,38,pa
lancastercountypa,lancaster county,pa,pennsylvania,38,pa
landisvillepa,landisville,pa,pennsylvania,38,pa
langhornepa,langhorne,pa,pennsylvania,38,pa
langhornemanorpa,langhorne manor,pa,pennsylvania,38,pa
lansdalepa,lansdale,pa,pennsylvania,38,pa
lansdownepa,lansdowne,pa,pennsylvania,38,pa
lansfordpa,lansford,pa,pennsylvania,38,pa
laportepa,laporte,pa,pennsylvania,38,pa
larksvillepa,larksville,pa,pennsylvania,38,pa
latrobepa,latrobe,pa,pennsylvania,38,pa
laureldalepa,laureldale,pa,pennsylvania,38,pa
laurysstationpa,laurys station,pa,pennsylvania,38,pa
lawntonpa,lawnton,pa,pennsylvania,38,pa
lawrencecountypa,lawrence county,pa,pennsylvania,38,pa
lawrenceparkpa,lawrence park,pa,pennsylvania,38,pa
lawsonheightspa,lawson heights,pa,pennsylvania,38,pa
lebanonpa,lebanon,pa,pennsylvania,38,pa
lebanoncountypa,lebanon county,pa,pennsylvania,38,pa
lebanonsouthpa,lebanon south,pa,pennsylvania,38,pa
leechburgpa,leechburg,pa,pennsylvania,38,pa
leesportpa,leesport,pa,pennsylvania,38,pa
leetsdalepa,leetsdale,pa,pennsylvania,38,pa
lehighcountypa,lehigh county,pa,pennsylvania,38,pa
lehightonpa,lehighton,pa,pennsylvania,38,pa
leith-hatfieldpa,leith-hatfield,pa,pennsylvania,38,pa
lemontpa,lemont,pa,pennsylvania,38,pa
lemoynepa,lemoyne,pa,pennsylvania,38,pa
lenapeheightspa,lenape heights,pa,pennsylvania,38,pa
leolapa,leola,pa,pennsylvania,38,pa
levelgreenpa,level green,pa,pennsylvania,38,pa
levittownpa,levittown,pa,pennsylvania,38,pa
lewisburgpa,lewisburg,pa,pennsylvania,38,pa
lewistownpa,lewistown,pa,pennsylvania,38,pa
libertypa,liberty,pa,pennsylvania,38,pa
lightstreetpa,light street,pa,pennsylvania,38,pa
ligonierpa,ligonier,pa,pennsylvania,38,pa
limapa,lima,pa,pennsylvania,38,pa
limerickpa,limerick,pa,pennsylvania,38,pa
lincolnpa,lincoln,pa,pennsylvania,38,pa
lincolnparkpa,lincoln park,pa,pennsylvania,38,pa
linglestownpa,linglestown,pa,pennsylvania,38,pa
linntownpa,linntown,pa,pennsylvania,38,pa
linwoodpa,linwood,pa,pennsylvania,38,pa
lionvillepa,lionville,pa,pennsylvania,38,pa
lititzpa,lititz,pa,pennsylvania,38,pa
littlestownpa,littlestown,pa,pennsylvania,38,pa
lockhavenpa,lock haven,pa,pennsylvania,38,pa
loganvillepa,loganville,pa,pennsylvania,38,pa
loranepa,lorane,pa,pennsylvania,38,pa
lorettopa,loretto,pa,pennsylvania,38,pa
lowerallenpa,lower allen,pa,pennsylvania,38,pa
lowerburrellpa,lower burrell,pa,pennsylvania,38,pa
loyalhannapa,loyalhanna,pa,pennsylvania,38,pa
luzernepa,luzerne,pa,pennsylvania,38,pa
luzernecountypa,luzerne county,pa,pennsylvania,38,pa
lycomingcountypa,lycoming county,pa,pennsylvania,38,pa
lykenspa,lykens,pa,pennsylvania,38,pa
lynnwood-pricedalepa,lynnwood-pricedale,pa,pennsylvania,38,pa
macungiepa,macungie,pa,pennsylvania,38,pa
mahanoycitypa,mahanoy city,pa,pennsylvania,38,pa
malvernpa,malvern,pa,pennsylvania,38,pa
manchesterpa,manchester,pa,pennsylvania,38,pa
manheimpa,manheim,pa,pennsylvania,38,pa
manorpa,manor,pa,pennsylvania,38,pa
mansfieldpa,mansfield,pa,pennsylvania,38,pa
mapleglenpa,maple glen,pa,pennsylvania,38,pa
marcushookpa,marcus hook,pa,pennsylvania,38,pa
mariannepa,marianne,pa,pennsylvania,38,pa
marienvillepa,marienville,pa,pennsylvania,38,pa
mariettapa,marietta,pa,pennsylvania,38,pa
marspa,mars,pa,pennsylvania,38,pa
marshalltonpa,marshallton,pa,pennsylvania,38,pa
martinsburgpa,martinsburg,pa,pennsylvania,38,pa
marysvillepa,marysville,pa,pennsylvania,38,pa
masontownpa,masontown,pa,pennsylvania,38,pa
matamoraspa,matamoras,pa,pennsylvania,38,pa
mayfieldpa,mayfield,pa,pennsylvania,38,pa
maytownpa,maytown,pa,pennsylvania,38,pa
mcadoopa,mcadoo,pa,pennsylvania,38,pa
mcconnellsburgpa,mcconnellsburg,pa,pennsylvania,38,pa
mcconnellstownpa,mcconnellstown,pa,pennsylvania,38,pa
mcdonaldpa,mcdonald,pa,pennsylvania,38,pa
mcgovernpa,mcgovern,pa,pennsylvania,38,pa
mckeancountypa,mckean county,pa,pennsylvania,38,pa
mckeesrockspa,mckees rocks,pa,pennsylvania,38,pa
mckeesportpa,mckeesport,pa,pennsylvania,38,pa
mcmurraypa,mcmurray,pa,pennsylvania,38,pa
mcsherrystownpa,mcsherrystown,pa,pennsylvania,38,pa
meadowoodpa,meadowood,pa,pennsylvania,38,pa
meadvillepa,meadville,pa,pennsylvania,38,pa
mechanicsburgpa,mechanicsburg,pa,pennsylvania,38,pa
mechanicsvillepa,mechanicsville,pa,pennsylvania,38,pa
mediapa,media,pa,pennsylvania,38,pa
mercerpa,mercer,pa,pennsylvania,38,pa
mercercountypa,mercer county,pa,pennsylvania,38,pa
mercersburgpa,mercersburg,pa,pennsylvania,38,pa
meridianpa,meridian,pa,pennsylvania,38,pa
meyersdalepa,meyersdale,pa,pennsylvania,38,pa
middleburgpa,middleburg,pa,pennsylvania,38,pa
middletownpa,middletown,pa,pennsylvania,38,pa
midlandpa,midland,pa,pennsylvania,38,pa
midwaypa,midway,pa,pennsylvania,38,pa
mifflincountypa,mifflin county,pa,pennsylvania,38,pa
mifflinburgpa,mifflinburg,pa,pennsylvania,38,pa
mifflintownpa,mifflintown,pa,pennsylvania,38,pa
mifflinvillepa,mifflinville,pa,pennsylvania,38,pa
milesburgpa,milesburg,pa,pennsylvania,38,pa
milfordpa,milford,pa,pennsylvania,38,pa
millhallpa,mill hall,pa,pennsylvania,38,pa
millbournepa,millbourne,pa,pennsylvania,38,pa
millersburgpa,millersburg,pa,pennsylvania,38,pa
millersvillepa,millersville,pa,pennsylvania,38,pa
millvalepa,millvale,pa,pennsylvania,38,pa
milroypa,milroy,pa,pennsylvania,38,pa
miltonpa,milton,pa,pennsylvania,38,pa
minersvillepa,minersville,pa,pennsylvania,38,pa
mohntonpa,mohnton,pa,pennsylvania,38,pa
monacapa,monaca,pa,pennsylvania,38,pa
monessenpa,monessen,pa,pennsylvania,38,pa
monongahelapa,monongahela,pa,pennsylvania,38,pa
monroecountypa,monroe county,pa,pennsylvania,38,pa
monroevillepa,monroeville,pa,pennsylvania,38,pa
montaltopa,mont alto,pa,pennsylvania,38,pa
montgomerypa,montgomery,pa,pennsylvania,38,pa
montgomerycountypa,montgomery county,pa,pennsylvania,38,pa
montgomeryvillepa,montgomeryville,pa,pennsylvania,38,pa
montourcountypa,montour county,pa,pennsylvania,38,pa
montoursvillepa,montoursville,pa,pennsylvania,38,pa
montrosepa,montrose,pa,pennsylvania,38,pa
moosicpa,moosic,pa,pennsylvania,38,pa
morrisvillepa,morrisville,pa,pennsylvania,38,pa
mortonpa,morton,pa,pennsylvania,38,pa
moscowpa,moscow,pa,pennsylvania,38,pa
mountcarmelpa,mount carmel,pa,pennsylvania,38,pa
mountcobbpa,mount cobb,pa,pennsylvania,38,pa
mounthollyspringspa,mount holly springs,pa,pennsylvania,38,pa
mountjoypa,mount joy,pa,pennsylvania,38,pa
mountlebanonpa,mount lebanon,pa,pennsylvania,38,pa
mountoliverpa,mount oliver,pa,pennsylvania,38,pa
mountpennpa,mount penn,pa,pennsylvania,38,pa
mountpleasantpa,mount pleasant,pa,pennsylvania,38,pa
mountpoconopa,mount pocono,pa,pennsylvania,38,pa
mountunionpa,mount union,pa,pennsylvania,38,pa
mountwolfpa,mount wolf,pa,pennsylvania,38,pa
mountaintoppa,mountain top,pa,pennsylvania,38,pa
mountainhomepa,mountainhome,pa,pennsylvania,38,pa
mountvillepa,mountville,pa,pennsylvania,38,pa
muhlenbergparkpa,muhlenberg park,pa,pennsylvania,38,pa
muncypa,muncy,pa,pennsylvania,38,pa
mundyscornerpa,mundys corner,pa,pennsylvania,38,pa
munhallpa,munhall,pa,pennsylvania,38,pa
murrysvillepa,murrysville,pa,pennsylvania,38,pa
musepa,muse,pa,pennsylvania,38,pa
myerstownpa,myerstown,pa,pennsylvania,38,pa
nanticokepa,nanticoke,pa,pennsylvania,38,pa
nantyglopa,nanty glo,pa,pennsylvania,38,pa
narberthpa,narberth,pa,pennsylvania,38,pa
nazarethpa,nazareth,pa,pennsylvania,38,pa
nescopeckpa,nescopeck,pa,pennsylvania,38,pa
nesquehoningpa,nesquehoning,pa,pennsylvania,38,pa
newbeaverpa,new beaver,pa,pennsylvania,38,pa
newberlinvillepa,new berlinville,pa,pennsylvania,38,pa
newbloomfieldpa,new bloomfield,pa,pennsylvania,38,pa
newbrightonpa,new brighton,pa,pennsylvania,38,pa
newbritainpa,new britain,pa,pennsylvania,38,pa
newcastlepa,new castle,pa,pennsylvania,38,pa
newcastlenorthwestpa,new castle northwest,pa,pennsylvania,38,pa
newcolumbiapa,new columbia,pa,pennsylvania,38,pa
newcumberlandpa,new cumberland,pa,pennsylvania,38,pa
neweaglepa,new eagle,pa,pennsylvania,38,pa
newfreedompa,new freedom,pa,pennsylvania,38,pa
newhollandpa,new holland,pa,pennsylvania,38,pa
newhopepa,new hope,pa,pennsylvania,38,pa
newkensingtonpa,new kensington,pa,pennsylvania,38,pa
newoxfordpa,new oxford,pa,pennsylvania,38,pa
newphiladelphiapa,new philadelphia,pa,pennsylvania,38,pa
newstantonpa,new stanton,pa,pennsylvania,38,pa
newwilmingtonpa,new wilmington,pa,pennsylvania,38,pa
newmanstownpa,newmanstown,pa,pennsylvania,38,pa
newportpa,newport,pa,pennsylvania,38,pa
newtownpa,newtown,pa,pennsylvania,38,pa
newtowngrantpa,newtown grant,pa,pennsylvania,38,pa
newvillepa,newville,pa,pennsylvania,38,pa
nixonpa,nixon,pa,pennsylvania,38,pa
norristownpa,norristown,pa,pennsylvania,38,pa
northapollopa,north apollo,pa,pennsylvania,38,pa
northbellevernonpa,north belle vernon,pa,pennsylvania,38,pa
northbraddockpa,north braddock,pa,pennsylvania,38,pa
northcatasauquapa,north catasauqua,pa,pennsylvania,38,pa
northcharleroipa,north charleroi,pa,pennsylvania,38,pa
northeastpa,north east,pa,pennsylvania,38,pa
northversaillespa,north versailles,pa,pennsylvania,38,pa
northwalespa,north wales,pa,pennsylvania,38,pa
northwarrenpa,north warren,pa,pennsylvania,38,pa
northyorkpa,north york,pa,pennsylvania,38,pa
northamptonpa,northampton,pa,pennsylvania,38,pa
northamptoncountypa,northampton county,pa,pennsylvania,38,pa
northerncambriapa,northern cambria,pa,pennsylvania,38,pa
northumberlandpa,northumberland,pa,pennsylvania,38,pa
northumberlandcountypa,northumberland county,pa,pennsylvania,38,pa
northwestharborcreekpa,northwest harborcreek,pa,pennsylvania,38,pa
norwoodpa,norwood,pa,pennsylvania,38,pa
oakhillspa,oak hills,pa,pennsylvania,38,pa
oakdalepa,oakdale,pa,pennsylvania,38,pa
oaklandpa,oakland,pa,pennsylvania,38,pa
oakmontpa,oakmont,pa,pennsylvania,38,pa
oakwoodpa,oakwood,pa,pennsylvania,38,pa
ohiovillepa,ohioville,pa,pennsylvania,38,pa
oilcitypa,oil city,pa,pennsylvania,38,pa
oldforgepa,old forge,pa,pennsylvania,38,pa
oldorchardpa,old orchard,pa,pennsylvania,38,pa
oleypa,oley,pa,pennsylvania,38,pa
oliverpa,oliver,pa,pennsylvania,38,pa
olyphantpa,olyphant,pa,pennsylvania,38,pa
orchardhillspa,orchard hills,pa,pennsylvania,38,pa
orelandpa,oreland,pa,pennsylvania,38,pa
orwigsburgpa,orwigsburg,pa,pennsylvania,38,pa
osceolamillspa,osceola mills,pa,pennsylvania,38,pa
oxfordpa,oxford,pa,pennsylvania,38,pa
palmdalepa,palmdale,pa,pennsylvania,38,pa
palmerheightspa,palmer heights,pa,pennsylvania,38,pa
palmertonpa,palmerton,pa,pennsylvania,38,pa
palmyrapa,palmyra,pa,pennsylvania,38,pa
paloaltopa,palo alto,pa,pennsylvania,38,pa
paolipa,paoli,pa,pennsylvania,38,pa
paradisepa,paradise,pa,pennsylvania,38,pa
parkforestvillagepa,park forest village,pa,pennsylvania,38,pa
parkesburgpa,parkesburg,pa,pennsylvania,38,pa
parksidepa,parkside,pa,pennsylvania,38,pa
parkvillepa,parkville,pa,pennsylvania,38,pa
pattonpa,patton,pa,pennsylvania,38,pa
paxtangpa,paxtang,pa,pennsylvania,38,pa
paxtoniapa,paxtonia,pa,pennsylvania,38,pa
penargylpa,pen argyl,pa,pennsylvania,38,pa
penbrookpa,penbrook,pa,pennsylvania,38,pa
pennestatespa,penn estates,pa,pennsylvania,38,pa
pennhillspa,penn hills,pa,pennsylvania,38,pa
pennwynnepa,penn wynne,pa,pennsylvania,38,pa
penndelpa,penndel,pa,pennsylvania,38,pa
pennsburgpa,pennsburg,pa,pennsylvania,38,pa
pennsidepa,pennside,pa,pennsylvania,38,pa
pennsportpa,pennsport,pa,pennsylvania,38,pa
pennvillepa,pennville,pa,pennsylvania,38,pa
penrynpa,penryn,pa,pennsylvania,38,pa
perkasiepa,perkasie,pa,pennsylvania,38,pa
perrycountypa,perry county,pa,pennsylvania,38,pa
perryopolispa,perryopolis,pa,pennsylvania,38,pa
philadelphiapa,philadelphia,pa,pennsylvania,38,pa
philadelphiacountypa,philadelphia county,pa,pennsylvania,38,pa
philipsburgpa,philipsburg,pa,pennsylvania,38,pa
phoenixvillepa,phoenixville,pa,pennsylvania,38,pa
pikecountypa,pike county,pa,pennsylvania,38,pa
pinegrovepa,pine grove,pa,pennsylvania,38,pa
pinegrovemillspa,pine grove mills,pa,pennsylvania,38,pa
pineridgepa,pine ridge,pa,pennsylvania,38,pa
pitcairnpa,pitcairn,pa,pennsylvania,38,pa
pittsburghpa,pittsburgh,pa,pennsylvania,38,pa
pittstonpa,pittston,pa,pennsylvania,38,pa
plainspa,plains,pa,pennsylvania,38,pa
pleasantgappa,pleasant gap,pa,pennsylvania,38,pa
pleasanthillpa,pleasant hill,pa,pennsylvania,38,pa
pleasanthillspa,pleasant hills,pa,pennsylvania,38,pa
plumpa,plum,pa,pennsylvania,38,pa
plumsteadvillepa,plumsteadville,pa,pennsylvania,38,pa
plymouthpa,plymouth,pa,pennsylvania,38,pa
plymouthmeetingpa,plymouth meeting,pa,pennsylvania,38,pa
poconopinespa,pocono pines,pa,pennsylvania,38,pa
poconoranchlandspa,pocono ranch lands,pa,pennsylvania,38,pa
pointmarionpa,point marion,pa,pennsylvania,38,pa
portalleganypa,port allegany,pa,pennsylvania,38,pa
portcarbonpa,port carbon,pa,pennsylvania,38,pa
portvuepa,port vue,pa,pennsylvania,38,pa
portagepa,portage,pa,pennsylvania,38,pa
pottercountypa,potter county,pa,pennsylvania,38,pa
pottsgrovepa,pottsgrove,pa,pennsylvania,38,pa
pottstownpa,pottstown,pa,pennsylvania,38,pa
pottsvillepa,pottsville,pa,pennsylvania,38,pa
progresspa,progress,pa,pennsylvania,38,pa
prospectpa,prospect,pa,pennsylvania,38,pa
prospectparkpa,prospect park,pa,pennsylvania,38,pa
punxsutawneypa,punxsutawney,pa,pennsylvania,38,pa
pymatuningcentralpa,pymatuning central,pa,pennsylvania,38,pa
quakertownpa,quakertown,pa,pennsylvania,38,pa
quarryvillepa,quarryville,pa,pennsylvania,38,pa
radnorpa,radnor,pa,pennsylvania,38,pa
rankinpa,rankin,pa,pennsylvania,38,pa
raubsvillepa,raubsville,pa,pennsylvania,38,pa
readingpa,reading,pa,pennsylvania,38,pa
reamstownpa,reamstown,pa,pennsylvania,38,pa
redhillpa,red hill,pa,pennsylvania,38,pa
redlionpa,red lion,pa,pennsylvania,38,pa
reifftonpa,reiffton,pa,pennsylvania,38,pa
reinholdspa,reinholds,pa,pennsylvania,38,pa
rennerdalepa,rennerdale,pa,pennsylvania,38,pa
renovopa,renovo,pa,pennsylvania,38,pa
republicpa,republic,pa,pennsylvania,38,pa
reynoldsheightspa,reynolds heights,pa,pennsylvania,38,pa
reynoldsvillepa,reynoldsville,pa,pennsylvania,38,pa
rheemspa,rheems,pa,pennsylvania,38,pa
richboropa,richboro,pa,pennsylvania,38,pa
richlandpa,richland,pa,pennsylvania,38,pa
richlandtownpa,richlandtown,pa,pennsylvania,38,pa
ridgwaypa,ridgway,pa,pennsylvania,38,pa
ridleyparkpa,ridley park,pa,pennsylvania,38,pa
riverviewparkpa,river view park,pa,pennsylvania,38,pa
riversidepa,riverside,pa,pennsylvania,38,pa
roaringspringpa,roaring spring,pa,pennsylvania,38,pa
robesoniapa,robesonia,pa,pennsylvania,38,pa
rochesterpa,rochester,pa,pennsylvania,38,pa
rockledgepa,rockledge,pa,pennsylvania,38,pa
rosetopa,roseto,pa,pennsylvania,38,pa
rothsvillepa,rothsville,pa,pennsylvania,38,pa
royaltonpa,royalton,pa,pennsylvania,38,pa
royersfordpa,royersford,pa,pennsylvania,38,pa
russellpa,russell,pa,pennsylvania,38,pa
russelltonpa,russellton,pa,pennsylvania,38,pa
rutherfordpa,rutherford,pa,pennsylvania,38,pa
saintclairpa,saint clair,pa,pennsylvania,38,pa
saintlawrencepa,saint lawrence,pa,pennsylvania,38,pa
saintmaryspa,saint marys,pa,pennsylvania,38,pa
salixpa,salix,pa,pennsylvania,38,pa
salungapa,salunga,pa,pennsylvania,38,pa
sanatogapa,sanatoga,pa,pennsylvania,38,pa
sandhillpa,sand hill,pa,pennsylvania,38,pa
sandypa,sandy,pa,pennsylvania,38,pa
sawcreekpa,saw creek,pa,pennsylvania,38,pa
saxonburgpa,saxonburg,pa,pennsylvania,38,pa
saylorsburgpa,saylorsburg,pa,pennsylvania,38,pa
sayrepa,sayre,pa,pennsylvania,38,pa
schlusserpa,schlusser,pa,pennsylvania,38,pa
schnecksvillepa,schnecksville,pa,pennsylvania,38,pa
schoeneckpa,schoeneck,pa,pennsylvania,38,pa
schuylkillcountypa,schuylkill county,pa,pennsylvania,38,pa
schuylkillhavenpa,schuylkill haven,pa,pennsylvania,38,pa
schwenksvillepa,schwenksville,pa,pennsylvania,38,pa
scotlandpa,scotland,pa,pennsylvania,38,pa
scottdalepa,scottdale,pa,pennsylvania,38,pa
scrantonpa,scranton,pa,pennsylvania,38,pa
selinsgrovepa,selinsgrove,pa,pennsylvania,38,pa
sellersvillepa,sellersville,pa,pennsylvania,38,pa
senecapa,seneca,pa,pennsylvania,38,pa
sevenfieldspa,seven fields,pa,pennsylvania,38,pa
sewickleypa,sewickley,pa,pennsylvania,38,pa
shamokinpa,shamokin,pa,pennsylvania,38,pa
shamokindampa,shamokin dam,pa,pennsylvania,38,pa
shanor-northvuepa,shanor-northvue,pa,pennsylvania,38,pa
sharonpa,sharon,pa,pennsylvania,38,pa
sharonhillpa,sharon hill,pa,pennsylvania,38,pa
sharpsburgpa,sharpsburg,pa,pennsylvania,38,pa
sharpsvillepa,sharpsville,pa,pennsylvania,38,pa
shavertownpa,shavertown,pa,pennsylvania,38,pa
sheffieldpa,sheffield,pa,pennsylvania,38,pa
shenandoahpa,shenandoah,pa,pennsylvania,38,pa
shenandoahheightspa,shenandoah heights,pa,pennsylvania,38,pa
shillingtonpa,shillington,pa,pennsylvania,38,pa
shilohpa,shiloh,pa,pennsylvania,38,pa
shinglehousepa,shinglehouse,pa,pennsylvania,38,pa
shippensburgpa,shippensburg,pa,pennsylvania,38,pa
shiremanstownpa,shiremanstown,pa,pennsylvania,38,pa
shoemakersvillepa,shoemakersville,pa,pennsylvania,38,pa
shrewsburypa,shrewsbury,pa,pennsylvania,38,pa
sierraviewpa,sierra view,pa,pennsylvania,38,pa
simpsonpa,simpson,pa,pennsylvania,38,pa
sinkingspringpa,sinking spring,pa,pennsylvania,38,pa
skippackpa,skippack,pa,pennsylvania,38,pa
skylineviewpa,skyline view,pa,pennsylvania,38,pa
slatingtonpa,slatington,pa,pennsylvania,38,pa
slipperyrockpa,slippery rock,pa,pennsylvania,38,pa
smethportpa,smethport,pa,pennsylvania,38,pa
snydercountypa,snyder county,pa,pennsylvania,38,pa
somersetpa,somerset,pa,pennsylvania,38,pa
somersetcountypa,somerset county,pa,pennsylvania,38,pa
soudertonpa,souderton,pa,pennsylvania,38,pa
southcoatesvillepa,south coatesville,pa,pennsylvania,38,pa
southconnellsvillepa,south connellsville,pa,pennsylvania,38,pa
southgreensburgpa,south greensburg,pa,pennsylvania,38,pa
southparktownshippa,south park township,pa,pennsylvania,38,pa
southpottstownpa,south pottstown,pa,pennsylvania,38,pa
southtemplepa,south temple,pa,pennsylvania,38,pa
southuniontownpa,south uniontown,pa,pennsylvania,38,pa
southwaverlypa,south waverly,pa,pennsylvania,38,pa
southwilliamsportpa,south williamsport,pa,pennsylvania,38,pa
southmontpa,southmont,pa,pennsylvania,38,pa
southwestgreensburgpa,southwest greensburg,pa,pennsylvania,38,pa
spanglerpa,spangler,pa,pennsylvania,38,pa
speerspa,speers,pa,pennsylvania,38,pa
spinnerstownpa,spinnerstown,pa,pennsylvania,38,pa
springcitypa,spring city,pa,pennsylvania,38,pa
springgrovepa,spring grove,pa,pennsylvania,38,pa
springhousepa,spring house,pa,pennsylvania,38,pa
springmountpa,spring mount,pa,pennsylvania,38,pa
springridgepa,spring ridge,pa,pennsylvania,38,pa
springdalepa,springdale,pa,pennsylvania,38,pa
springfieldpa,springfield,pa,pennsylvania,38,pa
sprypa,spry,pa,pennsylvania,38,pa
statecollegepa,state college,pa,pennsylvania,38,pa
statelinepa,state line,pa,pennsylvania,38,pa
steeltonpa,steelton,pa,pennsylvania,38,pa
stewartstownpa,stewartstown,pa,pennsylvania,38,pa
stilespa,stiles,pa,pennsylvania,38,pa
stoneboropa,stoneboro,pa,pennsylvania,38,pa
stonycreekmillspa,stony creek mills,pa,pennsylvania,38,pa
stonybrookpa,stonybrook,pa,pennsylvania,38,pa
stormstownpa,stormstown,pa,pennsylvania,38,pa
stowepa,stowe,pa,pennsylvania,38,pa
strasburgpa,strasburg,pa,pennsylvania,38,pa
stroudsburgpa,stroudsburg,pa,pennsylvania,38,pa
sturgeonpa,sturgeon,pa,pennsylvania,38,pa
sugarcreekpa,sugarcreek,pa,pennsylvania,38,pa
sullivancountypa,sullivan county,pa,pennsylvania,38,pa
summithillpa,summit hill,pa,pennsylvania,38,pa
sunvalleypa,sun valley,pa,pennsylvania,38,pa
sunburypa,sunbury,pa,pennsylvania,38,pa
sunriselakepa,sunrise lake,pa,pennsylvania,38,pa
susquehannapa,susquehanna,pa,pennsylvania,38,pa
susquehannacountypa,susquehanna county,pa,pennsylvania,38,pa
susquehannatrailspa,susquehanna trails,pa,pennsylvania,38,pa
swarthmorepa,swarthmore,pa,pennsylvania,38,pa
swartzvillepa,swartzville,pa,pennsylvania,38,pa
swissvalepa,swissvale,pa,pennsylvania,38,pa
swoyersvillepa,swoyersville,pa,pennsylvania,38,pa
sykesvillepa,sykesville,pa,pennsylvania,38,pa
taconypa,tacony,pa,pennsylvania,38,pa
tamaquapa,tamaqua,pa,pennsylvania,38,pa
tannersvillepa,tannersville,pa,pennsylvania,38,pa
tarentumpa,tarentum,pa,pennsylvania,38,pa
tatamypa,tatamy,pa,pennsylvania,38,pa
taylorpa,taylor,pa,pennsylvania,38,pa
telfordpa,telford,pa,pennsylvania,38,pa
templepa,temple,pa,pennsylvania,38,pa
terrehillpa,terre hill,pa,pennsylvania,38,pa
thehideoutpa,the hideout,pa,pennsylvania,38,pa
thompsonvillepa,thompsonville,pa,pennsylvania,38,pa
thorndalepa,thorndale,pa,pennsylvania,38,pa
throoppa,throop,pa,pennsylvania,38,pa
tinicumpa,tinicum,pa,pennsylvania,38,pa
tiogacountypa,tioga county,pa,pennsylvania,38,pa
tionestapa,tionesta,pa,pennsylvania,38,pa
tiptonpa,tipton,pa,pennsylvania,38,pa
titusvillepa,titusville,pa,pennsylvania,38,pa
toftreespa,toftrees,pa,pennsylvania,38,pa
toptonpa,topton,pa,pennsylvania,38,pa
toughkenamonpa,toughkenamon,pa,pennsylvania,38,pa
towamensingtrailspa,towamensing trails,pa,pennsylvania,38,pa
towandapa,towanda,pa,pennsylvania,38,pa
towercitypa,tower city,pa,pennsylvania,38,pa
traffordpa,trafford,pa,pennsylvania,38,pa
trainerpa,trainer,pa,pennsylvania,38,pa
trappepa,trappe,pa,pennsylvania,38,pa
treasurelakepa,treasure lake,pa,pennsylvania,38,pa
tremontpa,tremont,pa,pennsylvania,38,pa
trevortonpa,trevorton,pa,pennsylvania,38,pa
trevosepa,trevose,pa,pennsylvania,38,pa
trexlertownpa,trexlertown,pa,pennsylvania,38,pa
trooperpa,trooper,pa,pennsylvania,38,pa
troypa,troy,pa,pennsylvania,38,pa
trucksvillepa,trucksville,pa,pennsylvania,38,pa
tullytownpa,tullytown,pa,pennsylvania,38,pa
tunkhannockpa,tunkhannock,pa,pennsylvania,38,pa
turtlecreekpa,turtle creek,pa,pennsylvania,38,pa
tyronepa,tyrone,pa,pennsylvania,38,pa
unioncitypa,union city,pa,pennsylvania,38,pa
unioncountypa,union county,pa,pennsylvania,38,pa
uniontownpa,uniontown,pa,pennsylvania,38,pa
uplandpa,upland,pa,pennsylvania,38,pa
uppersaintclairpa,upper saint clair,pa,pennsylvania,38,pa
valleygreenpa,valley green,pa,pennsylvania,38,pa
valleyviewpa,valley view,pa,pennsylvania,38,pa
vandergriftpa,vandergrift,pa,pennsylvania,38,pa
venangocountypa,venango county,pa,pennsylvania,38,pa
veronapa,verona,pa,pennsylvania,38,pa
versaillespa,versailles,pa,pennsylvania,38,pa
villagegreen-greenridgepa,village green-green ridge,pa,pennsylvania,38,pa
villageshirespa,village shires,pa,pennsylvania,38,pa
vincopa,vinco,pa,pennsylvania,38,pa
wallenpaupacklakeestatespa,wallenpaupack lake estates,pa,pennsylvania,38,pa
walnutportpa,walnutport,pa,pennsylvania,38,pa
warminsterheightspa,warminster heights,pa,pennsylvania,38,pa
warrenpa,warren,pa,pennsylvania,38,pa
warrencountypa,warren county,pa,pennsylvania,38,pa
washingtonpa,washington,pa,pennsylvania,38,pa
washingtoncountypa,washington county,pa,pennsylvania,38,pa
waterfordpa,waterford,pa,pennsylvania,38,pa
watsontownpa,watsontown,pa,pennsylvania,38,pa
waymartpa,waymart,pa,pennsylvania,38,pa
waynepa,wayne,pa,pennsylvania,38,pa
waynecountypa,wayne county,pa,pennsylvania,38,pa
wayneheightspa,wayne heights,pa,pennsylvania,38,pa
waynesboropa,waynesboro,pa,pennsylvania,38,pa
waynesburgpa,waynesburg,pa,pennsylvania,38,pa
weatherlypa,weatherly,pa,pennsylvania,38,pa
weigelstownpa,weigelstown,pa,pennsylvania,38,pa
weissporteastpa,weissport east,pa,pennsylvania,38,pa
wellsboropa,wellsboro,pa,pennsylvania,38,pa
wernersvillepa,wernersville,pa,pennsylvania,38,pa
wescosvillepa,wescosville,pa,pennsylvania,38,pa
wesleyvillepa,wesleyville,pa,pennsylvania,38,pa
westchesterpa,west chester,pa,pennsylvania,38,pa
westconshohockenpa,west conshohocken,pa,pennsylvania,38,pa
westeastonpa,west easton,pa,pennsylvania,38,pa
westfairviewpa,west fairview,pa,pennsylvania,38,pa
westgrovepa,west grove,pa,pennsylvania,38,pa
westhamburgpa,west hamburg,pa,pennsylvania,38,pa
westhazletonpa,west hazleton,pa,pennsylvania,38,pa
westhillspa,west hills,pa,pennsylvania,38,pa
westhomesteadpa,west homestead,pa,pennsylvania,38,pa
westkittanningpa,west kittanning,pa,pennsylvania,38,pa
westlawnpa,west lawn,pa,pennsylvania,38,pa
westleechburgpa,west leechburg,pa,pennsylvania,38,pa
westmayfieldpa,west mayfield,pa,pennsylvania,38,pa
westmifflinpa,west mifflin,pa,pennsylvania,38,pa
westnewtonpa,west newton,pa,pennsylvania,38,pa
westnorritonpa,west norriton,pa,pennsylvania,38,pa
westpittstonpa,west pittston,pa,pennsylvania,38,pa
westreadingpa,west reading,pa,pennsylvania,38,pa
westviewpa,west view,pa,pennsylvania,38,pa
westwyomingpa,west wyoming,pa,pennsylvania,38,pa
westwyomissingpa,west wyomissing,pa,pennsylvania,38,pa
westyorkpa,west york,pa,pennsylvania,38,pa
westfieldpa,westfield,pa,pennsylvania,38,pa
westmontpa,westmont,pa,pennsylvania,38,pa
westmorelandcountypa,westmoreland county,pa,pennsylvania,38,pa
whartonpa,wharton,pa,pennsylvania,38,pa
whitakerpa,whitaker,pa,pennsylvania,38,pa
whitehavenpa,white haven,pa,pennsylvania,38,pa
whiteoakpa,white oak,pa,pennsylvania,38,pa
whitehallpa,whitehall,pa,pennsylvania,38,pa
whitehalltownshippa,whitehall township,pa,pennsylvania,38,pa
whitfieldpa,whitfield,pa,pennsylvania,38,pa
whitmanpa,whitman,pa,pennsylvania,38,pa
wickerhammanor-fisherpa,wickerham manor-fisher,pa,pennsylvania,38,pa
wilkes-barrepa,wilkes-barre,pa,pennsylvania,38,pa
wilkinsburgpa,wilkinsburg,pa,pennsylvania,38,pa
williamsburgpa,williamsburg,pa,pennsylvania,38,pa
williamsportpa,williamsport,pa,pennsylvania,38,pa
williamstownpa,williamstown,pa,pennsylvania,38,pa
willowgrovepa,willow grove,pa,pennsylvania,38,pa
willowstreetpa,willow street,pa,pennsylvania,38,pa
wilmerdingpa,wilmerding,pa,pennsylvania,38,pa
wilsonpa,wilson,pa,pennsylvania,38,pa
windgappa,wind gap,pa,pennsylvania,38,pa
windberpa,windber,pa,pennsylvania,38,pa
windsorpa,windsor,pa,pennsylvania,38,pa
wolfdalepa,wolfdale,pa,pennsylvania,38,pa
womelsdorfpa,womelsdorf,pa,pennsylvania,38,pa
woodbournepa,woodbourne,pa,pennsylvania,38,pa
woodlandheightspa,woodland heights,pa,pennsylvania,38,pa
woodlynpa,woodlyn,pa,pennsylvania,38,pa
woodsidepa,woodside,pa,pennsylvania,38,pa
wormleysburgpa,wormleysburg,pa,pennsylvania,38,pa
woxallpa,woxall,pa,pennsylvania,38,pa
wrightsvillepa,wrightsville,pa,pennsylvania,38,pa
wyncotepa,wyncote,pa,pennsylvania,38,pa
wyndmoorpa,wyndmoor,pa,pennsylvania,38,pa
wyomingpa,wyoming,pa,pennsylvania,38,pa
wyomingcountypa,wyoming county,pa,pennsylvania,38,pa
wyomissingpa,wyomissing,pa,pennsylvania,38,pa
wyomissinghillspa,wyomissing hills,pa,pennsylvania,38,pa
yardleypa,yardley,pa,pennsylvania,38,pa
yeadonpa,yeadon,pa,pennsylvania,38,pa
yeagertownpa,yeagertown,pa,pennsylvania,38,pa
yoepa,yoe,pa,pennsylvania,38,pa
yorkpa,york,pa,pennsylvania,38,pa
yorkcountypa,york county,pa,pennsylvania,38,pa
yorklynpa,yorklyn,pa,pennsylvania,38,pa
youngsvillepa,youngsville,pa,pennsylvania,38,pa
youngwoodpa,youngwood,pa,pennsylvania,38,pa
zelienoplepa,zelienople,pa,pennsylvania,38,pa
zionpa,zion,pa,pennsylvania,38,pa
adjuntaspr,adjuntas,pr,puerto rico,39,pr
aguadapr,aguada,pr,puerto rico,39,pr
aguadillapr,aguadilla,pr,puerto rico,39,pr
aguasbuenaspr,aguas buenas,pr,puerto rico,39,pr
aguasclaraspr,aguas claras,pr,puerto rico,39,pr
aguilitapr,aguilita,pr,puerto rico,39,pr
aibonitopr,aibonito,pr,puerto rico,39,pr
animaspr,animas,pr,puerto rico,39,pr
antónruizpr,antón ruiz,pr,puerto rico,39,pr
arecibopr,arecibo,pr,puerto rico,39,pr
arroyopr,arroyo,pr,puerto rico,39,pr
añascopr,añasco,pr,puerto rico,39,pr
bairoapr,bairoa,pr,puerto rico,39,pr
bajaderopr,bajadero,pr,puerto rico,39,pr
bajandaspr,bajandas,pr,puerto rico,39,pr
barahonapr,barahona,pr,puerto rico,39,pr
barcelonetapr,barceloneta,pr,puerto rico,39,pr
barranquitaspr,barranquitas,pr,puerto rico,39,pr
bartolopr,bartolo,pr,puerto rico,39,pr
bayamonpr,bayamon,pr,puerto rico,39,pr
benitezpr,benitez,pr,puerto rico,39,pr
betancespr,betances,pr,puerto rico,39,pr
boqueronpr,boqueron,pr,puerto rico,39,pr
"boquerón,caborojopr","boquerón, cabo rojo",pr,puerto rico,39,pr
brenaspr,brenas,pr,puerto rico,39,pr
buenavistapr,buena vista,pr,puerto rico,39,pr
bufalopr,bufalo,pr,puerto rico,39,pr
cabanpr,caban,pr,puerto rico,39,pr
caborojopr,cabo rojo,pr,puerto rico,39,pr
caborojomunicipiopr,cabo rojo municipio,pr,puerto rico,39,pr
cacaopr,cacao,pr,puerto rico,39,pr
caguaspr,caguas,pr,puerto rico,39,pr
campanillapr,campanilla,pr,puerto rico,39,pr
camporicopr,campo rico,pr,puerto rico,39,pr
camuypr,camuy,pr,puerto rico,39,pr
candelariapr,candelaria,pr,puerto rico,39,pr
candelariaarenaspr,candelaria arenas,pr,puerto rico,39,pr
candeleroarribapr,candelero arriba,pr,puerto rico,39,pr
canóvanaspr,canóvanas,pr,puerto rico,39,pr
capitanejopr,capitanejo,pr,puerto rico,39,pr
carolinapr,carolina,pr,puerto rico,39,pr
carrizalespr,carrizales,pr,puerto rico,39,pr
catañopr,cataño,pr,puerto rico,39,pr
cayeypr,cayey,pr,puerto rico,39,pr
cayucopr,cayuco,pr,puerto rico,39,pr
ceibapr,ceiba,pr,puerto rico,39,pr
ceibamunicipiopr,ceiba municipio,pr,puerto rico,39,pr
celadapr,celada,pr,puerto rico,39,pr
centralaguirrepr,central aguirre,pr,puerto rico,39,pr
cialespr,ciales,pr,puerto rico,39,pr
cialesmunicipiopr,ciales municipio,pr,puerto rico,39,pr
cidrapr,cidra,pr,puerto rico,39,pr
coamopr,coamo,pr,puerto rico,39,pr
cocopr,coco,pr,puerto rico,39,pr
comeríopr,comerío,pr,puerto rico,39,pr
comeríomunicipiopr,comerío municipio,pr,puerto rico,39,pr
comunaspr,comunas,pr,puerto rico,39,pr
coquípr,coquí,pr,puerto rico,39,pr
corazónpr,corazón,pr,puerto rico,39,pr
corcovadopr,corcovado,pr,puerto rico,39,pr
corozalpr,corozal,pr,puerto rico,39,pr
corozalmunicipiopr,corozal municipio,pr,puerto rico,39,pr
cotolaurelpr,coto laurel,pr,puerto rico,39,pr
cotonortepr,coto norte,pr,puerto rico,39,pr
culebrapr,culebra,pr,puerto rico,39,pr
culebrabarrio-pueblopr,culebra barrio-pueblo,pr,puerto rico,39,pr
daguaopr,daguao,pr,puerto rico,39,pr
doradopr,dorado,pr,puerto rico,39,pr
doradomunicipiopr,dorado municipio,pr,puerto rico,39,pr
elmangópr,el mangó,pr,puerto rico,39,pr
elnegropr,el negro,pr,puerto rico,39,pr
elojopr,el ojo,pr,puerto rico,39,pr
emajaguapr,emajagua,pr,puerto rico,39,pr
esperanzapr,esperanza,pr,puerto rico,39,pr
espinopr,espino,pr,puerto rico,39,pr
estanciasdefloridapr,estancias de florida,pr,puerto rico,39,pr
fajardopr,fajardo,pr,puerto rico,39,pr
fajardomunicipiopr,fajardo municipio,pr,puerto rico,39,pr
floridapr,florida,pr,puerto rico,39,pr
franquezpr,franquez,pr,puerto rico,39,pr
fuigpr,fuig,pr,puerto rico,39,pr
g.l.garciapr,g. l. garcia,pr,puerto rico,39,pr
galateopr,galateo,pr,puerto rico,39,pr
garrochalespr,garrochales,pr,puerto rico,39,pr
guayabalpr,guayabal,pr,puerto rico,39,pr
guayamapr,guayama,pr,puerto rico,39,pr
guayamamunicipiopr,guayama municipio,pr,puerto rico,39,pr
guayanillapr,guayanilla,pr,puerto rico,39,pr
guaynabopr,guaynabo,pr,puerto rico,39,pr
gurabopr,gurabo,pr,puerto rico,39,pr
gurabomunicipiopr,gurabo municipio,pr,puerto rico,39,pr
guánicapr,guánica,pr,puerto rico,39,pr
guánicamunicipiopr,guánica municipio,pr,puerto rico,39,pr
h.riveracolonpr,h. rivera colon,pr,puerto rico,39,pr
hatillopr,hatillo,pr,puerto rico,39,pr
hatillomunicipiopr,hatillo municipio,pr,puerto rico,39,pr
hatoarribapr,hato arriba,pr,puerto rico,39,pr
hatocandalpr,hato candal,pr,puerto rico,39,pr
hormiguerospr,hormigueros,pr,puerto rico,39,pr
hormiguerosmunicipiopr,hormigueros municipio,pr,puerto rico,39,pr
humacaopr,humacao,pr,puerto rico,39,pr
imberypr,imbery,pr,puerto rico,39,pr
indiospr,indios,pr,puerto rico,39,pr
ingeniopr,ingenio,pr,puerto rico,39,pr
isabelsegundapr,isabel segunda,pr,puerto rico,39,pr
isabelapr,isabela,pr,puerto rico,39,pr
jagualpr,jagual,pr,puerto rico,39,pr
jaucapr,jauca,pr,puerto rico,39,pr
jayuyapr,jayuya,pr,puerto rico,39,pr
jobospr,jobos,pr,puerto rico,39,pr
juanadíazpr,juana díaz,pr,puerto rico,39,pr
juanadíazmunicipiopr,juana díaz municipio,pr,puerto rico,39,pr
juncalpr,juncal,pr,puerto rico,39,pr
juncospr,juncos,pr,puerto rico,39,pr
laalianzapr,la alianza,pr,puerto rico,39,pr
ladolorespr,la dolores,pr,puerto rico,39,pr
laferminapr,la fermina,pr,puerto rico,39,pr
laluisapr,la luisa,pr,puerto rico,39,pr
laparguerapr,la parguera,pr,puerto rico,39,pr
laplayapr,la playa,pr,puerto rico,39,pr
laplenapr,la plena,pr,puerto rico,39,pr
lajaspr,lajas,pr,puerto rico,39,pr
lajasmunicipiopr,lajas municipio,pr,puerto rico,39,pr
lambogliapr,lamboglia,pr,puerto rico,39,pr
larespr,lares,pr,puerto rico,39,pr
lasmariaspr,las marias,pr,puerto rico,39,pr
lasmaríasmunicipiopr,las marías municipio,pr,puerto rico,39,pr
lasochentapr,las ochenta,pr,puerto rico,39,pr
lasollaspr,las ollas,pr,puerto rico,39,pr
laspiedraspr,las piedras,pr,puerto rico,39,pr
laspiedrasmunicipiopr,las piedras municipio,pr,puerto rico,39,pr
levittownpr,levittown,pr,puerto rico,39,pr
liborionegrontorrespr,liborio negron torres,pr,puerto rico,39,pr
lluveraspr,lluveras,pr,puerto rico,39,pr
lomaspr,lomas,pr,puerto rico,39,pr
losllanospr,los llanos,pr,puerto rico,39,pr
loízapr,loíza,pr,puerto rico,39,pr
luisllorénstorrespr,luis lloréns torres,pr,puerto rico,39,pr
luism.cintronpr,luis m. cintron,pr,puerto rico,39,pr
luquillopr,luquillo,pr,puerto rico,39,pr
luquillomunicipiopr,luquillo municipio,pr,puerto rico,39,pr
luyandopr,luyando,pr,puerto rico,39,pr
magasarribapr,magas arriba,pr,puerto rico,39,pr
manatípr,manatí,pr,puerto rico,39,pr
mariaantoniapr,maria antonia,pr,puerto rico,39,pr
marianocolónpr,mariano colón,pr,puerto rico,39,pr
maricaopr,maricao,pr,puerto rico,39,pr
maricaomunicipiopr,maricao municipio,pr,puerto rico,39,pr
martorellpr,martorell,pr,puerto rico,39,pr
marueñopr,marueño,pr,puerto rico,39,pr
maunabopr,maunabo,pr,puerto rico,39,pr
maunabomunicipiopr,maunabo municipio,pr,puerto rico,39,pr
mayagüezpr,mayagüez,pr,puerto rico,39,pr
mirandapr,miranda,pr,puerto rico,39,pr
mocapr,moca,pr,puerto rico,39,pr
mocamunicipiopr,moca municipio,pr,puerto rico,39,pr
monserratepr,monserrate,pr,puerto rico,39,pr
montegrandepr,monte grande,pr,puerto rico,39,pr
morapr,mora,pr,puerto rico,39,pr
morovispr,morovis,pr,puerto rico,39,pr
mucarabonespr,mucarabones,pr,puerto rico,39,pr
naguabopr,naguabo,pr,puerto rico,39,pr
naguabomunicipiopr,naguabo municipio,pr,puerto rico,39,pr
naranjitopr,naranjito,pr,puerto rico,39,pr
naranjitomunicipiopr,naranjito municipio,pr,puerto rico,39,pr
olimpopr,olimpo,pr,puerto rico,39,pr
orocovispr,orocovis,pr,puerto rico,39,pr
orocovismunicipiopr,orocovis municipio,pr,puerto rico,39,pr
pajonalpr,pajonal,pr,puerto rico,39,pr
palmarejopr,palmarejo,pr,puerto rico,39,pr
palmaspr,palmas,pr,puerto rico,39,pr
palmerpr,palmer,pr,puerto rico,39,pr
palosecopr,palo seco,pr,puerto rico,39,pr
palomaspr,palomas,pr,puerto rico,39,pr
parcelaslamilagrosapr,parcelas la milagrosa,pr,puerto rico,39,pr
parcelasnuevaspr,parcelas nuevas,pr,puerto rico,39,pr
parcelaspeñuelaspr,parcelas peñuelas,pr,puerto rico,39,pr
pastospr,pastos,pr,puerto rico,39,pr
patillaspr,patillas,pr,puerto rico,39,pr
patillasmunicipiopr,patillas municipio,pr,puerto rico,39,pr
peñapobrepr,peña pobre,pr,puerto rico,39,pr
peñuelaspr,peñuelas,pr,puerto rico,39,pr
piedragordapr,piedra gorda,pr,puerto rico,39,pr
playafortunapr,playa fortuna,pr,puerto rico,39,pr
playitapr,playita,pr,puerto rico,39,pr
playitacortadapr,playita cortada,pr,puerto rico,39,pr
poleojeapr,pole ojea,pr,puerto rico,39,pr
poncepr,ponce,pr,puerto rico,39,pr
potalapastillopr,potala pastillo,pr,puerto rico,39,pr
pueblitodelriopr,pueblito del rio,pr,puerto rico,39,pr
puertorealpr,puerto real,pr,puerto rico,39,pr
puntasantiagopr,punta santiago,pr,puerto rico,39,pr
pájarospr,pájaros,pr,puerto rico,39,pr
quebradapr,quebrada,pr,puerto rico,39,pr
quebradillaspr,quebradillas,pr,puerto rico,39,pr
quebradillasmunicipiopr,quebradillas municipio,pr,puerto rico,39,pr
rafaelcapopr,rafael capo,pr,puerto rico,39,pr
rafaelgonzalezpr,rafael gonzalez,pr,puerto rico,39,pr
rafaelhernandezpr,rafael hernandez,pr,puerto rico,39,pr
ramospr,ramos,pr,puerto rico,39,pr
rincónpr,rincón,pr,puerto rico,39,pr
rincónmunicipiopr,rincón municipio,pr,puerto rico,39,pr
riolajaspr,rio lajas,pr,puerto rico,39,pr
rosasanchezpr,rosa sanchez,pr,puerto rico,39,pr
ríoblancopr,río blanco,pr,puerto rico,39,pr
ríocañasabajopr,río cañas abajo,pr,puerto rico,39,pr
ríograndepr,río grande,pr,puerto rico,39,pr
ríograndemunicipiopr,río grande municipio,pr,puerto rico,39,pr
ríopiedraspr,río piedras,pr,puerto rico,39,pr
sabanapr,sabana,pr,puerto rico,39,pr
sabanaeneaspr,sabana eneas,pr,puerto rico,39,pr
sabanagrandepr,sabana grande,pr,puerto rico,39,pr
sabanagrandemunicipiopr,sabana grande municipio,pr,puerto rico,39,pr
sabanahoyospr,sabana hoyos,pr,puerto rico,39,pr
sabanasecapr,sabana seca,pr,puerto rico,39,pr
salinaspr,salinas,pr,puerto rico,39,pr
sanantoniopr,san antonio,pr,puerto rico,39,pr
sangermánmunicipiopr,san germán municipio,pr,puerto rico,39,pr
sanisidropr,san isidro,pr,puerto rico,39,pr
sanjosépr,san josé,pr,puerto rico,39,pr
sanjuanpr,san juan,pr,puerto rico,39,pr
sanlorenzopr,san lorenzo,pr,puerto rico,39,pr
sansebastiánpr,san sebastián,pr,puerto rico,39,pr
santabarbarapr,santa barbara,pr,puerto rico,39,pr
santaclarapr,santa clara,pr,puerto rico,39,pr
santaisabelpr,santa isabel,pr,puerto rico,39,pr
santaisabelmunicipiopr,santa isabel municipio,pr,puerto rico,39,pr
santodomingopr,santo domingo,pr,puerto rico,39,pr
santurcepr,santurce,pr,puerto rico,39,pr
stellapr,stella,pr,puerto rico,39,pr
sumideropr,sumidero,pr,puerto rico,39,pr
suárezpr,suárez,pr,puerto rico,39,pr
tallaboapr,tallaboa,pr,puerto rico,39,pr
tallaboaaltapr,tallaboa alta,pr,puerto rico,39,pr
tiburonespr,tiburones,pr,puerto rico,39,pr
tierrasnuevasponientepr,tierras nuevas poniente,pr,puerto rico,39,pr
toaaltapr,toa alta,pr,puerto rico,39,pr
toaaltamunicipiopr,toa alta municipio,pr,puerto rico,39,pr
toabajapr,toa baja,pr,puerto rico,39,pr
trujilloaltopr,trujillo alto,pr,puerto rico,39,pr
trujilloaltomunicipiopr,trujillo alto municipio,pr,puerto rico,39,pr
utuadopr,utuado,pr,puerto rico,39,pr
utuadobarrio-pueblopr,utuado barrio-pueblo,pr,puerto rico,39,pr
vegaaltapr,vega alta,pr,puerto rico,39,pr
vegaaltamunicipiopr,vega alta municipio,pr,puerto rico,39,pr
vegabajapr,vega baja,pr,puerto rico,39,pr
viequespr,vieques,pr,puerto rico,39,pr
viequesmunicipalitypr,vieques municipality,pr,puerto rico,39,pr
villalbapr,villalba,pr,puerto rico,39,pr
villalbamunicipiopr,villalba municipio,pr,puerto rico,39,pr
vázquezpr,vázquez,pr,puerto rico,39,pr
yabucoapr,yabucoa,pr,puerto rico,39,pr
yabucoamunicipiopr,yabucoa municipio,pr,puerto rico,39,pr
yaucopr,yauco,pr,puerto rico,39,pr
yaurelpr,yaurel,pr,puerto rico,39,pr
ashawayri,ashaway,ri,rhode island,40,ri
barringtonri,barrington,ri,rhode island,40,ri
bradfordri,bradford,ri,rhode island,40,ri
bristolri,bristol,ri,rhode island,40,ri
bristolcountyri,bristol county,ri,rhode island,40,ri
centralfallsri,central falls,ri,rhode island,40,ri
charlestownri,charlestown,ri,rhode island,40,ri
chepachetri,chepachet,ri,rhode island,40,ri
coventryri,coventry,ri,rhode island,40,ri
cranstonri,cranston,ri,rhode island,40,ri
cumberlandri,cumberland,ri,rhode island,40,ri
cumberlandhillri,cumberland hill,ri,rhode island,40,ri
eastgreenwichri,east greenwich,ri,rhode island,40,ri
eastprovidenceri,east providence,ri,rhode island,40,ri
exeterri,exeter,ri,rhode island,40,ri
fosterri,foster,ri,rhode island,40,ri
greenvilleri,greenville,ri,rhode island,40,ri
harrisvilleri,harrisville,ri,rhode island,40,ri
hopevalleyri,hope valley,ri,rhode island,40,ri
hopkintonri,hopkinton,ri,rhode island,40,ri
jamestownri,jamestown,ri,rhode island,40,ri
johnstonri,johnston,ri,rhode island,40,ri
kentcountyri,kent county,ri,rhode island,40,ri
kingstonri,kingston,ri,rhode island,40,ri
lincolnri,lincoln,ri,rhode island,40,ri
melvilleri,melville,ri,rhode island,40,ri
middletownri,middletown,ri,rhode island,40,ri
narragansettri,narragansett,ri,rhode island,40,ri
narragansettpierri,narragansett pier,ri,rhode island,40,ri
newshorehamri,new shoreham,ri,rhode island,40,ri
newportri,newport,ri,rhode island,40,ri
newportcountyri,newport county,ri,rhode island,40,ri
newporteastri,newport east,ri,rhode island,40,ri
northkingstownri,north kingstown,ri,rhode island,40,ri
northprovidenceri,north providence,ri,rhode island,40,ri
northscituateri,north scituate,ri,rhode island,40,ri
northsmithfieldri,north smithfield,ri,rhode island,40,ri
pascoagri,pascoag,ri,rhode island,40,ri
pawtucketri,pawtucket,ri,rhode island,40,ri
portsmouthri,portsmouth,ri,rhode island,40,ri
providenceri,providence,ri,rhode island,40,ri
providencecountyri,providence county,ri,rhode island,40,ri
smithfieldri,smithfield,ri,rhode island,40,ri
southkingstownri,south kingstown,ri,rhode island,40,ri
tivertonri,tiverton,ri,rhode island,40,ri
valleyfallsri,valley falls,ri,rhode island,40,ri
wakefield-peacedaleri,wakefield-peacedale,ri,rhode island,40,ri
warrenri,warren,ri,rhode island,40,ri
warwickri,warwick,ri,rhode island,40,ri
washingtoncountyri,washington county,ri,rhode island,40,ri
westgreenwichri,west greenwich,ri,rhode island,40,ri
westwarwickri,west warwick,ri,rhode island,40,ri
westerlyri,westerly,ri,rhode island,40,ri
woonsocketri,woonsocket,ri,rhode island,40,ri
abbevillesc,abbeville,sc,south carolina,41,sc
abbevillecountysc,abbeville county,sc,south carolina,41,sc
aikensc,aiken,sc,south carolina,41,sc
aikencountysc,aiken county,sc,south carolina,41,sc
allendalesc,allendale,sc,south carolina,41,sc
allendalecountysc,allendale county,sc,south carolina,41,sc
andersonsc,anderson,sc,south carolina,41,sc
andersoncountysc,anderson county,sc,south carolina,41,sc
andrewssc,andrews,sc,south carolina,41,sc
arcadiasc,arcadia,sc,south carolina,41,sc
arialsc,arial,sc,south carolina,41,sc
awendawsc,awendaw,sc,south carolina,41,sc
bambergsc,bamberg,sc,south carolina,41,sc
bambergcountysc,bamberg county,sc,south carolina,41,sc
barnwellsc,barnwell,sc,south carolina,41,sc
barnwellcountysc,barnwell county,sc,south carolina,41,sc
batesburgsc,batesburg,sc,south carolina,41,sc
batesburg-leesvillesc,batesburg-leesville,sc,south carolina,41,sc
beaufortsc,beaufort,sc,south carolina,41,sc
beaufortcountysc,beaufort county,sc,south carolina,41,sc
beltonsc,belton,sc,south carolina,41,sc
belvederesc,belvedere,sc,south carolina,41,sc
bennettsvillesc,bennettsville,sc,south carolina,41,sc
bereasc,berea,sc,south carolina,41,sc
berkeleycountysc,berkeley county,sc,south carolina,41,sc
bishopvillesc,bishopville,sc,south carolina,41,sc
blacksburgsc,blacksburg,sc,south carolina,41,sc
blackvillesc,blackville,sc,south carolina,41,sc
blufftonsc,bluffton,sc,south carolina,41,sc
blythewoodsc,blythewood,sc,south carolina,41,sc
boilingspringssc,boiling springs,sc,south carolina,41,sc
bonneaubeachsc,bonneau beach,sc,south carolina,41,sc
brookdalesc,brookdale,sc,south carolina,41,sc
buffalosc,buffalo,sc,south carolina,41,sc
burnettownsc,burnettown,sc,south carolina,41,sc
burtonsc,burton,sc,south carolina,41,sc
calhouncountysc,calhoun county,sc,south carolina,41,sc
calhounfallssc,calhoun falls,sc,south carolina,41,sc
camdensc,camden,sc,south carolina,41,sc
canesavannahsc,cane savannah,sc,south carolina,41,sc
catawbasc,catawba,sc,south carolina,41,sc
caycesc,cayce,sc,south carolina,41,sc
centervillesc,centerville,sc,south carolina,41,sc
centralsc,central,sc,south carolina,41,sc
chapinsc,chapin,sc,south carolina,41,sc
charlestonsc,charleston,sc,south carolina,41,sc
charlestoncountysc,charleston county,sc,south carolina,41,sc
cherawsc,cheraw,sc,south carolina,41,sc
cherokeecountysc,cherokee county,sc,south carolina,41,sc
cherryvalesc,cherryvale,sc,south carolina,41,sc
chestersc,chester,sc,south carolina,41,sc
chestercountysc,chester county,sc,south carolina,41,sc
chesterfieldsc,chesterfield,sc,south carolina,41,sc
chesterfieldcountysc,chesterfield county,sc,south carolina,41,sc
cityviewsc,city view,sc,south carolina,41,sc
clarendoncountysc,clarendon county,sc,south carolina,41,sc
clearwatersc,clearwater,sc,south carolina,41,sc
clemsonsc,clemson,sc,south carolina,41,sc
clintonsc,clinton,sc,south carolina,41,sc
cloversc,clover,sc,south carolina,41,sc
colletoncountysc,colleton county,sc,south carolina,41,sc
columbiasc,columbia,sc,south carolina,41,sc
conwaysc,conway,sc,south carolina,41,sc
cowpenssc,cowpens,sc,south carolina,41,sc
dalzellsc,dalzell,sc,south carolina,41,sc
darlingtonsc,darlington,sc,south carolina,41,sc
darlingtoncountysc,darlington county,sc,south carolina,41,sc
denmarksc,denmark,sc,south carolina,41,sc
dentsvillesc,dentsville,sc,south carolina,41,sc
dillonsc,dillon,sc,south carolina,41,sc
dilloncountysc,dillon county,sc,south carolina,41,sc
dorchestercountysc,dorchester county,sc,south carolina,41,sc
duewestsc,due west,sc,south carolina,41,sc
duncansc,duncan,sc,south carolina,41,sc
duneansc,dunean,sc,south carolina,41,sc
easleysc,easley,sc,south carolina,41,sc
eastgaffneysc,east gaffney,sc,south carolina,41,sc
eastsumtersc,east sumter,sc,south carolina,41,sc
edgefieldsc,edgefield,sc,south carolina,41,sc
edgefieldcountysc,edgefield county,sc,south carolina,41,sc
edistosc,edisto,sc,south carolina,41,sc
elginsc,elgin,sc,south carolina,41,sc
estillsc,estill,sc,south carolina,41,sc
eurekamillsc,eureka mill,sc,south carolina,41,sc
fairfaxsc,fairfax,sc,south carolina,41,sc
fairfieldcountysc,fairfield county,sc,south carolina,41,sc
fairforestsc,fairforest,sc,south carolina,41,sc
fiveforkssc,five forks,sc,south carolina,41,sc
florencesc,florence,sc,south carolina,41,sc
florencecountysc,florence county,sc,south carolina,41,sc
follybeachsc,folly beach,sc,south carolina,41,sc
forestacressc,forest acres,sc,south carolina,41,sc
forestbrooksc,forestbrook,sc,south carolina,41,sc
fortmillsc,fort mill,sc,south carolina,41,sc
fountaininnsc,fountain inn,sc,south carolina,41,sc
gadsdensc,gadsden,sc,south carolina,41,sc
gaffneysc,gaffney,sc,south carolina,41,sc
ganttsc,gantt,sc,south carolina,41,sc
gardencitysc,garden city,sc,south carolina,41,sc
gastonsc,gaston,sc,south carolina,41,sc
georgetownsc,georgetown,sc,south carolina,41,sc
georgetowncountysc,georgetown county,sc,south carolina,41,sc
glovervillesc,gloverville,sc,south carolina,41,sc
goldengrovesc,golden grove,sc,south carolina,41,sc
goosecreeksc,goose creek,sc,south carolina,41,sc
granitevillesc,graniteville,sc,south carolina,41,sc
greatfallssc,great falls,sc,south carolina,41,sc
greenvillesc,greenville,sc,south carolina,41,sc
greenvillecountysc,greenville county,sc,south carolina,41,sc
greenwoodsc,greenwood,sc,south carolina,41,sc
greenwoodcountysc,greenwood county,sc,south carolina,41,sc
greersc,greer,sc,south carolina,41,sc
hamptonsc,hampton,sc,south carolina,41,sc
hamptoncountysc,hampton county,sc,south carolina,41,sc
hanahansc,hanahan,sc,south carolina,41,sc
hardeevillesc,hardeeville,sc,south carolina,41,sc
hartsvillesc,hartsville,sc,south carolina,41,sc
hiltonheadsc,hilton head,sc,south carolina,41,sc
hiltonheadislandsc,hilton head island,sc,south carolina,41,sc
hollyhillsc,holly hill,sc,south carolina,41,sc
hollywoodsc,hollywood,sc,south carolina,41,sc
homelandparksc,homeland park,sc,south carolina,41,sc
honeapathsc,honea path,sc,south carolina,41,sc
hopkinssc,hopkins,sc,south carolina,41,sc
horrycountysc,horry county,sc,south carolina,41,sc
indiahooksc,india hook,sc,south carolina,41,sc
inmansc,inman,sc,south carolina,41,sc
inmanmillssc,inman mills,sc,south carolina,41,sc
irmosc,irmo,sc,south carolina,41,sc
irwinsc,irwin,sc,south carolina,41,sc
isleofpalmssc,isle of palms,sc,south carolina,41,sc
ivasc,iva,sc,south carolina,41,sc
jacksonsc,jackson,sc,south carolina,41,sc
jamesislandsc,james island,sc,south carolina,41,sc
jaspercountysc,jasper county,sc,south carolina,41,sc
joannasc,joanna,sc,south carolina,41,sc
johnsonvillesc,johnsonville,sc,south carolina,41,sc
johnstonsc,johnston,sc,south carolina,41,sc
judsonsc,judson,sc,south carolina,41,sc
kershawsc,kershaw,sc,south carolina,41,sc
kershawcountysc,kershaw county,sc,south carolina,41,sc
kiawahislandsc,kiawah island,sc,south carolina,41,sc
kingstreesc,kingstree,sc,south carolina,41,sc
ladsonsc,ladson,sc,south carolina,41,sc
lakecitysc,lake city,sc,south carolina,41,sc
lakemurrayofrichlandsc,lake murray of richland,sc,south carolina,41,sc
lakesecessionsc,lake secession,sc,south carolina,41,sc
lakewyliesc,lake wylie,sc,south carolina,41,sc
lakewoodsc,lakewood,sc,south carolina,41,sc
lancastersc,lancaster,sc,south carolina,41,sc
lancastercountysc,lancaster county,sc,south carolina,41,sc
lancastermillsc,lancaster mill,sc,south carolina,41,sc
landrumsc,landrum,sc,south carolina,41,sc
langleysc,langley,sc,south carolina,41,sc
lattasc,latta,sc,south carolina,41,sc
laurelbaysc,laurel bay,sc,south carolina,41,sc
laurenssc,laurens,sc,south carolina,41,sc
laurenscountysc,laurens county,sc,south carolina,41,sc
leecountysc,lee county,sc,south carolina,41,sc
leesvillesc,leesville,sc,south carolina,41,sc
lessliesc,lesslie,sc,south carolina,41,sc
lexingtonsc,lexington,sc,south carolina,41,sc
lexingtoncountysc,lexington county,sc,south carolina,41,sc
libertysc,liberty,sc,south carolina,41,sc
lincolnvillesc,lincolnville,sc,south carolina,41,sc
littleriversc,little river,sc,south carolina,41,sc
lorissc,loris,sc,south carolina,41,sc
lugoffsc,lugoff,sc,south carolina,41,sc
lymansc,lyman,sc,south carolina,41,sc
manningsc,manning,sc,south carolina,41,sc
marionsc,marion,sc,south carolina,41,sc
marioncountysc,marion county,sc,south carolina,41,sc
marlborocountysc,marlboro county,sc,south carolina,41,sc
mauldinsc,mauldin,sc,south carolina,41,sc
mayosc,mayo,sc,south carolina,41,sc
mccollsc,mccoll,sc,south carolina,41,sc
mccormicksc,mccormick,sc,south carolina,41,sc
mccormickcountysc,mccormick county,sc,south carolina,41,sc
meggettsc,meggett,sc,south carolina,41,sc
monarchmillsc,monarch mill,sc,south carolina,41,sc
monckscornersc,moncks corner,sc,south carolina,41,sc
mountpleasantsc,mount pleasant,sc,south carolina,41,sc
mullinssc,mullins,sc,south carolina,41,sc
murphysestatessc,murphys estates,sc,south carolina,41,sc
murrellsinletsc,murrells inlet,sc,south carolina,41,sc
myrtlebeachsc,myrtle beach,sc,south carolina,41,sc
newellentonsc,new ellenton,sc,south carolina,41,sc
newberrysc,newberry,sc,south carolina,41,sc
newberrycountysc,newberry county,sc,south carolina,41,sc
newportsc,newport,sc,south carolina,41,sc
ninetysixsc,ninety six,sc,south carolina,41,sc
northaugustasc,north augusta,sc,south carolina,41,sc
northcharlestonsc,north charleston,sc,south carolina,41,sc
northhartsvillesc,north hartsville,sc,south carolina,41,sc
northmyrtlebeachsc,north myrtle beach,sc,south carolina,41,sc
northlakesc,northlake,sc,south carolina,41,sc
oakgrovesc,oak grove,sc,south carolina,41,sc
oaklandsc,oakland,sc,south carolina,41,sc
oconeecountysc,oconee county,sc,south carolina,41,sc
orangeburgsc,orangeburg,sc,south carolina,41,sc
orangeburgcountysc,orangeburg county,sc,south carolina,41,sc
pacoletsc,pacolet,sc,south carolina,41,sc
pagelandsc,pageland,sc,south carolina,41,sc
pamplicosc,pamplico,sc,south carolina,41,sc
parkersc,parker,sc,south carolina,41,sc
pendletonsc,pendleton,sc,south carolina,41,sc
pickenssc,pickens,sc,south carolina,41,sc
pickenscountysc,pickens county,sc,south carolina,41,sc
piedmontsc,piedmont,sc,south carolina,41,sc
pineridgesc,pineridge,sc,south carolina,41,sc
portroyalsc,port royal,sc,south carolina,41,sc
powdersvillesc,powdersville,sc,south carolina,41,sc
privateersc,privateer,sc,south carolina,41,sc
prosperitysc,prosperity,sc,south carolina,41,sc
ravenelsc,ravenel,sc,south carolina,41,sc
redbanksc,red bank,sc,south carolina,41,sc
redhillsc,red hill,sc,south carolina,41,sc
richlandcountysc,richland county,sc,south carolina,41,sc
ridgelandsc,ridgeland,sc,south carolina,41,sc
ridgevillesc,ridgeville,sc,south carolina,41,sc
rockhillsc,rock hill,sc,south carolina,41,sc
roebucksc,roebuck,sc,south carolina,41,sc
saintandrewssc,saint andrews,sc,south carolina,41,sc
saintgeorgesc,saint george,sc,south carolina,41,sc
saintmatthewssc,saint matthews,sc,south carolina,41,sc
saintstephensc,saint stephen,sc,south carolina,41,sc
saludasc,saluda,sc,south carolina,41,sc
saludacountysc,saluda county,sc,south carolina,41,sc
sangareesc,sangaree,sc,south carolina,41,sc
sanssoucisc,sans souci,sc,south carolina,41,sc
saxonsc,saxon,sc,south carolina,41,sc
seabrookislandsc,seabrook island,sc,south carolina,41,sc
senecasc,seneca,sc,south carolina,41,sc
sevenoakssc,seven oaks,sc,south carolina,41,sc
shellpointsc,shell point,sc,south carolina,41,sc
simpsonvillesc,simpsonville,sc,south carolina,41,sc
slater-mariettasc,slater-marietta,sc,south carolina,41,sc
socasteesc,socastee,sc,south carolina,41,sc
southcongareesc,south congaree,sc,south carolina,41,sc
southsumtersc,south sumter,sc,south carolina,41,sc
southernshopssc,southern shops,sc,south carolina,41,sc
spartanburgsc,spartanburg,sc,south carolina,41,sc
spartanburgcountysc,spartanburg county,sc,south carolina,41,sc
springdalesc,springdale,sc,south carolina,41,sc
stateburgsc,stateburg,sc,south carolina,41,sc
sullivansislandsc,sullivans island,sc,south carolina,41,sc
summervillesc,summerville,sc,south carolina,41,sc
sumtersc,sumter,sc,south carolina,41,sc
sumtercountysc,sumter county,sc,south carolina,41,sc
surfsidebeachsc,surfside beach,sc,south carolina,41,sc
taylorssc,taylors,sc,south carolina,41,sc
tegacaysc,tega cay,sc,south carolina,41,sc
tigervillesc,tigerville,sc,south carolina,41,sc
timmonsvillesc,timmonsville,sc,south carolina,41,sc
travelersrestsc,travelers rest,sc,south carolina,41,sc
unionsc,union,sc,south carolina,41,sc
unioncountysc,union county,sc,south carolina,41,sc
uticasc,utica,sc,south carolina,41,sc
valleyfallssc,valley falls,sc,south carolina,41,sc
varnvillesc,varnville,sc,south carolina,41,sc
wadehamptonsc,wade hampton,sc,south carolina,41,sc
walhallasc,walhalla,sc,south carolina,41,sc
walterborosc,walterboro,sc,south carolina,41,sc
wareshoalssc,ware shoals,sc,south carolina,41,sc
warrenvillesc,warrenville,sc,south carolina,41,sc
wattsmillssc,watts mills,sc,south carolina,41,sc
wedgefieldsc,wedgefield,sc,south carolina,41,sc
wedgewoodsc,wedgewood,sc,south carolina,41,sc
welcomesc,welcome,sc,south carolina,41,sc
wellfordsc,wellford,sc,south carolina,41,sc
westcolumbiasc,west columbia,sc,south carolina,41,sc
westminstersc,westminster,sc,south carolina,41,sc
whitmiresc,whitmire,sc,south carolina,41,sc
wilkinsonheightssc,wilkinson heights,sc,south carolina,41,sc
williamsburgcountysc,williamsburg county,sc,south carolina,41,sc
williamstonsc,williamston,sc,south carolina,41,sc
willistonsc,williston,sc,south carolina,41,sc
winnsborosc,winnsboro,sc,south carolina,41,sc
winnsboromillssc,winnsboro mills,sc,south carolina,41,sc
woodfieldsc,woodfield,sc,south carolina,41,sc
woodruffsc,woodruff,sc,south carolina,41,sc
yorksc,york,sc,south carolina,41,sc
yorkcountysc,york county,sc,south carolina,41,sc
aberdeensd,aberdeen,sd,south dakota,42,sd
alexandriasd,alexandria,sd,south dakota,42,sd
armoursd,armour,sd,south dakota,42,sd
auroracountysd,aurora county,sd,south dakota,42,sd
balticsd,baltic,sd,south dakota,42,sd
beadlecountysd,beadle county,sd,south dakota,42,sd
bellefourchesd,belle fourche,sd,south dakota,42,sd
bennettcountysd,bennett county,sd,south dakota,42,sd
beresfordsd,beresford,sd,south dakota,42,sd
bisonsd,bison,sd,south dakota,42,sd
blackhawksd,blackhawk,sd,south dakota,42,sd
bonhommecountysd,bon homme county,sd,south dakota,42,sd
boxeldersd,box elder,sd,south dakota,42,sd
brandonsd,brandon,sd,south dakota,42,sd
brittonsd,britton,sd,south dakota,42,sd
brookingssd,brookings,sd,south dakota,42,sd
brookingscountysd,brookings county,sd,south dakota,42,sd
browncountysd,brown county,sd,south dakota,42,sd
brulecountysd,brule county,sd,south dakota,42,sd
buffalosd,buffalo,sd,south dakota,42,sd
buffalocountysd,buffalo county,sd,south dakota,42,sd
burkesd,burke,sd,south dakota,42,sd
buttecountysd,butte county,sd,south dakota,42,sd
campbellcountysd,campbell county,sd,south dakota,42,sd
cantonsd,canton,sd,south dakota,42,sd
chamberlainsd,chamberlain,sd,south dakota,42,sd
charlesmixcountysd,charles mix county,sd,south dakota,42,sd
clarksd,clark,sd,south dakota,42,sd
clarkcountysd,clark county,sd,south dakota,42,sd
claycountysd,clay county,sd,south dakota,42,sd
clearlakesd,clear lake,sd,south dakota,42,sd
codingtoncountysd,codington county,sd,south dakota,42,sd
colonialpinehillssd,colonial pine hills,sd,south dakota,42,sd
corsoncountysd,corson county,sd,south dakota,42,sd
crookssd,crooks,sd,south dakota,42,sd
custersd,custer,sd,south dakota,42,sd
custercountysd,custer county,sd,south dakota,42,sd
dakotadunessd,dakota dunes,sd,south dakota,42,sd
davisoncountysd,davison county,sd,south dakota,42,sd
daycountysd,day county,sd,south dakota,42,sd
desmetsd,de smet,sd,south dakota,42,sd
deadwoodsd,deadwood,sd,south dakota,42,sd
dellrapidssd,dell rapids,sd,south dakota,42,sd
deuelcountysd,deuel county,sd,south dakota,42,sd
deweycountysd,dewey county,sd,south dakota,42,sd
douglascountysd,douglas county,sd,south dakota,42,sd
dupreesd,dupree,sd,south dakota,42,sd
eaglebuttesd,eagle butte,sd,south dakota,42,sd
edmundscountysd,edmunds county,sd,south dakota,42,sd
elkpointsd,elk point,sd,south dakota,42,sd
fallrivercountysd,fall river county,sd,south dakota,42,sd
faulkcountysd,faulk county,sd,south dakota,42,sd
faulktonsd,faulkton,sd,south dakota,42,sd
flandreausd,flandreau,sd,south dakota,42,sd
fortpierresd,fort pierre,sd,south dakota,42,sd
fortthompsonsd,fort thompson,sd,south dakota,42,sd
freemansd,freeman,sd,south dakota,42,sd
garretsonsd,garretson,sd,south dakota,42,sd
gettysburgsd,gettysburg,sd,south dakota,42,sd
grantcountysd,grant county,sd,south dakota,42,sd
gregorysd,gregory,sd,south dakota,42,sd
gregorycountysd,gregory county,sd,south dakota,42,sd
grotonsd,groton,sd,south dakota,42,sd
haakoncountysd,haakon county,sd,south dakota,42,sd
hamlincountysd,hamlin county,sd,south dakota,42,sd
handcountysd,hand county,sd,south dakota,42,sd
hansoncountysd,hanson county,sd,south dakota,42,sd
hardingcountysd,harding county,sd,south dakota,42,sd
harrisburgsd,harrisburg,sd,south dakota,42,sd
hartfordsd,hartford,sd,south dakota,42,sd
haytisd,hayti,sd,south dakota,42,sd
highmoresd,highmore,sd,south dakota,42,sd
hotspringssd,hot springs,sd,south dakota,42,sd
howardsd,howard,sd,south dakota,42,sd
hughescountysd,hughes county,sd,south dakota,42,sd
huronsd,huron,sd,south dakota,42,sd
hutchinsoncountysd,hutchinson county,sd,south dakota,42,sd
hydecountysd,hyde county,sd,south dakota,42,sd
ipswichsd,ipswich,sd,south dakota,42,sd
jacksoncountysd,jackson county,sd,south dakota,42,sd
jerauldcountysd,jerauld county,sd,south dakota,42,sd
jonescountysd,jones county,sd,south dakota,42,sd
kadokasd,kadoka,sd,south dakota,42,sd
kennebecsd,kennebec,sd,south dakota,42,sd
kingsburycountysd,kingsbury county,sd,south dakota,42,sd
lakeandessd,lake andes,sd,south dakota,42,sd
lakecountysd,lake county,sd,south dakota,42,sd
lawrencecountysd,lawrence county,sd,south dakota,42,sd
leadsd,lead,sd,south dakota,42,sd
lemmonsd,lemmon,sd,south dakota,42,sd
lennoxsd,lennox,sd,south dakota,42,sd
leolasd,leola,sd,south dakota,42,sd
lincolncountysd,lincoln county,sd,south dakota,42,sd
lymancountysd,lyman county,sd,south dakota,42,sd
madisonsd,madison,sd,south dakota,42,sd
marshallcountysd,marshall county,sd,south dakota,42,sd
martinsd,martin,sd,south dakota,42,sd
mccookcountysd,mccook county,sd,south dakota,42,sd
mcintoshsd,mcintosh,sd,south dakota,42,sd
mcphersoncountysd,mcpherson county,sd,south dakota,42,sd
meadecountysd,meade county,sd,south dakota,42,sd
mellettecountysd,mellette county,sd,south dakota,42,sd
milbanksd,milbank,sd,south dakota,42,sd
millersd,miller,sd,south dakota,42,sd
minercountysd,miner county,sd,south dakota,42,sd
minnehahacountysd,minnehaha county,sd,south dakota,42,sd
missionsd,mission,sd,south dakota,42,sd
mitchellsd,mitchell,sd,south dakota,42,sd
mobridgesd,mobridge,sd,south dakota,42,sd
moodycountysd,moody county,sd,south dakota,42,sd
moundcitysd,mound city,sd,south dakota,42,sd
murdosd,murdo,sd,south dakota,42,sd
northeaglebuttesd,north eagle butte,sd,south dakota,42,sd
northsiouxcitysd,north sioux city,sd,south dakota,42,sd
northspearfishsd,north spearfish,sd,south dakota,42,sd
oglalasd,oglala,sd,south dakota,42,sd
oglalalakotacountysd,oglala lakota county,sd,south dakota,42,sd
olivetsd,olivet,sd,south dakota,42,sd
onidasd,onida,sd,south dakota,42,sd
parkersd,parker,sd,south dakota,42,sd
parkstonsd,parkston,sd,south dakota,42,sd
penningtoncountysd,pennington county,sd,south dakota,42,sd
perkinscountysd,perkins county,sd,south dakota,42,sd
philipsd,philip,sd,south dakota,42,sd
pierresd,pierre,sd,south dakota,42,sd
pineridgesd,pine ridge,sd,south dakota,42,sd
plankintonsd,plankinton,sd,south dakota,42,sd
plattesd,platte,sd,south dakota,42,sd
porcupinesd,porcupine,sd,south dakota,42,sd
pottercountysd,potter county,sd,south dakota,42,sd
rapidcitysd,rapid city,sd,south dakota,42,sd
rapidvalleysd,rapid valley,sd,south dakota,42,sd
redfieldsd,redfield,sd,south dakota,42,sd
robertscountysd,roberts county,sd,south dakota,42,sd
rosebudsd,rosebud,sd,south dakota,42,sd
salemsd,salem,sd,south dakota,42,sd
sanborncountysd,sanborn county,sd,south dakota,42,sd
selbysd,selby,sd,south dakota,42,sd
siouxfallssd,sioux falls,sd,south dakota,42,sd
sissetonsd,sisseton,sd,south dakota,42,sd
spearfishsd,spearfish,sd,south dakota,42,sd
spinkcountysd,spink county,sd,south dakota,42,sd
springfieldsd,springfield,sd,south dakota,42,sd
stanleycountysd,stanley county,sd,south dakota,42,sd
sturgissd,sturgis,sd,south dakota,42,sd
sullycountysd,sully county,sd,south dakota,42,sd
summersetsd,summerset,sd,south dakota,42,sd
teasd,tea,sd,south dakota,42,sd
timberlakesd,timber lake,sd,south dakota,42,sd
toddcountysd,todd county,sd,south dakota,42,sd
trippcountysd,tripp county,sd,south dakota,42,sd
turnercountysd,turner county,sd,south dakota,42,sd
tyndallsd,tyndall,sd,south dakota,42,sd
unioncountysd,union county,sd,south dakota,42,sd
vermillionsd,vermillion,sd,south dakota,42,sd
volgasd,volga,sd,south dakota,42,sd
wagnersd,wagner,sd,south dakota,42,sd
walworthcountysd,walworth county,sd,south dakota,42,sd
watertownsd,watertown,sd,south dakota,42,sd
webstersd,webster,sd,south dakota,42,sd
wessingtonspringssd,wessington springs,sd,south dakota,42,sd
whiteriversd,white river,sd,south dakota,42,sd
winnersd,winner,sd,south dakota,42,sd
woonsocketsd,woonsocket,sd,south dakota,42,sd
yanktonsd,yankton,sd,south dakota,42,sd
yanktoncountysd,yankton county,sd,south dakota,42,sd
ziebachcountysd,ziebach county,sd,south dakota,42,sd
adamsvilletn,adamsville,tn,tennessee,43,tn
alamotn,alamo,tn,tennessee,43,tn
alcoatn,alcoa,tn,tennessee,43,tn
algoodtn,algood,tn,tennessee,43,tn
altamonttn,altamont,tn,tennessee,43,tn
andersoncountytn,anderson county,tn,tennessee,43,tn
apisontn,apison,tn,tennessee,43,tn
ardmoretn,ardmore,tn,tennessee,43,tn
arlingtontn,arlington,tn,tennessee,43,tn
ashlandcitytn,ashland city,tn,tennessee,43,tn
athenstn,athens,tn,tennessee,43,tn
atokatn,atoka,tn,tennessee,43,tn
bannerhilltn,banner hill,tn,tennessee,43,tn
bartletttn,bartlett,tn,tennessee,43,tn
baxtertn,baxter,tn,tennessee,43,tn
beanstationtn,bean station,tn,tennessee,43,tn
bedfordcountytn,bedford county,tn,tennessee,43,tn
bellemeadetn,belle meade,tn,tennessee,43,tn
bellstn,bells,tn,tennessee,43,tn
bentontn,benton,tn,tennessee,43,tn
bentoncountytn,benton county,tn,tennessee,43,tn
blainetn,blaine,tn,tennessee,43,tn
bledsoecountytn,bledsoe county,tn,tennessee,43,tn
bloomingdaletn,bloomingdale,tn,tennessee,43,tn
blountcountytn,blount county,tn,tennessee,43,tn
blountvilletn,blountville,tn,tennessee,43,tn
bluffcitytn,bluff city,tn,tennessee,43,tn
bolivartn,bolivar,tn,tennessee,43,tn
bonaquajunctiontn,bon aqua junction,tn,tennessee,43,tn
bradfordtn,bradford,tn,tennessee,43,tn
bradleycountytn,bradley county,tn,tennessee,43,tn
brentwoodtn,brentwood,tn,tennessee,43,tn
brentwoodestatestn,brentwood estates,tn,tennessee,43,tn
brightontn,brighton,tn,tennessee,43,tn
bristoltn,bristol,tn,tennessee,43,tn
brownsvilletn,brownsville,tn,tennessee,43,tn
brucetontn,bruceton,tn,tennessee,43,tn
burnstn,burns,tn,tennessee,43,tn
byrdstowntn,byrdstown,tn,tennessee,43,tn
camdentn,camden,tn,tennessee,43,tn
campbellcountytn,campbell county,tn,tennessee,43,tn
cannoncountytn,cannon county,tn,tennessee,43,tn
carrollcountytn,carroll county,tn,tennessee,43,tn
cartercountytn,carter county,tn,tennessee,43,tn
carthagetn,carthage,tn,tennessee,43,tn
caryvilletn,caryville,tn,tennessee,43,tn
celinatn,celina,tn,tennessee,43,tn
centervilletn,centerville,tn,tennessee,43,tn
centraltn,central,tn,tennessee,43,tn
chapelhilltn,chapel hill,tn,tennessee,43,tn
charlottetn,charlotte,tn,tennessee,43,tn
chattanoogatn,chattanooga,tn,tennessee,43,tn
cheathamcountytn,cheatham county,tn,tennessee,43,tn
chestercountytn,chester county,tn,tennessee,43,tn
christianatn,christiana,tn,tennessee,43,tn
churchhilltn,church hill,tn,tennessee,43,tn
claibornecountytn,claiborne county,tn,tennessee,43,tn
clarksvilletn,clarksville,tn,tennessee,43,tn
claycountytn,clay county,tn,tennessee,43,tn
clevelandtn,cleveland,tn,tennessee,43,tn
cliftontn,clifton,tn,tennessee,43,tn
clintontn,clinton,tn,tennessee,43,tn
coalfieldtn,coalfield,tn,tennessee,43,tn
cockecountytn,cocke county,tn,tennessee,43,tn
coffeecountytn,coffee county,tn,tennessee,43,tn
collegedaletn,collegedale,tn,tennessee,43,tn
colliervilletn,collierville,tn,tennessee,43,tn
colonialheightstn,colonial heights,tn,tennessee,43,tn
columbiatn,columbia,tn,tennessee,43,tn
condontn,condon,tn,tennessee,43,tn
cookevilletn,cookeville,tn,tennessee,43,tn
coopertowntn,coopertown,tn,tennessee,43,tn
cornersvilletn,cornersville,tn,tennessee,43,tn
covingtontn,covington,tn,tennessee,43,tn
cowantn,cowan,tn,tennessee,43,tn
crockettcountytn,crockett county,tn,tennessee,43,tn
crossplainstn,cross plains,tn,tennessee,43,tn
crossvilletn,crossville,tn,tennessee,43,tn
crumptn,crump,tn,tennessee,43,tn
cumberlandcountytn,cumberland county,tn,tennessee,43,tn
dandridgetn,dandridge,tn,tennessee,43,tn
davidsoncountytn,davidson county,tn,tennessee,43,tn
daytontn,dayton,tn,tennessee,43,tn
dekalbcountytn,dekalb county,tn,tennessee,43,tn
decaturtn,decatur,tn,tennessee,43,tn
decaturcountytn,decatur county,tn,tennessee,43,tn
decaturvilletn,decaturville,tn,tennessee,43,tn
decherdtn,decherd,tn,tennessee,43,tn
dicksontn,dickson,tn,tennessee,43,tn
dicksoncountytn,dickson county,tn,tennessee,43,tn
dodsonbranchtn,dodson branch,tn,tennessee,43,tn
dovertn,dover,tn,tennessee,43,tn
dresdentn,dresden,tn,tennessee,43,tn
dunlaptn,dunlap,tn,tennessee,43,tn
dyertn,dyer,tn,tennessee,43,tn
dyercountytn,dyer county,tn,tennessee,43,tn
dyersburgtn,dyersburg,tn,tennessee,43,tn
eagletonvillagetn,eagleton village,tn,tennessee,43,tn
eastbrainerdtn,east brainerd,tn,tennessee,43,tn
eastchattanoogatn,east chattanooga,tn,tennessee,43,tn
eastclevelandtn,east cleveland,tn,tennessee,43,tn
eastridgetn,east ridge,tn,tennessee,43,tn
elizabethtontn,elizabethton,tn,tennessee,43,tn
englewoodtn,englewood,tn,tennessee,43,tn
erintn,erin,tn,tennessee,43,tn
erwintn,erwin,tn,tennessee,43,tn
estillspringstn,estill springs,tn,tennessee,43,tn
etowahtn,etowah,tn,tennessee,43,tn
fairfieldgladetn,fairfield glade,tn,tennessee,43,tn
fairmounttn,fairmount,tn,tennessee,43,tn
fairviewtn,fairview,tn,tennessee,43,tn
fallbranchtn,fall branch,tn,tennessee,43,tn
fallingwatertn,falling water,tn,tennessee,43,tn
farraguttn,farragut,tn,tennessee,43,tn
fayettecountytn,fayette county,tn,tennessee,43,tn
fayettevilletn,fayetteville,tn,tennessee,43,tn
fentresscountytn,fentress county,tn,tennessee,43,tn
fincastletn,fincastle,tn,tennessee,43,tn
foresthillstn,forest hills,tn,tennessee,43,tn
franklintn,franklin,tn,tennessee,43,tn
franklincountytn,franklin county,tn,tennessee,43,tn
gainesborotn,gainesboro,tn,tennessee,43,tn
gallatintn,gallatin,tn,tennessee,43,tn
gatlinburgtn,gatlinburg,tn,tennessee,43,tn
germantowntn,germantown,tn,tennessee,43,tn
gibsoncountytn,gibson county,tn,tennessee,43,tn
gilescountytn,giles county,tn,tennessee,43,tn
gleasontn,gleason,tn,tennessee,43,tn
goodlettsvilletn,goodlettsville,tn,tennessee,43,tn
gordonsvilletn,gordonsville,tn,tennessee,43,tn
graingercountytn,grainger county,tn,tennessee,43,tn
graytn,gray,tn,tennessee,43,tn
graysvilletn,graysville,tn,tennessee,43,tn
greenhilltn,green hill,tn,tennessee,43,tn
greenbacktn,greenback,tn,tennessee,43,tn
greenbriertn,greenbrier,tn,tennessee,43,tn
greenecountytn,greene county,tn,tennessee,43,tn
greenevilletn,greeneville,tn,tennessee,43,tn
greenfieldtn,greenfield,tn,tennessee,43,tn
grimsleytn,grimsley,tn,tennessee,43,tn
gruetli-laagertn,gruetli-laager,tn,tennessee,43,tn
grundycountytn,grundy county,tn,tennessee,43,tn
hallstn,halls,tn,tennessee,43,tn
hamblencountytn,hamblen county,tn,tennessee,43,tn
hamiltoncountytn,hamilton county,tn,tennessee,43,tn
hancockcountytn,hancock county,tn,tennessee,43,tn
hardemancountytn,hardeman county,tn,tennessee,43,tn
hardincountytn,hardin county,tn,tennessee,43,tn
harrimantn,harriman,tn,tennessee,43,tn
harrisontn,harrison,tn,tennessee,43,tn
harrogatetn,harrogate,tn,tennessee,43,tn
hartsvilletn,hartsville,tn,tennessee,43,tn
hawkinscountytn,hawkins county,tn,tennessee,43,tn
haywoodcountytn,haywood county,tn,tennessee,43,tn
hendersontn,henderson,tn,tennessee,43,tn
hendersoncountytn,henderson county,tn,tennessee,43,tn
hendersonvilletn,hendersonville,tn,tennessee,43,tn
henrycountytn,henry county,tn,tennessee,43,tn
hickmancountytn,hickman county,tn,tennessee,43,tn
hickorywithetn,hickory withe,tn,tennessee,43,tn
hohenwaldtn,hohenwald,tn,tennessee,43,tn
hopewelltn,hopewell,tn,tennessee,43,tn
houstoncountytn,houston county,tn,tennessee,43,tn
humboldttn,humboldt,tn,tennessee,43,tn
humphreyscountytn,humphreys county,tn,tennessee,43,tn
huntertn,hunter,tn,tennessee,43,tn
huntingdontn,huntingdon,tn,tennessee,43,tn
huntsvilletn,huntsville,tn,tennessee,43,tn
jacksborotn,jacksboro,tn,tennessee,43,tn
jacksontn,jackson,tn,tennessee,43,tn
jacksoncountytn,jackson county,tn,tennessee,43,tn
jamestowntn,jamestown,tn,tennessee,43,tn
jaspertn,jasper,tn,tennessee,43,tn
jeffersoncitytn,jefferson city,tn,tennessee,43,tn
jeffersoncountytn,jefferson county,tn,tennessee,43,tn
jellicotn,jellico,tn,tennessee,43,tn
johnsoncitytn,johnson city,tn,tennessee,43,tn
johnsoncountytn,johnson county,tn,tennessee,43,tn
johnsonvilletn,johnsonville,tn,tennessee,43,tn
jonesboroughtn,jonesborough,tn,tennessee,43,tn
kentontn,kenton,tn,tennessee,43,tn
kimballtn,kimball,tn,tennessee,43,tn
kingsporttn,kingsport,tn,tennessee,43,tn
kingstontn,kingston,tn,tennessee,43,tn
kingstonspringstn,kingston springs,tn,tennessee,43,tn
knoxcountytn,knox county,tn,tennessee,43,tn
knoxvilletn,knoxville,tn,tennessee,43,tn
lavergnetn,la vergne,tn,tennessee,43,tn
lafollettetn,lafollette,tn,tennessee,43,tn
lafayettetn,lafayette,tn,tennessee,43,tn
lakecountytn,lake county,tn,tennessee,43,tn
laketansitn,lake tansi,tn,tennessee,43,tn
lakelandtn,lakeland,tn,tennessee,43,tn
lakesitetn,lakesite,tn,tennessee,43,tn
lakewoodtn,lakewood,tn,tennessee,43,tn
lauderdalecountytn,lauderdale county,tn,tennessee,43,tn
lawrencecountytn,lawrence county,tn,tennessee,43,tn
lawrenceburgtn,lawrenceburg,tn,tennessee,43,tn
lebanontn,lebanon,tn,tennessee,43,tn
lenoircitytn,lenoir city,tn,tennessee,43,tn
lewiscountytn,lewis county,tn,tennessee,43,tn
lewisburgtn,lewisburg,tn,tennessee,43,tn
lexingtontn,lexington,tn,tennessee,43,tn
lincolncountytn,lincoln county,tn,tennessee,43,tn
lindentn,linden,tn,tennessee,43,tn
livingstontn,livingston,tn,tennessee,43,tn
loneoaktn,lone oak,tn,tennessee,43,tn
lookoutmountaintn,lookout mountain,tn,tennessee,43,tn
lorettotn,loretto,tn,tennessee,43,tn
loudontn,loudon,tn,tennessee,43,tn
loudoncountytn,loudon county,tn,tennessee,43,tn
louisvilletn,louisville,tn,tennessee,43,tn
luttrelltn,luttrell,tn,tennessee,43,tn
lynchburgtn,lynchburg,tn,tennessee,43,tn
maconcountytn,macon county,tn,tennessee,43,tn
madisoncountytn,madison county,tn,tennessee,43,tn
madisonvilletn,madisonville,tn,tennessee,43,tn
manchestertn,manchester,tn,tennessee,43,tn
marioncountytn,marion county,tn,tennessee,43,tn
marshallcountytn,marshall county,tn,tennessee,43,tn
martintn,martin,tn,tennessee,43,tn
maryvilletn,maryville,tn,tennessee,43,tn
mascottn,mascot,tn,tennessee,43,tn
masontn,mason,tn,tennessee,43,tn
maurycountytn,maury county,tn,tennessee,43,tn
maynardvilletn,maynardville,tn,tennessee,43,tn
mcewentn,mcewen,tn,tennessee,43,tn
mckenzietn,mckenzie,tn,tennessee,43,tn
mcminncountytn,mcminn county,tn,tennessee,43,tn
mcminnvilletn,mcminnville,tn,tennessee,43,tn
mcnairycountytn,mcnairy county,tn,tennessee,43,tn
medinatn,medina,tn,tennessee,43,tn
meigscountytn,meigs county,tn,tennessee,43,tn
memphistn,memphis,tn,tennessee,43,tn
middlevalleytn,middle valley,tn,tennessee,43,tn
midtowntn,midtown,tn,tennessee,43,tn
midwaytn,midway,tn,tennessee,43,tn
milantn,milan,tn,tennessee,43,tn
millersvilletn,millersville,tn,tennessee,43,tn
millingtontn,millington,tn,tennessee,43,tn
monroecountytn,monroe county,tn,tennessee,43,tn
monteagletn,monteagle,tn,tennessee,43,tn
montereytn,monterey,tn,tennessee,43,tn
montgomerycountytn,montgomery county,tn,tennessee,43,tn
moorecountytn,moore county,tn,tennessee,43,tn
morgancountytn,morgan county,tn,tennessee,43,tn
morristowntn,morristown,tn,tennessee,43,tn
mosheimtn,mosheim,tn,tennessee,43,tn
mountcarmeltn,mount carmel,tn,tennessee,43,tn
mountjuliettn,mount juliet,tn,tennessee,43,tn
mountpleasanttn,mount pleasant,tn,tennessee,43,tn
mountaincitytn,mountain city,tn,tennessee,43,tn
mowbraymountaintn,mowbray mountain,tn,tennessee,43,tn
munfordtn,munford,tn,tennessee,43,tn
murfreesborotn,murfreesboro,tn,tennessee,43,tn
nashvilletn,nashville,tn,tennessee,43,tn
newhopetn,new hope,tn,tennessee,43,tn
newjohnsonvilletn,new johnsonville,tn,tennessee,43,tn
newmarkettn,new market,tn,tennessee,43,tn
newsouthmemphistn,new south memphis,tn,tennessee,43,tn
newtazewelltn,new tazewell,tn,tennessee,43,tn
newuniontn,new union,tn,tennessee,43,tn
newberntn,newbern,tn,tennessee,43,tn
newporttn,newport,tn,tennessee,43,tn
nolensvilletn,nolensville,tn,tennessee,43,tn
norristn,norris,tn,tennessee,43,tn
oakgrovetn,oak grove,tn,tennessee,43,tn
oakhilltn,oak hill,tn,tennessee,43,tn
oakridgetn,oak ridge,tn,tennessee,43,tn
oaklandtn,oakland,tn,tennessee,43,tn
obiontn,obion,tn,tennessee,43,tn
obioncountytn,obion county,tn,tennessee,43,tn
oliverspringstn,oliver springs,tn,tennessee,43,tn
olivettn,olivet,tn,tennessee,43,tn
oneidatn,oneida,tn,tennessee,43,tn
overtoncountytn,overton county,tn,tennessee,43,tn
paristn,paris,tn,tennessee,43,tn
parkcitytn,park city,tn,tennessee,43,tn
parsonstn,parsons,tn,tennessee,43,tn
pegramtn,pegram,tn,tennessee,43,tn
perrycountytn,perry county,tn,tennessee,43,tn
pickettcountytn,pickett county,tn,tennessee,43,tn
pigeonforgetn,pigeon forge,tn,tennessee,43,tn
pikevilletn,pikeville,tn,tennessee,43,tn
pinecresttn,pine crest,tn,tennessee,43,tn
pipertontn,piperton,tn,tennessee,43,tn
plainviewtn,plainview,tn,tennessee,43,tn
pleasantviewtn,pleasant view,tn,tennessee,43,tn
polkcountytn,polk county,tn,tennessee,43,tn
portlandtn,portland,tn,tennessee,43,tn
powellscrossroadstn,powells crossroads,tn,tennessee,43,tn
pulaskitn,pulaski,tn,tennessee,43,tn
putnamcountytn,putnam county,tn,tennessee,43,tn
redbanktn,red bank,tn,tennessee,43,tn
redboilingspringstn,red boiling springs,tn,tennessee,43,tn
rheacountytn,rhea county,tn,tennessee,43,tn
ridgelytn,ridgely,tn,tennessee,43,tn
ridgetoptn,ridgetop,tn,tennessee,43,tn
ripleytn,ripley,tn,tennessee,43,tn
roanmountaintn,roan mountain,tn,tennessee,43,tn
roanecountytn,roane county,tn,tennessee,43,tn
robertsoncountytn,robertson county,tn,tennessee,43,tn
rockwoodtn,rockwood,tn,tennessee,43,tn
rockytoptn,rocky top,tn,tennessee,43,tn
rogersvilletn,rogersville,tn,tennessee,43,tn
ruralhilltn,rural hill,tn,tennessee,43,tn
rutherfordtn,rutherford,tn,tennessee,43,tn
rutherfordcountytn,rutherford county,tn,tennessee,43,tn
rutledgetn,rutledge,tn,tennessee,43,tn
salecreektn,sale creek,tn,tennessee,43,tn
savannahtn,savannah,tn,tennessee,43,tn
scottcountytn,scott county,tn,tennessee,43,tn
selmertn,selmer,tn,tennessee,43,tn
sequatchiecountytn,sequatchie county,tn,tennessee,43,tn
seviercountytn,sevier county,tn,tennessee,43,tn
seviervilletn,sevierville,tn,tennessee,43,tn
sewaneetn,sewanee,tn,tennessee,43,tn
seymourtn,seymour,tn,tennessee,43,tn
shackleislandtn,shackle island,tn,tennessee,43,tn
shelbycountytn,shelby county,tn,tennessee,43,tn
shelbyvilletn,shelbyville,tn,tennessee,43,tn
signalmountaintn,signal mountain,tn,tennessee,43,tn
smithcountytn,smith county,tn,tennessee,43,tn
smithvilletn,smithville,tn,tennessee,43,tn
smyrnatn,smyrna,tn,tennessee,43,tn
sneedvilletn,sneedville,tn,tennessee,43,tn
soddy-daisytn,soddy-daisy,tn,tennessee,43,tn
somervilletn,somerville,tn,tennessee,43,tn
southcarthagetn,south carthage,tn,tennessee,43,tn
southclevelandtn,south cleveland,tn,tennessee,43,tn
southfultontn,south fulton,tn,tennessee,43,tn
southpittsburgtn,south pittsburg,tn,tennessee,43,tn
spartatn,sparta,tn,tennessee,43,tn
spencertn,spencer,tn,tennessee,43,tn
springcitytn,spring city,tn,tennessee,43,tn
springhilltn,spring hill,tn,tennessee,43,tn
springfieldtn,springfield,tn,tennessee,43,tn
spurgeontn,spurgeon,tn,tennessee,43,tn
stewartcountytn,stewart county,tn,tennessee,43,tn
sullivancountytn,sullivan county,tn,tennessee,43,tn
sumnercountytn,sumner county,tn,tennessee,43,tn
surgoinsvilletn,surgoinsville,tn,tennessee,43,tn
sweetwatertn,sweetwater,tn,tennessee,43,tn
tazewelltn,tazewell,tn,tennessee,43,tn
tellicovillagetn,tellico village,tn,tennessee,43,tn
tennesseeridgetn,tennessee ridge,tn,tennessee,43,tn
thompson'sstationtn,thompson's station,tn,tennessee,43,tn
threewaytn,three way,tn,tennessee,43,tn
tiptoncountytn,tipton county,tn,tennessee,43,tn
tiptonvilletn,tiptonville,tn,tennessee,43,tn
tracycitytn,tracy city,tn,tennessee,43,tn
trentontn,trenton,tn,tennessee,43,tn
trousdalecountytn,trousdale county,tn,tennessee,43,tn
troytn,troy,tn,tennessee,43,tn
tullahomatn,tullahoma,tn,tennessee,43,tn
tusculumtn,tusculum,tn,tennessee,43,tn
unicoitn,unicoi,tn,tennessee,43,tn
unicoicountytn,unicoi county,tn,tennessee,43,tn
unioncitytn,union city,tn,tennessee,43,tn
unioncountytn,union county,tn,tennessee,43,tn
unionvilletn,unionville,tn,tennessee,43,tn
vanburencountytn,van buren county,tn,tennessee,43,tn
vonoretn,vonore,tn,tennessee,43,tn
waldentn,walden,tn,tennessee,43,tn
walnuthilltn,walnut hill,tn,tennessee,43,tn
warrencountytn,warren county,tn,tennessee,43,tn
wartburgtn,wartburg,tn,tennessee,43,tn
washingtoncountytn,washington county,tn,tennessee,43,tn
watertowntn,watertown,tn,tennessee,43,tn
waverlytn,waverly,tn,tennessee,43,tn
waynecountytn,wayne county,tn,tennessee,43,tn
waynesborotn,waynesboro,tn,tennessee,43,tn
weakleycountytn,weakley county,tn,tennessee,43,tn
westmorelandtn,westmoreland,tn,tennessee,43,tn
whiteblufftn,white bluff,tn,tennessee,43,tn
whitecountytn,white county,tn,tennessee,43,tn
whitehousetn,white house,tn,tennessee,43,tn
whitepinetn,white pine,tn,tennessee,43,tn
whitevilletn,whiteville,tn,tennessee,43,tn
whitwelltn,whitwell,tn,tennessee,43,tn
wildwoodtn,wildwood,tn,tennessee,43,tn
wildwoodlaketn,wildwood lake,tn,tennessee,43,tn
williamsoncountytn,williamson county,tn,tennessee,43,tn
wilsoncountytn,wilson county,tn,tennessee,43,tn
winchestertn,winchester,tn,tennessee,43,tn
woodburytn,woodbury,tn,tennessee,43,tn
abernathytx,abernathy,tx,texas,44,tx
abilenetx,abilene,tx,texas,44,tx
abramtx,abram,tx,texas,44,tx
addisontx,addison,tx,texas,44,tx
aguadulcetx,agua dulce,tx,texas,44,tx
alamotx,alamo,tx,texas,44,tx
alamoheightstx,alamo heights,tx,texas,44,tx
albanytx,albany,tx,texas,44,tx
aldinetx,aldine,tx,texas,44,tx
aledotx,aledo,tx,texas,44,tx
alicetx,alice,tx,texas,44,tx
alieftx,alief,tx,texas,44,tx
allentx,allen,tx,texas,44,tx
alpinetx,alpine,tx,texas,44,tx
altotx,alto,tx,texas,44,tx
altontx,alton,tx,texas,44,tx
altonnorth(historical)tx,alton north (historical),tx,texas,44,tx
alvaradotx,alvarado,tx,texas,44,tx
alvintx,alvin,tx,texas,44,tx
alvordtx,alvord,tx,texas,44,tx
amarillotx,amarillo,tx,texas,44,tx
amestx,ames,tx,texas,44,tx
anahuactx,anahuac,tx,texas,44,tx
andersontx,anderson,tx,texas,44,tx
andersoncountytx,anderson county,tx,texas,44,tx
andersonmilltx,anderson mill,tx,texas,44,tx
andrewstx,andrews,tx,texas,44,tx
andrewscountytx,andrews county,tx,texas,44,tx
angelinacountytx,angelina county,tx,texas,44,tx
angletontx,angleton,tx,texas,44,tx
annatx,anna,tx,texas,44,tx
annettatx,annetta,tx,texas,44,tx
ansontx,anson,tx,texas,44,tx
anthonytx,anthony,tx,texas,44,tx
antontx,anton,tx,texas,44,tx
aransascountytx,aransas county,tx,texas,44,tx
aransaspasstx,aransas pass,tx,texas,44,tx
archercitytx,archer city,tx,texas,44,tx
archercountytx,archer county,tx,texas,44,tx
arcolatx,arcola,tx,texas,44,tx
argyletx,argyle,tx,texas,44,tx
arlingtontx,arlington,tx,texas,44,tx
armstrongcountytx,armstrong county,tx,texas,44,tx
ashertontx,asherton,tx,texas,44,tx
aspermonttx,aspermont,tx,texas,44,tx
atascocitatx,atascocita,tx,texas,44,tx
atascosacountytx,atascosa county,tx,texas,44,tx
athenstx,athens,tx,texas,44,tx
atlantatx,atlanta,tx,texas,44,tx
aubreytx,aubrey,tx,texas,44,tx
auroratx,aurora,tx,texas,44,tx
austintx,austin,tx,texas,44,tx
austincountytx,austin county,tx,texas,44,tx
azletx,azle,tx,texas,44,tx
baclifftx,bacliff,tx,texas,44,tx
baileycountytx,bailey county,tx,texas,44,tx
bairdtx,baird,tx,texas,44,tx
balchspringstx,balch springs,tx,texas,44,tx
balconesheightstx,balcones heights,tx,texas,44,tx
ballingertx,ballinger,tx,texas,44,tx
banderatx,bandera,tx,texas,44,tx
banderacountytx,bandera county,tx,texas,44,tx
bangstx,bangs,tx,texas,44,tx
barretttx,barrett,tx,texas,44,tx
bartletttx,bartlett,tx,texas,44,tx
bartoncreektx,barton creek,tx,texas,44,tx
bartonvilletx,bartonville,tx,texas,44,tx
bastroptx,bastrop,tx,texas,44,tx
bastropcountytx,bastrop county,tx,texas,44,tx
batesvilletx,batesville,tx,texas,44,tx
baycitytx,bay city,tx,texas,44,tx
baylorcountytx,baylor county,tx,texas,44,tx
bayouvistatx,bayou vista,tx,texas,44,tx
baytowntx,baytown,tx,texas,44,tx
beachcitytx,beach city,tx,texas,44,tx
beaumonttx,beaumont,tx,texas,44,tx
bedfordtx,bedford,tx,texas,44,tx
beecavetx,bee cave,tx,texas,44,tx
beecountytx,bee county,tx,texas,44,tx
beevilletx,beeville,tx,texas,44,tx
bellcountytx,bell county,tx,texas,44,tx
bellairetx,bellaire,tx,texas,44,tx
bellmeadtx,bellmead,tx,texas,44,tx
bellstx,bells,tx,texas,44,tx
bellvilletx,bellville,tx,texas,44,tx
beltontx,belton,tx,texas,44,tx
benavidestx,benavides,tx,texas,44,tx
benbrooktx,benbrook,tx,texas,44,tx
benjamintx,benjamin,tx,texas,44,tx
berryvilletx,berryville,tx,texas,44,tx
bertramtx,bertram,tx,texas,44,tx
beverlytx,beverly,tx,texas,44,tx
beverlyhillstx,beverly hills,tx,texas,44,tx
beviloakstx,bevil oaks,tx,texas,44,tx
bexarcountytx,bexar county,tx,texas,44,tx
biglaketx,big lake,tx,texas,44,tx
bigsandytx,big sandy,tx,texas,44,tx
bigspringtx,big spring,tx,texas,44,tx
bishoptx,bishop,tx,texas,44,tx
blancotx,blanco,tx,texas,44,tx
blancocountytx,blanco county,tx,texas,44,tx
bloomingtontx,bloomington,tx,texas,44,tx
blossomtx,blossom,tx,texas,44,tx
bluemoundtx,blue mound,tx,texas,44,tx
boernetx,boerne,tx,texas,44,tx
bogatatx,bogata,tx,texas,44,tx
bolingtx,boling,tx,texas,44,tx
bolivarpeninsulatx,bolivar peninsula,tx,texas,44,tx
bonhamtx,bonham,tx,texas,44,tx
bookertx,booker,tx,texas,44,tx
bordencountytx,borden county,tx,texas,44,tx
borgertx,borger,tx,texas,44,tx
bosquecountytx,bosque county,tx,texas,44,tx
bovinatx,bovina,tx,texas,44,tx
bowietx,bowie,tx,texas,44,tx
bowiecountytx,bowie county,tx,texas,44,tx
boydtx,boyd,tx,texas,44,tx
brackettvilletx,brackettville,tx,texas,44,tx
bradytx,brady,tx,texas,44,tx
brazoriatx,brazoria,tx,texas,44,tx
brazoriacountytx,brazoria county,tx,texas,44,tx
brazoscountytx,brazos county,tx,texas,44,tx
breckenridgetx,breckenridge,tx,texas,44,tx
brenhamtx,brenham,tx,texas,44,tx
brewstercountytx,brewster county,tx,texas,44,tx
briartx,briar,tx,texas,44,tx
briarclifftx,briarcliff,tx,texas,44,tx
bridgecitytx,bridge city,tx,texas,44,tx
bridgeporttx,bridgeport,tx,texas,44,tx
briscoecountytx,briscoe county,tx,texas,44,tx
brookscountytx,brooks county,tx,texas,44,tx
brookshiretx,brookshire,tx,texas,44,tx
brooksidevillagetx,brookside village,tx,texas,44,tx
browncountytx,brown county,tx,texas,44,tx
brownfieldtx,brownfield,tx,texas,44,tx
brownsborotx,brownsboro,tx,texas,44,tx
brownsvilletx,brownsville,tx,texas,44,tx
brownwoodtx,brownwood,tx,texas,44,tx
bruceville-eddytx,bruceville-eddy,tx,texas,44,tx
brushycreektx,brushy creek,tx,texas,44,tx
bryantx,bryan,tx,texas,44,tx
buchanandamtx,buchanan dam,tx,texas,44,tx
budatx,buda,tx,texas,44,tx
buffalotx,buffalo,tx,texas,44,tx
bullardtx,bullard,tx,texas,44,tx
bulverdetx,bulverde,tx,texas,44,tx
bunatx,buna,tx,texas,44,tx
bunkerhillvillagetx,bunker hill village,tx,texas,44,tx
burkburnetttx,burkburnett,tx,texas,44,tx
burlesontx,burleson,tx,texas,44,tx
burlesoncountytx,burleson county,tx,texas,44,tx
burnettx,burnet,tx,texas,44,tx
burnetcountytx,burnet county,tx,texas,44,tx
bushlandtx,bushland,tx,texas,44,tx
cactustx,cactus,tx,texas,44,tx
caddomillstx,caddo mills,tx,texas,44,tx
caldwelltx,caldwell,tx,texas,44,tx
caldwellcountytx,caldwell county,tx,texas,44,tx
calhouncountytx,calhoun county,tx,texas,44,tx
callahancountytx,callahan county,tx,texas,44,tx
calverttx,calvert,tx,texas,44,tx
camerontx,cameron,tx,texas,44,tx
cameroncountytx,cameron county,tx,texas,44,tx
cameronparktx,cameron park,tx,texas,44,tx
cameronparkcoloniatx,cameron park colonia,tx,texas,44,tx
campcountytx,camp county,tx,texas,44,tx
campswifttx,camp swift,tx,texas,44,tx
canadiantx,canadian,tx,texas,44,tx
cantontx,canton,tx,texas,44,tx
canutillotx,canutillo,tx,texas,44,tx
canyontx,canyon,tx,texas,44,tx
canyonlaketx,canyon lake,tx,texas,44,tx
carrizospringstx,carrizo springs,tx,texas,44,tx
carrolltontx,carrollton,tx,texas,44,tx
carsoncountytx,carson county,tx,texas,44,tx
carthagetx,carthage,tx,texas,44,tx
casscountytx,cass county,tx,texas,44,tx
castlehillstx,castle hills,tx,texas,44,tx
castrocountytx,castro county,tx,texas,44,tx
castrovilletx,castroville,tx,texas,44,tx
cedarhilltx,cedar hill,tx,texas,44,tx
cedarparktx,cedar park,tx,texas,44,tx
celinatx,celina,tx,texas,44,tx
centertx,center,tx,texas,44,tx
centervilletx,centerville,tx,texas,44,tx
centralgardenstx,central gardens,tx,texas,44,tx
chamberscountytx,chambers county,tx,texas,44,tx
chandlertx,chandler,tx,texas,44,tx
channelviewtx,channelview,tx,texas,44,tx
channingtx,channing,tx,texas,44,tx
charlottetx,charlotte,tx,texas,44,tx
cherokeecountytx,cherokee county,tx,texas,44,tx
chicotx,chico,tx,texas,44,tx
childresstx,childress,tx,texas,44,tx
childresscountytx,childress county,tx,texas,44,tx
chinatx,china,tx,texas,44,tx
chinagrovetx,china grove,tx,texas,44,tx
cibolotx,cibolo,tx,texas,44,tx
cienegasterracetx,cienegas terrace,tx,texas,44,tx
cincoranchtx,cinco ranch,tx,texas,44,tx
circled-kcestatestx,circle d-kc estates,tx,texas,44,tx
ciscotx,cisco,tx,texas,44,tx
citruscitytx,citrus city,tx,texas,44,tx
clarendontx,clarendon,tx,texas,44,tx
clarksvilletx,clarksville,tx,texas,44,tx
claudetx,claude,tx,texas,44,tx
claycountytx,clay county,tx,texas,44,tx
clearlakeshorestx,clear lake shores,tx,texas,44,tx
cleburnetx,cleburne,tx,texas,44,tx
clevelandtx,cleveland,tx,texas,44,tx
cliftontx,clifton,tx,texas,44,tx
clinttx,clint,tx,texas,44,tx
cloverleaftx,cloverleaf,tx,texas,44,tx
clutetx,clute,tx,texas,44,tx
clydetx,clyde,tx,texas,44,tx
cochrancountytx,cochran county,tx,texas,44,tx
cockrellhilltx,cockrell hill,tx,texas,44,tx
cokecountytx,coke county,tx,texas,44,tx
coldspringtx,coldspring,tx,texas,44,tx
colemantx,coleman,tx,texas,44,tx
colemancountytx,coleman county,tx,texas,44,tx
collegestationtx,college station,tx,texas,44,tx
colleyvilletx,colleyville,tx,texas,44,tx
collincountytx,collin county,tx,texas,44,tx
collingsworthcountytx,collingsworth county,tx,texas,44,tx
collinsvilletx,collinsville,tx,texas,44,tx
coloradocitytx,colorado city,tx,texas,44,tx
coloradocountytx,colorado county,tx,texas,44,tx
columbustx,columbus,tx,texas,44,tx
comalcountytx,comal county,tx,texas,44,tx
comanchetx,comanche,tx,texas,44,tx
comanchecountytx,comanche county,tx,texas,44,tx
combestx,combes,tx,texas,44,tx
combinetx,combine,tx,texas,44,tx
comforttx,comfort,tx,texas,44,tx
commercetx,commerce,tx,texas,44,tx
conchocountytx,concho county,tx,texas,44,tx
conroetx,conroe,tx,texas,44,tx
conversetx,converse,tx,texas,44,tx
cookecountytx,cooke county,tx,texas,44,tx
coopertx,cooper,tx,texas,44,tx
coppelltx,coppell,tx,texas,44,tx
coppercanyontx,copper canyon,tx,texas,44,tx
copperascovetx,copperas cove,tx,texas,44,tx
corinthtx,corinth,tx,texas,44,tx
corpuschristitx,corpus christi,tx,texas,44,tx
corrigantx,corrigan,tx,texas,44,tx
corsicanatx,corsicana,tx,texas,44,tx
coryellcountytx,coryell county,tx,texas,44,tx
cottlecountytx,cottle county,tx,texas,44,tx
cottonwoodshorestx,cottonwood shores,tx,texas,44,tx
cotullatx,cotulla,tx,texas,44,tx
crandalltx,crandall,tx,texas,44,tx
cranetx,crane,tx,texas,44,tx
cranecountytx,crane county,tx,texas,44,tx
crocketttx,crockett,tx,texas,44,tx
crockettcountytx,crockett county,tx,texas,44,tx
crosbytx,crosby,tx,texas,44,tx
crosbycountytx,crosby county,tx,texas,44,tx
crosbytontx,crosbyton,tx,texas,44,tx
crossmountaintx,cross mountain,tx,texas,44,tx
crowelltx,crowell,tx,texas,44,tx
crowleytx,crowley,tx,texas,44,tx
crystalcitytx,crystal city,tx,texas,44,tx
cuerotx,cuero,tx,texas,44,tx
culbersoncountytx,culberson county,tx,texas,44,tx
cutandshoottx,cut and shoot,tx,texas,44,tx
cypresstx,cypress,tx,texas,44,tx
césarcháveztx,césar chávez,tx,texas,44,tx
daingerfieldtx,daingerfield,tx,texas,44,tx
dalharttx,dalhart,tx,texas,44,tx
dallamcountytx,dallam county,tx,texas,44,tx
dallastx,dallas,tx,texas,44,tx
dallascountytx,dallas county,tx,texas,44,tx
dalworthingtongardenstx,dalworthington gardens,tx,texas,44,tx
danburytx,danbury,tx,texas,44,tx
dawsoncountytx,dawson county,tx,texas,44,tx
daytontx,dayton,tx,texas,44,tx
dekalbtx,de kalb,tx,texas,44,tx
deleontx,de leon,tx,texas,44,tx
decordovatx,decordova,tx,texas,44,tx
desototx,desoto,tx,texas,44,tx
dewittcountytx,dewitt county,tx,texas,44,tx
deafsmithcountytx,deaf smith county,tx,texas,44,tx
decaturtx,decatur,tx,texas,44,tx
deerparktx,deer park,tx,texas,44,tx
delriotx,del rio,tx,texas,44,tx
deltacountytx,delta county,tx,texas,44,tx
denisontx,denison,tx,texas,44,tx
dentontx,denton,tx,texas,44,tx
dentoncountytx,denton county,tx,texas,44,tx
denvercitytx,denver city,tx,texas,44,tx
devinetx,devine,tx,texas,44,tx
deweyvilletx,deweyville,tx,texas,44,tx
dibolltx,diboll,tx,texas,44,tx
dickenstx,dickens,tx,texas,44,tx
dickenscountytx,dickens county,tx,texas,44,tx
dickinsontx,dickinson,tx,texas,44,tx
dilleytx,dilley,tx,texas,44,tx
dimmitcountytx,dimmit county,tx,texas,44,tx
dimmitttx,dimmitt,tx,texas,44,tx
doffingtx,doffing,tx,texas,44,tx
donleycountytx,donley county,tx,texas,44,tx
donnatx,donna,tx,texas,44,tx
doolittletx,doolittle,tx,texas,44,tx
doubleoaktx,double oak,tx,texas,44,tx
drippingspringstx,dripping springs,tx,texas,44,tx
dublintx,dublin,tx,texas,44,tx
dumastx,dumas,tx,texas,44,tx
duncanvilletx,duncanville,tx,texas,44,tx
duvalcountytx,duval county,tx,texas,44,tx
eaglelaketx,eagle lake,tx,texas,44,tx
eaglemountaintx,eagle mountain,tx,texas,44,tx
eaglepasstx,eagle pass,tx,texas,44,tx
earlytx,early,tx,texas,44,tx
earthtx,earth,tx,texas,44,tx
eastbernardtx,east bernard,tx,texas,44,tx
eastlandtx,eastland,tx,texas,44,tx
eastlandcountytx,eastland county,tx,texas,44,tx
ectorcountytx,ector county,tx,texas,44,tx
edcouchtx,edcouch,tx,texas,44,tx
edentx,eden,tx,texas,44,tx
edgecliffvillagetx,edgecliff village,tx,texas,44,tx
edgewoodtx,edgewood,tx,texas,44,tx
edinburgtx,edinburg,tx,texas,44,tx
ednatx,edna,tx,texas,44,tx
edwardscountytx,edwards county,tx,texas,44,tx
eidsonroadtx,eidson road,tx,texas,44,tx
elcampotx,el campo,tx,texas,44,tx
elcenizotx,el cenizo,tx,texas,44,tx
ellagotx,el lago,tx,texas,44,tx
elpasotx,el paso,tx,texas,44,tx
elpasocountytx,el paso county,tx,texas,44,tx
eldoradotx,eldorado,tx,texas,44,tx
electratx,electra,tx,texas,44,tx
elgintx,elgin,tx,texas,44,tx
elkharttx,elkhart,tx,texas,44,tx
elliscountytx,ellis county,tx,texas,44,tx
elmcreektx,elm creek,tx,texas,44,tx
elmendorftx,elmendorf,tx,texas,44,tx
elsatx,elsa,tx,texas,44,tx
emorytx,emory,tx,texas,44,tx
encantada-ranchito-elcalaboztx,encantada-ranchito-el calaboz,tx,texas,44,tx
ennistx,ennis,tx,texas,44,tx
erathcountytx,erath county,tx,texas,44,tx
escobarestx,escobares,tx,texas,44,tx
eulesstx,euless,tx,texas,44,tx
evadaletx,evadale,tx,texas,44,tx
evermantx,everman,tx,texas,44,tx
fabenstx,fabens,tx,texas,44,tx
fairoaksranchtx,fair oaks ranch,tx,texas,44,tx
fairchildstx,fairchilds,tx,texas,44,tx
fairfieldtx,fairfield,tx,texas,44,tx
fairviewtx,fairview,tx,texas,44,tx
falconlakeestatestx,falcon lake estates,tx,texas,44,tx
falfurriastx,falfurrias,tx,texas,44,tx
fallscountytx,falls county,tx,texas,44,tx
fannetttx,fannett,tx,texas,44,tx
fannincountytx,fannin county,tx,texas,44,tx
farmersbranchtx,farmers branch,tx,texas,44,tx
farmersvilletx,farmersville,tx,texas,44,tx
farwelltx,farwell,tx,texas,44,tx
fatetx,fate,tx,texas,44,tx
fayettecountytx,fayette county,tx,texas,44,tx
ferristx,ferris,tx,texas,44,tx
fifthstreettx,fifth street,tx,texas,44,tx
fishercountytx,fisher county,tx,texas,44,tx
flatoniatx,flatonia,tx,texas,44,tx
florencetx,florence,tx,texas,44,tx
floresvilletx,floresville,tx,texas,44,tx
flowermoundtx,flower mound,tx,texas,44,tx
floydcountytx,floyd county,tx,texas,44,tx
floydadatx,floydada,tx,texas,44,tx
foardcountytx,foard county,tx,texas,44,tx
foresthilltx,forest hill,tx,texas,44,tx
forneytx,forney,tx,texas,44,tx
fortbendcountytx,fort bend county,tx,texas,44,tx
fortblisstx,fort bliss,tx,texas,44,tx
fortclarkspringstx,fort clark springs,tx,texas,44,tx
fortdavistx,fort davis,tx,texas,44,tx
forthancocktx,fort hancock,tx,texas,44,tx
forthoodtx,fort hood,tx,texas,44,tx
fortstocktontx,fort stockton,tx,texas,44,tx
fortworthtx,fort worth,tx,texas,44,tx
fourcornerstx,four corners,tx,texas,44,tx
franklintx,franklin,tx,texas,44,tx
franklincountytx,franklin county,tx,texas,44,tx
frankstontx,frankston,tx,texas,44,tx
fredericksburgtx,fredericksburg,tx,texas,44,tx
freeporttx,freeport,tx,texas,44,tx
freertx,freer,tx,texas,44,tx
freestonecountytx,freestone county,tx,texas,44,tx
fresnotx,fresno,tx,texas,44,tx
friendswoodtx,friendswood,tx,texas,44,tx
friocountytx,frio county,tx,texas,44,tx
frionatx,friona,tx,texas,44,tx
friscotx,frisco,tx,texas,44,tx
fritchtx,fritch,tx,texas,44,tx
fulsheartx,fulshear,tx,texas,44,tx
fultontx,fulton,tx,texas,44,tx
gailtx,gail,tx,texas,44,tx
gainescountytx,gaines county,tx,texas,44,tx
gainesvilletx,gainesville,tx,texas,44,tx
galenaparktx,galena park,tx,texas,44,tx
galvestontx,galveston,tx,texas,44,tx
galvestoncountytx,galveston county,tx,texas,44,tx
ganadotx,ganado,tx,texas,44,tx
gardencitytx,garden city,tx,texas,44,tx
gardenridgetx,garden ridge,tx,texas,44,tx
gardendaletx,gardendale,tx,texas,44,tx
garfieldtx,garfield,tx,texas,44,tx
garlandtx,garland,tx,texas,44,tx
garzacountytx,garza county,tx,texas,44,tx
gatesvilletx,gatesville,tx,texas,44,tx
georgewesttx,george west,tx,texas,44,tx
georgetowntx,georgetown,tx,texas,44,tx
geronimotx,geronimo,tx,texas,44,tx
gholsontx,gholson,tx,texas,44,tx
giddingstx,giddings,tx,texas,44,tx
gillespiecountytx,gillespie county,tx,texas,44,tx
gilmertx,gilmer,tx,texas,44,tx
gladewatertx,gladewater,tx,texas,44,tx
glasscockcountytx,glasscock county,tx,texas,44,tx
glenrosetx,glen rose,tx,texas,44,tx
glennheightstx,glenn heights,tx,texas,44,tx
godleytx,godley,tx,texas,44,tx
goldthwaitetx,goldthwaite,tx,texas,44,tx
goliadtx,goliad,tx,texas,44,tx
goliadcountytx,goliad county,tx,texas,44,tx
gonzalestx,gonzales,tx,texas,44,tx
gonzalescountytx,gonzales county,tx,texas,44,tx
gormantx,gorman,tx,texas,44,tx
grahamtx,graham,tx,texas,44,tx
granburytx,granbury,tx,texas,44,tx
grandprairietx,grand prairie,tx,texas,44,tx
grandsalinetx,grand saline,tx,texas,44,tx
grandviewtx,grandview,tx,texas,44,tx
grangertx,granger,tx,texas,44,tx
graniteshoalstx,granite shoals,tx,texas,44,tx
grapecreektx,grape creek,tx,texas,44,tx
grapelandtx,grapeland,tx,texas,44,tx
grapevinetx,grapevine,tx,texas,44,tx
graycountytx,gray county,tx,texas,44,tx
graysoncountytx,grayson county,tx,texas,44,tx
greatwoodtx,greatwood,tx,texas,44,tx
greenvalleyfarmstx,green valley farms,tx,texas,44,tx
greenvilletx,greenville,tx,texas,44,tx
greggcountytx,gregg county,tx,texas,44,tx
gregorytx,gregory,tx,texas,44,tx
grimescountytx,grimes county,tx,texas,44,tx
groesbecktx,groesbeck,tx,texas,44,tx
grovestx,groves,tx,texas,44,tx
grovetontx,groveton,tx,texas,44,tx
gruvertx,gruver,tx,texas,44,tx
guadalupecountytx,guadalupe county,tx,texas,44,tx
gunbarrelcitytx,gun barrel city,tx,texas,44,tx
guntertx,gunter,tx,texas,44,tx
guthrietx,guthrie,tx,texas,44,tx
hackberrytx,hackberry,tx,texas,44,tx
halecentertx,hale center,tx,texas,44,tx
halecountytx,hale county,tx,texas,44,tx
hallcountytx,hall county,tx,texas,44,tx
hallettsvilletx,hallettsville,tx,texas,44,tx
hallsvilletx,hallsville,tx,texas,44,tx
haltomcitytx,haltom city,tx,texas,44,tx
hamiltontx,hamilton,tx,texas,44,tx
hamiltoncountytx,hamilton county,tx,texas,44,tx
hamlintx,hamlin,tx,texas,44,tx
hansfordcountytx,hansford county,tx,texas,44,tx
hardemancountytx,hardeman county,tx,texas,44,tx
hardincountytx,hardin county,tx,texas,44,tx
harkerheightstx,harker heights,tx,texas,44,tx
harlingentx,harlingen,tx,texas,44,tx
harpertx,harper,tx,texas,44,tx
harriscountytx,harris county,tx,texas,44,tx
harrisoncountytx,harrison county,tx,texas,44,tx
harttx,hart,tx,texas,44,tx
hartleycountytx,hartley county,tx,texas,44,tx
haskelltx,haskell,tx,texas,44,tx
haskellcountytx,haskell county,tx,texas,44,tx
haslettx,haslet,tx,texas,44,tx
hawkinstx,hawkins,tx,texas,44,tx
hayscountytx,hays county,tx,texas,44,tx
hearnetx,hearne,tx,texas,44,tx
heathtx,heath,tx,texas,44,tx
hebbronvilletx,hebbronville,tx,texas,44,tx
hedwigvillagetx,hedwig village,tx,texas,44,tx
heidelbergtx,heidelberg,tx,texas,44,tx
helotestx,helotes,tx,texas,44,tx
hemphilltx,hemphill,tx,texas,44,tx
hemphillcountytx,hemphill county,tx,texas,44,tx
hempsteadtx,hempstead,tx,texas,44,tx
hendersontx,henderson,tx,texas,44,tx
hendersoncountytx,henderson county,tx,texas,44,tx
henriettatx,henrietta,tx,texas,44,tx
herefordtx,hereford,tx,texas,44,tx
hewitttx,hewitt,tx,texas,44,tx
hickorycreektx,hickory creek,tx,texas,44,tx
hicotx,hico,tx,texas,44,tx
hidalgotx,hidalgo,tx,texas,44,tx
hidalgocountytx,hidalgo county,tx,texas,44,tx
hideawaytx,hideaway,tx,texas,44,tx
highlandparktx,highland park,tx,texas,44,tx
highlandvillagetx,highland village,tx,texas,44,tx
highlandstx,highlands,tx,texas,44,tx
hillcountryvillagetx,hill country village,tx,texas,44,tx
hillcountytx,hill county,tx,texas,44,tx
hillsborotx,hillsboro,tx,texas,44,tx
hilltoplakestx,hilltop lakes,tx,texas,44,tx
hitchcocktx,hitchcock,tx,texas,44,tx
hockleycountytx,hockley county,tx,texas,44,tx
holidaylakestx,holiday lakes,tx,texas,44,tx
hollandtx,holland,tx,texas,44,tx
hollidaytx,holliday,tx,texas,44,tx
hollylakeranchtx,holly lake ranch,tx,texas,44,tx
hollywoodparktx,hollywood park,tx,texas,44,tx
homesteadmeadowsnorthtx,homestead meadows north,tx,texas,44,tx
homesteadmeadowssouthtx,homestead meadows south,tx,texas,44,tx
hondotx,hondo,tx,texas,44,tx
honeygrovetx,honey grove,tx,texas,44,tx
hoodcountytx,hood county,tx,texas,44,tx
hookstx,hooks,tx,texas,44,tx
hopkinscountytx,hopkins county,tx,texas,44,tx
horizoncitytx,horizon city,tx,texas,44,tx
hornsbybendtx,hornsby bend,tx,texas,44,tx
horseshoebaytx,horseshoe bay,tx,texas,44,tx
houstontx,houston,tx,texas,44,tx
houstoncountytx,houston county,tx,texas,44,tx
howardcountytx,howard county,tx,texas,44,tx
howetx,howe,tx,texas,44,tx
hubbardtx,hubbard,tx,texas,44,tx
hudsontx,hudson,tx,texas,44,tx
hudsonbendtx,hudson bend,tx,texas,44,tx
hudsonoakstx,hudson oaks,tx,texas,44,tx
hudspethcountytx,hudspeth county,tx,texas,44,tx
hughesspringstx,hughes springs,tx,texas,44,tx
humbletx,humble,tx,texas,44,tx
huntcountytx,hunt county,tx,texas,44,tx
hunterscreekvillagetx,hunters creek village,tx,texas,44,tx
huntingtontx,huntington,tx,texas,44,tx
huntsvilletx,huntsville,tx,texas,44,tx
hursttx,hurst,tx,texas,44,tx
hutchinstx,hutchins,tx,texas,44,tx
hutchinsoncountytx,hutchinson county,tx,texas,44,tx
huttotx,hutto,tx,texas,44,tx
idaloutx,idalou,tx,texas,44,tx
indianhillstx,indian hills,tx,texas,44,tx
ineztx,inez,tx,texas,44,tx
inglesidetx,ingleside,tx,texas,44,tx
ingramtx,ingram,tx,texas,44,tx
iowacolonytx,iowa colony,tx,texas,44,tx
iowaparktx,iowa park,tx,texas,44,tx
iraantx,iraan,tx,texas,44,tx
irioncountytx,irion county,tx,texas,44,tx
irvingtx,irving,tx,texas,44,tx
italytx,italy,tx,texas,44,tx
itascatx,itasca,tx,texas,44,tx
jacintocitytx,jacinto city,tx,texas,44,tx
jackcountytx,jack county,tx,texas,44,tx
jacksborotx,jacksboro,tx,texas,44,tx
jacksoncountytx,jackson county,tx,texas,44,tx
jacksonvilletx,jacksonville,tx,texas,44,tx
jamaicabeachtx,jamaica beach,tx,texas,44,tx
jarrelltx,jarrell,tx,texas,44,tx
jaspertx,jasper,tx,texas,44,tx
jaspercountytx,jasper county,tx,texas,44,tx
jaytontx,jayton,tx,texas,44,tx
jeffdaviscountytx,jeff davis county,tx,texas,44,tx
jeffersontx,jefferson,tx,texas,44,tx
jeffersoncountytx,jefferson county,tx,texas,44,tx
jerseyvillagetx,jersey village,tx,texas,44,tx
jewetttx,jewett,tx,texas,44,tx
jimhoggcountytx,jim hogg county,tx,texas,44,tx
jimwellscountytx,jim wells county,tx,texas,44,tx
johnsoncitytx,johnson city,tx,texas,44,tx
johnsoncountytx,johnson county,tx,texas,44,tx
jollyvilletx,jollyville,tx,texas,44,tx
jonescountytx,jones county,tx,texas,44,tx
jonescreektx,jones creek,tx,texas,44,tx
jonestowntx,jonestown,tx,texas,44,tx
josephinetx,josephine,tx,texas,44,tx
joshuatx,joshua,tx,texas,44,tx
jourdantontx,jourdanton,tx,texas,44,tx
junctiontx,junction,tx,texas,44,tx
justintx,justin,tx,texas,44,tx
karnescitytx,karnes city,tx,texas,44,tx
karnescountytx,karnes county,tx,texas,44,tx
katytx,katy,tx,texas,44,tx
kaufmantx,kaufman,tx,texas,44,tx
kaufmancountytx,kaufman county,tx,texas,44,tx
keenetx,keene,tx,texas,44,tx
kellertx,keller,tx,texas,44,tx
kemahtx,kemah,tx,texas,44,tx
kemptx,kemp,tx,texas,44,tx
kempnertx,kempner,tx,texas,44,tx
kendallcountytx,kendall county,tx,texas,44,tx
kenedytx,kenedy,tx,texas,44,tx
kenedycountytx,kenedy county,tx,texas,44,tx
kennedaletx,kennedale,tx,texas,44,tx
kentcountytx,kent county,tx,texas,44,tx
kerenstx,kerens,tx,texas,44,tx
kermittx,kermit,tx,texas,44,tx
kerrcountytx,kerr county,tx,texas,44,tx
kerrvilletx,kerrville,tx,texas,44,tx
kilgoretx,kilgore,tx,texas,44,tx
killeentx,killeen,tx,texas,44,tx
kimblecountytx,kimble county,tx,texas,44,tx
kingcountytx,king county,tx,texas,44,tx
kingslandtx,kingsland,tx,texas,44,tx
kingsvilletx,kingsville,tx,texas,44,tx
kingwoodareatx,kingwood area,tx,texas,44,tx
kinneycountytx,kinney county,tx,texas,44,tx
kirbytx,kirby,tx,texas,44,tx
kirbyvilletx,kirbyville,tx,texas,44,tx
klebergcountytx,kleberg county,tx,texas,44,tx
knoxcitytx,knox city,tx,texas,44,tx
knoxcountytx,knox county,tx,texas,44,tx
kountzetx,kountze,tx,texas,44,tx
krugervilletx,krugerville,tx,texas,44,tx
krumtx,krum,tx,texas,44,tx
kyletx,kyle,tx,texas,44,tx
lablancatx,la blanca,tx,texas,44,tx
lacostetx,la coste,tx,texas,44,tx
laferiatx,la feria,tx,texas,44,tx
lagrangetx,la grange,tx,texas,44,tx
lagrullatx,la grulla,tx,texas,44,tx
lahomatx,la homa,tx,texas,44,tx
lajoyatx,la joya,tx,texas,44,tx
lamarquetx,la marque,tx,texas,44,tx
lapalomatx,la paloma,tx,texas,44,tx
laportetx,la porte,tx,texas,44,tx
lapryortx,la pryor,tx,texas,44,tx
lasallecountytx,la salle county,tx,texas,44,tx
laverniatx,la vernia,tx,texas,44,tx
lavillatx,la villa,tx,texas,44,tx
lacklandairforcebasetx,lackland air force base,tx,texas,44,tx
lacy-lakeviewtx,lacy-lakeview,tx,texas,44,tx
lagovistatx,lago vista,tx,texas,44,tx
lagunaheightstx,laguna heights,tx,texas,44,tx
lagunaparktx,laguna park,tx,texas,44,tx
lagunavistatx,laguna vista,tx,texas,44,tx
lakebrownwoodtx,lake brownwood,tx,texas,44,tx
lakedallastx,lake dallas,tx,texas,44,tx
lakedunlaptx,lake dunlap,tx,texas,44,tx
lakejacksontx,lake jackson,tx,texas,44,tx
lakekiowatx,lake kiowa,tx,texas,44,tx
lakeworthtx,lake worth,tx,texas,44,tx
lakehillstx,lakehills,tx,texas,44,tx
lakesidetx,lakeside,tx,texas,44,tx
lakewaytx,lakeway,tx,texas,44,tx
lamarcountytx,lamar county,tx,texas,44,tx
lambcountytx,lamb county,tx,texas,44,tx
lamesatx,lamesa,tx,texas,44,tx
lampasastx,lampasas,tx,texas,44,tx
lampasascountytx,lampasas county,tx,texas,44,tx
lancastertx,lancaster,tx,texas,44,tx
lantanatx,lantana,tx,texas,44,tx
laredotx,laredo,tx,texas,44,tx
laslomastx,las lomas,tx,texas,44,tx
laspalmasiitx,las palmas ii,tx,texas,44,tx
lasquintasfronterizastx,las quintas fronterizas,tx,texas,44,tx
lasquintasfronterizascoloniatx,las quintas fronterizas colonia,tx,texas,44,tx
lasaratx,lasara,tx,texas,44,tx
laughlinairforcebasetx,laughlin air force base,tx,texas,44,tx
laurelestx,laureles,tx,texas,44,tx
lavacacountytx,lavaca county,tx,texas,44,tx
lavontx,lavon,tx,texas,44,tx
leaguecitytx,league city,tx,texas,44,tx
leakeytx,leakey,tx,texas,44,tx
leandertx,leander,tx,texas,44,tx
leecountytx,lee county,tx,texas,44,tx
leoncountytx,leon county,tx,texas,44,tx
leonvalleytx,leon valley,tx,texas,44,tx
leonardtx,leonard,tx,texas,44,tx
levellandtx,levelland,tx,texas,44,tx
lewisvilletx,lewisville,tx,texas,44,tx
lexingtontx,lexington,tx,texas,44,tx
libertytx,liberty,tx,texas,44,tx
libertycitytx,liberty city,tx,texas,44,tx
libertycountytx,liberty county,tx,texas,44,tx
libertyhilltx,liberty hill,tx,texas,44,tx
limestonecountytx,limestone county,tx,texas,44,tx
lindaletx,lindale,tx,texas,44,tx
lindentx,linden,tx,texas,44,tx
lindsaytx,lindsay,tx,texas,44,tx
lipscombcountytx,lipscomb county,tx,texas,44,tx
littleelmtx,little elm,tx,texas,44,tx
littleriver-academytx,little river-academy,tx,texas,44,tx
littlefieldtx,littlefield,tx,texas,44,tx
liveoaktx,live oak,tx,texas,44,tx
liveoakcountytx,live oak county,tx,texas,44,tx
livingstontx,livingston,tx,texas,44,tx
llanotx,llano,tx,texas,44,tx
llanocountytx,llano county,tx,texas,44,tx
llanograndetx,llano grande,tx,texas,44,tx
lockharttx,lockhart,tx,texas,44,tx
lockneytx,lockney,tx,texas,44,tx
lonestartx,lone star,tx,texas,44,tx
longviewtx,longview,tx,texas,44,tx
lopezvilletx,lopezville,tx,texas,44,tx
lorenatx,lorena,tx,texas,44,tx
lorenzotx,lorenzo,tx,texas,44,tx
losfresnostx,los fresnos,tx,texas,44,tx
losindiostx,los indios,tx,texas,44,tx
lostcreektx,lost creek,tx,texas,44,tx
lovingcountytx,loving county,tx,texas,44,tx
lowrycrossingtx,lowry crossing,tx,texas,44,tx
lubbocktx,lubbock,tx,texas,44,tx
lubbockcountytx,lubbock county,tx,texas,44,tx
lucastx,lucas,tx,texas,44,tx
lufkintx,lufkin,tx,texas,44,tx
lulingtx,luling,tx,texas,44,tx
lumbertontx,lumberton,tx,texas,44,tx
lyfordtx,lyford,tx,texas,44,tx
lynncountytx,lynn county,tx,texas,44,tx
lytletx,lytle,tx,texas,44,tx
mabanktx,mabank,tx,texas,44,tx
madisoncountytx,madison county,tx,texas,44,tx
madisonvilletx,madisonville,tx,texas,44,tx
magnoliatx,magnolia,tx,texas,44,tx
malakofftx,malakoff,tx,texas,44,tx
manchacatx,manchaca,tx,texas,44,tx
manortx,manor,tx,texas,44,tx
mansfieldtx,mansfield,tx,texas,44,tx
manveltx,manvel,tx,texas,44,tx
marblefallstx,marble falls,tx,texas,44,tx
marfatx,marfa,tx,texas,44,tx
mariontx,marion,tx,texas,44,tx
marioncountytx,marion county,tx,texas,44,tx
markhamtx,markham,tx,texas,44,tx
marlintx,marlin,tx,texas,44,tx
marshalltx,marshall,tx,texas,44,tx
marttx,mart,tx,texas,44,tx
martincountytx,martin county,tx,texas,44,tx
martindaletx,martindale,tx,texas,44,tx
masontx,mason,tx,texas,44,tx
masoncountytx,mason county,tx,texas,44,tx
matadortx,matador,tx,texas,44,tx
matagordacountytx,matagorda county,tx,texas,44,tx
mathistx,mathis,tx,texas,44,tx
maudtx,maud,tx,texas,44,tx
mauricevilletx,mauriceville,tx,texas,44,tx
maverickcountytx,maverick county,tx,texas,44,tx
mcallentx,mcallen,tx,texas,44,tx
mccameytx,mccamey,tx,texas,44,tx
mccullochcountytx,mcculloch county,tx,texas,44,tx
mcgregortx,mcgregor,tx,texas,44,tx
mckinneytx,mckinney,tx,texas,44,tx
mclendon-chisholmtx,mclendon-chisholm,tx,texas,44,tx
mclennancountytx,mclennan county,tx,texas,44,tx
mcmullencountytx,mcmullen county,tx,texas,44,tx
mcqueeneytx,mcqueeney,tx,texas,44,tx
meadowlakestx,meadowlakes,tx,texas,44,tx
meadowsplacetx,meadows place,tx,texas,44,tx
medinatx,medina,tx,texas,44,tx
medinacountytx,medina county,tx,texas,44,tx
melissatx,melissa,tx,texas,44,tx
memphistx,memphis,tx,texas,44,tx
menardtx,menard,tx,texas,44,tx
menardcountytx,menard county,tx,texas,44,tx
mentonetx,mentone,tx,texas,44,tx
mercedestx,mercedes,tx,texas,44,tx
meridiantx,meridian,tx,texas,44,tx
merkeltx,merkel,tx,texas,44,tx
mertzontx,mertzon,tx,texas,44,tx
mesquitetx,mesquite,tx,texas,44,tx
mexiatx,mexia,tx,texas,44,tx
miamitx,miami,tx,texas,44,tx
midlandtx,midland,tx,texas,44,tx
midlandcountytx,midland county,tx,texas,44,tx
midlothiantx,midlothian,tx,texas,44,tx
midwaynorthtx,midway north,tx,texas,44,tx
midwaysouthtx,midway south,tx,texas,44,tx
miladocetx,mila doce,tx,texas,44,tx
milamtx,milam,tx,texas,44,tx
milamcountytx,milam county,tx,texas,44,tx
millscountytx,mills county,tx,texas,44,tx
mineolatx,mineola,tx,texas,44,tx
mineralwellstx,mineral wells,tx,texas,44,tx
missiontx,mission,tx,texas,44,tx
missionbendtx,mission bend,tx,texas,44,tx
missouricitytx,missouri city,tx,texas,44,tx
mitchellcountytx,mitchell county,tx,texas,44,tx
monahanstx,monahans,tx,texas,44,tx
montbelvieutx,mont belvieu,tx,texas,44,tx
montaguetx,montague,tx,texas,44,tx
montaguecountytx,montague county,tx,texas,44,tx
montealtotx,monte alto,tx,texas,44,tx
montgomerycountytx,montgomery county,tx,texas,44,tx
moodytx,moody,tx,texas,44,tx
moorecountytx,moore county,tx,texas,44,tx
morganspointresorttx,morgans point resort,tx,texas,44,tx
morriscountytx,morris county,tx,texas,44,tx
mortontx,morton,tx,texas,44,tx
motleycountytx,motley county,tx,texas,44,tx
mountpleasanttx,mount pleasant,tx,texas,44,tx
mountvernontx,mount vernon,tx,texas,44,tx
muenstertx,muenster,tx,texas,44,tx
muleshoetx,muleshoe,tx,texas,44,tx
mundaytx,munday,tx,texas,44,tx
muniztx,muniz,tx,texas,44,tx
murillocoloniatx,murillo colonia,tx,texas,44,tx
murphytx,murphy,tx,texas,44,tx
nacogdochestx,nacogdoches,tx,texas,44,tx
nacogdochescountytx,nacogdoches county,tx,texas,44,tx
naplestx,naples,tx,texas,44,tx
nashtx,nash,tx,texas,44,tx
nassaubaytx,nassau bay,tx,texas,44,tx
nataliatx,natalia,tx,texas,44,tx
navarrocountytx,navarro county,tx,texas,44,tx
navasotatx,navasota,tx,texas,44,tx
nederlandtx,nederland,tx,texas,44,tx
needvilletx,needville,tx,texas,44,tx
nevadatx,nevada,tx,texas,44,tx
newbostontx,new boston,tx,texas,44,tx
newbraunfelstx,new braunfels,tx,texas,44,tx
newsummerfieldtx,new summerfield,tx,texas,44,tx
newterritorytx,new territory,tx,texas,44,tx
newwaverlytx,new waverly,tx,texas,44,tx
newarktx,newark,tx,texas,44,tx
newtontx,newton,tx,texas,44,tx
newtoncountytx,newton county,tx,texas,44,tx
nixontx,nixon,tx,texas,44,tx
noconatx,nocona,tx,texas,44,tx
nolancountytx,nolan county,tx,texas,44,tx
nolanvilletx,nolanville,tx,texas,44,tx
northalamotx,north alamo,tx,texas,44,tx
northrichlandhillstx,north richland hills,tx,texas,44,tx
northclifftx,northcliff,tx,texas,44,tx
northcresttx,northcrest,tx,texas,44,tx
northlaketx,northlake,tx,texas,44,tx
nuecescountytx,nueces county,tx,texas,44,tx
nurillotx,nurillo,tx,texas,44,tx
oakcliffplacetx,oak cliff place,tx,texas,44,tx
oakleaftx,oak leaf,tx,texas,44,tx
oakpointtx,oak point,tx,texas,44,tx
oakridgenorthtx,oak ridge north,tx,texas,44,tx
oaktrailshorestx,oak trail shores,tx,texas,44,tx
ochiltreecountytx,ochiltree county,tx,texas,44,tx
odemtx,odem,tx,texas,44,tx
odessatx,odessa,tx,texas,44,tx
oldriver-winfreetx,old river-winfree,tx,texas,44,tx
oldhamcountytx,oldham county,tx,texas,44,tx
olivareztx,olivarez,tx,texas,44,tx
olmitotx,olmito,tx,texas,44,tx
olmosparktx,olmos park,tx,texas,44,tx
olneytx,olney,tx,texas,44,tx
oltontx,olton,tx,texas,44,tx
onalaskatx,onalaska,tx,texas,44,tx
onioncreektx,onion creek,tx,texas,44,tx
orangetx,orange,tx,texas,44,tx
orangecountytx,orange county,tx,texas,44,tx
orangegrovetx,orange grove,tx,texas,44,tx
orecitytx,ore city,tx,texas,44,tx
overtontx,overton,tx,texas,44,tx
ovillatx,ovilla,tx,texas,44,tx
oystercreektx,oyster creek,tx,texas,44,tx
ozonatx,ozona,tx,texas,44,tx
paducahtx,paducah,tx,texas,44,tx
paintrocktx,paint rock,tx,texas,44,tx
palaciostx,palacios,tx,texas,44,tx
palestinetx,palestine,tx,texas,44,tx
palmvalleytx,palm valley,tx,texas,44,tx
palmertx,palmer,tx,texas,44,tx
palmhursttx,palmhurst,tx,texas,44,tx
palmviewtx,palmview,tx,texas,44,tx
palmviewsouthtx,palmview south,tx,texas,44,tx
palopintotx,palo pinto,tx,texas,44,tx
palopintocountytx,palo pinto county,tx,texas,44,tx
palomacreektx,paloma creek,tx,texas,44,tx
palomacreeksouthtx,paloma creek south,tx,texas,44,tx
pampatx,pampa,tx,texas,44,tx
panhandletx,panhandle,tx,texas,44,tx
panolacountytx,panola county,tx,texas,44,tx
panoramavillagetx,panorama village,tx,texas,44,tx
pantegotx,pantego,tx,texas,44,tx
paristx,paris,tx,texas,44,tx
parkertx,parker,tx,texas,44,tx
parkercountytx,parker county,tx,texas,44,tx
parmercountytx,parmer county,tx,texas,44,tx
pasadenatx,pasadena,tx,texas,44,tx
pattonvillagetx,patton village,tx,texas,44,tx
pearlandtx,pearland,tx,texas,44,tx
pearsalltx,pearsall,tx,texas,44,tx
pecanacrestx,pecan acres,tx,texas,44,tx
pecangrovetx,pecan grove,tx,texas,44,tx
pecanplantationtx,pecan plantation,tx,texas,44,tx
pecostx,pecos,tx,texas,44,tx
pecoscountytx,pecos county,tx,texas,44,tx
pelicanbaytx,pelican bay,tx,texas,44,tx
penitastx,penitas,tx,texas,44,tx
perezvilletx,perezville,tx,texas,44,tx
perrytontx,perryton,tx,texas,44,tx
petersburgtx,petersburg,tx,texas,44,tx
pflugervilletx,pflugerville,tx,texas,44,tx
pharrtx,pharr,tx,texas,44,tx
pilotpointtx,pilot point,tx,texas,44,tx
pineislandtx,pine island,tx,texas,44,tx
pinehursttx,pinehurst,tx,texas,44,tx
pinewoodestatestx,pinewood estates,tx,texas,44,tx
pineypointvillagetx,piney point village,tx,texas,44,tx
pittsburgtx,pittsburg,tx,texas,44,tx
plainstx,plains,tx,texas,44,tx
plainviewtx,plainview,tx,texas,44,tx
planotx,plano,tx,texas,44,tx
pleaktx,pleak,tx,texas,44,tx
pleasantontx,pleasanton,tx,texas,44,tx
plumgrovetx,plum grove,tx,texas,44,tx
polkcountytx,polk county,tx,texas,44,tx
pondertx,ponder,tx,texas,44,tx
portaransastx,port aransas,tx,texas,44,tx
portarthurtx,port arthur,tx,texas,44,tx
portisabeltx,port isabel,tx,texas,44,tx
portlavacatx,port lavaca,tx,texas,44,tx
portnechestx,port neches,tx,texas,44,tx
porto'connortx,port o'connor,tx,texas,44,tx
porterheightstx,porter heights,tx,texas,44,tx
portlandtx,portland,tx,texas,44,tx
posttx,post,tx,texas,44,tx
poteettx,poteet,tx,texas,44,tx
pothtx,poth,tx,texas,44,tx
potositx,potosi,tx,texas,44,tx
pottercountytx,potter county,tx,texas,44,tx
pottsborotx,pottsboro,tx,texas,44,tx
powderlytx,powderly,tx,texas,44,tx
prairieviewtx,prairie view,tx,texas,44,tx
premonttx,premont,tx,texas,44,tx
presidiotx,presidio,tx,texas,44,tx
presidiocountytx,presidio county,tx,texas,44,tx
prestontx,preston,tx,texas,44,tx
primeratx,primera,tx,texas,44,tx
princetontx,princeton,tx,texas,44,tx
progresotx,progreso,tx,texas,44,tx
prospertx,prosper,tx,texas,44,tx
providencetx,providence,tx,texas,44,tx
quailcreektx,quail creek,tx,texas,44,tx
quanahtx,quanah,tx,texas,44,tx
queencitytx,queen city,tx,texas,44,tx
quinlantx,quinlan,tx,texas,44,tx
quitmantx,quitman,tx,texas,44,tx
rainscountytx,rains county,tx,texas,44,tx
rallstx,ralls,tx,texas,44,tx
ranchoalegretx,rancho alegre,tx,texas,44,tx
ranchoviejotx,rancho viejo,tx,texas,44,tx
randallcountytx,randall county,tx,texas,44,tx
rangertx,ranger,tx,texas,44,tx
rankintx,rankin,tx,texas,44,tx
ransomcanyontx,ransom canyon,tx,texas,44,tx
raymondvilletx,raymondville,tx,texas,44,tx
reagancountytx,reagan county,tx,texas,44,tx
realcountytx,real county,tx,texas,44,tx
redlicktx,red lick,tx,texas,44,tx
redoaktx,red oak,tx,texas,44,tx
redrivercountytx,red river county,tx,texas,44,tx
redlandtx,redland,tx,texas,44,tx
redwatertx,redwater,tx,texas,44,tx
redwoodtx,redwood,tx,texas,44,tx
reevescountytx,reeves county,tx,texas,44,tx
refugiotx,refugio,tx,texas,44,tx
refugiocountytx,refugio county,tx,texas,44,tx
rendontx,rendon,tx,texas,44,tx
renotx,reno,tx,texas,44,tx
rhometx,rhome,tx,texas,44,tx
ricardotx,ricardo,tx,texas,44,tx
richardsontx,richardson,tx,texas,44,tx
richlandhillstx,richland hills,tx,texas,44,tx
richmondtx,richmond,tx,texas,44,tx
richwoodtx,richwood,tx,texas,44,tx
rieseltx,riesel,tx,texas,44,tx
riobravotx,rio bravo,tx,texas,44,tx
riograndecitytx,rio grande city,tx,texas,44,tx
riohondotx,rio hondo,tx,texas,44,tx
riveroakstx,river oaks,tx,texas,44,tx
roanoketx,roanoke,tx,texas,44,tx
robertleetx,robert lee,tx,texas,44,tx
robertscountytx,roberts county,tx,texas,44,tx
robertsoncountytx,robertson county,tx,texas,44,tx
robinsontx,robinson,tx,texas,44,tx
robstowntx,robstown,tx,texas,44,tx
robytx,roby,tx,texas,44,tx
rockdaletx,rockdale,tx,texas,44,tx
rockporttx,rockport,tx,texas,44,tx
rockspringstx,rocksprings,tx,texas,44,tx
rockwalltx,rockwall,tx,texas,44,tx
rockwallcountytx,rockwall county,tx,texas,44,tx
rogerstx,rogers,tx,texas,44,tx
rollingwoodtx,rollingwood,tx,texas,44,tx
romatx,roma,tx,texas,44,tx
roma-lossaenztx,roma-los saenz,tx,texas,44,tx
romanforesttx,roman forest,tx,texas,44,tx
roscoetx,roscoe,tx,texas,44,tx
rosebudtx,rosebud,tx,texas,44,tx
rosenbergtx,rosenberg,tx,texas,44,tx
rosharontx,rosharon,tx,texas,44,tx
rositanorthtx,rosita north,tx,texas,44,tx
rositasouthtx,rosita south,tx,texas,44,tx
rotantx,rotan,tx,texas,44,tx
roundrocktx,round rock,tx,texas,44,tx
rowletttx,rowlett,tx,texas,44,tx
roysecitytx,royse city,tx,texas,44,tx
runawaybaytx,runaway bay,tx,texas,44,tx
rungetx,runge,tx,texas,44,tx
runnelscountytx,runnels county,tx,texas,44,tx
rusktx,rusk,tx,texas,44,tx
ruskcountytx,rusk county,tx,texas,44,tx
sabinaltx,sabinal,tx,texas,44,tx
sabinecountytx,sabine county,tx,texas,44,tx
sachsetx,sachse,tx,texas,44,tx
saginawtx,saginaw,tx,texas,44,tx
sainthedwigtx,saint hedwig,tx,texas,44,tx
saintjotx,saint jo,tx,texas,44,tx
saintpaultx,saint paul,tx,texas,44,tx
saladotx,salado,tx,texas,44,tx
samrayburntx,sam rayburn,tx,texas,44,tx
sanangelotx,san angelo,tx,texas,44,tx
sanantoniotx,san antonio,tx,texas,44,tx
sanaugustinetx,san augustine,tx,texas,44,tx
sanaugustinecountytx,san augustine county,tx,texas,44,tx
sanbenitotx,san benito,tx,texas,44,tx
sancarlostx,san carlos,tx,texas,44,tx
sandiegotx,san diego,tx,texas,44,tx
sanelizariotx,san elizario,tx,texas,44,tx
sanjacintocountytx,san jacinto county,tx,texas,44,tx
sanjuantx,san juan,tx,texas,44,tx
sanleontx,san leon,tx,texas,44,tx
sanmarcostx,san marcos,tx,texas,44,tx
sanpatriciocountytx,san patricio county,tx,texas,44,tx
sansabatx,san saba,tx,texas,44,tx
sansabacountytx,san saba county,tx,texas,44,tx
sandersontx,sanderson,tx,texas,44,tx
sangertx,sanger,tx,texas,44,tx
sansomparktx,sansom park,tx,texas,44,tx
santaannatx,santa anna,tx,texas,44,tx
santafetx,santa fe,tx,texas,44,tx
santarosatx,santa rosa,tx,texas,44,tx
saritatx,sarita,tx,texas,44,tx
savannahtx,savannah,tx,texas,44,tx
scenicoakstx,scenic oaks,tx,texas,44,tx
schertztx,schertz,tx,texas,44,tx
schleichercountytx,schleicher county,tx,texas,44,tx
schulenburgtx,schulenburg,tx,texas,44,tx
scissorstx,scissors,tx,texas,44,tx
scurrycountytx,scurry county,tx,texas,44,tx
seabrooktx,seabrook,tx,texas,44,tx
seadrifttx,seadrift,tx,texas,44,tx
seagovilletx,seagoville,tx,texas,44,tx
seagravestx,seagraves,tx,texas,44,tx
sealytx,sealy,tx,texas,44,tx
sebastiantx,sebastian,tx,texas,44,tx
seguintx,seguin,tx,texas,44,tx
selmatx,selma,tx,texas,44,tx
seminoletx,seminole,tx,texas,44,tx
serenadatx,serenada,tx,texas,44,tx
sethwardtx,seth ward,tx,texas,44,tx
sevenpointstx,seven points,tx,texas,44,tx
seymourtx,seymour,tx,texas,44,tx
shackelfordcountytx,shackelford county,tx,texas,44,tx
shadyhollowtx,shady hollow,tx,texas,44,tx
shadyshorestx,shady shores,tx,texas,44,tx
shallowatertx,shallowater,tx,texas,44,tx
shamrocktx,shamrock,tx,texas,44,tx
shavanoparktx,shavano park,tx,texas,44,tx
shelbycountytx,shelby county,tx,texas,44,tx
sheldontx,sheldon,tx,texas,44,tx
shenandoahtx,shenandoah,tx,texas,44,tx
shepherdtx,shepherd,tx,texas,44,tx
shermantx,sherman,tx,texas,44,tx
shermancountytx,sherman county,tx,texas,44,tx
sherwoodshorestx,sherwood shores,tx,texas,44,tx
shinertx,shiner,tx,texas,44,tx
shoreacrestx,shoreacres,tx,texas,44,tx
siennaplantationtx,sienna plantation,tx,texas,44,tx
sierrablancatx,sierra blanca,tx,texas,44,tx
siestaacrestx,siesta acres,tx,texas,44,tx
siestashorestx,siesta shores,tx,texas,44,tx
silsbeetx,silsbee,tx,texas,44,tx
silvertontx,silverton,tx,texas,44,tx
sintontx,sinton,tx,texas,44,tx
slatontx,slaton,tx,texas,44,tx
smithcountytx,smith county,tx,texas,44,tx
smithvilletx,smithville,tx,texas,44,tx
snydertx,snyder,tx,texas,44,tx
socorrotx,socorro,tx,texas,44,tx
socorromissionnumber1coloniatx,socorro mission number 1 colonia,tx,texas,44,tx
somersettx,somerset,tx,texas,44,tx
somervellcountytx,somervell county,tx,texas,44,tx
somervilletx,somerville,tx,texas,44,tx
sonoratx,sonora,tx,texas,44,tx
sourlaketx,sour lake,tx,texas,44,tx
southalamotx,south alamo,tx,texas,44,tx
southhoustontx,south houston,tx,texas,44,tx
southpadreislandtx,south padre island,tx,texas,44,tx
southpointtx,south point,tx,texas,44,tx
southlaketx,southlake,tx,texas,44,tx
southmaydtx,southmayd,tx,texas,44,tx
southsideplacetx,southside place,tx,texas,44,tx
sparkstx,sparks,tx,texas,44,tx
spearmantx,spearman,tx,texas,44,tx
splendoratx,splendora,tx,texas,44,tx
springtx,spring,tx,texas,44,tx
springvalleytx,spring valley,tx,texas,44,tx
springtowntx,springtown,tx,texas,44,tx
spurtx,spur,tx,texas,44,tx
staffordtx,stafford,tx,texas,44,tx
stamfordtx,stamford,tx,texas,44,tx
stantontx,stanton,tx,texas,44,tx
starrcountytx,starr county,tx,texas,44,tx
stephenscountytx,stephens county,tx,texas,44,tx
stephenvilletx,stephenville,tx,texas,44,tx
sterlingcitytx,sterling city,tx,texas,44,tx
sterlingcountytx,sterling county,tx,texas,44,tx
stinnetttx,stinnett,tx,texas,44,tx
stockdaletx,stockdale,tx,texas,44,tx
stonewallcountytx,stonewall county,tx,texas,44,tx
stowelltx,stowell,tx,texas,44,tx
stratfordtx,stratford,tx,texas,44,tx
sugarlandtx,sugar land,tx,texas,44,tx
sullivancitytx,sullivan city,tx,texas,44,tx
sulphurspringstx,sulphur springs,tx,texas,44,tx
sundowntx,sundown,tx,texas,44,tx
sunnyvaletx,sunnyvale,tx,texas,44,tx
sunraytx,sunray,tx,texas,44,tx
suttoncountytx,sutton county,tx,texas,44,tx
sweenytx,sweeny,tx,texas,44,tx
sweetwatertx,sweetwater,tx,texas,44,tx
swishercountytx,swisher county,tx,texas,44,tx
tafttx,taft,tx,texas,44,tx
taftsouthwest(historical)tx,taft southwest (historical),tx,texas,44,tx
tahokatx,tahoka,tx,texas,44,tx
taltytx,talty,tx,texas,44,tx
tarrantcountytx,tarrant county,tx,texas,44,tx
tatumtx,tatum,tx,texas,44,tx
taylortx,taylor,tx,texas,44,tx
taylorcountytx,taylor county,tx,texas,44,tx
taylorlakevillagetx,taylor lake village,tx,texas,44,tx
teaguetx,teague,tx,texas,44,tx
templetx,temple,tx,texas,44,tx
tenahatx,tenaha,tx,texas,44,tx
terrelltx,terrell,tx,texas,44,tx
terrellcountytx,terrell county,tx,texas,44,tx
terrellhillstx,terrell hills,tx,texas,44,tx
terrycountytx,terry county,tx,texas,44,tx
texarkanatx,texarkana,tx,texas,44,tx
texascitytx,texas city,tx,texas,44,tx
thecolonytx,the colony,tx,texas,44,tx
thehillstx,the hills,tx,texas,44,tx
thewoodlandstx,the woodlands,tx,texas,44,tx
thorndaletx,thorndale,tx,texas,44,tx
threeriverstx,three rivers,tx,texas,44,tx
throckmortontx,throckmorton,tx,texas,44,tx
throckmortoncountytx,throckmorton county,tx,texas,44,tx
tikiislandtx,tiki island,tx,texas,44,tx
tildentx,tilden,tx,texas,44,tx
timberwoodparktx,timberwood park,tx,texas,44,tx
timpsontx,timpson,tx,texas,44,tx
tituscountytx,titus county,tx,texas,44,tx
tombeantx,tom bean,tx,texas,44,tx
tomgreencountytx,tom green county,tx,texas,44,tx
tomballtx,tomball,tx,texas,44,tx
tooltx,tool,tx,texas,44,tx
tornillotx,tornillo,tx,texas,44,tx
traviscountytx,travis county,tx,texas,44,tx
travisranchtx,travis ranch,tx,texas,44,tx
trinitytx,trinity,tx,texas,44,tx
trinitycountytx,trinity county,tx,texas,44,tx
trophyclubtx,trophy club,tx,texas,44,tx
trouptx,troup,tx,texas,44,tx
troytx,troy,tx,texas,44,tx
tuliatx,tulia,tx,texas,44,tx
tyetx,tye,tx,texas,44,tx
tylertx,tyler,tx,texas,44,tx
tylercountytx,tyler county,tx,texas,44,tx
uhlandtx,uhland,tx,texas,44,tx
universalcitytx,universal city,tx,texas,44,tx
universityparktx,university park,tx,texas,44,tx
upshurcountytx,upshur county,tx,texas,44,tx
uptoncountytx,upton county,tx,texas,44,tx
uvaldetx,uvalde,tx,texas,44,tx
uvaldecountytx,uvalde county,tx,texas,44,tx
uvaldeestatestx,uvalde estates,tx,texas,44,tx
valverdecountytx,val verde county,tx,texas,44,tx
valverdeparktx,val verde park,tx,texas,44,tx
valleymillstx,valley mills,tx,texas,44,tx
vantx,van,tx,texas,44,tx
vanalstynetx,van alstyne,tx,texas,44,tx
vanhorntx,van horn,tx,texas,44,tx
vanvlecktx,van vleck,tx,texas,44,tx
vanzandtcountytx,van zandt county,tx,texas,44,tx
vegatx,vega,tx,texas,44,tx
venustx,venus,tx,texas,44,tx
vernontx,vernon,tx,texas,44,tx
victoriatx,victoria,tx,texas,44,tx
victoriacountytx,victoria county,tx,texas,44,tx
vidortx,vidor,tx,texas,44,tx
vintontx,vinton,tx,texas,44,tx
vonormytx,von ormy,tx,texas,44,tx
wacotx,waco,tx,texas,44,tx
wakevillagetx,wake village,tx,texas,44,tx
walkercountytx,walker county,tx,texas,44,tx
wallertx,waller,tx,texas,44,tx
wallercountytx,waller county,tx,texas,44,tx
wallistx,wallis,tx,texas,44,tx
wardcountytx,ward county,tx,texas,44,tx
washingtoncountytx,washington county,tx,texas,44,tx
waskomtx,waskom,tx,texas,44,tx
wataugatx,watauga,tx,texas,44,tx
waxahachietx,waxahachie,tx,texas,44,tx
weatherfordtx,weatherford,tx,texas,44,tx
webbcountytx,webb county,tx,texas,44,tx
webstertx,webster,tx,texas,44,tx
weimartx,weimar,tx,texas,44,tx
wellingtontx,wellington,tx,texas,44,tx
wellsbranchtx,wells branch,tx,texas,44,tx
weslacotx,weslaco,tx,texas,44,tx
westtx,west,tx,texas,44,tx
westcolumbiatx,west columbia,tx,texas,44,tx
westlakehillstx,west lake hills,tx,texas,44,tx
westlivingstontx,west livingston,tx,texas,44,tx
westodessatx,west odessa,tx,texas,44,tx
westorangetx,west orange,tx,texas,44,tx
westsharylandtx,west sharyland,tx,texas,44,tx
westtawakonitx,west tawakoni,tx,texas,44,tx
westuniversityplacetx,west university place,tx,texas,44,tx
westernlaketx,western lake,tx,texas,44,tx
westlaketx,westlake,tx,texas,44,tx
westonlakestx,weston lakes,tx,texas,44,tx
westwaytx,westway,tx,texas,44,tx
westworthtx,westworth,tx,texas,44,tx
whartontx,wharton,tx,texas,44,tx
whartoncountytx,wharton county,tx,texas,44,tx
wheelertx,wheeler,tx,texas,44,tx
wheelercountytx,wheeler county,tx,texas,44,tx
whiteoaktx,white oak,tx,texas,44,tx
whitesettlementtx,white settlement,tx,texas,44,tx
whitehousetx,whitehouse,tx,texas,44,tx
whitesborotx,whitesboro,tx,texas,44,tx
whitewrighttx,whitewright,tx,texas,44,tx
whitneytx,whitney,tx,texas,44,tx
wichitacountytx,wichita county,tx,texas,44,tx
wichitafallstx,wichita falls,tx,texas,44,tx
wilbargercountytx,wilbarger county,tx,texas,44,tx
wildpeachvillagetx,wild peach village,tx,texas,44,tx
wildwoodtx,wildwood,tx,texas,44,tx
willacycountytx,willacy county,tx,texas,44,tx
williamsoncountytx,williamson county,tx,texas,44,tx
willistx,willis,tx,texas,44,tx
willowparktx,willow park,tx,texas,44,tx
willspointtx,wills point,tx,texas,44,tx
wilmertx,wilmer,tx,texas,44,tx
wilsoncountytx,wilson county,tx,texas,44,tx
wimberleytx,wimberley,tx,texas,44,tx
windcresttx,windcrest,tx,texas,44,tx
windemeretx,windemere,tx,texas,44,tx
winktx,wink,tx,texas,44,tx
winklercountytx,winkler county,tx,texas,44,tx
winnietx,winnie,tx,texas,44,tx
winnsborotx,winnsboro,tx,texas,44,tx
winterstx,winters,tx,texas,44,tx
wisecountytx,wise county,tx,texas,44,tx
wolfecitytx,wolfe city,tx,texas,44,tx
wolfforthtx,wolfforth,tx,texas,44,tx
woodcountytx,wood county,tx,texas,44,tx
woodbranchtx,woodbranch,tx,texas,44,tx
woodcreektx,woodcreek,tx,texas,44,tx
woodsborotx,woodsboro,tx,texas,44,tx
woodvilletx,woodville,tx,texas,44,tx
woodwaytx,woodway,tx,texas,44,tx
worthamtx,wortham,tx,texas,44,tx
wyldwoodtx,wyldwood,tx,texas,44,tx
wylietx,wylie,tx,texas,44,tx
yoakumtx,yoakum,tx,texas,44,tx
yoakumcountytx,yoakum county,tx,texas,44,tx
yorktowntx,yorktown,tx,texas,44,tx
youngcountytx,young county,tx,texas,44,tx
zapatatx,zapata,tx,texas,44,tx
zapatacountytx,zapata county,tx,texas,44,tx
zavalacountytx,zavala county,tx,texas,44,tx
alpineut,alpine,ut,utah,45,ut
americanforkut,american fork,ut,utah,45,ut
auroraut,aurora,ut,utah,45,ut
ballardut,ballard,ut,utah,45,ut
beaverut,beaver,ut,utah,45,ut
beavercountyut,beaver county,ut,utah,45,ut
benjaminut,benjamin,ut,utah,45,ut
bensonut,benson,ut,utah,45,ut
blandingut,blanding,ut,utah,45,ut
bluffdaleut,bluffdale,ut,utah,45,ut
bountifulut,bountiful,ut,utah,45,ut
boxeldercountyut,box elder county,ut,utah,45,ut
brighamcityut,brigham city,ut,utah,45,ut
cachecountyut,cache county,ut,utah,45,ut
canyonrimut,canyon rim,ut,utah,45,ut
carboncountyut,carbon county,ut,utah,45,ut
carbonvilleut,carbonville,ut,utah,45,ut
castledaleut,castle dale,ut,utah,45,ut
cedarcityut,cedar city,ut,utah,45,ut
cedarhillsut,cedar hills,ut,utah,45,ut
centerfieldut,centerfield,ut,utah,45,ut
centervilleut,centerville,ut,utah,45,ut
clearfieldut,clearfield,ut,utah,45,ut
clintonut,clinton,ut,utah,45,ut
coalvilleut,coalville,ut,utah,45,ut
cottonwoodheightsut,cottonwood heights,ut,utah,45,ut
daggettcountyut,daggett county,ut,utah,45,ut
danielut,daniel,ut,utah,45,ut
daviscountyut,davis county,ut,utah,45,ut
deltaut,delta,ut,utah,45,ut
draperut,draper,ut,utah,45,ut
duchesneut,duchesne,ut,utah,45,ut
duchesnecountyut,duchesne county,ut,utah,45,ut
eaglemountainut,eagle mountain,ut,utah,45,ut
eastcarboncityut,east carbon city,ut,utah,45,ut
eastmillcreekut,east millcreek,ut,utah,45,ut
elkridgeut,elk ridge,ut,utah,45,ut
elwoodut,elwood,ut,utah,45,ut
emerycountyut,emery county,ut,utah,45,ut
enochut,enoch,ut,utah,45,ut
enterpriseut,enterprise,ut,utah,45,ut
ephraimut,ephraim,ut,utah,45,ut
erdaut,erda,ut,utah,45,ut
fairviewut,fairview,ut,utah,45,ut
farmingtonut,farmington,ut,utah,45,ut
farrwestut,farr west,ut,utah,45,ut
ferronut,ferron,ut,utah,45,ut
fillmoreut,fillmore,ut,utah,45,ut
fountaingreenut,fountain green,ut,utah,45,ut
francisut,francis,ut,utah,45,ut
fruitheightsut,fruit heights,ut,utah,45,ut
garfieldcountyut,garfield county,ut,utah,45,ut
garlandut,garland,ut,utah,45,ut
genolaut,genola,ut,utah,45,ut
grandcountyut,grand county,ut,utah,45,ut
graniteut,granite,ut,utah,45,ut
grantsvilleut,grantsville,ut,utah,45,ut
gunnisonut,gunnison,ut,utah,45,ut
harrisvilleut,harrisville,ut,utah,45,ut
hebercityut,heber city,ut,utah,45,ut
helperut,helper,ut,utah,45,ut
herrimanut,herriman,ut,utah,45,ut
highlandut,highland,ut,utah,45,ut
hildaleut,hildale,ut,utah,45,ut
hillairforcebaseut,hill air force base,ut,utah,45,ut
holladayut,holladay,ut,utah,45,ut
honeyvilleut,honeyville,ut,utah,45,ut
hooperut,hooper,ut,utah,45,ut
huntingtonut,huntington,ut,utah,45,ut
hurricaneut,hurricane,ut,utah,45,ut
hydeparkut,hyde park,ut,utah,45,ut
hyrumut,hyrum,ut,utah,45,ut
ironcountyut,iron county,ut,utah,45,ut
ivinsut,ivins,ut,utah,45,ut
juabcountyut,juab county,ut,utah,45,ut
junctionut,junction,ut,utah,45,ut
kamasut,kamas,ut,utah,45,ut
kanabut,kanab,ut,utah,45,ut
kanecountyut,kane county,ut,utah,45,ut
kaysvilleut,kaysville,ut,utah,45,ut
kearnsut,kearns,ut,utah,45,ut
laverkinut,laverkin,ut,utah,45,ut
laytonut,layton,ut,utah,45,ut
lehiut,lehi,ut,utah,45,ut
lewistonut,lewiston,ut,utah,45,ut
libertyut,liberty,ut,utah,45,ut
lindonut,lindon,ut,utah,45,ut
littlecottonwoodcreekvalleyut,little cottonwood creek valley,ut,utah,45,ut
loaut,loa,ut,utah,45,ut
loganut,logan,ut,utah,45,ut
maeserut,maeser,ut,utah,45,ut
magnaut,magna,ut,utah,45,ut
manilaut,manila,ut,utah,45,ut
mantiut,manti,ut,utah,45,ut
mapletonut,mapleton,ut,utah,45,ut
marriott-slatervilleut,marriott-slaterville,ut,utah,45,ut
mendonut,mendon,ut,utah,45,ut
midvaleut,midvale,ut,utah,45,ut
midwayut,midway,ut,utah,45,ut
milfordut,milford,ut,utah,45,ut
millardcountyut,millard county,ut,utah,45,ut
millcreekut,millcreek,ut,utah,45,ut
millvilleut,millville,ut,utah,45,ut
moabut,moab,ut,utah,45,ut
monaut,mona,ut,utah,45,ut
monroeut,monroe,ut,utah,45,ut
monticellout,monticello,ut,utah,45,ut
morganut,morgan,ut,utah,45,ut
morgancountyut,morgan county,ut,utah,45,ut
moroniut,moroni,ut,utah,45,ut
mountolympusut,mount olympus,ut,utah,45,ut
mountpleasantut,mount pleasant,ut,utah,45,ut
mountaingreenut,mountain green,ut,utah,45,ut
murrayut,murray,ut,utah,45,ut
naplesut,naples,ut,utah,45,ut
nephiut,nephi,ut,utah,45,ut
nibleyut,nibley,ut,utah,45,ut
northloganut,north logan,ut,utah,45,ut
northogdenut,north ogden,ut,utah,45,ut
northsaltlakeut,north salt lake,ut,utah,45,ut
oakleyut,oakley,ut,utah,45,ut
ogdenut,ogden,ut,utah,45,ut
oquirrhut,oquirrh,ut,utah,45,ut
orangevilleut,orangeville,ut,utah,45,ut
oremut,orem,ut,utah,45,ut
panguitchut,panguitch,ut,utah,45,ut
parkcityut,park city,ut,utah,45,ut
parowanut,parowan,ut,utah,45,ut
paysonut,payson,ut,utah,45,ut
perryut,perry,ut,utah,45,ut
piutecountyut,piute county,ut,utah,45,ut
plaincityut,plain city,ut,utah,45,ut
pleasantgroveut,pleasant grove,ut,utah,45,ut
pleasantviewut,pleasant view,ut,utah,45,ut
priceut,price,ut,utah,45,ut
providenceut,providence,ut,utah,45,ut
provout,provo,ut,utah,45,ut
randolphut,randolph,ut,utah,45,ut
richcountyut,rich county,ut,utah,45,ut
richfieldut,richfield,ut,utah,45,ut
richmondut,richmond,ut,utah,45,ut
riverheightsut,river heights,ut,utah,45,ut
riverdaleut,riverdale,ut,utah,45,ut
rivertonut,riverton,ut,utah,45,ut
rooseveltut,roosevelt,ut,utah,45,ut
royut,roy,ut,utah,45,ut
saintgeorgeut,saint george,ut,utah,45,ut
salemut,salem,ut,utah,45,ut
salinaut,salina,ut,utah,45,ut
saltlakecityut,salt lake city,ut,utah,45,ut
saltlakecountyut,salt lake county,ut,utah,45,ut
sanjuancountyut,san juan county,ut,utah,45,ut
sandyut,sandy,ut,utah,45,ut
sandyhillsut,sandy hills,ut,utah,45,ut
sanpetecountyut,sanpete county,ut,utah,45,ut
santaclaraut,santa clara,ut,utah,45,ut
santaquinut,santaquin,ut,utah,45,ut
saratogaspringsut,saratoga springs,ut,utah,45,ut
seviercountyut,sevier county,ut,utah,45,ut
silversummitut,silver summit,ut,utah,45,ut
smithfieldut,smithfield,ut,utah,45,ut
snydervilleut,snyderville,ut,utah,45,ut
southjordanut,south jordan,ut,utah,45,ut
southjordanheightsut,south jordan heights,ut,utah,45,ut
southogdenut,south ogden,ut,utah,45,ut
southsaltlakeut,south salt lake,ut,utah,45,ut
southweberut,south weber,ut,utah,45,ut
southwillardut,south willard,ut,utah,45,ut
spanishforkut,spanish fork,ut,utah,45,ut
springcityut,spring city,ut,utah,45,ut
springglenut,spring glen,ut,utah,45,ut
springvilleut,springville,ut,utah,45,ut
stansburyparkut,stansbury park,ut,utah,45,ut
summitcountyut,summit county,ut,utah,45,ut
summitparkut,summit park,ut,utah,45,ut
sunsetut,sunset,ut,utah,45,ut
syracuseut,syracuse,ut,utah,45,ut
taylorsvilleut,taylorsville,ut,utah,45,ut
tooeleut,tooele,ut,utah,45,ut
tooelecountyut,tooele county,ut,utah,45,ut
toquervilleut,toquerville,ut,utah,45,ut
tremontonut,tremonton,ut,utah,45,ut
uintahut,uintah,ut,utah,45,ut
uintahcountyut,uintah county,ut,utah,45,ut
utahcountyut,utah county,ut,utah,45,ut
vernalut,vernal,ut,utah,45,ut
vineyardut,vineyard,ut,utah,45,ut
wasatchcountyut,wasatch county,ut,utah,45,ut
washingtonut,washington,ut,utah,45,ut
washingtoncountyut,washington county,ut,utah,45,ut
washingtonterraceut,washington terrace,ut,utah,45,ut
waynecountyut,wayne county,ut,utah,45,ut
webercountyut,weber county,ut,utah,45,ut
wellingtonut,wellington,ut,utah,45,ut
wellsvilleut,wellsville,ut,utah,45,ut
wendoverut,wendover,ut,utah,45,ut
westbountifulut,west bountiful,ut,utah,45,ut
westhavenut,west haven,ut,utah,45,ut
westjordanut,west jordan,ut,utah,45,ut
westmountainut,west mountain,ut,utah,45,ut
westpointut,west point,ut,utah,45,ut
westvalleycityut,west valley city,ut,utah,45,ut
whitecityut,white city,ut,utah,45,ut
willardut,willard,ut,utah,45,ut
wolfcreekut,wolf creek,ut,utah,45,ut
woodlandhillsut,woodland hills,ut,utah,45,ut
woodscrossut,woods cross,ut,utah,45,ut
addisonvt,addison,vt,vermont,46,vt
addisoncountyvt,addison county,vt,vermont,46,vt
arlingtonvt,arlington,vt,vermont,46,vt
barrevt,barre,vt,vermont,46,vt
bellowsfallsvt,bellows falls,vt,vermont,46,vt
benningtonvt,bennington,vt,vermont,46,vt
benningtoncountyvt,bennington county,vt,vermont,46,vt
brandonvt,brandon,vt,vermont,46,vt
brattleborovt,brattleboro,vt,vermont,46,vt
bridportvt,bridport,vt,vermont,46,vt
bristolvt,bristol,vt,vermont,46,vt
burlingtonvt,burlington,vt,vermont,46,vt
caledoniacountyvt,caledonia county,vt,vermont,46,vt
castletonvt,castleton,vt,vermont,46,vt
charlottevt,charlotte,vt,vermont,46,vt
chelseavt,chelsea,vt,vermont,46,vt
chestervt,chester,vt,vermont,46,vt
chittendenvt,chittenden,vt,vermont,46,vt
chittendencountyvt,chittenden county,vt,vermont,46,vt
clarendonvt,clarendon,vt,vermont,46,vt
colchestervt,colchester,vt,vermont,46,vt
danbyvt,danby,vt,vermont,46,vt
dovervt,dover,vt,vermont,46,vt
enosburgfallsvt,enosburg falls,vt,vermont,46,vt
essexcountyvt,essex county,vt,vermont,46,vt
essexjunctionvt,essex junction,vt,vermont,46,vt
fairhavenvt,fair haven,vt,vermont,46,vt
ferrisburghvt,ferrisburgh,vt,vermont,46,vt
franklincountyvt,franklin county,vt,vermont,46,vt
grandislecountyvt,grand isle county,vt,vermont,46,vt
guildhallvt,guildhall,vt,vermont,46,vt
hardwickvt,hardwick,vt,vermont,46,vt
hartfordvt,hartford,vt,vermont,46,vt
hinesburgvt,hinesburg,vt,vermont,46,vt
hydeparkvt,hyde park,vt,vermont,46,vt
jamaicavt,jamaica,vt,vermont,46,vt
jerichovt,jericho,vt,vermont,46,vt
johnsonvt,johnson,vt,vermont,46,vt
lamoillecountyvt,lamoille county,vt,vermont,46,vt
leicestervt,leicester,vt,vermont,46,vt
lincolnvt,lincoln,vt,vermont,46,vt
londonderryvt,londonderry,vt,vermont,46,vt
lunenburgvt,lunenburg,vt,vermont,46,vt
lyndonvt,lyndon,vt,vermont,46,vt
lyndonvillevt,lyndonville,vt,vermont,46,vt
manchestercentervt,manchester center,vt,vermont,46,vt
mendonvt,mendon,vt,vermont,46,vt
middlebury(village)vt,middlebury (village),vt,vermont,46,vt
miltonvt,milton,vt,vermont,46,vt
montgomeryvt,montgomery,vt,vermont,46,vt
montpeliervt,montpelier,vt,vermont,46,vt
moretownvt,moretown,vt,vermont,46,vt
morristownvt,morristown,vt,vermont,46,vt
morrisvillevt,morrisville,vt,vermont,46,vt
mounthollyvt,mount holly,vt,vermont,46,vt
newfanevt,newfane,vt,vermont,46,vt
newportvt,newport,vt,vermont,46,vt
northbenningtonvt,north bennington,vt,vermont,46,vt
northherovt,north hero,vt,vermont,46,vt
northfieldvt,northfield,vt,vermont,46,vt
orangecountyvt,orange county,vt,vermont,46,vt
orleanscountyvt,orleans county,vt,vermont,46,vt
pawletvt,pawlet,vt,vermont,46,vt
poultneyvt,poultney,vt,vermont,46,vt
pownalvt,pownal,vt,vermont,46,vt
randolphvt,randolph,vt,vermont,46,vt
richfordvt,richford,vt,vermont,46,vt
rockinghamvt,rockingham,vt,vermont,46,vt
rutlandvt,rutland,vt,vermont,46,vt
rutlandcountyvt,rutland county,vt,vermont,46,vt
saintalbansvt,saint albans,vt,vermont,46,vt
saintjohnsburyvt,saint johnsbury,vt,vermont,46,vt
salisburyvt,salisbury,vt,vermont,46,vt
southbarrevt,south barre,vt,vermont,46,vt
southburlingtonvt,south burlington,vt,vermont,46,vt
springfieldvt,springfield,vt,vermont,46,vt
stjohnsburyvt,st johnsbury,vt,vermont,46,vt
starksborovt,starksboro,vt,vermont,46,vt
stowevt,stowe,vt,vermont,46,vt
swantonvt,swanton,vt,vermont,46,vt
townshendvt,townshend,vt,vermont,46,vt
vergennesvt,vergennes,vt,vermont,46,vt
washingtonvt,washington,vt,vermont,46,vt
washingtoncountyvt,washington county,vt,vermont,46,vt
waterburyvt,waterbury,vt,vermont,46,vt
westbrattleborovt,west brattleboro,vt,vermont,46,vt
westrutlandvt,west rutland,vt,vermont,46,vt
whiteriverjunctionvt,white river junction,vt,vermont,46,vt
wildervt,wilder,vt,vermont,46,vt
williamstownvt,williamstown,vt,vermont,46,vt
willistonvt,williston,vt,vermont,46,vt
windhamcountyvt,windham county,vt,vermont,46,vt
windsorvt,windsor,vt,vermont,46,vt
windsorcountyvt,windsor county,vt,vermont,46,vt
winooskivt,winooski,vt,vermont,46,vt
woodstockvt,woodstock,vt,vermont,46,vt
abingdonva,abingdon,va,virginia,47,va
accomacva,accomac,va,virginia,47,va
accomackcountyva,accomack county,va,virginia,47,va
adwolfva,adwolf,va,virginia,47,va
albemarlecountyva,albemarle county,va,virginia,47,va
alexandriava,alexandria,va,virginia,47,va
alleghanycountyva,alleghany county,va,virginia,47,va
altavistava,altavista,va,virginia,47,va
ameliacountyva,amelia county,va,virginia,47,va
ameliacourthouseva,amelia court house,va,virginia,47,va
amherstva,amherst,va,virginia,47,va
amherstcountyva,amherst county,va,virginia,47,va
annandaleva,annandale,va,virginia,47,va
appalachiava,appalachia,va,virginia,47,va
applemountainlakeva,apple mountain lake,va,virginia,47,va
appomattoxva,appomattox,va,virginia,47,va
appomattoxcountyva,appomattox county,va,virginia,47,va
aquiaharbourva,aquia harbour,va,virginia,47,va
arlingtonva,arlington,va,virginia,47,va
arlingtoncountyva,arlington county,va,virginia,47,va
ashburnva,ashburn,va,virginia,47,va
ashlandva,ashland,va,virginia,47,va
atkinsva,atkins,va,virginia,47,va
augustacountyva,augusta county,va,virginia,47,va
baileyscrossroadsva,baileys crossroads,va,virginia,47,va
bassettva,bassett,va,virginia,47,va
basyeva,basye,va,virginia,47,va
bathcountyva,bath county,va,virginia,47,va
bealetonva,bealeton,va,virginia,47,va
bedfordva,bedford,va,virginia,47,va
bedfordcountyva,bedford county,va,virginia,47,va
bellehavenva,belle haven,va,virginia,47,va
bellwoodva,bellwood,va,virginia,47,va
belmontva,belmont,va,virginia,47,va
belmontestatesva,belmont estates,va,virginia,47,va
bensleyva,bensley,va,virginia,47,va
berryvilleva,berryville,va,virginia,47,va
bigstonegapva,big stone gap,va,virginia,47,va
blacksburgva,blacksburg,va,virginia,47,va
blackstoneva,blackstone,va,virginia,47,va
blandva,bland,va,virginia,47,va
blandcountyva,bland county,va,virginia,47,va
blueridgeva,blue ridge,va,virginia,47,va
bluefieldva,bluefield,va,virginia,47,va
bonairva,bon air,va,virginia,47,va
boswell'scornerva,boswell's corner,va,virginia,47,va
botetourtcountyva,botetourt county,va,virginia,47,va
bowlinggreenva,bowling green,va,virginia,47,va
boydtonva,boydton,va,virginia,47,va
braceyva,bracey,va,virginia,47,va
brambletonva,brambleton,va,virginia,47,va
brandermillva,brandermill,va,virginia,47,va
bridgewaterva,bridgewater,va,virginia,47,va
brightwoodva,brightwood,va,virginia,47,va
bristolva,bristol,va,virginia,47,va
broadlandsva,broadlands,va,virginia,47,va
broadwayva,broadway,va,virginia,47,va
brooknealva,brookneal,va,virginia,47,va
brunswickcountyva,brunswick county,va,virginia,47,va
buchananva,buchanan,va,virginia,47,va
buchanancountyva,buchanan county,va,virginia,47,va
buckhallva,buckhall,va,virginia,47,va
buckinghamva,buckingham,va,virginia,47,va
buckinghamcountyva,buckingham county,va,virginia,47,va
buenavistava,buena vista,va,virginia,47,va
bullrunva,bull run,va,virginia,47,va
bullrunmountainestatesva,bull run mountain estates,va,virginia,47,va
burkeva,burke,va,virginia,47,va
campbellcountyva,campbell county,va,virginia,47,va
canava,cana,va,virginia,47,va
capecharlesva,cape charles,va,virginia,47,va
captainscoveva,captains cove,va,virginia,47,va
carolinecountyva,caroline county,va,virginia,47,va
carrollcountyva,carroll county,va,virginia,47,va
carrolltonva,carrollton,va,virginia,47,va
castlewoodva,castlewood,va,virginia,47,va
cavespringva,cave spring,va,virginia,47,va
cedarbluffva,cedar bluff,va,virginia,47,va
centralgarageva,central garage,va,virginia,47,va
centrevilleva,centreville,va,virginia,47,va
chamberlayneva,chamberlayne,va,virginia,47,va
chantillyva,chantilly,va,virginia,47,va
charlescityva,charles city,va,virginia,47,va
charlescitycountyva,charles city county,va,virginia,47,va
charlottecountyva,charlotte county,va,virginia,47,va
charlottecourthouseva,charlotte court house,va,virginia,47,va
charlottesvilleva,charlottesville,va,virginia,47,va
chasecityva,chase city,va,virginia,47,va
chathamva,chatham,va,virginia,47,va
chatmossva,chatmoss,va,virginia,47,va
cherryhillva,cherry hill,va,virginia,47,va
chesapeakeva,chesapeake,va,virginia,47,va
chesterva,chester,va,virginia,47,va
chesterfieldcountyva,chesterfield county,va,virginia,47,va
chesterfieldcourthouseva,chesterfield court house,va,virginia,47,va
chilhowieva,chilhowie,va,virginia,47,va
chincoteagueva,chincoteague,va,virginia,47,va
christiansburgva,christiansburg,va,virginia,47,va
cityofalexandriava,city of alexandria,va,virginia,47,va
cityofbedfordva,city of bedford,va,virginia,47,va
cityofbristolva,city of bristol,va,virginia,47,va
cityofbuenavistava,city of buena vista,va,virginia,47,va
cityofcharlottesvilleva,city of charlottesville,va,virginia,47,va
cityofchesapeakeva,city of chesapeake,va,virginia,47,va
cityofcolonialheightsva,city of colonial heights,va,virginia,47,va
cityofcovingtonva,city of covington,va,virginia,47,va
cityofdanvilleva,city of danville,va,virginia,47,va
cityofemporiava,city of emporia,va,virginia,47,va
cityoffairfaxva,city of fairfax,va,virginia,47,va
cityoffallschurchva,city of falls church,va,virginia,47,va
cityoffranklinva,city of franklin,va,virginia,47,va
cityoffredericksburgva,city of fredericksburg,va,virginia,47,va
cityofgalaxva,city of galax,va,virginia,47,va
cityofhamptonva,city of hampton,va,virginia,47,va
cityofharrisonburgva,city of harrisonburg,va,virginia,47,va
cityofhopewellva,city of hopewell,va,virginia,47,va
cityoflexingtonva,city of lexington,va,virginia,47,va
cityoflynchburgva,city of lynchburg,va,virginia,47,va
cityofmanassasva,city of manassas,va,virginia,47,va
cityofmanassasparkva,city of manassas park,va,virginia,47,va
cityofmartinsvilleva,city of martinsville,va,virginia,47,va
cityofnewportnewsva,city of newport news,va,virginia,47,va
cityofnorfolkva,city of norfolk,va,virginia,47,va
cityofnortonva,city of norton,va,virginia,47,va
cityofpetersburgva,city of petersburg,va,virginia,47,va
cityofpoquosonva,city of poquoson,va,virginia,47,va
cityofportsmouthva,city of portsmouth,va,virginia,47,va
cityofradfordva,city of radford,va,virginia,47,va
cityofrichmondva,city of richmond,va,virginia,47,va
cityofroanokeva,city of roanoke,va,virginia,47,va
cityofsalemva,city of salem,va,virginia,47,va
cityofstauntonva,city of staunton,va,virginia,47,va
cityofsuffolkva,city of suffolk,va,virginia,47,va
cityofvirginiabeachva,city of virginia beach,va,virginia,47,va
cityofwaynesborova,city of waynesboro,va,virginia,47,va
cityofwilliamsburgva,city of williamsburg,va,virginia,47,va
cityofwinchesterva,city of winchester,va,virginia,47,va
clarkecountyva,clarke county,va,virginia,47,va
clarksvilleva,clarksville,va,virginia,47,va
claypoolhillva,claypool hill,va,virginia,47,va
cliftonforgeva,clifton forge,va,virginia,47,va
clintwoodva,clintwood,va,virginia,47,va
cloverdaleva,cloverdale,va,virginia,47,va
coeburnva,coeburn,va,virginia,47,va
collinsvilleva,collinsville,va,virginia,47,va
colonialbeachva,colonial beach,va,virginia,47,va
colonialheightsva,colonial heights,va,virginia,47,va
concordva,concord,va,virginia,47,va
countrysideva,countryside,va,virginia,47,va
courtlandva,courtland,va,virginia,47,va
covingtonva,covington,va,virginia,47,va
craigcountyva,craig county,va,virginia,47,va
creweva,crewe,va,virginia,47,va
crimorava,crimora,va,virginia,47,va
crozetva,crozet,va,virginia,47,va
culpeperva,culpeper,va,virginia,47,va
culpepercountyva,culpeper county,va,virginia,47,va
cumberlandva,cumberland,va,virginia,47,va
cumberlandcountyva,cumberland county,va,virginia,47,va
dahlgrenva,dahlgren,va,virginia,47,va
dalecityva,dale city,va,virginia,47,va
dalevilleva,daleville,va,virginia,47,va
danvilleva,danville,va,virginia,47,va
daytonva,dayton,va,virginia,47,va
deltavilleva,deltaville,va,virginia,47,va
dickensoncountyva,dickenson county,va,virginia,47,va
dinwiddiecountyva,dinwiddie county,va,virginia,47,va
doomsva,dooms,va,virginia,47,va
dranesvilleva,dranesville,va,virginia,47,va
drydenva,dryden,va,virginia,47,va
dublinva,dublin,va,virginia,47,va
dullestowncenterva,dulles town center,va,virginia,47,va
dumbartonva,dumbarton,va,virginia,47,va
dumfriesva,dumfries,va,virginia,47,va
dunnloringva,dunn loring,va,virginia,47,va
easthamptonva,east hampton,va,virginia,47,va
easthighlandparkva,east highland park,va,virginia,47,va
eastlexingtonva,east lexington,va,virginia,47,va
eastvilleva,eastville,va,virginia,47,va
edinburgva,edinburg,va,virginia,47,va
elktonva,elkton,va,virginia,47,va
emoryva,emory,va,virginia,47,va
emporiava,emporia,va,virginia,47,va
enonva,enon,va,virginia,47,va
essexcountyva,essex county,va,virginia,47,va
ettrickva,ettrick,va,virginia,47,va
exmoreva,exmore,va,virginia,47,va
fairfaxva,fairfax,va,virginia,47,va
fairfaxcountyva,fairfax county,va,virginia,47,va
fairfaxstationva,fairfax station,va,virginia,47,va
fairlawnva,fairlawn,va,virginia,47,va
fallschurchva,falls church,va,virginia,47,va
falmouthva,falmouth,va,virginia,47,va
farmvilleva,farmville,va,virginia,47,va
fauquiercountyva,fauquier county,va,virginia,47,va
ferrumva,ferrum,va,virginia,47,va
fincastleva,fincastle,va,virginia,47,va
fishersvilleva,fishersville,va,virginia,47,va
florisva,floris,va,virginia,47,va
floydva,floyd,va,virginia,47,va
floydcountyva,floyd county,va,virginia,47,va
fluvannacountyva,fluvanna county,va,virginia,47,va
forestva,forest,va,virginia,47,va
fortbelvoirva,fort belvoir,va,virginia,47,va
forthuntva,fort hunt,va,virginia,47,va
fortleeva,fort lee,va,virginia,47,va
franconiava,franconia,va,virginia,47,va
franklinva,franklin,va,virginia,47,va
franklincountyva,franklin county,va,virginia,47,va
frederickcountyva,frederick county,va,virginia,47,va
fredericksburgva,fredericksburg,va,virginia,47,va
frontroyalva,front royal,va,virginia,47,va
gainesvilleva,gainesville,va,virginia,47,va
galaxva,galax,va,virginia,47,va
gatecityva,gate city,va,virginia,47,va
gilescountyva,giles county,va,virginia,47,va
gladespringva,glade spring,va,virginia,47,va
glasgowva,glasgow,va,virginia,47,va
glenallenva,glen allen,va,virginia,47,va
gloucestercountyva,gloucester county,va,virginia,47,va
gloucestercourthouseva,gloucester courthouse,va,virginia,47,va
gloucesterpointva,gloucester point,va,virginia,47,va
goochlandva,goochland,va,virginia,47,va
goochlandcountyva,goochland county,va,virginia,47,va
gordonsvilleva,gordonsville,va,virginia,47,va
graysoncountyva,grayson county,va,virginia,47,va
greatfallsva,great falls,va,virginia,47,va
greenbriarva,greenbriar,va,virginia,47,va
greenecountyva,greene county,va,virginia,47,va
greensvillecountyva,greensville county,va,virginia,47,va
gretnava,gretna,va,virginia,47,va
grottoesva,grottoes,va,virginia,47,va
grovetonva,groveton,va,virginia,47,va
grundyva,grundy,va,virginia,47,va
halifaxva,halifax,va,virginia,47,va
halifaxcountyva,halifax county,va,virginia,47,va
hampdensydneyva,hampden sydney,va,virginia,47,va
hamptonva,hampton,va,virginia,47,va
hanoverva,hanover,va,virginia,47,va
hanovercountyva,hanover county,va,virginia,47,va
harrisonburgva,harrisonburg,va,virginia,47,va
hayfieldva,hayfield,va,virginia,47,va
haymarketva,haymarket,va,virginia,47,va
heathsvilleva,heathsville,va,virginia,47,va
henricocountyva,henrico county,va,virginia,47,va
henrycountyva,henry county,va,virginia,47,va
henryforkva,henry fork,va,virginia,47,va
herndonva,herndon,va,virginia,47,va
highlandcountyva,highland county,va,virginia,47,va
highlandspringsva,highland springs,va,virginia,47,va
hillsvilleva,hillsville,va,virginia,47,va
hollinsva,hollins,va,virginia,47,va
hollymeadva,hollymead,va,virginia,47,va
honakerva,honaker,va,virginia,47,va
hopewellva,hopewell,va,virginia,47,va
horsepastureva,horse pasture,va,virginia,47,va
huntingtonva,huntington,va,virginia,47,va
hurtva,hurt,va,virginia,47,va
hyblavalleyva,hybla valley,va,virginia,47,va
idylwoodva,idylwood,va,virginia,47,va
independenceva,independence,va,virginia,47,va
independenthillva,independent hill,va,virginia,47,va
isleofwightcountyva,isle of wight county,va,virginia,47,va
jamescitycountyva,james city county,va,virginia,47,va
jeffersonva,jefferson,va,virginia,47,va
jolivueva,jolivue,va,virginia,47,va
jonesvilleva,jonesville,va,virginia,47,va
kenbridgeva,kenbridge,va,virginia,47,va
kilmarnockva,kilmarnock,va,virginia,47,va
kinggeorgeva,king george,va,virginia,47,va
kinggeorgecountyva,king george county,va,virginia,47,va
kingwilliamva,king william,va,virginia,47,va
kingwilliamcountyva,king william county,va,virginia,47,va
kingandqueencountyva,king and queen county,va,virginia,47,va
kingandqueencourthouseva,king and queen court house,va,virginia,47,va
kingsparkva,kings park,va,virginia,47,va
kingsparkwestva,kings park west,va,virginia,47,va
lakebarcroftva,lake barcroft,va,virginia,47,va
lakemonticellova,lake monticello,va,virginia,47,va
lakeridgeva,lake ridge,va,virginia,47,va
lakesideva,lakeside,va,virginia,47,va
lancastercountyva,lancaster county,va,virginia,47,va
laurelva,laurel,va,virginia,47,va
laurelhillva,laurel hill,va,virginia,47,va
lawrencevilleva,lawrenceville,va,virginia,47,va
laymantownva,laymantown,va,virginia,47,va
lebanonva,lebanon,va,virginia,47,va
leecountyva,lee county,va,virginia,47,va
leesburgva,leesburg,va,virginia,47,va
lexingtonva,lexington,va,virginia,47,va
lincolniava,lincolnia,va,virginia,47,va
lintonhallva,linton hall,va,virginia,47,va
lochlomondva,loch lomond,va,virginia,47,va
lortonva,lorton,va,virginia,47,va
loudouncountyva,loudoun county,va,virginia,47,va
loudounvalleyestatesva,loudoun valley estates,va,virginia,47,va
louisava,louisa,va,virginia,47,va
louisacountyva,louisa county,va,virginia,47,va
lovettsvilleva,lovettsville,va,virginia,47,va
lovingstonva,lovingston,va,virginia,47,va
lowesislandva,lowes island,va,virginia,47,va
lunenburgva,lunenburg,va,virginia,47,va
lunenburgcountyva,lunenburg county,va,virginia,47,va
lurayva,luray,va,virginia,47,va
lynchburgva,lynchburg,va,virginia,47,va
lyndhurstva,lyndhurst,va,virginia,47,va
madisonva,madison,va,virginia,47,va
madisoncountyva,madison county,va,virginia,47,va
madisonheightsva,madison heights,va,virginia,47,va
manassasva,manassas,va,virginia,47,va
manassasparkva,manassas park,va,virginia,47,va
mantuava,mantua,va,virginia,47,va
marionva,marion,va,virginia,47,va
marshallva,marshall,va,virginia,47,va
martinsvilleva,martinsville,va,virginia,47,va
massanettaspringsva,massanetta springs,va,virginia,47,va
massanuttenva,massanutten,va,virginia,47,va
mathewsva,mathews,va,virginia,47,va
mathewscountyva,mathews county,va,virginia,47,va
matoacava,matoaca,va,virginia,47,va
mcleanva,mclean,va,virginia,47,va
meadowbrookva,meadowbrook,va,virginia,47,va
mechanicsvilleva,mechanicsville,va,virginia,47,va
mecklenburgcountyva,mecklenburg county,va,virginia,47,va
merrifieldva,merrifield,va,virginia,47,va
merrimacva,merrimac,va,virginia,47,va
middlesexcountyva,middlesex county,va,virginia,47,va
middletownva,middletown,va,virginia,47,va
montclairva,montclair,va,virginia,47,va
montereyva,monterey,va,virginia,47,va
montgomerycountyva,montgomery county,va,virginia,47,va
montroseva,montrose,va,virginia,47,va
montrossva,montross,va,virginia,47,va
motleyva,motley,va,virginia,47,va
mounthermonva,mount hermon,va,virginia,47,va
mountjacksonva,mount jackson,va,virginia,47,va
mountvernonva,mount vernon,va,virginia,47,va
mountainroadva,mountain road,va,virginia,47,va
narrowsva,narrows,va,virginia,47,va
nellysfordva,nellysford,va,virginia,47,va
nelsoncountyva,nelson county,va,virginia,47,va
newbaltimoreva,new baltimore,va,virginia,47,va
newcastleva,new castle,va,virginia,47,va
newkentva,new kent,va,virginia,47,va
newkentcountyva,new kent county,va,virginia,47,va
newmarketva,new market,va,virginia,47,va
newingtonva,newington,va,virginia,47,va
newportnewsva,newport news,va,virginia,47,va
nokesvilleva,nokesville,va,virginia,47,va
norfolkva,norfolk,va,virginia,47,va
northshoreva,north shore,va,virginia,47,va
northspringfieldva,north springfield,va,virginia,47,va
northamptoncountyva,northampton county,va,virginia,47,va
northumberlandcountyva,northumberland county,va,virginia,47,va
nortonva,norton,va,virginia,47,va
nottowaycountyva,nottoway county,va,virginia,47,va
oakgroveva,oak grove,va,virginia,47,va
oakhillva,oak hill,va,virginia,47,va
oaktonva,oakton,va,virginia,47,va
occoquanva,occoquan,va,virginia,47,va
onancockva,onancock,va,virginia,47,va
orangeva,orange,va,virginia,47,va
orangecountyva,orange county,va,virginia,47,va
pagecountyva,page county,va,virginia,47,va
palmyrava,palmyra,va,virginia,47,va
pannillforkva,pannill fork,va,virginia,47,va
pantopsva,pantops,va,virginia,47,va
passapatanzyva,passapatanzy,va,virginia,47,va
patrickcountyva,patrick county,va,virginia,47,va
patrickspringsva,patrick springs,va,virginia,47,va
pearisburgva,pearisburg,va,virginia,47,va
pembrokeva,pembroke,va,virginia,47,va
penningtongapva,pennington gap,va,virginia,47,va
petersburgva,petersburg,va,virginia,47,va
pimmithillsva,pimmit hills,va,virginia,47,va
pittsylvaniacountyva,pittsylvania county,va,virginia,47,va
plumcreekva,plum creek,va,virginia,47,va
poquosonva,poquoson,va,virginia,47,va
portsmouthva,portsmouth,va,virginia,47,va
portsmouthheightsva,portsmouth heights,va,virginia,47,va
potomacmillsva,potomac mills,va,virginia,47,va
powhatancountyva,powhatan county,va,virginia,47,va
pricesforkva,prices fork,va,virginia,47,va
princeedwardcountyva,prince edward county,va,virginia,47,va
princegeorgeva,prince george,va,virginia,47,va
princegeorgecountyva,prince george county,va,virginia,47,va
princewilliamcountyva,prince william county,va,virginia,47,va
pulaskiva,pulaski,va,virginia,47,va
pulaskicountyva,pulaski county,va,virginia,47,va
purcellvilleva,purcellville,va,virginia,47,va
quanticostationva,quantico station,va,virginia,47,va
radfordva,radford,va,virginia,47,va
rappahannockcountyva,rappahannock county,va,virginia,47,va
ravenva,raven,va,virginia,47,va
ravensworthva,ravensworth,va,virginia,47,va
restonva,reston,va,virginia,47,va
richlandsva,richlands,va,virginia,47,va
richmondva,richmond,va,virginia,47,va
richmondcountyva,richmond county,va,virginia,47,va
roanokeva,roanoke,va,virginia,47,va
roanokecountyva,roanoke county,va,virginia,47,va
rockbridgecountyva,rockbridge county,va,virginia,47,va
rockinghamcountyva,rockingham county,va,virginia,47,va
rockymountva,rocky mount,va,virginia,47,va
rosehillva,rose hill,va,virginia,47,va
rosslynva,rosslyn,va,virginia,47,va
ruckersvilleva,ruckersville,va,virginia,47,va
ruralretreatva,rural retreat,va,virginia,47,va
rushmereva,rushmere,va,virginia,47,va
russellcountyva,russell county,va,virginia,47,va
rustburgva,rustburg,va,virginia,47,va
salemva,salem,va,virginia,47,va
saltvilleva,saltville,va,virginia,47,va
saludava,saluda,va,virginia,47,va
sandstonva,sandston,va,virginia,47,va
scottcountyva,scott county,va,virginia,47,va
sevencornersva,seven corners,va,virginia,47,va
shawneelandva,shawnee land,va,virginia,47,va
shawsvilleva,shawsville,va,virginia,47,va
shenandoahva,shenandoah,va,virginia,47,va
shenandoahcountyva,shenandoah county,va,virginia,47,va
shenandoahfarmsva,shenandoah farms,va,virginia,47,va
shortpumpva,short pump,va,virginia,47,va
smithfieldva,smithfield,va,virginia,47,va
smythcountyva,smyth county,va,virginia,47,va
southbostonva,south boston,va,virginia,47,va
southhillva,south hill,va,virginia,47,va
southridingva,south riding,va,virginia,47,va
southsuffolkva,south suffolk,va,virginia,47,va
southamptoncountyva,southampton county,va,virginia,47,va
southerngatewayva,southern gateway,va,virginia,47,va
spotsylvaniacountyva,spotsylvania county,va,virginia,47,va
spotsylvaniacourthouseva,spotsylvania courthouse,va,virginia,47,va
springfieldva,springfield,va,virginia,47,va
springvilleva,springville,va,virginia,47,va
staffordva,stafford,va,virginia,47,va
staffordcountyva,stafford county,va,virginia,47,va
stanardsvilleva,stanardsville,va,virginia,47,va
stanleyva,stanley,va,virginia,47,va
stanleytownva,stanleytown,va,virginia,47,va
stauntonva,staunton,va,virginia,47,va
stephenscityva,stephens city,va,virginia,47,va
sterlingva,sterling,va,virginia,47,va
strasburgva,strasburg,va,virginia,47,va
stuartva,stuart,va,virginia,47,va
stuartsdraftva,stuarts draft,va,virginia,47,va
sudleyva,sudley,va,virginia,47,va
suffolkva,suffolk,va,virginia,47,va
sugarlandrunva,sugarland run,va,virginia,47,va
surryva,surry,va,virginia,47,va
surrycountyva,surry county,va,virginia,47,va
sussexva,sussex,va,virginia,47,va
sussexcountyva,sussex county,va,virginia,47,va
tappahannockva,tappahannock,va,virginia,47,va
tazewellva,tazewell,va,virginia,47,va
tazewellcountyva,tazewell county,va,virginia,47,va
timberlakeva,timberlake,va,virginia,47,va
timbervilleva,timberville,va,virginia,47,va
triangleva,triangle,va,virginia,47,va
tuckahoeva,tuckahoe,va,virginia,47,va
twinlakesva,twin lakes,va,virginia,47,va
tysonscornerva,tysons corner,va,virginia,47,va
unionhallva,union hall,va,virginia,47,va
universitycenterva,university center,va,virginia,47,va
veronava,verona,va,virginia,47,va
victoriava,victoria,va,virginia,47,va
viennava,vienna,va,virginia,47,va
vintonva,vinton,va,virginia,47,va
virginiabeachva,virginia beach,va,virginia,47,va
warmspringsva,warm springs,va,virginia,47,va
warrencountyva,warren county,va,virginia,47,va
warrentonva,warrenton,va,virginia,47,va
warsawva,warsaw,va,virginia,47,va
washingtonva,washington,va,virginia,47,va
washingtoncountyva,washington county,va,virginia,47,va
wattsvilleva,wattsville,va,virginia,47,va
waverlyva,waverly,va,virginia,47,va
waynesborova,waynesboro,va,virginia,47,va
webercityva,weber city,va,virginia,47,va
westfallschurchva,west falls church,va,virginia,47,va
westgateva,west gate,va,virginia,47,va
westlynchburgva,west lynchburg,va,virginia,47,va
westpointva,west point,va,virginia,47,va
westspringfieldva,west springfield,va,virginia,47,va
westmorelandcountyva,westmoreland county,va,virginia,47,va
weyerscaveva,weyers cave,va,virginia,47,va
williamsburgva,williamsburg,va,virginia,47,va
winchesterva,winchester,va,virginia,47,va
windsorva,windsor,va,virginia,47,va
wiseva,wise,va,virginia,47,va
wisecountyva,wise county,va,virginia,47,va
wolftrapva,wolf trap,va,virginia,47,va
woodbridgeva,woodbridge,va,virginia,47,va
woodburnva,woodburn,va,virginia,47,va
woodlakeva,woodlake,va,virginia,47,va
woodlawnva,woodlawn,va,virginia,47,va
woodstockva,woodstock,va,virginia,47,va
wyndhamva,wyndham,va,virginia,47,va
wythecountyva,wythe county,va,virginia,47,va
wythevilleva,wytheville,va,virginia,47,va
yorkcountyva,york county,va,virginia,47,va
yorkshireva,yorkshire,va,virginia,47,va
yorktownva,yorktown,va,virginia,47,va
aberdeenwa,aberdeen,wa,washington,48,wa
adamscountywa,adams county,wa,washington,48,wa
ahtanumwa,ahtanum,wa,washington,48,wa
airwayheightswa,airway heights,wa,washington,48,wa
aldertonwa,alderton,wa,washington,48,wa
alderwoodmanorwa,alderwood manor,wa,washington,48,wa
algonawa,algona,wa,washington,48,wa
allynwa,allyn,wa,washington,48,wa
amboywa,amboy,wa,washington,48,wa
ameslakewa,ames lake,wa,washington,48,wa
anacorteswa,anacortes,wa,washington,48,wa
arlingtonwa,arlington,wa,washington,48,wa
arlingtonheightswa,arlington heights,wa,washington,48,wa
artondalewa,artondale,wa,washington,48,wa
asotinwa,asotin,wa,washington,48,wa
asotincountywa,asotin county,wa,washington,48,wa
auburnwa,auburn,wa,washington,48,wa
aultfieldwa,ault field,wa,washington,48,wa
bainbridgeislandwa,bainbridge island,wa,washington,48,wa
bangortridentbasewa,bangor trident base,wa,washington,48,wa
barbertonwa,barberton,wa,washington,48,wa
basincitywa,basin city,wa,washington,48,wa
battlegroundwa,battle ground,wa,washington,48,wa
belfairwa,belfair,wa,washington,48,wa
bellevuewa,bellevue,wa,washington,48,wa
bellinghamwa,bellingham,wa,washington,48,wa
bentoncitywa,benton city,wa,washington,48,wa
bentoncountywa,benton county,wa,washington,48,wa
bethelwa,bethel,wa,washington,48,wa
biglakewa,big lake,wa,washington,48,wa
birchbaywa,birch bay,wa,washington,48,wa
blackdiamondwa,black diamond,wa,washington,48,wa
blainewa,blaine,wa,washington,48,wa
bonneylakewa,bonney lake,wa,washington,48,wa
bothellwa,bothell,wa,washington,48,wa
bothelleastwa,bothell east,wa,washington,48,wa
bothellwestwa,bothell west,wa,washington,48,wa
boulevardparkwa,boulevard park,wa,washington,48,wa
bremertonwa,bremerton,wa,washington,48,wa
brewsterwa,brewster,wa,washington,48,wa
bridgeportwa,bridgeport,wa,washington,48,wa
brierwa,brier,wa,washington,48,wa
brownspointwa,browns point,wa,washington,48,wa
brushprairiewa,brush prairie,wa,washington,48,wa
bryantwa,bryant,wa,washington,48,wa
brynmawr-skywaywa,bryn mawr-skyway,wa,washington,48,wa
buckleywa,buckley,wa,washington,48,wa
bunkfosswa,bunk foss,wa,washington,48,wa
burbankwa,burbank,wa,washington,48,wa
burienwa,burien,wa,washington,48,wa
burleywa,burley,wa,washington,48,wa
burlingtonwa,burlington,wa,washington,48,wa
camanowa,camano,wa,washington,48,wa
camaswa,camas,wa,washington,48,wa
canterwoodwa,canterwood,wa,washington,48,wa
carnationwa,carnation,wa,washington,48,wa
carsonwa,carson,wa,washington,48,wa
cascadevalleywa,cascade valley,wa,washington,48,wa
cashmerewa,cashmere,wa,washington,48,wa
castlerockwa,castle rock,wa,washington,48,wa
cathcartwa,cathcart,wa,washington,48,wa
cathlametwa,cathlamet,wa,washington,48,wa
centralparkwa,central park,wa,washington,48,wa
centraliawa,centralia,wa,washington,48,wa
chehaliswa,chehalis,wa,washington,48,wa
chelanwa,chelan,wa,washington,48,wa
chelancountywa,chelan county,wa,washington,48,wa
cheneywa,cheney,wa,washington,48,wa
chewelahwa,chewelah,wa,washington,48,wa
chicowa,chico,wa,washington,48,wa
cityofsammamishwa,city of sammamish,wa,washington,48,wa
clallamcountywa,clallam county,wa,washington,48,wa
clarkcountywa,clark county,wa,washington,48,wa
clarkstonwa,clarkston,wa,washington,48,wa
clarkstonheights-vinelandwa,clarkston heights-vineland,wa,washington,48,wa
cleelumwa,cle elum,wa,washington,48,wa
clearlakewa,clear lake,wa,washington,48,wa
clearviewwa,clearview,wa,washington,48,wa
clydehillwa,clyde hill,wa,washington,48,wa
colfaxwa,colfax,wa,washington,48,wa
collegeplacewa,college place,wa,washington,48,wa
columbiacountywa,columbia county,wa,washington,48,wa
colvillewa,colville,wa,washington,48,wa
connellwa,connell,wa,washington,48,wa
cosmopoliswa,cosmopolis,wa,washington,48,wa
cottagelakewa,cottage lake,wa,washington,48,wa
couleedamwa,coulee dam,wa,washington,48,wa
countryhomeswa,country homes,wa,washington,48,wa
coupevillewa,coupeville,wa,washington,48,wa
covingtonwa,covington,wa,washington,48,wa
cowlitzcountywa,cowlitz county,wa,washington,48,wa
crockerwa,crocker,wa,washington,48,wa
dallesportwa,dallesport,wa,washington,48,wa
darringtonwa,darrington,wa,washington,48,wa
davenportwa,davenport,wa,washington,48,wa
daytonwa,dayton,wa,washington,48,wa
deerparkwa,deer park,wa,washington,48,wa
desmoineswa,des moines,wa,washington,48,wa
desertairewa,desert aire,wa,washington,48,wa
dishmanwa,dishman,wa,washington,48,wa
dollarcornerwa,dollar corner,wa,washington,48,wa
douglascountywa,douglas county,wa,washington,48,wa
dupontwa,dupont,wa,washington,48,wa
duvallwa,duvall,wa,washington,48,wa
easthill-meridianwa,east hill-meridian,wa,washington,48,wa
eastportorchardwa,east port orchard,wa,washington,48,wa
eastrentonhighlandswa,east renton highlands,wa,washington,48,wa
eastwenatcheewa,east wenatchee,wa,washington,48,wa
eastwenatcheebenchwa,east wenatchee bench,wa,washington,48,wa
eastgatewa,eastgate,wa,washington,48,wa
eastmontwa,eastmont,wa,washington,48,wa
eatonvillewa,eatonville,wa,washington,48,wa
edgewoodwa,edgewood,wa,washington,48,wa
edmondswa,edmonds,wa,washington,48,wa
electriccitywa,electric city,wa,washington,48,wa
elkplainwa,elk plain,wa,washington,48,wa
ellensburgwa,ellensburg,wa,washington,48,wa
elmawa,elma,wa,washington,48,wa
enetaiwa,enetai,wa,washington,48,wa
entiatwa,entiat,wa,washington,48,wa
enumclawwa,enumclaw,wa,washington,48,wa
ephratawa,ephrata,wa,washington,48,wa
erlandspoint-kitsaplakewa,erlands point-kitsap lake,wa,washington,48,wa
esperancewa,esperance,wa,washington,48,wa
everettwa,everett,wa,washington,48,wa
eversonwa,everson,wa,washington,48,wa
fairchildairforcebasewa,fairchild air force base,wa,washington,48,wa
fairwoodwa,fairwood,wa,washington,48,wa
fallcitywa,fall city,wa,washington,48,wa
federalwaywa,federal way,wa,washington,48,wa
felidawa,felida,wa,washington,48,wa
fernprairiewa,fern prairie,wa,washington,48,wa
ferndalewa,ferndale,wa,washington,48,wa
ferrycountywa,ferry county,wa,washington,48,wa
fifewa,fife,wa,washington,48,wa
fifeheightswa,fife heights,wa,washington,48,wa
finleywa,finley,wa,washington,48,wa
fircrestwa,fircrest,wa,washington,48,wa
fivecornerswa,five corners,wa,washington,48,wa
fobeshillwa,fobes hill,wa,washington,48,wa
fordsprairiewa,fords prairie,wa,washington,48,wa
forkswa,forks,wa,washington,48,wa
foxislandwa,fox island,wa,washington,48,wa
franklincountywa,franklin county,wa,washington,48,wa
fredericksonwa,frederickson,wa,washington,48,wa
freelandwa,freeland,wa,washington,48,wa
fridayharborwa,friday harbor,wa,washington,48,wa
garfieldcountywa,garfield county,wa,washington,48,wa
garrettwa,garrett,wa,washington,48,wa
genevawa,geneva,wa,washington,48,wa
gigharborwa,gig harbor,wa,washington,48,wa
gleedwa,gleed,wa,washington,48,wa
goldbarwa,gold bar,wa,washington,48,wa
goldendalewa,goldendale,wa,washington,48,wa
grahamwa,graham,wa,washington,48,wa
grandcouleewa,grand coulee,wa,washington,48,wa
grandmoundwa,grand mound,wa,washington,48,wa
grandviewwa,grandview,wa,washington,48,wa
grangerwa,granger,wa,washington,48,wa
granitefallswa,granite falls,wa,washington,48,wa
grantcountywa,grant county,wa,washington,48,wa
graysharborcountywa,grays harbor county,wa,washington,48,wa
hansvillewa,hansville,wa,washington,48,wa
hazeldellwa,hazel dell,wa,washington,48,wa
highlandwa,highland,wa,washington,48,wa
hobartwa,hobart,wa,washington,48,wa
hockinsonwa,hockinson,wa,washington,48,wa
homewa,home,wa,washington,48,wa
hoquiamwa,hoquiam,wa,washington,48,wa
indianolawa,indianola,wa,washington,48,wa
inglewood-finnhillwa,inglewood-finn hill,wa,washington,48,wa
islandcountywa,island county,wa,washington,48,wa
issaquahwa,issaquah,wa,washington,48,wa
jeffersoncountywa,jefferson county,wa,washington,48,wa
jointbaselewismcchordwa,joint base lewis mcchord,wa,washington,48,wa
kalamawa,kalama,wa,washington,48,wa
kelsowa,kelso,wa,washington,48,wa
kenmorewa,kenmore,wa,washington,48,wa
kennewickwa,kennewick,wa,washington,48,wa
kentwa,kent,wa,washington,48,wa
kettlefallswa,kettle falls,wa,washington,48,wa
keycenterwa,key center,wa,washington,48,wa
kingcountywa,king county,wa,washington,48,wa
kingsgatewa,kingsgate,wa,washington,48,wa
kingstonwa,kingston,wa,washington,48,wa
kirklandwa,kirkland,wa,washington,48,wa
kitsapcountywa,kitsap county,wa,washington,48,wa
kittitaswa,kittitas,wa,washington,48,wa
kittitascountywa,kittitas county,wa,washington,48,wa
klahaniewa,klahanie,wa,washington,48,wa
klickitatcountywa,klickitat county,wa,washington,48,wa
lacenterwa,la center,wa,washington,48,wa
laceywa,lacey,wa,washington,48,wa
lakeforestparkwa,lake forest park,wa,washington,48,wa
lakemarcel-stillwaterwa,lake marcel-stillwater,wa,washington,48,wa
lakemorton-berrydalewa,lake morton-berrydale,wa,washington,48,wa
lakeshorewa,lake shore,wa,washington,48,wa
lakestevenswa,lake stevens,wa,washington,48,wa
lakestickneywa,lake stickney,wa,washington,48,wa
lakelandnorthwa,lakeland north,wa,washington,48,wa
lakelandsouthwa,lakeland south,wa,washington,48,wa
lakewoodwa,lakewood,wa,washington,48,wa
langleywa,langley,wa,washington,48,wa
larchwaywa,larch way,wa,washington,48,wa
leahillwa,lea hill,wa,washington,48,wa
leavenworthwa,leavenworth,wa,washington,48,wa
lewiscountywa,lewis county,wa,washington,48,wa
lewisvillewa,lewisville,wa,washington,48,wa
libertylakewa,liberty lake,wa,washington,48,wa
lincolncountywa,lincoln county,wa,washington,48,wa
lochsloywa,lochsloy,wa,washington,48,wa
lofallwa,lofall,wa,washington,48,wa
longbeachwa,long beach,wa,washington,48,wa
longbranchwa,longbranch,wa,washington,48,wa
longviewwa,longview,wa,washington,48,wa
longviewheightswa,longview heights,wa,washington,48,wa
lyndenwa,lynden,wa,washington,48,wa
lynnwoodwa,lynnwood,wa,washington,48,wa
mabtonwa,mabton,wa,washington,48,wa
machiaswa,machias,wa,washington,48,wa
maltbywa,maltby,wa,washington,48,wa
manchesterwa,manchester,wa,washington,48,wa
mansonwa,manson,wa,washington,48,wa
mapleheights-lakedesirewa,maple heights-lake desire,wa,washington,48,wa
maplevalleywa,maple valley,wa,washington,48,wa
maplewoodwa,maplewood,wa,washington,48,wa
mariettawa,marietta,wa,washington,48,wa
marietta-alderwoodwa,marietta-alderwood,wa,washington,48,wa
marthalakewa,martha lake,wa,washington,48,wa
marysvillewa,marysville,wa,washington,48,wa
masoncountywa,mason county,wa,washington,48,wa
mattawawa,mattawa,wa,washington,48,wa
mcchordairforcebasewa,mcchord air force base,wa,washington,48,wa
mcclearywa,mccleary,wa,washington,48,wa
mcmillinwa,mcmillin,wa,washington,48,wa
meadwa,mead,wa,washington,48,wa
meadowgladewa,meadow glade,wa,washington,48,wa
meadowdalewa,meadowdale,wa,washington,48,wa
medicallakewa,medical lake,wa,washington,48,wa
medinawa,medina,wa,washington,48,wa
mercerislandwa,mercer island,wa,washington,48,wa
midlandwa,midland,wa,washington,48,wa
millcreekwa,mill creek,wa,washington,48,wa
millcreekeastwa,mill creek east,wa,washington,48,wa
millplainwa,mill plain,wa,washington,48,wa
millwoodwa,millwood,wa,washington,48,wa
miltonwa,milton,wa,washington,48,wa
minnehahawa,minnehaha,wa,washington,48,wa
mirrormontwa,mirrormont,wa,washington,48,wa
monroewa,monroe,wa,washington,48,wa
monroenorthwa,monroe north,wa,washington,48,wa
montesanowa,montesano,wa,washington,48,wa
mortonwa,morton,wa,washington,48,wa
moseslakewa,moses lake,wa,washington,48,wa
moseslakenorthwa,moses lake north,wa,washington,48,wa
mountvernonwa,mount vernon,wa,washington,48,wa
mountvistawa,mount vista,wa,washington,48,wa
mountlaketerracewa,mountlake terrace,wa,washington,48,wa
mukilteowa,mukilteo,wa,washington,48,wa
napavinewa,napavine,wa,washington,48,wa
navyyardcitywa,navy yard city,wa,washington,48,wa
newcastlewa,newcastle,wa,washington,48,wa
newportwa,newport,wa,washington,48,wa
nooksackwa,nooksack,wa,washington,48,wa
normandyparkwa,normandy park,wa,washington,48,wa
northbendwa,north bend,wa,washington,48,wa
northcreekwa,north creek,wa,washington,48,wa
northfortlewiswa,north fort lewis,wa,washington,48,wa
northpuyallupwa,north puyallup,wa,washington,48,wa
northyelmwa,north yelm,wa,washington,48,wa
oakharborwa,oak harbor,wa,washington,48,wa
oceanparkwa,ocean park,wa,washington,48,wa
oceanshoreswa,ocean shores,wa,washington,48,wa
okanoganwa,okanogan,wa,washington,48,wa
okanogancountywa,okanogan county,wa,washington,48,wa
olympiawa,olympia,wa,washington,48,wa
omakwa,omak,wa,washington,48,wa
opportunitywa,opportunity,wa,washington,48,wa
orchardswa,orchards,wa,washington,48,wa
orovillewa,oroville,wa,washington,48,wa
ortingwa,orting,wa,washington,48,wa
othellowa,othello,wa,washington,48,wa
otisorchards-eastfarmswa,otis orchards-east farms,wa,washington,48,wa
pacificwa,pacific,wa,washington,48,wa
pacificcountywa,pacific county,wa,washington,48,wa
palousewa,palouse,wa,washington,48,wa
parklandwa,parkland,wa,washington,48,wa
parkwoodwa,parkwood,wa,washington,48,wa
pascowa,pasco,wa,washington,48,wa
peacefulvalleywa,peaceful valley,wa,washington,48,wa
pendoreillecountywa,pend oreille county,wa,washington,48,wa
picnicpointwa,picnic point,wa,washington,48,wa
picnicpoint-northlynnwoodwa,picnic point-north lynnwood,wa,washington,48,wa
piercecountywa,pierce county,wa,washington,48,wa
pointrobertswa,point roberts,wa,washington,48,wa
pomeroywa,pomeroy,wa,washington,48,wa
portangeleswa,port angeles,wa,washington,48,wa
portangeleseastwa,port angeles east,wa,washington,48,wa
porthadlock-irondalewa,port hadlock-irondale,wa,washington,48,wa
portludlowwa,port ludlow,wa,washington,48,wa
portorchardwa,port orchard,wa,washington,48,wa
porttownsendwa,port townsend,wa,washington,48,wa
poulsbowa,poulsbo,wa,washington,48,wa
prairieheightswa,prairie heights,wa,washington,48,wa
prairieridgewa,prairie ridge,wa,washington,48,wa
prosserwa,prosser,wa,washington,48,wa
pullmanwa,pullman,wa,washington,48,wa
purdywa,purdy,wa,washington,48,wa
puyallupwa,puyallup,wa,washington,48,wa
quincywa,quincy,wa,washington,48,wa
rainierwa,rainier,wa,washington,48,wa
ravensdalewa,ravensdale,wa,washington,48,wa
raymondwa,raymond,wa,washington,48,wa
redmondwa,redmond,wa,washington,48,wa
rentonwa,renton,wa,washington,48,wa
republicwa,republic,wa,washington,48,wa
richlandwa,richland,wa,washington,48,wa
ridgefieldwa,ridgefield,wa,washington,48,wa
ritzvillewa,ritzville,wa,washington,48,wa
riverbendwa,riverbend,wa,washington,48,wa
rivertonwa,riverton,wa,washington,48,wa
rochesterwa,rochester,wa,washington,48,wa
rockypointwa,rocky point,wa,washington,48,wa
rosedalewa,rosedale,wa,washington,48,wa
royalcitywa,royal city,wa,washington,48,wa
salmoncreekwa,salmon creek,wa,washington,48,wa
sammamishwa,sammamish,wa,washington,48,wa
sanjuancountywa,san juan county,wa,washington,48,wa
seatacwa,seatac,wa,washington,48,wa
seabeckwa,seabeck,wa,washington,48,wa
seattlewa,seattle,wa,washington,48,wa
sedro-woolleywa,sedro-woolley,wa,washington,48,wa
selahwa,selah,wa,washington,48,wa
sequimwa,sequim,wa,washington,48,wa
sheltonwa,shelton,wa,washington,48,wa
shorelinewa,shoreline,wa,washington,48,wa
silverfirswa,silver firs,wa,washington,48,wa
silverdalewa,silverdale,wa,washington,48,wa
siscoheightswa,sisco heights,wa,washington,48,wa
skagitcountywa,skagit county,wa,washington,48,wa
skamaniacountywa,skamania county,wa,washington,48,wa
smokeypointwa,smokey point,wa,washington,48,wa
snohomishwa,snohomish,wa,washington,48,wa
snohomishcountywa,snohomish county,wa,washington,48,wa
snoqualmiewa,snoqualmie,wa,washington,48,wa
soaplakewa,soap lake,wa,washington,48,wa
southbendwa,south bend,wa,washington,48,wa
southhillwa,south hill,wa,washington,48,wa
southwenatcheewa,south wenatchee,wa,washington,48,wa
southworthwa,southworth,wa,washington,48,wa
spanawaywa,spanaway,wa,washington,48,wa
spokanewa,spokane,wa,washington,48,wa
spokanecountywa,spokane county,wa,washington,48,wa
spokanevalleywa,spokane valley,wa,washington,48,wa
stanwoodwa,stanwood,wa,washington,48,wa
steilacoomwa,steilacoom,wa,washington,48,wa
stevenscountywa,stevens county,wa,washington,48,wa
stevensonwa,stevenson,wa,washington,48,wa
suddenvalleywa,sudden valley,wa,washington,48,wa
sultanwa,sultan,wa,washington,48,wa
sumaswa,sumas,wa,washington,48,wa
summitwa,summit,wa,washington,48,wa
summitviewwa,summit view,wa,washington,48,wa
sumnerwa,sumner,wa,washington,48,wa
sunnysidewa,sunnyside,wa,washington,48,wa
sunnyslopewa,sunnyslope,wa,washington,48,wa
suquamishwa,suquamish,wa,washington,48,wa
tacomawa,tacoma,wa,washington,48,wa
tanglewildewa,tanglewilde,wa,washington,48,wa
tanglewilde-thompsonplacewa,tanglewilde-thompson place,wa,washington,48,wa
tannerwa,tanner,wa,washington,48,wa
teninowa,tenino,wa,washington,48,wa
terraceheightswa,terrace heights,wa,washington,48,wa
threelakeswa,three lakes,wa,washington,48,wa
thurstoncountywa,thurston county,wa,washington,48,wa
tietonwa,tieton,wa,washington,48,wa
tonasketwa,tonasket,wa,washington,48,wa
toppenishwa,toppenish,wa,washington,48,wa
townandcountrywa,town and country,wa,washington,48,wa
tracytonwa,tracyton,wa,washington,48,wa
trentwoodwa,trentwood,wa,washington,48,wa
tukwilawa,tukwila,wa,washington,48,wa
tulalipwa,tulalip,wa,washington,48,wa
tulalipbaywa,tulalip bay,wa,washington,48,wa
tumwaterwa,tumwater,wa,washington,48,wa
uniongapwa,union gap,wa,washington,48,wa
unionhill-noveltyhillwa,union hill-novelty hill,wa,washington,48,wa
universityplacewa,university place,wa,washington,48,wa
vancouverwa,vancouver,wa,washington,48,wa
vashonwa,vashon,wa,washington,48,wa
venersborgwa,venersborg,wa,washington,48,wa
veradalewa,veradale,wa,washington,48,wa
wahkiakumcountywa,wahkiakum county,wa,washington,48,wa
waitsburgwa,waitsburg,wa,washington,48,wa
wallawallawa,walla walla,wa,washington,48,wa
wallawallacountywa,walla walla county,wa,washington,48,wa
wallawallaeastwa,walla walla east,wa,washington,48,wa
wallerwa,waller,wa,washington,48,wa
walnutgrovewa,walnut grove,wa,washington,48,wa
wapatowa,wapato,wa,washington,48,wa
wardenwa,warden,wa,washington,48,wa
warmbeachwa,warm beach,wa,washington,48,wa
washougalwa,washougal,wa,washington,48,wa
watervillewa,waterville,wa,washington,48,wa
waunawa,wauna,wa,washington,48,wa
wenatcheewa,wenatchee,wa,washington,48,wa
westclarkston-highlandwa,west clarkston-highland,wa,washington,48,wa
westlakesammamishwa,west lake sammamish,wa,washington,48,wa
westlakestevenswa,west lake stevens,wa,washington,48,wa
westlongviewwa,west longview,wa,washington,48,wa
westpascowa,west pasco,wa,washington,48,wa
westrichlandwa,west richland,wa,washington,48,wa
westsidehighwaywa,west side highway,wa,washington,48,wa
westvalleywa,west valley,wa,washington,48,wa
westwenatcheewa,west wenatchee,wa,washington,48,wa
westportwa,westport,wa,washington,48,wa
whatcomcountywa,whatcom county,wa,washington,48,wa
whitecenterwa,white center,wa,washington,48,wa
whitesalmonwa,white salmon,wa,washington,48,wa
whitmancountywa,whitman county,wa,washington,48,wa
wildernessrimwa,wilderness rim,wa,washington,48,wa
winlockwa,winlock,wa,washington,48,wa
wollochetwa,wollochet,wa,washington,48,wa
woodinvillewa,woodinville,wa,washington,48,wa
woodlandwa,woodland,wa,washington,48,wa
woodscreekwa,woods creek,wa,washington,48,wa
woodwaywa,woodway,wa,washington,48,wa
yacoltwa,yacolt,wa,washington,48,wa
yakimawa,yakima,wa,washington,48,wa
yakimacountywa,yakima county,wa,washington,48,wa
yarrowpointwa,yarrow point,wa,washington,48,wa
yelmwa,yelm,wa,washington,48,wa
zillahwa,zillah,wa,washington,48,wa
aldersonwv,alderson,wv,west virginia,49,wv
alumcreekwv,alum creek,wv,west virginia,49,wv
anstedwv,ansted,wv,west virginia,49,wv
barbourcountywv,barbour county,wv,west virginia,49,wv
barboursvillewv,barboursville,wv,west virginia,49,wv
barrackvillewv,barrackville,wv,west virginia,49,wv
beaverwv,beaver,wv,west virginia,49,wv
beckleywv,beckley,wv,west virginia,49,wv
belingtonwv,belington,wv,west virginia,49,wv
bellewv,belle,wv,west virginia,49,wv
benwoodwv,benwood,wv,west virginia,49,wv
berkeleycountywv,berkeley county,wv,west virginia,49,wv
berkeleyspringswv,berkeley springs,wv,west virginia,49,wv
bethanywv,bethany,wv,west virginia,49,wv
bethlehemwv,bethlehem,wv,west virginia,49,wv
blennerhassettwv,blennerhassett,wv,west virginia,49,wv
bluefieldwv,bluefield,wv,west virginia,49,wv
bluewellwv,bluewell,wv,west virginia,49,wv
boazwv,boaz,wv,west virginia,49,wv
bolivarwv,bolivar,wv,west virginia,49,wv
boonecountywv,boone county,wv,west virginia,49,wv
bradleywv,bradley,wv,west virginia,49,wv
braxtoncountywv,braxton county,wv,west virginia,49,wv
bridgeportwv,bridgeport,wv,west virginia,49,wv
brookecountywv,brooke county,wv,west virginia,49,wv
brookhavenwv,brookhaven,wv,west virginia,49,wv
brushforkwv,brush fork,wv,west virginia,49,wv
buckhannonwv,buckhannon,wv,west virginia,49,wv
buffalowv,buffalo,wv,west virginia,49,wv
cabellcountywv,cabell county,wv,west virginia,49,wv
calhouncountywv,calhoun county,wv,west virginia,49,wv
ceredowv,ceredo,wv,west virginia,49,wv
chapmanvillewv,chapmanville,wv,west virginia,49,wv
charlestownwv,charles town,wv,west virginia,49,wv
charlestonwv,charleston,wv,west virginia,49,wv
cheatlakewv,cheat lake,wv,west virginia,49,wv
chesapeakewv,chesapeake,wv,west virginia,49,wv
chesterwv,chester,wv,west virginia,49,wv
clarksburgwv,clarksburg,wv,west virginia,49,wv
claywv,clay,wv,west virginia,49,wv
claycountywv,clay county,wv,west virginia,49,wv
clendeninwv,clendenin,wv,west virginia,49,wv
coalcitywv,coal city,wv,west virginia,49,wv
coalforkwv,coal fork,wv,west virginia,49,wv
craborchardwv,crab orchard,wv,west virginia,49,wv
craigsvillewv,craigsville,wv,west virginia,49,wv
crosslaneswv,cross lanes,wv,west virginia,49,wv
cullodenwv,culloden,wv,west virginia,49,wv
danielswv,daniels,wv,west virginia,49,wv
despardwv,despard,wv,west virginia,49,wv
doddridgecountywv,doddridge county,wv,west virginia,49,wv
dunbarwv,dunbar,wv,west virginia,49,wv
eleanorwv,eleanor,wv,west virginia,49,wv
elizabethwv,elizabeth,wv,west virginia,49,wv
elkinswv,elkins,wv,west virginia,49,wv
elkviewwv,elkview,wv,west virginia,49,wv
fairleawv,fairlea,wv,west virginia,49,wv
fairmontwv,fairmont,wv,west virginia,49,wv
fayettecountywv,fayette county,wv,west virginia,49,wv
fayettevillewv,fayetteville,wv,west virginia,49,wv
follansbeewv,follansbee,wv,west virginia,49,wv
fortashbywv,fort ashby,wv,west virginia,49,wv
franklinwv,franklin,wv,west virginia,49,wv
gilbertcreekwv,gilbert creek,wv,west virginia,49,wv
gilmercountywv,gilmer county,wv,west virginia,49,wv
glendalewv,glendale,wv,west virginia,49,wv
glenvillewv,glenville,wv,west virginia,49,wv
graftonwv,grafton,wv,west virginia,49,wv
grantcountywv,grant county,wv,west virginia,49,wv
grantsvillewv,grantsville,wv,west virginia,49,wv
granvillewv,granville,wv,west virginia,49,wv
greenbriercountywv,greenbrier county,wv,west virginia,49,wv
hamlinwv,hamlin,wv,west virginia,49,wv
hampshirecountywv,hampshire county,wv,west virginia,49,wv
hancockcountywv,hancock county,wv,west virginia,49,wv
hardycountywv,hardy county,wv,west virginia,49,wv
harrisoncountywv,harrison county,wv,west virginia,49,wv
harrisvillewv,harrisville,wv,west virginia,49,wv
hintonwv,hinton,wv,west virginia,49,wv
hooversonheightswv,hooverson heights,wv,west virginia,49,wv
huntingtonwv,huntington,wv,west virginia,49,wv
hurricanewv,hurricane,wv,west virginia,49,wv
inwoodwv,inwood,wv,west virginia,49,wv
jacksoncountywv,jackson county,wv,west virginia,49,wv
jeffersoncountywv,jefferson county,wv,west virginia,49,wv
kanawhacountywv,kanawha county,wv,west virginia,49,wv
kenovawv,kenova,wv,west virginia,49,wv
keyserwv,keyser,wv,west virginia,49,wv
kingwoodwv,kingwood,wv,west virginia,49,wv
lavalettewv,lavalette,wv,west virginia,49,wv
lesagewv,lesage,wv,west virginia,49,wv
lewiscountywv,lewis county,wv,west virginia,49,wv
lewisburgwv,lewisburg,wv,west virginia,49,wv
lincolncountywv,lincoln county,wv,west virginia,49,wv
loganwv,logan,wv,west virginia,49,wv
logancountywv,logan county,wv,west virginia,49,wv
lubeckwv,lubeck,wv,west virginia,49,wv
mabscottwv,mabscott,wv,west virginia,49,wv
macarthurwv,macarthur,wv,west virginia,49,wv
madisonwv,madison,wv,west virginia,49,wv
mallorywv,mallory,wv,west virginia,49,wv
manningtonwv,mannington,wv,west virginia,49,wv
marioncountywv,marion county,wv,west virginia,49,wv
marlintonwv,marlinton,wv,west virginia,49,wv
marmetwv,marmet,wv,west virginia,49,wv
marshallcountywv,marshall county,wv,west virginia,49,wv
martinsburgwv,martinsburg,wv,west virginia,49,wv
masoncountywv,mason county,wv,west virginia,49,wv
mcdowellcountywv,mcdowell county,wv,west virginia,49,wv
mcmechenwv,mcmechen,wv,west virginia,49,wv
mercercountywv,mercer county,wv,west virginia,49,wv
middlebournewv,middlebourne,wv,west virginia,49,wv
miltonwv,milton,wv,west virginia,49,wv
mineralcountywv,mineral county,wv,west virginia,49,wv
mineralwellswv,mineral wells,wv,west virginia,49,wv
mingocountywv,mingo county,wv,west virginia,49,wv
monongahwv,monongah,wv,west virginia,49,wv
monongaliacountywv,monongalia county,wv,west virginia,49,wv
monroecountywv,monroe county,wv,west virginia,49,wv
montgomerywv,montgomery,wv,west virginia,49,wv
moorefieldwv,moorefield,wv,west virginia,49,wv
morgancountywv,morgan county,wv,west virginia,49,wv
morgantownwv,morgantown,wv,west virginia,49,wv
moundsvillewv,moundsville,wv,west virginia,49,wv
mountgay-shamrockwv,mount gay-shamrock,wv,west virginia,49,wv
mounthopewv,mount hope,wv,west virginia,49,wv
mullenswv,mullens,wv,west virginia,49,wv
newcumberlandwv,new cumberland,wv,west virginia,49,wv
newhavenwv,new haven,wv,west virginia,49,wv
newmartinsvillewv,new martinsville,wv,west virginia,49,wv
newellwv,newell,wv,west virginia,49,wv
nicholascountywv,nicholas county,wv,west virginia,49,wv
nitrowv,nitro,wv,west virginia,49,wv
nutterfortwv,nutter fort,wv,west virginia,49,wv
oakhillwv,oak hill,wv,west virginia,49,wv
oceanawv,oceana,wv,west virginia,49,wv
ohiocountywv,ohio county,wv,west virginia,49,wv
padencitywv,paden city,wv,west virginia,49,wv
parkersburgwv,parkersburg,wv,west virginia,49,wv
parsonswv,parsons,wv,west virginia,49,wv
pearidgewv,pea ridge,wv,west virginia,49,wv
pendletoncountywv,pendleton county,wv,west virginia,49,wv
pennsborowv,pennsboro,wv,west virginia,49,wv
petersburgwv,petersburg,wv,west virginia,49,wv
philippiwv,philippi,wv,west virginia,49,wv
pinchwv,pinch,wv,west virginia,49,wv
pinevillewv,pineville,wv,west virginia,49,wv
pleasantvalleywv,pleasant valley,wv,west virginia,49,wv
pleasantscountywv,pleasants county,wv,west virginia,49,wv
pocahontascountywv,pocahontas county,wv,west virginia,49,wv
pointpleasantwv,point pleasant,wv,west virginia,49,wv
prestoncountywv,preston county,wv,west virginia,49,wv
princetonwv,princeton,wv,west virginia,49,wv
prosperitywv,prosperity,wv,west virginia,49,wv
putnamcountywv,putnam county,wv,west virginia,49,wv
rainellewv,rainelle,wv,west virginia,49,wv
raleighcountywv,raleigh county,wv,west virginia,49,wv
randwv,rand,wv,west virginia,49,wv
randolphcountywv,randolph county,wv,west virginia,49,wv
ransonwv,ranson,wv,west virginia,49,wv
ravenswoodwv,ravenswood,wv,west virginia,49,wv
richwoodwv,richwood,wv,west virginia,49,wv
ripleywv,ripley,wv,west virginia,49,wv
ritchiecountywv,ritchie county,wv,west virginia,49,wv
roanecountywv,roane county,wv,west virginia,49,wv
romneywv,romney,wv,west virginia,49,wv
roncevertewv,ronceverte,wv,west virginia,49,wv
saintalbanswv,saint albans,wv,west virginia,49,wv
saintmaryswv,saint marys,wv,west virginia,49,wv
salemwv,salem,wv,west virginia,49,wv
shadyspringwv,shady spring,wv,west virginia,49,wv
shannondalewv,shannondale,wv,west virginia,49,wv
shepherdstownwv,shepherdstown,wv,west virginia,49,wv
shinnstonwv,shinnston,wv,west virginia,49,wv
sissonvillewv,sissonville,wv,west virginia,49,wv
sistersvillewv,sistersville,wv,west virginia,49,wv
sophiawv,sophia,wv,west virginia,49,wv
southcharlestonwv,south charleston,wv,west virginia,49,wv
spencerwv,spencer,wv,west virginia,49,wv
stanafordwv,stanaford,wv,west virginia,49,wv
starcitywv,star city,wv,west virginia,49,wv
stonewoodwv,stonewood,wv,west virginia,49,wv
summerscountywv,summers county,wv,west virginia,49,wv
summersvillewv,summersville,wv,west virginia,49,wv
suttonwv,sutton,wv,west virginia,49,wv
taylorcountywv,taylor county,wv,west virginia,49,wv
teaysvalleywv,teays valley,wv,west virginia,49,wv
terraaltawv,terra alta,wv,west virginia,49,wv
tornadowv,tornado,wv,west virginia,49,wv
tuckercountywv,tucker county,wv,west virginia,49,wv
tylercountywv,tyler county,wv,west virginia,49,wv
unionwv,union,wv,west virginia,49,wv
upshurcountywv,upshur county,wv,west virginia,49,wv
viennawv,vienna,wv,west virginia,49,wv
washingtonwv,washington,wv,west virginia,49,wv
waynewv,wayne,wv,west virginia,49,wv
waynecountywv,wayne county,wv,west virginia,49,wv
webstercountywv,webster county,wv,west virginia,49,wv
websterspringswv,webster springs,wv,west virginia,49,wv
weirtonwv,weirton,wv,west virginia,49,wv
weirtonheightswv,weirton heights,wv,west virginia,49,wv
welchwv,welch,wv,west virginia,49,wv
wellsburgwv,wellsburg,wv,west virginia,49,wv
westlibertywv,west liberty,wv,west virginia,49,wv
westunionwv,west union,wv,west virginia,49,wv
westonwv,weston,wv,west virginia,49,wv
westoverwv,westover,wv,west virginia,49,wv
wetzelcountywv,wetzel county,wv,west virginia,49,wv
wheelingwv,wheeling,wv,west virginia,49,wv
whitesulphurspringswv,white sulphur springs,wv,west virginia,49,wv
wileyfordwv,wiley ford,wv,west virginia,49,wv
williamsonwv,williamson,wv,west virginia,49,wv
williamstownwv,williamstown,wv,west virginia,49,wv
winfieldwv,winfield,wv,west virginia,49,wv
wirtcountywv,wirt county,wv,west virginia,49,wv
woodcountywv,wood county,wv,west virginia,49,wv
wyomingcountywv,wyoming county,wv,west virginia,49,wv
abbotsfordwi,abbotsford,wi,wisconsin,50,wi
adamswi,adams,wi,wisconsin,50,wi
adamscountywi,adams county,wi,wisconsin,50,wi
addisonwi,addison,wi,wisconsin,50,wi
albanywi,albany,wi,wisconsin,50,wi
algomawi,algoma,wi,wisconsin,50,wi
allouezwi,allouez,wi,wisconsin,50,wi
almawi,alma,wi,wisconsin,50,wi
altowi,alto,wi,wisconsin,50,wi
altoonawi,altoona,wi,wisconsin,50,wi
amerywi,amery,wi,wisconsin,50,wi
amherstwi,amherst,wi,wisconsin,50,wi
antigowi,antigo,wi,wisconsin,50,wi
appletonwi,appleton,wi,wisconsin,50,wi
arcadiawi,arcadia,wi,wisconsin,50,wi
ashfordwi,ashford,wi,wisconsin,50,wi
ashlandwi,ashland,wi,wisconsin,50,wi
ashlandcountywi,ashland county,wi,wisconsin,50,wi
ashwaubenonwi,ashwaubenon,wi,wisconsin,50,wi
athenswi,athens,wi,wisconsin,50,wi
augustawi,augusta,wi,wisconsin,50,wi
aztalanwi,aztalan,wi,wisconsin,50,wi
baldwinwi,baldwin,wi,wisconsin,50,wi
balsamlakewi,balsam lake,wi,wisconsin,50,wi
bangorwi,bangor,wi,wisconsin,50,wi
baraboowi,baraboo,wi,wisconsin,50,wi
barneveldwi,barneveld,wi,wisconsin,50,wi
barronwi,barron,wi,wisconsin,50,wi
barroncountywi,barron county,wi,wisconsin,50,wi
bartonwi,barton,wi,wisconsin,50,wi
bayfieldcountywi,bayfield county,wi,wisconsin,50,wi
baysidewi,bayside,wi,wisconsin,50,wi
beaverdamwi,beaver dam,wi,wisconsin,50,wi
belgiumwi,belgium,wi,wisconsin,50,wi
belleplainewi,belle plaine,wi,wisconsin,50,wi
bellevillewi,belleville,wi,wisconsin,50,wi
bellevuewi,bellevue,wi,wisconsin,50,wi
beloitwi,beloit,wi,wisconsin,50,wi
berlinwi,berlin,wi,wisconsin,50,wi
beventwi,bevent,wi,wisconsin,50,wi
bigbendwi,big bend,wi,wisconsin,50,wi
blackcreekwi,black creek,wi,wisconsin,50,wi
blackearthwi,black earth,wi,wisconsin,50,wi
blackriverfallswi,black river falls,wi,wisconsin,50,wi
blairwi,blair,wi,wisconsin,50,wi
bloomerwi,bloomer,wi,wisconsin,50,wi
bohnerslakewi,bohners lake,wi,wisconsin,50,wi
bonduelwi,bonduel,wi,wisconsin,50,wi
boscobelwi,boscobel,wi,wisconsin,50,wi
boycevillewi,boyceville,wi,wisconsin,50,wi
briceprairiewi,brice prairie,wi,wisconsin,50,wi
brillionwi,brillion,wi,wisconsin,50,wi
bristolwi,bristol,wi,wisconsin,50,wi
brodheadwi,brodhead,wi,wisconsin,50,wi
brookfieldwi,brookfield,wi,wisconsin,50,wi
brooklynwi,brooklyn,wi,wisconsin,50,wi
brothertownwi,brothertown,wi,wisconsin,50,wi
browncountywi,brown county,wi,wisconsin,50,wi
browndeerwi,brown deer,wi,wisconsin,50,wi
brownslakewi,browns lake,wi,wisconsin,50,wi
brusselswi,brussels,wi,wisconsin,50,wi
buffalocountywi,buffalo county,wi,wisconsin,50,wi
burlingtonwi,burlington,wi,wisconsin,50,wi
burnettcountywi,burnett county,wi,wisconsin,50,wi
butlerwi,butler,wi,wisconsin,50,wi
cadottwi,cadott,wi,wisconsin,50,wi
caledoniawi,caledonia,wi,wisconsin,50,wi
calumetcountywi,calumet county,wi,wisconsin,50,wi
cambridgewi,cambridge,wi,wisconsin,50,wi
cameronwi,cameron,wi,wisconsin,50,wi
camplakewi,camp lake,wi,wisconsin,50,wi
campbellsportwi,campbellsport,wi,wisconsin,50,wi
cashtonwi,cashton,wi,wisconsin,50,wi
catowi,cato,wi,wisconsin,50,wi
cedargrovewi,cedar grove,wi,wisconsin,50,wi
cedarburgwi,cedarburg,wi,wisconsin,50,wi
chetekwi,chetek,wi,wisconsin,50,wi
chiltonwi,chilton,wi,wisconsin,50,wi
chippewacountywi,chippewa county,wi,wisconsin,50,wi
chippewafallswi,chippewa falls,wi,wisconsin,50,wi
clarkcountywi,clark county,wi,wisconsin,50,wi
clearlakewi,clear lake,wi,wisconsin,50,wi
clevelandwi,cleveland,wi,wisconsin,50,wi
clintonwi,clinton,wi,wisconsin,50,wi
clintonvillewi,clintonville,wi,wisconsin,50,wi
colbywi,colby,wi,wisconsin,50,wi
colfaxwi,colfax,wi,wisconsin,50,wi
columbiacountywi,columbia county,wi,wisconsin,50,wi
columbuswi,columbus,wi,wisconsin,50,wi
combinedlockswi,combined locks,wi,wisconsin,50,wi
comowi,como,wi,wisconsin,50,wi
concordwi,concord,wi,wisconsin,50,wi
cooperstownwi,cooperstown,wi,wisconsin,50,wi
cornellwi,cornell,wi,wisconsin,50,wi
cottagegrovewi,cottage grove,wi,wisconsin,50,wi
crandonwi,crandon,wi,wisconsin,50,wi
crawfordcountywi,crawford county,wi,wisconsin,50,wi
crossplainswi,cross plains,wi,wisconsin,50,wi
cubacitywi,cuba city,wi,wisconsin,50,wi
cudahywi,cudahy,wi,wisconsin,50,wi
cumberlandwi,cumberland,wi,wisconsin,50,wi
dakotawi,dakota,wi,wisconsin,50,wi
danewi,dane,wi,wisconsin,50,wi
danecountywi,dane county,wi,wisconsin,50,wi
darienwi,darien,wi,wisconsin,50,wi
darlingtonwi,darlington,wi,wisconsin,50,wi
deforestwi,de forest,wi,wisconsin,50,wi
deperewi,de pere,wi,wisconsin,50,wi
decaturwi,decatur,wi,wisconsin,50,wi
deerfieldwi,deerfield,wi,wisconsin,50,wi
delafieldwi,delafield,wi,wisconsin,50,wi
delavanwi,delavan,wi,wisconsin,50,wi
delavanlakewi,delavan lake,wi,wisconsin,50,wi
denmarkwi,denmark,wi,wisconsin,50,wi
dickeyvillewi,dickeyville,wi,wisconsin,50,wi
dodgecountywi,dodge county,wi,wisconsin,50,wi
dodgevillewi,dodgeville,wi,wisconsin,50,wi
doorcountywi,door county,wi,wisconsin,50,wi
douglascountywi,douglas county,wi,wisconsin,50,wi
dousmanwi,dousman,wi,wisconsin,50,wi
dunncountywi,dunn county,wi,wisconsin,50,wi
durandwi,durand,wi,wisconsin,50,wi
eaglewi,eagle,wi,wisconsin,50,wi
eaglelakewi,eagle lake,wi,wisconsin,50,wi
eagleriverwi,eagle river,wi,wisconsin,50,wi
easttroywi,east troy,wi,wisconsin,50,wi
eastonwi,easton,wi,wisconsin,50,wi
eauclairewi,eau claire,wi,wisconsin,50,wi
eauclairecountywi,eau claire county,wi,wisconsin,50,wi
edgarwi,edgar,wi,wisconsin,50,wi
edgertonwi,edgerton,wi,wisconsin,50,wi
eldoradowi,eldorado,wi,wisconsin,50,wi
elkhornwi,elkhorn,wi,wisconsin,50,wi
ellsworthwi,ellsworth,wi,wisconsin,50,wi
elmgrovewi,elm grove,wi,wisconsin,50,wi
elroywi,elroy,wi,wisconsin,50,wi
evansvillewi,evansville,wi,wisconsin,50,wi
evergreenwi,evergreen,wi,wisconsin,50,wi
fallcreekwi,fall creek,wi,wisconsin,50,wi
fallriverwi,fall river,wi,wisconsin,50,wi
fennimorewi,fennimore,wi,wisconsin,50,wi
fitchburgwi,fitchburg,wi,wisconsin,50,wi
florencewi,florence,wi,wisconsin,50,wi
florencecountywi,florence county,wi,wisconsin,50,wi
fonddulacwi,fond du lac,wi,wisconsin,50,wi
fonddulaccountywi,fond du lac county,wi,wisconsin,50,wi
fontanawi,fontana,wi,wisconsin,50,wi
forestcountywi,forest county,wi,wisconsin,50,wi
fortatkinsonwi,fort atkinson,wi,wisconsin,50,wi
foxlakewi,fox lake,wi,wisconsin,50,wi
foxpointwi,fox point,wi,wisconsin,50,wi
franklinwi,franklin,wi,wisconsin,50,wi
franksvillewi,franksville,wi,wisconsin,50,wi
fredericwi,frederic,wi,wisconsin,50,wi
fredoniawi,fredonia,wi,wisconsin,50,wi
frenchislandwi,french island,wi,wisconsin,50,wi
friendshipwi,friendship,wi,wisconsin,50,wi
galesvillewi,galesville,wi,wisconsin,50,wi
genoacitywi,genoa city,wi,wisconsin,50,wi
germantownwi,germantown,wi,wisconsin,50,wi
gillettwi,gillett,wi,wisconsin,50,wi
glendalewi,glendale,wi,wisconsin,50,wi
glenmorewi,glenmore,wi,wisconsin,50,wi
glenwoodcitywi,glenwood city,wi,wisconsin,50,wi
graftonwi,grafton,wi,wisconsin,50,wi
grantcountywi,grant county,wi,wisconsin,50,wi
grantsburgwi,grantsburg,wi,wisconsin,50,wi
greenbaywi,green bay,wi,wisconsin,50,wi
greencountywi,green county,wi,wisconsin,50,wi
greenlakewi,green lake,wi,wisconsin,50,wi
greenlakecountywi,green lake county,wi,wisconsin,50,wi
greendalewi,greendale,wi,wisconsin,50,wi
greenfieldwi,greenfield,wi,wisconsin,50,wi
greenwoodwi,greenwood,wi,wisconsin,50,wi
halescornerswi,hales corners,wi,wisconsin,50,wi
hammondwi,hammond,wi,wisconsin,50,wi
harrisonwi,harrison,wi,wisconsin,50,wi
hartfordwi,hartford,wi,wisconsin,50,wi
hartlandwi,hartland,wi,wisconsin,50,wi
haywardwi,hayward,wi,wisconsin,50,wi
hazelgreenwi,hazel green,wi,wisconsin,50,wi
hilbertwi,hilbert,wi,wisconsin,50,wi
hillsborowi,hillsboro,wi,wisconsin,50,wi
hobartwi,hobart,wi,wisconsin,50,wi
holmenwi,holmen,wi,wisconsin,50,wi
horiconwi,horicon,wi,wisconsin,50,wi
hortonvillewi,hortonville,wi,wisconsin,50,wi
howardwi,howard,wi,wisconsin,50,wi
howardsgrovewi,howards grove,wi,wisconsin,50,wi
hudsonwi,hudson,wi,wisconsin,50,wi
hurleywi,hurley,wi,wisconsin,50,wi
hustisfordwi,hustisford,wi,wisconsin,50,wi
independencewi,independence,wi,wisconsin,50,wi
iolawi,iola,wi,wisconsin,50,wi
iowacountywi,iowa county,wi,wisconsin,50,wi
ironcountywi,iron county,wi,wisconsin,50,wi
ixoniawi,ixonia,wi,wisconsin,50,wi
jacksonwi,jackson,wi,wisconsin,50,wi
jacksoncountywi,jackson county,wi,wisconsin,50,wi
janesvillewi,janesville,wi,wisconsin,50,wi
jeffersonwi,jefferson,wi,wisconsin,50,wi
jeffersoncountywi,jefferson county,wi,wisconsin,50,wi
johnsoncreekwi,johnson creek,wi,wisconsin,50,wi
juneauwi,juneau,wi,wisconsin,50,wi
juneaucountywi,juneau county,wi,wisconsin,50,wi
kaukaunawi,kaukauna,wi,wisconsin,50,wi
kenoshawi,kenosha,wi,wisconsin,50,wi
kenoshacountywi,kenosha county,wi,wisconsin,50,wi
keshenawi,keshena,wi,wisconsin,50,wi
kewaskumwi,kewaskum,wi,wisconsin,50,wi
kewauneewi,kewaunee,wi,wisconsin,50,wi
kewauneecountywi,kewaunee county,wi,wisconsin,50,wi
kielwi,kiel,wi,wisconsin,50,wi
kimberlywi,kimberly,wi,wisconsin,50,wi
kingwi,king,wi,wisconsin,50,wi
kohlerwi,kohler,wi,wisconsin,50,wi
kronenwetterwi,kronenwetter,wi,wisconsin,50,wi
lacrossewi,la crosse,wi,wisconsin,50,wi
lacrossecountywi,la crosse county,wi,wisconsin,50,wi
lacduflambeauwi,lac du flambeau,wi,wisconsin,50,wi
ladysmithwi,ladysmith,wi,wisconsin,50,wi
lafayettecountywi,lafayette county,wi,wisconsin,50,wi
lakedeltonwi,lake delton,wi,wisconsin,50,wi
lakegenevawi,lake geneva,wi,wisconsin,50,wi
lakehalliewi,lake hallie,wi,wisconsin,50,wi
lakekoshkonongwi,lake koshkonong,wi,wisconsin,50,wi
lakemillswi,lake mills,wi,wisconsin,50,wi
lakenebagamonwi,lake nebagamon,wi,wisconsin,50,wi
lakeripleywi,lake ripley,wi,wisconsin,50,wi
lakewazeechawi,lake wazeecha,wi,wisconsin,50,wi
lakewisconsinwi,lake wisconsin,wi,wisconsin,50,wi
lakewissotawi,lake wissota,wi,wisconsin,50,wi
lamartinewi,lamartine,wi,wisconsin,50,wi
lancasterwi,lancaster,wi,wisconsin,50,wi
langladecountywi,langlade county,wi,wisconsin,50,wi
lannonwi,lannon,wi,wisconsin,50,wi
legendlakewi,legend lake,wi,wisconsin,50,wi
lincolncountywi,lincoln county,wi,wisconsin,50,wi
littlechutewi,little chute,wi,wisconsin,50,wi
littleroundlakewi,little round lake,wi,wisconsin,50,wi
lodiwi,lodi,wi,wisconsin,50,wi
lomirawi,lomira,wi,wisconsin,50,wi
loyalwi,loyal,wi,wisconsin,50,wi
luckwi,luck,wi,wisconsin,50,wi
luxemburgwi,luxemburg,wi,wisconsin,50,wi
madisonwi,madison,wi,wisconsin,50,wi
mainewi,maine,wi,wisconsin,50,wi
manawawi,manawa,wi,wisconsin,50,wi
manchesterwi,manchester,wi,wisconsin,50,wi
manitowocwi,manitowoc,wi,wisconsin,50,wi
manitowoccountywi,manitowoc county,wi,wisconsin,50,wi
maplebluffwi,maple bluff,wi,wisconsin,50,wi
marathonwi,marathon,wi,wisconsin,50,wi
marathoncountywi,marathon county,wi,wisconsin,50,wi
marinettewi,marinette,wi,wisconsin,50,wi
marinettecountywi,marinette county,wi,wisconsin,50,wi
marionwi,marion,wi,wisconsin,50,wi
markesanwi,markesan,wi,wisconsin,50,wi
marquettecountywi,marquette county,wi,wisconsin,50,wi
marshallwi,marshall,wi,wisconsin,50,wi
marshfieldwi,marshfield,wi,wisconsin,50,wi
maustonwi,mauston,wi,wisconsin,50,wi
mayvillewi,mayville,wi,wisconsin,50,wi
mazomaniewi,mazomanie,wi,wisconsin,50,wi
mcfarlandwi,mcfarland,wi,wisconsin,50,wi
medfordwi,medford,wi,wisconsin,50,wi
menashawi,menasha,wi,wisconsin,50,wi
menomineecountywi,menominee county,wi,wisconsin,50,wi
menomoneefallswi,menomonee falls,wi,wisconsin,50,wi
menomoniewi,menomonie,wi,wisconsin,50,wi
mequonwi,mequon,wi,wisconsin,50,wi
merrillwi,merrill,wi,wisconsin,50,wi
mertonwi,merton,wi,wisconsin,50,wi
middletonwi,middleton,wi,wisconsin,50,wi
milfordwi,milford,wi,wisconsin,50,wi
miltonwi,milton,wi,wisconsin,50,wi
milwaukeewi,milwaukee,wi,wisconsin,50,wi
milwaukeecountywi,milwaukee county,wi,wisconsin,50,wi
mineralpointwi,mineral point,wi,wisconsin,50,wi
mishicotwi,mishicot,wi,wisconsin,50,wi
mondoviwi,mondovi,wi,wisconsin,50,wi
mononawi,monona,wi,wisconsin,50,wi
monroewi,monroe,wi,wisconsin,50,wi
monroecountywi,monroe county,wi,wisconsin,50,wi
montellowi,montello,wi,wisconsin,50,wi
monticellowi,monticello,wi,wisconsin,50,wi
mosineewi,mosinee,wi,wisconsin,50,wi
mounthorebwi,mount horeb,wi,wisconsin,50,wi
mountmorriswi,mount morris,wi,wisconsin,50,wi
mountpleasantwi,mount pleasant,wi,wisconsin,50,wi
mukwonagowi,mukwonago,wi,wisconsin,50,wi
muscodawi,muscoda,wi,wisconsin,50,wi
muskegowi,muskego,wi,wisconsin,50,wi
nashotahwi,nashotah,wi,wisconsin,50,wi
nashvillewi,nashville,wi,wisconsin,50,wi
neenahwi,neenah,wi,wisconsin,50,wi
neillsvillewi,neillsville,wi,wisconsin,50,wi
nekoosawi,nekoosa,wi,wisconsin,50,wi
newberlinwi,new berlin,wi,wisconsin,50,wi
newglaruswi,new glarus,wi,wisconsin,50,wi
newholsteinwi,new holstein,wi,wisconsin,50,wi
newlisbonwi,new lisbon,wi,wisconsin,50,wi
newlondonwi,new london,wi,wisconsin,50,wi
newrichmondwi,new richmond,wi,wisconsin,50,wi
newburgwi,newburg,wi,wisconsin,50,wi
niagarawi,niagara,wi,wisconsin,50,wi
northfonddulacwi,north fond du lac,wi,wisconsin,50,wi
northhudsonwi,north hudson,wi,wisconsin,50,wi
northlacrossewi,north la crosse,wi,wisconsin,50,wi
northprairiewi,north prairie,wi,wisconsin,50,wi
oakcreekwi,oak creek,wi,wisconsin,50,wi
oakfieldwi,oakfield,wi,wisconsin,50,wi
oconomowocwi,oconomowoc,wi,wisconsin,50,wi
ocontowi,oconto,wi,wisconsin,50,wi
ocontocountywi,oconto county,wi,wisconsin,50,wi
ocontofallswi,oconto falls,wi,wisconsin,50,wi
okaucheelakewi,okauchee lake,wi,wisconsin,50,wi
omrowi,omro,wi,wisconsin,50,wi
onalaskawi,onalaska,wi,wisconsin,50,wi
oneidawi,oneida,wi,wisconsin,50,wi
oneidacountywi,oneida county,wi,wisconsin,50,wi
oostburgwi,oostburg,wi,wisconsin,50,wi
oregonwi,oregon,wi,wisconsin,50,wi
orfordvillewi,orfordville,wi,wisconsin,50,wi
osceolawi,osceola,wi,wisconsin,50,wi
oshkoshwi,oshkosh,wi,wisconsin,50,wi
osseowi,osseo,wi,wisconsin,50,wi
outagamiecountywi,outagamie county,wi,wisconsin,50,wi
ozaukeecountywi,ozaukee county,wi,wisconsin,50,wi
paddocklakewi,paddock lake,wi,wisconsin,50,wi
palmyrawi,palmyra,wi,wisconsin,50,wi
pardeevillewi,pardeeville,wi,wisconsin,50,wi
parkfallswi,park falls,wi,wisconsin,50,wi
pelllakewi,pell lake,wi,wisconsin,50,wi
pepincountywi,pepin county,wi,wisconsin,50,wi
peshtigowi,peshtigo,wi,wisconsin,50,wi
pewaukeewi,pewaukee,wi,wisconsin,50,wi
phillipswi,phillips,wi,wisconsin,50,wi
piercecountywi,pierce county,wi,wisconsin,50,wi
pittsfieldwi,pittsfield,wi,wisconsin,50,wi
plattevillewi,platteville,wi,wisconsin,50,wi
pleasantprairiewi,pleasant prairie,wi,wisconsin,50,wi
ploverwi,plover,wi,wisconsin,50,wi
plymouthwi,plymouth,wi,wisconsin,50,wi
polkcountywi,polk county,wi,wisconsin,50,wi
portedwardswi,port edwards,wi,wisconsin,50,wi
portwashingtonwi,port washington,wi,wisconsin,50,wi
portagewi,portage,wi,wisconsin,50,wi
portagecountywi,portage county,wi,wisconsin,50,wi
portlandwi,portland,wi,wisconsin,50,wi
potterlakewi,potter lake,wi,wisconsin,50,wi
powerslakewi,powers lake,wi,wisconsin,50,wi
poynettewi,poynette,wi,wisconsin,50,wi
prairieduchienwi,prairie du chien,wi,wisconsin,50,wi
prairiedusacwi,prairie du sac,wi,wisconsin,50,wi
prescottwi,prescott,wi,wisconsin,50,wi
pricecountywi,price county,wi,wisconsin,50,wi
princetonwi,princeton,wi,wisconsin,50,wi
pulaskiwi,pulaski,wi,wisconsin,50,wi
racinewi,racine,wi,wisconsin,50,wi
racinecountywi,racine county,wi,wisconsin,50,wi
randolphwi,randolph,wi,wisconsin,50,wi
randomlakewi,random lake,wi,wisconsin,50,wi
redgranitewi,redgranite,wi,wisconsin,50,wi
reedsburgwi,reedsburg,wi,wisconsin,50,wi
reedsvillewi,reedsville,wi,wisconsin,50,wi
rhinelanderwi,rhinelander,wi,wisconsin,50,wi
ribmountainwi,rib mountain,wi,wisconsin,50,wi
ricelakewi,rice lake,wi,wisconsin,50,wi
richfieldwi,richfield,wi,wisconsin,50,wi
richlandcenterwi,richland center,wi,wisconsin,50,wi
richlandcountywi,richland county,wi,wisconsin,50,wi
richmondwi,richmond,wi,wisconsin,50,wi
riowi,rio,wi,wisconsin,50,wi
riponwi,ripon,wi,wisconsin,50,wi
riverfallswi,river falls,wi,wisconsin,50,wi
riverhillswi,river hills,wi,wisconsin,50,wi
robertswi,roberts,wi,wisconsin,50,wi
rochesterwi,rochester,wi,wisconsin,50,wi
rockcountywi,rock county,wi,wisconsin,50,wi
romewi,rome,wi,wisconsin,50,wi
rosendalewi,rosendale,wi,wisconsin,50,wi
rothschildwi,rothschild,wi,wisconsin,50,wi
roxburywi,roxbury,wi,wisconsin,50,wi
ruskcountywi,rusk county,wi,wisconsin,50,wi
rutlandwi,rutland,wi,wisconsin,50,wi
saintcroixcountywi,saint croix county,wi,wisconsin,50,wi
saintcroixfallswi,saint croix falls,wi,wisconsin,50,wi
saintfranciswi,saint francis,wi,wisconsin,50,wi
saintpeterwi,saint peter,wi,wisconsin,50,wi
salemwi,salem,wi,wisconsin,50,wi
saukcitywi,sauk city,wi,wisconsin,50,wi
saukcountywi,sauk county,wi,wisconsin,50,wi
saukvillewi,saukville,wi,wisconsin,50,wi
sawyercountywi,sawyer county,wi,wisconsin,50,wi
schofieldwi,schofield,wi,wisconsin,50,wi
seymourwi,seymour,wi,wisconsin,50,wi
sharonwi,sharon,wi,wisconsin,50,wi
shawanowi,shawano,wi,wisconsin,50,wi
shawanocountywi,shawano county,wi,wisconsin,50,wi
sheboyganwi,sheboygan,wi,wisconsin,50,wi
sheboygancountywi,sheboygan county,wi,wisconsin,50,wi
sheboyganfallswi,sheboygan falls,wi,wisconsin,50,wi
shelllakewi,shell lake,wi,wisconsin,50,wi
sherwoodwi,sherwood,wi,wisconsin,50,wi
shorewoodwi,shorewood,wi,wisconsin,50,wi
shorewoodhillswi,shorewood hills,wi,wisconsin,50,wi
shullsburgwi,shullsburg,wi,wisconsin,50,wi
silverlakewi,silver lake,wi,wisconsin,50,wi
sirenwi,siren,wi,wisconsin,50,wi
slingerwi,slinger,wi,wisconsin,50,wi
somerswi,somers,wi,wisconsin,50,wi
somersetwi,somerset,wi,wisconsin,50,wi
southmilwaukeewi,south milwaukee,wi,wisconsin,50,wi
spartawi,sparta,wi,wisconsin,50,wi
spencerwi,spencer,wi,wisconsin,50,wi
spoonerwi,spooner,wi,wisconsin,50,wi
springgreenwi,spring green,wi,wisconsin,50,wi
springvalleywi,spring valley,wi,wisconsin,50,wi
stanleywi,stanley,wi,wisconsin,50,wi
stevenspointwi,stevens point,wi,wisconsin,50,wi
stoughtonwi,stoughton,wi,wisconsin,50,wi
stratfordwi,stratford,wi,wisconsin,50,wi
strumwi,strum,wi,wisconsin,50,wi
sturgeonbaywi,sturgeon bay,wi,wisconsin,50,wi
sturtevantwi,sturtevant,wi,wisconsin,50,wi
suamicowi,suamico,wi,wisconsin,50,wi
sunprairiewi,sun prairie,wi,wisconsin,50,wi
superiorwi,superior,wi,wisconsin,50,wi
sussexwi,sussex,wi,wisconsin,50,wi
tainterlakewi,tainter lake,wi,wisconsin,50,wi
taylorcountywi,taylor county,wi,wisconsin,50,wi
theresawi,theresa,wi,wisconsin,50,wi
thiensvillewi,thiensville,wi,wisconsin,50,wi
thorpwi,thorp,wi,wisconsin,50,wi
tichiganwi,tichigan,wi,wisconsin,50,wi
tomahwi,tomah,wi,wisconsin,50,wi
tomahawkwi,tomahawk,wi,wisconsin,50,wi
trempealeauwi,trempealeau,wi,wisconsin,50,wi
trempealeaucountywi,trempealeau county,wi,wisconsin,50,wi
turtlelakewi,turtle lake,wi,wisconsin,50,wi
twinlakeswi,twin lakes,wi,wisconsin,50,wi
tworiverswi,two rivers,wi,wisconsin,50,wi
uniongrovewi,union grove,wi,wisconsin,50,wi
vernoncountywi,vernon county,wi,wisconsin,50,wi
veronawi,verona,wi,wisconsin,50,wi
vilascountywi,vilas county,wi,wisconsin,50,wi
viroquawi,viroqua,wi,wisconsin,50,wi
waleswi,wales,wi,wisconsin,50,wi
walworthwi,walworth,wi,wisconsin,50,wi
walworthcountywi,walworth county,wi,wisconsin,50,wi
washburnwi,washburn,wi,wisconsin,50,wi
washburncountywi,washburn county,wi,wisconsin,50,wi
washingtoncountywi,washington county,wi,wisconsin,50,wi
waterfordwi,waterford,wi,wisconsin,50,wi
waterloowi,waterloo,wi,wisconsin,50,wi
watertownwi,watertown,wi,wisconsin,50,wi
waukeshawi,waukesha,wi,wisconsin,50,wi
waukeshacountywi,waukesha county,wi,wisconsin,50,wi
waunakeewi,waunakee,wi,wisconsin,50,wi
waupacawi,waupaca,wi,wisconsin,50,wi
waupacacountywi,waupaca county,wi,wisconsin,50,wi
waupunwi,waupun,wi,wisconsin,50,wi
wausauwi,wausau,wi,wisconsin,50,wi
wausharacountywi,waushara county,wi,wisconsin,50,wi
wautomawi,wautoma,wi,wisconsin,50,wi
wauwatosawi,wauwatosa,wi,wisconsin,50,wi
westalliswi,west allis,wi,wisconsin,50,wi
westbaraboowi,west baraboo,wi,wisconsin,50,wi
westbendwi,west bend,wi,wisconsin,50,wi
westmilwaukeewi,west milwaukee,wi,wisconsin,50,wi
westsalemwi,west salem,wi,wisconsin,50,wi
westbywi,westby,wi,wisconsin,50,wi
westfieldwi,westfield,wi,wisconsin,50,wi
westonwi,weston,wi,wisconsin,50,wi
weyauwegawi,weyauwega,wi,wisconsin,50,wi
whitefishbaywi,whitefish bay,wi,wisconsin,50,wi
whitehallwi,whitehall,wi,wisconsin,50,wi
whitewaterwi,whitewater,wi,wisconsin,50,wi
whitingwi,whiting,wi,wisconsin,50,wi
williamsbaywi,williams bay,wi,wisconsin,50,wi
windlakewi,wind lake,wi,wisconsin,50,wi
windpointwi,wind point,wi,wisconsin,50,wi
windsorwi,windsor,wi,wisconsin,50,wi
winnebagocountywi,winnebago county,wi,wisconsin,50,wi
winneconnewi,winneconne,wi,wisconsin,50,wi
wisconsindellswi,wisconsin dells,wi,wisconsin,50,wi
wisconsinrapidswi,wisconsin rapids,wi,wisconsin,50,wi
wittenbergwi,wittenberg,wi,wisconsin,50,wi
woodcountywi,wood county,wi,wisconsin,50,wi
woodvillewi,woodville,wi,wisconsin,50,wi
wrightstownwi,wrightstown,wi,wisconsin,50,wi
aftonwy,afton,wy,wyoming,51,wy
albanycountywy,albany county,wy,wyoming,51,wy
antelopevalley-crestviewwy,antelope valley-crestview,wy,wyoming,51,wy
arapahoewy,arapahoe,wy,wyoming,51,wy
barnunnwy,bar nunn,wy,wyoming,51,wy
basinwy,basin,wy,wyoming,51,wy
bighorncountywy,big horn county,wy,wyoming,51,wy
buffalowy,buffalo,wy,wyoming,51,wy
campbellcountywy,campbell county,wy,wyoming,51,wy
carboncountywy,carbon county,wy,wyoming,51,wy
casperwy,casper,wy,wyoming,51,wy
cheyennewy,cheyenne,wy,wyoming,51,wy
codywy,cody,wy,wyoming,51,wy
conversecountywy,converse county,wy,wyoming,51,wy
crookcountywy,crook county,wy,wyoming,51,wy
douglaswy,douglas,wy,wyoming,51,wy
ethetewy,ethete,wy,wyoming,51,wy
evanstonwy,evanston,wy,wyoming,51,wy
evansvillewy,evansville,wy,wyoming,51,wy
fortwashakiewy,fort washakie,wy,wyoming,51,wy
foxfarm-collegewy,fox farm-college,wy,wyoming,51,wy
fremontcountywy,fremont county,wy,wyoming,51,wy
gillettewy,gillette,wy,wyoming,51,wy
glenrockwy,glenrock,wy,wyoming,51,wy
goshencountywy,goshen county,wy,wyoming,51,wy
greenriverwy,green river,wy,wyoming,51,wy
greybullwy,greybull,wy,wyoming,51,wy
guernseywy,guernsey,wy,wyoming,51,wy
hobackwy,hoback,wy,wyoming,51,wy
hotspringscountywy,hot springs county,wy,wyoming,51,wy
jacksonwy,jackson,wy,wyoming,51,wy
johnsoncountywy,johnson county,wy,wyoming,51,wy
kemmererwy,kemmerer,wy,wyoming,51,wy
landerwy,lander,wy,wyoming,51,wy
laramiewy,laramie,wy,wyoming,51,wy
laramiecountywy,laramie county,wy,wyoming,51,wy
lincolncountywy,lincoln county,wy,wyoming,51,wy
lovellwy,lovell,wy,wyoming,51,wy
luskwy,lusk,wy,wyoming,51,wy
lymanwy,lyman,wy,wyoming,51,wy
marbletonwy,marbleton,wy,wyoming,51,wy
millswy,mills,wy,wyoming,51,wy
moorcroftwy,moorcroft,wy,wyoming,51,wy
moosewilsonroadwy,moose wilson road,wy,wyoming,51,wy
mountainviewwy,mountain view,wy,wyoming,51,wy
natronacountywy,natrona county,wy,wyoming,51,wy
newcastlewy,newcastle,wy,wyoming,51,wy
niobraracountywy,niobrara county,wy,wyoming,51,wy
northrockspringswy,north rock springs,wy,wyoming,51,wy
parkcountywy,park county,wy,wyoming,51,wy
pinebluffswy,pine bluffs,wy,wyoming,51,wy
pinedalewy,pinedale,wy,wyoming,51,wy
plattecountywy,platte county,wy,wyoming,51,wy
powellwy,powell,wy,wyoming,51,wy
rafterjranchwy,rafter j ranch,wy,wyoming,51,wy
ranchetteswy,ranchettes,wy,wyoming,51,wy
rawlinswy,rawlins,wy,wyoming,51,wy
rivertonwy,riverton,wy,wyoming,51,wy
rockspringswy,rock springs,wy,wyoming,51,wy
saratogawy,saratoga,wy,wyoming,51,wy
sheridanwy,sheridan,wy,wyoming,51,wy
sheridancountywy,sheridan county,wy,wyoming,51,wy
sleepyhollowwy,sleepy hollow,wy,wyoming,51,wy
southgreeleywy,south greeley,wy,wyoming,51,wy
southparkwy,south park,wy,wyoming,51,wy
starvalleyranchwy,star valley ranch,wy,wyoming,51,wy
sublettecountywy,sublette county,wy,wyoming,51,wy
sundancewy,sundance,wy,wyoming,51,wy
sweetwatercountywy,sweetwater county,wy,wyoming,51,wy
tetoncountywy,teton county,wy,wyoming,51,wy
thermopoliswy,thermopolis,wy,wyoming,51,wy
torringtonwy,torrington,wy,wyoming,51,wy
uintacountywy,uinta county,wy,wyoming,51,wy
uptonwy,upton,wy,wyoming,51,wy
washakiecountywy,washakie county,wy,wyoming,51,wy
westoncountywy,weston county,wy,wyoming,51,wy
wheatlandwy,wheatland,wy,wyoming,51,wy
wilsonwy,wilson,wy,wyoming,51,wy
worlandwy,worland,wy,wyoming,51,wy
wrightwy,wright,wy,wyoming,51,wy
