OriginalCityStateID,NewCityStateID,City,OriginalState,NewState,MatchValue
livoniacenterny,livoniacenterny,livonia center,NY,NY,90.5
hanyesnd,hanyesak,hanyes,ND,AK,83.33333333333334
bigbaymi,bigbayal,big bay,MI,AL,71.42857142857143
centralgardenstx,centralgardenstx,central gardens,TX,TX,100.0
mcintoshfl,mcintoshnm,mcintosh,FL,NM,100.0
louisvilleal,louisvilleco,louisville,AL,CO,100.0
wilsonar,wilsonny,wilson,AR,NY,100.0
llanodelmedionm,llanodelmedioar,llano del medio,NM,AR,90.5
antonitoco,antonitoco,antonito,CO,CO,90.5
pleasntpainoh,pleasntpainca,pleasnt pain,OH,CA,83.33333333333334
buchanannd,buchananga,buchanan,ND,GA,100.0
chewsvillemd,chewsvillemd,chewsville,MD,MD,80.0
lavinamt,lavinaga,lavina,MT,GA,85.71428571428571
channellakeil,channellakeil,channel lake,IL,IL,100.0
petroliapa,petroliapa,petrolia,PA,PA,75.0
plumwoodoh,plumwoodpa,plumwood,OH,PA,90.5
arcadial,arcadiaca,arcadia,L,CA,100.0
eltonal,eltonla,elton,AL,LA,100.0
junctioncityor,junctioncityor,junction city,OR,OR,100.0
allportar,allportnm,allport,AR,NM,90.5
clarksburgca,clarksburgmd,clarksburg,CA,MD,100.0
mountivyny,mountivyny,mount ivy,NY,NY,100.0
monticelloil,monticelloil,monticello,IL,IL,100.0
kennebecvsd,kennebecsd,kennebec,VSD,SD,100.0
iklnms,iklnms,ikln,MS,MS,75.0
oceangrovenj,oceangrovenj,ocean grove,NJ,NJ,100.0
elparaisopr,elparaisosd,el paraiso,PR,SD,81.81818181818183
azurehmt,azurehmt,azureh,MT,MT,66.66666666666666
mustangtx,mustangok,mustang,TX,OK,100.0
oneiaky,oneiany,oneia,KY,NY,83.33333333333334
shenandoahtx,shenandoahtx,shenandoah,TX,TX,100.0
glenlynva,glenlynpa,glen lyn,VA,PA,88.88888888888889
pointlayak,pointlayca,point lay,AK,CA,75.0
rgdontx,rgdonal,rgdon,TX,AL,75.0
duchesslandingok,duchesslandingnm,duchess landing,OK,NM,80.0
jaspermn,jasperal,jasper,MN,AL,100.0
kennerla,kennerla,kenner,LA,LA,100.0
oiltontx,oiltonca,oilton,TX,CA,100.0
arhurknd,arhuril,arhur,KND,IL,83.33333333333334
clearlakewa,clearlakewa,clear lake,WA,WA,100.0
willitsca,willitsca,willits,CA,CA,100.0
frontenacks,frontenacks,frontenac,KS,KS,100.0
paxtoniapa,paxtoniapa,paxtonia,PA,PA,100.0
springhilltn,springhilltn,spring hill,TN,TN,100.0
uphmand,uphmaca,uphma,ND,CA,66.66666666666666
jeffersonla,jeffersonla,jefferson,LA,LA,100.0
millermo,millersd,miller,MO,SD,100.0
hatleywi,hatleyca,hatley,WI,CA,85.71428571428571
carlyssla,carlyssla,carlyss,LA,LA,100.0
invernessms,invernessal,inverness,MS,AL,100.0
canalwinchesterh,canalwinchesteroh,canal winchester,H,OH,100.0
leonvalleytx,leonvalleytx,leon valley,TX,TX,100.0
pineknollshoresnc,pineknollshoresnc,pine knoll shores,NC,NC,100.0
stebbinsak,stebbinsme,stebbins,AK,ME,85.71428571428571
greasewoodaz,greasewoodca,greasewood,AZ,CA,75.0
lismoremn,lismoreky,lismore,MN,KY,85.71428571428571
puntamlakeny,puntamlakeny,puntam lake,NY,NY,90.9090909090909
beardennr,beardende,bearden,NR,DE,90.5
harrisburgpa,harrisburgpa,harrisburg,PA,PA,100.0
nowataok,nowataok,nowata,OK,OK,100.0
portjervisny,portjervisny,port jervis,NY,NY,100.0
ewirms,ewirmd,ewir,MS,MD,60.0
kansascityk,kansascityks,kansas city,K,KS,100.0
starharbortx,starharborid,star harbor,TX,ID,90.5
rockriverwy,rockriveroh,rock river,WY,OH,90.9090909090909
montgoerycitymo,montgoerycitymo,montgoery city,MO,MO,93.33333333333333
carpentersvilleil,carpentersvilleil,carpentersville,IL,IL,100.0
miamitownho,miamitownoh,miamitown,HO,OH,100.0
equalityil,equalityca,equality,IL,CA,66.66666666666666
tuttleok,tuttleok,tuttle,OK,OK,100.0
mountolviecn,mountolvieal,mount olvie,CN,AL,90.9090909090909
whitmebv,whitmebsc,whitmeb,V,SC,75.0
amblerpa,amblerpa,ambler,PA,PA,100.0
willistonnd,willistonnd,williston,ND,ND,100.0
jellicot,jellicotn,jellico,T,TN,100.0
northlindenhurstny,northlindenhurstny,north lindenhurst,NY,NY,100.0
presqueisleharbormi,presqueisleharborme,presque isle harbor,MI,ME,90.5
frontiernd,frontiernd,frontier,ND,ND,71.42857142857143
iolapa,iolaks,iola,PA,KS,100.0
holladayut,holladayut,holladay,UT,UT,100.0
htillopr,htillopr,htillo,PR,PR,85.71428571428571
whitesulphurspringswv,whitesulphurspringswv,white sulphur springs,WV,WV,100.0
knobelar,knobelin,knobel,AR,IN,75.0
sunmanin,sunmanin,sunman,IN,IN,100.0
tangentor,tangentor,tangent,OR,OR,100.0
faiviewh,faiviewca,faiview,H,CA,87.5
birdongar,birdongtx,birdong,AR,TX,80.0
cranesvillepa,cranesvillega,cranesville,PA,GA,90.9090909090909
draperva,draperut,draper,VA,UT,100.0
spiritlakeia,spiritlakeia,spirit lake,IA,IA,100.0
fellowsca,fellowsco,fellows,CA,CO,80.0
deferitny,deferitar,deferit,NY,AR,80.0
cooperstwonpa,cooperstwonny,cooperstwon,PA,NY,90.9090909090909
libertyok,libertyin,liberty,OK,IN,100.0
cameronsc,cameronla,cameron,SC,LA,100.0
starprairiewi,starprairiemo,star prairie,WI,MO,91.66666666666666
coyaw,coywy,coy,AW,WY,75.0
sunlakesaz,sunlakesaz,sun lakes,AZ,AZ,100.0
cedarhilltx,cedarhilltx,cedar hill,TX,TX,100.0
tusculumtn,tusculumtn,tusculum,TN,TN,100.0
yachatsor,yachatsak,yachats,OR,AK,90.5
tickfawla,tickfawfl,tickfaw,LA,FL,75.0
audubonparkky,audubonparkky,audubon park,KY,KY,100.0
elginia,elginil,elgin,IA,IL,100.0
westpointal,westpointga,west point,AL,GA,100.0
kensettar,kensettar,kensett,AR,AR,100.0
fayettevilleil,fayettevilleal,fayetteville,IL,AL,100.0
laekforestparkwa,laekforestparkwa,laek forest park,WA,WA,93.75
pearlriverms,pearlriverms,pearl river,MS,MS,100.0
portashingtonwi,portashingtonwi,port ashington,WI,WI,93.33333333333333
walnutgrovegmo,walnutgroveca,walnut grove,GMO,CA,100.0
janesvilleca,janesvilleca,janesville,CA,CA,100.0
muprhysca,muprhysca,muprhys,CA,CA,85.71428571428571
shilohil,shilohil,shiloh,IL,IL,100.0
defincemo,definceoh,defince,MO,OH,87.5
slovnapa,slovnaia,slovna,PA,IA,80.0
fincastleva,fincastleva,fincastle,VA,VA,100.0
orchardmesaco,orchardmesaco,orchard mesa,CO,CO,100.0
remyok,remyga,remy,OK,GA,75.0
westmilfordwv,westmilfordnj,west milford,WV,NJ,100.0
fortgreleyak,fortgreleyga,fort greley,AK,GA,81.81818181818183
easthamptonma,easthamptonma,easthampton,MA,MA,100.0
smithvillageok,smithvillagenv,smith village,OK,NV,90.5
nuions,nuionor,nuion,S,OR,83.33333333333334
gibsonvillenc,gibsonvillenc,gibsonville,NC,NC,100.0
bracevilleil,bracevillefl,braceville,IL,FL,90.0
summitparkut,summitparkut,summit park,UT,UT,100.0
governmentcampr,governmentcampks,government camp,R,KS,90.5
atlanticpa,atlanticia,atlantic,PA,IA,100.0
shalimarfl,shalimardc,shalimar,FL,DC,75.0
edwardsburgmi,edwardsburgmi,edwardsburg,MI,MI,100.0
lucasvilleoh,lucasvilleoh,lucasville,OH,OH,100.0
roanokeil,roanokeil,roanoke,IL,IL,100.0
awynesborova,awynesborova,awynesboro,VA,VA,90.0
lakejunaluskancm,lakejunaluskanc,lake junaluska,NCM,NC,100.0
craneni,cranemo,crane,NI,MO,100.0
lulingtx,lulingtx,luling,TX,TX,100.0
sabanagrandepr,sabanagrandepr,sabana grande,PR,PR,100.0
farwellne,farwelltx,farwell,NE,TX,100.0
montroseny,montroseny,montrose,NY,NY,100.0
fhrestms,fhrestms,fhrest,MS,MS,83.33333333333334
kirbywy,kirbytx,kirby,WY,TX,100.0
sawyerwoodoh,sawyerwoodoh,sawyerwood,OH,OH,100.0
montereyn,montereyca,monterey,N,CA,100.0
rockvillect,rockvillect,rockville,CT,CT,100.0
linndaleoh,linndalems,linndale,OH,MS,90.5
sibleymo,sibleyia,sibley,MO,IA,100.0
laketomahawki,laketomahawkak,lake tomahawk,I,AK,80.0
remindervilleoh,remindervilleoh,reminderville,OH,OH,100.0
severyks,severymd,severy,KS,MD,83.33333333333334
jasperal,jasperal,jasper,AL,AL,100.0
grenadaca,grenadams,grenada,CA,MS,100.0
sorzdeposita,sorzdeposital,sorz deposit,A,AL,83.33333333333334
lochlomondva,lochlomondva,loch lomond,VA,VA,100.0
winchesterok,winchesterca,winchester,OK,CA,100.0
dickersoncityfl,dickersoncityks,dickerson city,FL,KS,88.88888888888889
blawenburgnj,blawenburgmd,blawenburg,NJ,MD,81.81818181818183
newringgoldpa,newringgoldmn,new ringgold,PA,MN,75.0
nenahnezadnm,nenahnezadar,nenahnezad,NM,AR,90.5
kirkmania,kirkmanky,kirkman,IA,KY,85.71428571428571
ponceinletfl,ponceinletfl,ponce inlet,FL,FL,100.0
summerhavenaz,summerhavenil,summerhaven,AZ,IL,83.33333333333334
marspa,marspa,mars,PA,PA,100.0
manchesterky,manchesterky,manchester,KY,KY,100.0
brownsborovillageky,brownsborovillagetx,brownsboro village,KY,TX,90.5
jacksoncenteroh,jacksoncenteroh,jackson center,OH,OH,100.0
fortvalleyga,fortvalleyga,fort valley,GA,GA,100.0
horseshoebendhar,horseshoebendar,horseshoe bend,HAR,AR,100.0
bassttne,bassttne,basstt,NE,NE,85.71428571428571
dalzellil,dalzellsc,dalzell,IL,SC,100.0
bntonharbormi,bntonharbormi,bnton harbor,MI,MI,92.3076923076923
inglewoodne,inglewoodca,inglewood,NE,CA,100.0
vanderbiltpa,vanderbiltnc,vanderbilt,PA,NC,90.5
harpsterh,harpstermi,harpster,H,MI,75.0
fountainhead-orchardhillsmd,fountainhead-orchardhillsmd,fountainhead-orchard hills,MD,MD,100.0
valleyspringsar,valleyspringsca,valley springs,AR,CA,100.0
jeffersonvalley-yorktownny,jeffersonvalley-yorktownny,jefferson valley-yorktown,NY,NY,100.0
portlandco,portlandct,portland,CO,CT,100.0
buttedesmortswi,buttedesmortsak,butte des morts,WI,AK,90.5
indianspringsmd,indianspringsga,indian springs,MD,GA,100.0
dahlgernva,dahlgernva,dahlgern,VA,VA,87.5
farmersvilleoh,farmersvilleoh,farmersville,OH,OH,100.0
rockwellai,rockwellar,rockwell,AI,AR,100.0
okeekeok,okeekear,okeeke,OK,AR,100.0
chasepa,chaseal,chase,PA,AL,71.42857142857143
augustami,augustaar,augusta,MI,AR,100.0
daytonin,daytonin,dayton,IN,IN,100.0
coburgia,coburgor,coburg,IA,OR,100.0
cherawco,cherawsc,cheraw,CO,SC,100.0
donnelsvilleoh,donnelsvillein,donnelsville,OH,IN,91.66666666666666
bartelsoil,bartelsoia,bartelso,IL,IA,83.33333333333334
rhodellwv,rhodelltx,rhodell,WV,TX,80.0
wardenwa,wardenwa,warden,WA,WA,100.0
northhillsw,northhillsca,north hills,W,CA,100.0
neaescova,neaescomi,neaesco,VA,MI,83.33333333333334
highfillar,highfillmn,highfill,AR,MN,77.77777777777779
earlonks,earlonar,earlon,KS,AR,80.0
ocotilldca,ocotilldny,ocotilld,CA,NY,83.33333333333334
panaaok,panaane,panaa,OK,NE,100.0
springhousepa,springhousepa,spring house,PA,PA,100.0
inyokernca,inyokernca,inyokern,CA,CA,100.0
oilcitypa,oilcitypa,oil city,PA,PA,100.0
elmgroveok,elmgrovewi,elm grove,OK,WI,100.0
sewall'spointfl,sewall'spointfl,sewall's point,FL,FL,100.0
orchardmesaco,orchardmesaco,orchard mesa,CO,CO,100.0
freeportfl,freeportfl,freeport,FL,FL,100.0
lindsayne,lindsayca,lindsay,NE,CA,100.0
churchvillep,churchvilleny,churchville,P,NY,100.0
dieterichic,dieterichga,dieterich,IC,GA,83.33333333333334
kingstownmd,kingstownmd,kingstown,MD,MD,100.0
beldingmi,beldingmi,belding,MI,MI,100.0
dryprongla,dryprongne,dry prong,LA,NE,66.66666666666666
klemmeia,klemmeaz,klemme,IA,AZ,83.33333333333334
cadottwi,cadottwi,cadott,WI,WI,100.0
harleysvillepa,harleysvillepa,harleysville,PA,PA,100.0
shandonca,shandonca,shandon,CA,CA,100.0
willoughbyhillsoh,willoughbyhillsoh,willoughby hills,OH,OH,100.0
decordovatx,decordovatx,decordova,TX,TX,100.0
brownsdalefl,brownsdaleca,brownsdale,FL,CA,80.0
orettala,orettaca,oretta,LA,CA,83.33333333333334
ipswichsd,ipswichsd,ipswich,SD,SD,100.0
birdsongar,birdsongtx,birdsong,AR,TX,80.0
sheakleyvillepa,sheakleyvilleny,sheakleyville,PA,NY,76.92307692307693
uqinnesecmi,uqinnesecmi,uqinnesec,MI,MI,88.88888888888889
westworthvillagetx,westworthvillagetx,westworth village,TX,TX,90.5
holidaylakesoh,holidaylakestx,holiday lakes,OH,TX,100.0
pinecznyonca,pinecznyonaz,pine cznyon,CA,AZ,90.5
thousandpalmsca,thousandpalmsca,thousand palms,CA,CA,100.0
decaturar,decaturar,decatur,AR,AR,100.0
underwoodnd,underwoodfl,underwood,ND,FL,77.77777777777779
sanrafaelca,sanrafaelca,san rafael,CA,CA,100.0
hilliardqoh,hilliardfl,hilliard,QOH,FL,100.0
pearlbeachmi,pearlbeachmi,pearl beach,MI,MI,100.0
blodgettor,blodgettga,blodgett,OR,GA,75.0
sentinelok,sentinelfl,sentinel,OK,FL,90.5
chnowethor,chnowethor,chnoweth,OR,OR,88.88888888888889
balmvilleny,balmvilleny,balmville,NY,NY,100.0
debequeco,debequeil,deb eque,CO,IL,66.66666666666666
ridgevilleal,ridgevillesc,ridgeville,AL,SC,100.0
southkensingtonmd,southkensingtonmd,south kensington,MD,MD,100.0
calientenv,calientenv,caliente,NV,NV,100.0
lewistowril,lewistowril,lewistowr,IL,IL,88.88888888888889
edmondsonar,edmondsonok,edmondson,AR,OK,90.5
melvillemo,melvillela,melville,MO,LA,100.0
jacksonvilleoh,jacksonvilleoh,jacksonville,OH,OH,90.5
deerislandor,deerislandin,deer island,OR,IN,90.5
twinlakescnm,twinlakescnm,twin lakesc,NM,NM,90.5
springgroveil,springgroveil,spring grove,IL,IL,100.0
spadlingnw,spadlingme,spadling,NW,ME,66.66666666666666
turkeyreekla,turkeyreekga,turkey  reek,LA,GA,83.33333333333334
annandalemn,annandalemn,annandale,MN,MN,100.0
northshoreca,northshoreva,north shore,CA,VA,100.0
stillwaterok,stillwaterok,stillwater,OK,OK,100.0
otisks,otisma,otis,KS,MA,100.0
sananselmoa,sananselmoca,san anselmo,A,CA,100.0
phoenixor,phoenixor,phoenix,OR,OR,100.0
walnutportpa,walnutportpa,walnutport,PA,PA,100.0
hardinsburgin,hardinsburgky,hardinsburg,IN,KY,100.0
schulterok,schulterne,schulter,OK,NE,87.5
fortcoffeeo,fortcoffeefl,fort coffee,O,FL,72.72727272727273
oldbethpageny,oldbethpageny,old bethpage,NY,NY,100.0
blatimoermd,blatimoermd,blatimoer,MD,MD,77.77777777777779
carrolltonva,carrolltonva,carrollton,VA,VA,100.0
walkervalleyny,walkervalleyla,walker valley,NY,LA,90.5
queensgatepa,queensgateny,queens gate,PA,NY,90.5
ladogain,ladogaia,ladoga,IN,IA,83.33333333333334
sverettsnp,sverettsma,sveretts,NP,MA,85.71428571428571
riverpinesca,riverpinesar,river pines,CA,AR,80.0
veraillesmo,veraillesmo,verailles,MO,MO,90.0
annabellaut,annabellaut,annabella,UT,UT,90.5
hillcresttx,hillcrestil,hillcrest,TX,IL,100.0
ingallsin,ingallsin,ingalls,IN,IN,100.0
orangeac,orangeca,orange,AC,CA,100.0
santaclausni,santaclausin,santa claus,NI,IN,100.0
swinko,swinkmi,swink,O,MI,60.0
valdostaga,valdostaga,valdosta,GA,GA,100.0
sigourneyia,sigourneyia,sigourney,IA,IA,100.0
owendalemi,owendaletn,owendale,MI,TN,77.77777777777779
enosburgfallsvt,enosburgfallsvt,enosburg falls,VT,VT,100.0
millersburgin,millersburgoh,millersburg,IN,OH,100.0
saltilloms,saltilloms,saltillo,MS,MS,100.0
richsquarenc,richsquaremn,rich square,NC,MN,75.0
cedarridgeca,cedarridgeca,ceda rridge,CA,CA,100.0
plevnamo,plevnami,plevna,MO,MI,83.33333333333334
nashvilleoh,nashvillear,nashville,OH,AR,100.0
holyroodks,holyroodmi,holyrood,KS,MI,80.0
orkswa,orkswa,orks,WA,WA,80.0
lafaettemn,lafaetteal,lafaette,MN,AL,88.88888888888889
prettyprairieks,prettyprairieid,pretty prairie,KS,ID,83.33333333333334
lylestn,lylestx,lyles,TN,TX,90.5
craborhcardtn,craborhcardwv,crab orhcard,TN,WV,91.66666666666666
otwellin,otwelltx,otwell,IN,TX,85.71428571428571
baldwinwi,baldwinwi,baldwin,WI,WI,100.0
sequoyahok,sequoyahca,sequoyah,OK,CA,66.66666666666666
lambogliapr,lambogliapr,lamboglia,PR,PR,100.0
unionhill-noveltyhillwa,unionhill-noveltyhillwa,union hill-novelty hill,WA,WA,100.0
pleasanonne,pleasanonca,pleasanon,NE,CA,90.0
beechwoodms,beechwoodms,beechwood,MS,MS,100.0
newportcentervt,newportcentervt,newport center,VT,VT,90.5
velmaok,velmaal,velma,OK,AL,80.0
kemmererwy,kemmererwy,kemmerer,WY,WY,100.0
waynesburgpa,waynesburgpa,waynesburg,PA,PA,100.0
eactharwichma,eactharwichma,eact harwich,MA,MA,91.66666666666666
porlionska,porlionsms,por lions,KA,MS,72.72727272727273
ottawahillsoh,ottawahillsoh,ottawa hills,OH,OH,100.0
fresnooh,fresnoca,fresno,OH,CA,100.0
empirega,empireca,empire,GA,CA,100.0
webstergrovesmob,webstergrovesmo,webster groves,MOB,MO,100.0
sevenvalleyspa,sevenvalleysaz,seven valleys,PA,AZ,90.5
deerfieldks,deerfieldil,deerfield,KS,IL,100.0
quitmanar,quitmanga,quitman,AR,GA,100.0
woodlawnparkky,woodlawnparkil,woodlawn park,KY,IL,90.5
norhpoleak,norhpoleak,norh pole,AK,AK,90.0
pumpbackok,pumpbacktn,pump back,OK,TN,80.0
dormontp,dormontpa,dormont,P,PA,100.0
dodsonitx,dodsonitx,dodsoni,TX,TX,90.5
broughtonil,broughtonma,broughton,IL,MA,77.77777777777779
potwinks,potwinil,potwin,KS,IL,83.33333333333334
harrodoh,harrodca,harrod,OH,CA,85.71428571428571
nixonpa,nixonpa,nixon,PA,PA,100.0
nicomaparkok,nicomaparkok,nicoma park,OK,OK,100.0
uillertonia,uillertonca,uillerton,IA,CA,88.88888888888889
glencoeky,glencoeal,glencoe,KY,AL,100.0
sanluisnm,sanluisaz,san luis,NM,AZ,100.0
northlightplantnm,northlightplantil,north light plant,NM,IL,80.0
sunvalleylakeia,sunvalleylakeaz,sun valley lake,IA,AZ,90.5
warsawil,warsawil,warsaw,IL,IL,100.0
dwightks,dwightil,dwight,KS,IL,100.0
pfllawi,pfllaia,pflla,WI,IA,80.0
palmvalleyfl,palmvalleyfl,palm valley,FL,FL,100.0
mlntaukny,mlntaukny,mlntauk,NY,NY,85.71428571428571
fairviewil,fairviewca,fairview,IL,CA,100.0
pinhurstnc,pinhurstnc,pinhurst,NC,NC,88.88888888888889
winterhavena,winterhavenfl,winterhaven,A,FL,91.66666666666666
springfieldgq,springfieldco,springfield,GQ,CO,100.0
bannerhilltn,bannerhilltn,banner hill,TN,TN,100.0
pennlakeparkpa,pennlakeparknj,penn lake park,PA,NJ,92.85714285714286
rocklandid,rocklandme,rockland,ID,ME,100.0
diablograndeca,diablograndeca,diabl ogrande,CA,CA,83.33333333333334
tuliatx,tuliatx,tulia,TX,TX,100.0
briceprairiewia,briceprairiewi,brice prairie,WIA,WI,100.0
burnsvillewv,burnsvillemn,burnsville,WV,MN,100.0
paynespringstx,paynespringsoh,payne springs,TX,OH,90.5
parklawnca,parklawnaz,parklawn,CA,AZ,80.0
canonmn,canonga,canon,MN,GA,100.0
skidmoretx,skidmoretx,skidmore,TX,TX,62.5
westphaliaia,westphaliamd,westphalia,IA,MD,100.0
dallascityilw,dallascityga,dallas city,ILW,GA,90.5
oakpointtx,oakpointtx,oak point,TX,TX,100.0
maguayorp,maguayoga,maguayo,RP,GA,80.0
luthermi,lutherok,luther,MI,OK,100.0
chambersburgpa,chambersburgpa,chambersburg,PA,PA,100.0
wellsborowpa,wellsborowpa,wellsborow,PA,PA,90.5
danielut,danielut,daniel,UT,UT,100.0
lehighks,lehighne,lehigh,KS,NE,100.0
atkinsar,atkinsar,atkins,AR,AR,100.0
stanwoodwa,stanwoodwa,stanwood,WA,WA,100.0
mendonmi,mendonma,mendon,MI,MA,100.0
edgewoodnm,edgewoodnm,edgewood,NM,NM,100.0
custermt,custersd,custer,MT,SD,100.0
blufordil,blufordnj,bluford,IL,NJ,85.71428571428571
pecostx,pecostx,pecos,TX,TX,100.0
ocheyedania,ocheyedannv,ocheyedan,IA,NV,83.33333333333334
blueridgesummitpa,blueridgesummital,blue ridge summit,PA,AL,90.5
slaughtervilleok,slaughtervilleok,slaughterville,OK,OK,100.0
yorketownnj,yorketownnj,yorketown,NJ,NJ,100.0
farmingtonar,farmingtonar,farmington,AR,AR,100.0
laescondidatx,laescondidaak,la escondida,TX,AK,80.0
arlintgonwa,arlintgonky,arlintgon,WA,KY,90.0
jeffersonvilleoh,jeffersonvilleoh,jeffersonville,OH,OH,100.0
swansaesc,swansaeil,swansae,SC,IL,85.71428571428571
fortdrmny,fortdrmny,fort drm,NY,NY,88.88888888888889
defianceia,defianceoh,defiance,IA,OH,100.0
dortchesc,dortchesal,dortches,C,AL,75.0
hilltoplakestx,hilltoplakestx,hilltop lakes,TX,TX,100.0
woodburycenterct,woodburycenterct,woodbury center,CT,CT,100.0
vanecsc,vanectx,vanec,SC,TX,90.5
pattersonga,pattersonca,patterson,GA,CA,100.0
petroliapa,petroliapa,petrolia,PA,PA,75.0
wiltonmanorsfl,wiltonmanorsfl,wilton manors,FL,FL,100.0
chickasawal,chickasawal,chickasaw,AL,AL,100.0
rosehillsca,rosehillsks,rose hills,CA,KS,90.5
sesseril,sesseril,sesser,IL,IL,100.0
stauntonil,stauntonil,staunton,IL,IL,100.0
marshallbergnc,marshallbergnc,marshallberg,NC,NC,90.5
liselil,lisella,lisel,IL,LA,83.33333333333334
joppaal,joppaaz,joppa,AL,AZ,66.66666666666666
lomalindawesttn,lomalindawestca,loma linda west,TN,CA,90.5
ronkonkomany,ronkonkomany,ronkonkoma,NY,NY,100.0
clevermo,clevermo,clever,MO,MO,100.0
jetmorek,jetmoreks,jetmore,K,KS,100.0
palominasaz,palominasia,palominas,AZ,IA,90.5
kerrickmn,kerrickny,kerrick,MN,NY,85.71428571428571
hyattvillewy,hyattvillemd,hyattville,WY,MD,90.9090909090909
dayvilleor,dayvilleal,dayville,OR,AL,87.5
odeboltia,odeboltca,odebolt,IA,CA,80.0
bethelacresok,bethelacresok,bethel acres,OK,OK,100.0
energyil,energyil,energy,IL,IL,100.0
feeportoh,feeportfl,feeport,OH,FL,87.5
hudsonlakein,hudsonlakein,hudson lake,IN,IN,100.0
gardendaleal,gardendaleal,gardendale,AL,AL,100.0
holdregene,holdregene,holdrege,NE,NE,100.0
menifeear,menifeeca,menifee,AR,CA,100.0
tazewelltn,tazewelltn,tazewell,TN,TN,100.0
selmatx,selmatx,selma,TX,TX,100.0
chambersne,chambersnm,chambers,NE,NM,80.0
waileahi,waileahi,wailea,HI,HI,100.0
louisvillems,louisvillems,louisville,MS,MS,100.0
wobunrma,wobunrma,wobunr,MA,MA,83.33333333333334
sparkmanar,sparkmantx,sparkman,AR,TX,87.5
hazelsd,hazelar,hazel,SD,AR,80.0
wrensga,wrensga,wrens,GA,GA,100.0
gervaisor,gervaisor,gervais,OR,OR,100.0
prospectparknj,prospectparknj,prospect park,NJ,NJ,100.0
huntleymt,huntleyil,huntley,MT,IL,100.0
peconicny,peconicnm,peconic,NY,NM,80.0
rockwellnc,rockwellnc,rockwell,NC,NC,100.0
casacoloradanm,casacoloradatx,casa colorada,NM,TX,80.0
bentonvilleoh,bentonvillear,bentonville,OH,AR,100.0
dotlakevillageak,dotlakevillageca,dot lake village,AK,CA,81.25
galenaak,galenail,galena,AK,IL,100.0
brookfieldmo,brookfieldmo,brookfield,MO,MO,100.0
northlakesnc,northlakesnc,northlakes,NC,NC,100.0
singacnj,singacnj,singac,NJ,NJ,100.0
statelinenv,statelinepa,stateline,NV,PA,90.0
alexandriamo,alexandriaal,alexandria,MO,AL,100.0
weskanqs,weskantx,weskan,QS,TX,75.0
boydt,boydtx,boyd,T,TX,100.0
brownellsk,brownellca,brownell,SK,CA,80.0
humboldtriverranchnv,humboldtriverranchia,humboldt river ranch,NV,IA,90.5
hanscomafbma,hanscomafbhi,hanscom afb,MA,HI,75.0
greneknollnj,greneknollnj,grene knoll,NJ,NJ,90.9090909090909
fruitladmd,fruitladmd,fruitlad,MD,MD,88.88888888888889
jenningsfl,jenningsla,jennings,FL,LA,100.0
midvaleid,midvaleut,midvale,ID,UT,100.0
quarryvillepa,quarryvillepa,quarryville,PA,PA,100.0
northsanpedrotx,northsanpedrony,north san pedro,TX,NY,88.88888888888889
whitelawwi,whitelawwi,whitelaw,WI,WI,77.77777777777779
panhandletx,panhandletx,panhandle,TX,TX,100.0
ledbetterky,ledbetterky,ledbetter,KY,KY,100.0
st.ucievillagefl,st.ucievillageca,st. ucie village,FL,CA,75.0
sunyoswegony,sunyoswegotx,suny oswego,NY,TX,66.66666666666666
parlierca,parlierca,parlier,CA,CA,100.0
philoca,philoil,philo,CA,IL,100.0
tequestafl,tequestafl,tequesta,FL,FL,100.0
belkal,belkca,belk,AL,CA,75.0
lymnvilleia,lymnvillems,lymnville,IA,MS,80.0
orouinoiw,orouinoid,orouino,IW,ID,85.71428571428571
idllsboronc,idllsborode,idllsboro,NC,DE,88.88888888888889
taospueblonm,taospueblonm,taos pueblo,NM,NM,100.0
lowmooria,lowmooril,low moor,IA,IL,75.0
edmontsonmd,edmontsonmd,edmontson,MD,MD,88.88888888888889
millstadtil,millstadtil,millstadt,IL,IL,100.0
wichitafallstx,wichitafallstx,wichita falls,TX,TX,100.0
powersvillmo,powersvillsc,powersvill,MO,SC,83.33333333333334
mayok,mayfl,may,OK,FL,75.0
cocoawestfl,cocoawestfl,cocoa west,FL,FL,100.0
berryhilltn,berryhillal,berry hill,TN,AL,90.5
hedgevsillewv,hedgevsilleky,hedgevsille,WV,KY,90.9090909090909
southsolonoh,southsolonaz,south solon,OH,AZ,83.33333333333334
pikevilletn,pikevilletn,pikeville,TN,TN,100.0
wheelerwi,wheelertx,wheeler,WI,TX,100.0
cottonwodz,cottonwodca,cottonw od,Z,CA,90.5
westpoinil,westpointx,west poin,IL,TX,90.5
casaconejoca,casaconejoca,casa conejo,CA,CA,100.0
crandonwi,crandonwi,crandon,WI,WI,100.0
ajoaz,ajoaz,ajo,AZ,AZ,100.0
badinnc,badinnc,badin,NC,NC,100.0
gibsoniap,gibsoniafl,gibsonia,P,FL,100.0
mcleanne,mcleanva,mclean,NE,VA,100.0
springfieldsc,springfieldco,springfield,SC,CO,100.0
tennatca,tennatfl,tennat,CA,FL,83.33333333333334
lakeangelusmi,lakeangelusak,lake angelus,MI,AK,80.0
chandlerok,chandlerok,chandler,OK,OK,100.0
coonvalleywi,coonvalleyaz,coon valley,WI,AZ,91.66666666666666
southpainfieldnj,southpainfieldnj,south painfield,NJ,NJ,93.75
elmorecityok,elmorecityal,elmore city,OK,AL,90.5
huntingbumgin,huntingbumgin,huntingbumg,IN,IN,90.9090909090909
delislems,delislems,delisle,MS,MS,87.5
riverdaleparkmd,riverdaleparkmd,riverdale park,MD,MD,100.0
buttend,butteak,butte,ND,AK,100.0
greenbacktn,greenbacktn,greenback,TN,TN,100.0
remindervilleoh,remindervilleoh,reminderville,OH,OH,100.0
salisburya,salisburymd,salisbury,A,MD,100.0
town'n'countryfl,town'n'countryfl,town 'n' country,FL,FL,100.0
pepeekeohi,pepeekeohi,pepeekeo,HI,HI,100.0
cccoolemd,cccooleaz,cccoole,MD,AZ,90.5
briceprairieywi,briceprairiewi,brice prairie,YWI,WI,100.0
taylorsilleky,taylorsilleky,taylorsille,KY,KY,91.66666666666666
kenoshawi,kenoshawi,kenosha,WI,WI,100.0
chesterny,chesterny,chester,NY,NY,100.0
hawaiiangardenscb,hawaiiangardensca,hawaiian gardens,CB,CA,100.0
winchesterks,winchesterca,winchester,KS,CA,100.0
stocktonmd,stocktonca,stockton,MD,CA,100.0
imogeneia,imogenesc,imogene,IA,SC,75.0
clevelandfl,clevelandfl,cleveland,FL,FL,100.0
friscocityal,friscocityal,frisco city,AL,AL,100.0
libertyms,libertyms,liberty,MS,MS,100.0
ruhensrtothnv,ruhensrtothva,ruhensrtoth,NV,VA,72.72727272727273
philcampbellal,philcampbellal,phil campbell,AL,AL,100.0
murraysvillenc,murraysvillenc,murraysville,NC,NC,100.0
walcottia,walcottia,walcott,IA,IA,100.0
stockislandfl,stockislandfl,stock island,FL,FL,100.0
buclkeymi,buclkeywa,buclkey,MI,WA,85.71428571428571
wildwoodtn,wildwoodtn,wildwood,TN,TN,100.0
crescentcitgfl,crescentcitgfl,crescent citg,FL,FL,92.3076923076923
kimballtn,kimballtn,kimball,TN,TN,100.0
lahuertafn,lahuertanm,la huerta,FN,NM,100.0
mravinhnc,mravinnc,mravin,HNC,NC,83.33333333333334
woodsidede,woodsideca,woodside,DE,CA,100.0
chestersc,chestersc,chester,SC,SC,100.0
lockesburgd,lockesburgal,lockesburg,D,AL,80.0
northamptonpa,northamptonpa,northampton,PA,PA,100.0
caballonm,caballoil,caballo,NM,IL,90.5
newtownmo,newtownct,newtown,MO,CT,100.0
gladewatertx,gladewatertx,gladewater,TX,TX,100.0
wrightcitymo,wrightcitymo,wright city,MO,MO,100.0
jamestownks,jamestownca,jamestown,KS,CA,100.0
eastmarionny,eastmarionnc,east marion,NY,NC,90.9090909090909
palmonaparkfl,palmonaparkfl,palmona park,FL,FL,100.0
hi-nellanj,hi-nellafl,hi-nella,NJ,FL,75.0
northhartlandtv,northhartlandor,north hartland,TV,OR,92.85714285714286
waynemi,waynemi,wayne,MI,MI,100.0
tomandapa,tomandapa,tomanda,PA,PA,85.71428571428571
washingtondc,washingtonct,washington,DC,CT,100.0
westwoodks,westwoodks,westwood,KS,KS,100.0
keansburgnj,keansburgnj,keansburg,NJ,NJ,100.0
perrytnotx,perrytnofl,perrytno,TX,FL,90.5
townsendde,townsendde,townsend,DE,DE,100.0
monongahelezpa,monongahelepa,monongahele,ZPA,PA,90.9090909090909
mountgretnapa,mountgretnamn,mount gretna,PA,MN,80.0
alamoin,alamoca,alamo,IN,CA,100.0
marionoh,marionoh,marion,OH,OH,100.0
chesterfieldvl,chesterfieldin,chesterfield,VL,IN,100.0
westportsd,westportct,westport,SD,CT,100.0
keewatinmn,keewatinmn,keewatin,MN,MN,100.0
goodlandn,goodlandin,goodland,N,IN,100.0
makotind,makotifl,makoti,ND,FL,75.0
mardelaspringsmd,mardelaspringsin,mardela springs,MD,IN,83.33333333333334
solomonsmd,solomonsmd,solomons,MD,MD,100.0
animasnm,animaspr,animas,NM,PR,100.0
nanawaleestateshi,nanawaleestateshi,nanawale estates,HI,HI,100.0
bleeashoh,bleeashoh,blee ash,OH,OH,100.0
alfredtx,alfredme,alfred,TX,ME,100.0
southworthwa,southworthwa,southworth,WA,WA,100.0
ridgefieldnj,ridgefieldnj,ridgefield,NJ,NJ,100.0
heartbuttemt,heartbuttede,heart butte,MT,DE,75.0
oronogomo,oronogomo,oronogo,MO,MO,100.0
orlindatn,orlindanc,orlinda,TN,NC,85.71428571428571
fletchernc,fletchernc,fletcher,NC,NC,100.0
harborhillsny,harborhillsoh,harbor hills,NY,OH,100.0
mlltownad,mlltownnj,mlltown,AD,NJ,87.5
threeoaksfl,threeoaksfl,three oaks,FL,FL,100.0
littlesturgeonwi,littlesturgeonco,little sturgeon,WI,CO,90.5
ridgewaya,ridgewayak,ridgeway,A,AK,100.0
lalomadefalcontx,lalomadefalcontx,la loma de falcon,TX,TX,85.71428571428571
nnewanga,nnewansc,nnewan,GA,SC,83.33333333333334
goliadtx,goliadtx,goliad,TX,TX,100.0
portgibsonny,portgibsonms,port gibson,NY,MS,100.0
garibaldior,garibaldiin,garibaldi,OR,IN,75.0
longvillemn,longvillela,longville,MN,LA,88.88888888888889
eldordaoks,eldordaoks,el dordao,KS,KS,88.88888888888889
northaugustasc,northaugustasc,north augusta,SC,SC,100.0
mitchellvillemd,mitchellvillemd,mitchellville,MD,MD,100.0
mullicahillnj,mullicahillnj,mullica hill,NJ,NJ,100.0
columbusil,columbusga,columbus,IL,GA,100.0
youngstownny,youngstownny,youngstown,NY,NY,100.0
cleospringsok,cleospringsar,cleo springs,OK,AR,83.33333333333334
paolico,paoliin,paoli,CO,IN,100.0
middletxwnia,middletxwnca,middletxwn,IA,CA,90.0
chinovalleyaz,chinovalleyaz,chino valley,AZ,AZ,100.0
callimontpa,callimontil,callimont,PA,IL,83.33333333333334
plattevilleiw,plattevilleco,platteville,IW,CO,100.0
ripleyms,ripleyms,ripley,MS,MS,100.0
belfordnj,belfordnj,belford,NJ,NJ,100.0
mylond,mylofl,mylo,ND,FL,75.0
centrevilleal,centrevilleal,centreville,AL,AL,100.0
martinezlakez,martinezlakeca,martinez lake,Z,CA,90.5
ironmountainlakemo,ironmountainlakemi,iron mountain lake,MO,MI,90.5
lovtetsvilleva,lovtetsvilleva,lovtetsville,VA,VA,91.66666666666666
honokaashi,honokaashi,honokaas,HI,HI,87.5
monessenpa,monessenpa,monessen,PA,PA,100.0
mainewi,mainewi,maine,WI,WI,100.0
southlhollandil,southlhollandil,southlholland,IL,IL,100.0
prophetstownil,prophetstownil,prophetstown,IL,IL,100.0
crowderok,crowderid,crowder,OK,ID,75.0
drexelheightsaz,drexelheightsaz,drexel heights,AZ,AZ,100.0
royaltonil,royaltonil,royalton,IL,IL,100.0
collinsvilleva,collinsvilleva,collinsville,VA,VA,100.0
wimeror,wimertx,wimer,OR,TX,83.33333333333334
zionok,zionil,zion,OK,IL,100.0
leominsterma,leominsterma,leominster,MA,MA,100.0
pukwanasd,pukwanahi,pukwana,SD,HI,71.42857142857143
parkeid,parkeaz,parke,ID,AZ,83.33333333333334
shipottomnj,shipottomnj,ship ottom,NJ,NJ,90.9090909090909
rockwalltx,rockwalltx,rockwall,TX,TX,100.0
epesl,epesar,epes,L,AR,75.0
woodsborotx,woodsborotx,woodsboro,TX,TX,100.0
lamarne,lamarne,lamar,NE,NE,90.5
lisobnnd,lisobnnd,lisobn,ND,ND,83.33333333333334
lcthopolisoh,lcthopolisoh,lcthopolis,OH,OH,90.0
bellewoodky,bellewoodca,bellewood,KY,CA,90.5
bushtonks,bushtonco,bushton,KS,CO,80.0
rosca,rosca,ros,CA,CA,75.0
sugarcreekpa,sugarcreekpa,sugarcreek,PA,PA,100.0
blueriverwi,blueriveral,blue river,WI,AL,80.0
seliganaz,seliganak,seligan,AZ,AK,75.0
chililinm,chililimn,chilili,NM,MN,87.5
lowgapnc,lowgapsd,lowgap,NC,SD,80.0
woodburyyk,woodburyct,woodbury,YK,CT,100.0
tunnelhillga,tunnelhillga,tunnel hill,GA,GA,83.33333333333334
bradfordwoodspa,bradfordwoodspa,bradford woods,PA,PA,100.0
mathistonms,mathistontx,mathiston,MS,TX,90.5
hembybridgenc,hembybridgenc,hemby bridge,NC,NC,100.0
edmondsoar,edmondsook,edmondso,AR,OK,90.5
fayettevillega,fayettevillega,fayetteville,GA,GA,100.0
farmingtonca,farmingtonar,farmington,CA,AR,100.0
ravyillemo,ravyillemo,ravyille,MO,MO,88.88888888888889
stonybrookuniversityny,stonybrookuniversityny,stony brook university,NY,NY,90.5
crystalbeachny,crystalbeachmn,crystal beach,NY,MN,90.5
chesterar,chesterca,chester,AR,CA,100.0
belzonims,belzonims,belzoni,MS,MS,100.0
cosmopoliswa,cosmopoliswa,cosmopolis,WA,WA,100.0
chielakewi,chielakewi,chie lake,WI,WI,77.77777777777779
amquonilw,amquonal,amquon,ILW,AL,66.66666666666666
turtonsa,turtonmi,turton,SA,MI,100.0
charlestonsc,charlestonsc,charleston,SC,SC,100.0
brendaaz,brendaal,brenda,AZ,AL,80.0
lavalemd,lavalemd,la vale,MD,MD,100.0
maynardvilletn,maynardvilletn,maynardville,TN,TN,100.0
dunlapohp,dunlapil,dunlap,OHP,IL,100.0
simontonlakein,simontonlakein,simonton lake,IN,IN,100.0
toyahtx,toyahwi,toyah,TX,WI,80.0
tatamypa,tatamypa,tatamy,PA,PA,100.0
pelionsc,pelionms,pelion,SC,MS,71.42857142857143
ephratapa,ephratapa,ephrata,PA,PA,100.0
broadwellil,broadwellil,broadwell,IL,IL,80.0
rinconvalleyaz,rinconvalleyga,rincon valley,AZ,GA,90.5
queenstownmd,queenstownny,queenstown,MD,NY,90.5
kirbytwy,kirbyttx,kirbyt,WY,TX,90.5
lowerhillny,lowerhillny,lower hill,NY,NY,90.9090909090909
penningtongapva,penningtongapva,pennington gap,VA,VA,100.0
nevismn,nevismi,nevis,MN,MI,75.0
viennail,viennail,vienna,IL,IL,100.0
northdecaturga,northdecaturga,north decatur,GA,GA,100.0
millheimpa,millheimal,millheim,PA,AL,83.33333333333334
crevecoeuril,crevecoeuril,creve coeur,IL,IL,100.0
loyalhannapa,loyalhannapa,loyalhanna,PA,PA,100.0
colfaxin,colfaxca,colfax,IN,CA,100.0
paolipa,paolipa,paoli,PA,PA,100.0
metalinefallswa,metalinefallsms,metaline falls,WA,MS,80.0
ellistonmt,ellistonks,elliston,MT,KS,90.5
leadhillar,leadhillsd,lead hill,AR,SD,90.5
belfmrdnj,belfmrdnj,belfmrd,NJ,NJ,85.71428571428571
osgoodoh,osgoodin,osgood,OH,IN,100.0
elmercitywa,elmercitynj,elmer city,WA,NJ,90.5
tishomingoms,tishomingook,tishomingo,MS,OK,100.0
hornsbytn,hornsbyal,hornsby,TN,AL,85.71428571428571
rockymountva,rockymountva,rocky mount,VA,VA,100.0
tupeloms,tupeloms,tupelo,MS,MS,100.0
blainga,blainmn,blain,GA,MN,83.33333333333334
albanyga,albanyga,albany,GA,GA,100.0
chasecityva,chasecityva,chase city,VA,VA,100.0
lewisburgtn,lewisburgtn,lewisburg,TN,TN,100.0
doltonil,doltonil,dolton,IL,IL,100.0
meadowgladewa,meadowgladewa,meadow glade,WA,WA,100.0
whitehousetn,whitehousetn,white house,TN,TN,100.0
destrehanla,destrehanla,destrehan,LA,LA,100.0
hibbingmn,hibbingmn,hibbing,MN,MN,100.0
stantnotn,stantnoil,stantno,TN,IL,87.5
livingstonca,livingstonca,livingston,CA,CA,100.0
victorygardensnj,victorygardensnj,victory gardens,NJ,NJ,100.0
rosebudmt,rosebudsd,rosebud,MT,SD,100.0
rowesrunpa,rowesrunmo,rowes run,PA,MO,80.0
smithsstational,smithsstational,smiths station,AL,AL,100.0
leesburgh,leesburgal,leesburg,H,AL,100.0
scottcityks,scottcityks,scott city,KS,KS,100.0
sinkingspringoa,sinkingspringpa,sinking spring,OA,PA,100.0
southworthaw,southworthwa,southworth,AW,WA,100.0
kirtlandhillsoh,kirtlandhillsoh,kirtland hills,OH,OH,90.5
newportcentervt,newportcentervt,newport center,VT,VT,90.5
d'ibervillems,d'ibervillems,d'iberville,MS,MS,100.0
tinleyparkil,tinleyparkil,tinley park,IL,IL,100.0
masonwi,masonmi,mason,WI,MI,100.0
wilberforceoh,wilberforceoh,wilberforce,OH,OH,100.0
midwaqoh,midwaqar,midwaq,OH,AR,83.33333333333334
natchitochesla,natchitochesla,natchitoches,LA,LA,100.0
kiowaok,kiowaco,kiowa,OK,CO,100.0
wrynesvilleil,wrynesvillemo,wrynesville,IL,MO,90.9090909090909
holdenwv,holdenme,holden,WV,ME,100.0
flintmi,flintmi,flint,MI,MI,100.0
thewoodlandstx,thewoodlandstx,the woodlands,TX,TX,100.0
buffalogaptx,buffalogaptx,buffalo gap,TX,TX,90.5
waitehilloh,waitehillar,waite hill,OH,AR,80.0
sringfieldo,sringfieldco,sringfield,O,CO,90.9090909090909
almbogliapr,almbogliapr,almboglia,PR,PR,88.88888888888889
lucanmn,lucanla,lucan,MN,LA,80.0
elwoodne,elwoodne,elwood,NE,NE,100.0
prairieviewks,prairieviewtx,prairie view,KS,TX,100.0
mayvilleny,mayvilleny,mayville,NY,NY,100.0
coldfootak,coldfootca,coldfoot,AK,CA,75.0
mullintx,mullinsc,mullin,TX,SC,85.71428571428571
grandpointla,grandpointla,grand point,LA,LA,100.0
nasellewa,naselleil,naselle,WA,IL,87.5
avingertx,avingertx,avinger,TX,TX,80.0
sanfordal,sanfordfl,sanford,AL,FL,100.0
dunwoodyga,dunwoodyga,dunwoody,GA,GA,100.0
anawaltwv,anawaltil,anawalt,WV,IL,90.5
daltonne,daltonga,dalton,NE,GA,100.0
broadwaynj,broadwaync,broadway,NJ,NC,100.0
rehobethal,rehobethal,rehobeth,AL,AL,100.0
coronitaca,coronitami,coronita,CA,MI,90.5
taylorsvilleky,taylorsvilleky,taylorsville,KY,KY,100.0
capitanejopr,capitanejopr,capitanejo,PR,PR,100.0
gordonvillemo,gordonvilletn,gordonville,MO,TN,91.66666666666666
worthingtonoh,worthingtonoh,worthington,OH,OH,100.0
mcconnellafbks,mcconnellafbks,mcconnell afb,KS,KS,100.0
slocombal,slocombal,slocomb,AL,AL,100.0
porumok,porumca,porum,OK,CA,75.0
charleroipa,charleroipa,charleroi,PA,PA,100.0
rockvilelut,rockvilelct,rockvilel,UT,CT,88.88888888888889
forthillor,forthillid,fort hill,OR,ID,88.88888888888889
willowspringsmo,willowspringsmo,willow springs,MO,MO,100.0
laporteco,laporteco,laporte,CO,CO,100.0
shelleyid,shelleyid,shelley,ID,ID,100.0
bethlehemnc,bethlehemnc,bethlehem,NC,NC,100.0
premonttx,premonttx,premont,TX,TX,100.0
mrganotwnwv,mrganotwnwv,mrganotwn,WV,WV,90.0
ogdenil,ogdenia,ogden,IL,IA,100.0
plaindealingla,plaindealingks,plain dealing,LA,KS,83.33333333333334
savannahtn,savannahtn,savannah,TN,TN,100.0
hollandoh,hollandoh,holland,OH,OH,100.0
junobeachfl,junobeachfl,juno beach,FL,FL,100.0
magnessar,magnessms,magness,AR,MS,80.0
doveroh,doveroh,dover,OH,OH,100.0
evrnonhillsih,evrnonhillsil,evrnon hills,IH,IL,91.66666666666666
yerdinandid,yerdinandak,yerdinand,ID,AK,90.5
bensonmn,bensonmn,benson,MN,MN,100.0
camdentono,camdentonmo,camdenton,O,MO,100.0
anhtostonky,anhtostontx,anhtoston,KY,TX,88.88888888888889
kerenstx,kerenstx,kerens,TX,TX,100.0
chiltontx,chiltonwi,chilton,TX,WI,100.0
sadcarlosiitx,sadcarlosiitx,sad carlos ii,TX,TX,90.0
roanokein,roanokein,roanoke,IN,IN,100.0
harborhillsny,harborhillsoh,harbor hills,NY,OH,100.0
thornebayak,thornebaywi,thorne bay,AK,WI,80.0
cnawsonut,cnawsonmi,cnawson,UT,MI,85.71428571428571
uppersantanvillageaz,uppersantanvillageid,upper santan village,AZ,ID,83.33333333333334
lillyga,lillyaz,lilly,GA,AZ,90.5
greatmeadowsnj,greatmeadowsoh,great meadows,NJ,OH,84.61538461538461
grannisar,grannisca,grannis,AR,CA,83.33333333333334
mattooil,mattooil,mattoo,IL,IL,100.0
readstownwi,readstownil,readstown,WI,IL,90.0
claverack-redmillsny,claverack-redmillsin,claverack-red mills,NY,IN,83.33333333333334
moundciaysd,moundciaymn,mound ciay,SD,MN,90.5
laurelhillnc,laurelhillnc,laurel hill,NC,NC,100.0
perrintx,perrinaz,perrin,TX,AZ,83.33333333333334
wendellmnw,wendellid,wendell,MNW,ID,100.0
schenectadyny,schenectadyny,schenectady,NY,NY,100.0
willowhillil,willowhillak,willow hill,IL,AK,90.5
winoosiktv,winoosikvt,winoosik,TV,VT,87.5
monumentco,monumentco,monument,CO,CO,100.0
winthropharboril,winthropharboril,winthrop harbor,IL,IL,100.0
rutherfordac,rutherfordnj,rutherford,AC,NJ,100.0
trumansburgny,trumansburgny,trumansburg,NY,NY,100.0
nodawayia,nodawaytx,nodaway,IA,TX,85.71428571428571
fordks,fordnj,ford,KS,NJ,80.0
diomedeka,diomedeca,diomede,KA,CA,75.0
tuckahoeva,tuckahoeva,tuckahoe,VA,VA,100.0
lakearrowheadme,lakearrowheadme,lake arrowhead,ME,ME,100.0
bufalopr,bufalopr,bufalo,PR,PR,100.0
tubacaz,tubacaz,tubac,AZ,AZ,100.0
georgianaal,georgianaal,georgiana,AL,AL,100.0
kenansvillenc,kenansvillenc,kenansville,NC,NC,100.0
portroyalva,portroyalsc,port royal,VA,SC,100.0
swanseail,swanseail,swansea,IL,IL,100.0
emntastalakeak,emntastalakepa,emntasta lake,AK,PA,87.5
paqtgonc,paqtgotx,paqtgo,NC,TX,71.42857142857143
pemborkeky,pemborkega,pemborke,KY,GA,87.5
depoebayor,depoebayor,depoe bay,OR,OR,100.0
milfordtx,milfordct,milford,TX,CT,100.0
edistobeachc,edistobeachsc,edisto beach,C,SC,90.5
wataugatx,wataugatx,watauga,TX,TX,100.0
simpsona,simpsonpa,simpson,A,PA,100.0
centuryfl,centuryfl,century,FL,FL,100.0
warwickok,warwickny,warwick,OK,NY,100.0
hndsboroil,hndsboroil,hndsboro,IL,IL,71.42857142857143
foutainco,foutainco,fo utain,CO,CO,75.0
severanceco,severanceco,severance,CO,CO,100.0
assumptionil,assumptionil,assumption,IL,IL,100.0
villardmn,villardaz,villard,MN,AZ,90.5
champaignil,champaignil,champaign,IL,IL,100.0
princetonmeadowsnj,princetonmeadowsnj,princeton meadows,NJ,NJ,100.0
wallingfordecnterct,wallingfordecnterct,wallingford ecnter,CT,CT,94.44444444444444
kykotsmovivillageaz,kykotsmovivillagemn,kykotsmovi village,AZ,MN,75.0
paradisehlilok,paradisehlilca,paradise hlil,OK,CA,90.5
wellingtonks,wellingtonks,wellington,KS,KS,100.0
grndbayal,grndbayal,grnd bay,AL,AL,88.88888888888889
palmvalleyfl,palmvalleyfl,palm valley,FL,FL,100.0
nicolausca,nicolausok,nicolaus,CA,OK,80.0
poncedeleonfl,poncedeleonpr,ponce de leon,FL,PR,90.5
evadaetx,evadaetx,evadae,TX,TX,85.71428571428571
hickoryhillky,hickoryhillil,hickory hill,KY,IL,92.3076923076923
osceolawi,osceolawi,osceola,WI,WI,100.0
oakvillewa,oakvillect,oakville,WA,CT,100.0
riverbottymok,riverbottymar,river bottym,OK,AR,80.0
malverneyn,malverneny,malverne,YN,NY,100.0
eastwhittierca,eastwhittierga,east whittier,CA,GA,80.0
universityparkfl,universityparkfl,university park,FL,FL,100.0
leonardnd,leonardtx,leonard,ND,TX,100.0
medfordlakesnj,medfordlakesnj,medford lakes,NJ,NJ,100.0
palointotx,palointoia,palo into,TX,IA,90.5
heilnd,heilut,heil,ND,UT,75.0
lakestevenswa,lakestevenswa,lake stevens,WA,WA,100.0
ellerbenc,ellerbenc,ellerbe,NC,NC,100.0
romeia,romega,rome,IA,GA,100.0
northcatasauquapa,northcatasauquapa,north catasauqua,PA,PA,100.0
nashnd,nashtx,nash,ND,TX,100.0
robetrsdaleal,robetrsdaleal,robetrsdale,AL,AL,90.9090909090909
sevenmilefordva,sevenmilefordmd,seven milef ord,VA,MD,83.33333333333334
elzabethnj,elzabethnj,elzabeth,NJ,NJ,88.88888888888889
slingerwi,slingerwi,slinger,WI,WI,100.0
suffielddepotct,suffielddepotct,suffield depot,CT,CT,100.0
chtahamla,chtahamil,chtaham,LA,IL,100.0
mcclenneytractca,mcclenneytractfl,mcclenney tract,CA,FL,88.88888888888889
slovanpa,slovannc,slovan,PA,NC,80.0
mcrobertsky,mcrobertsfl,mcroberts,KY,FL,80.0
rosellenj,rosellenj,roselle,NJ,NJ,100.0
mapleridgeoh,mapleridgear,maple ridge,OH,AR,75.0
clintonvillewi,clintonvillewi,clintonville,WI,WI,100.0
sayprookil,sayprookpa,sayprook,IL,PA,77.77777777777779
smithville-sandersin,smithville-sandersin,smithville-sanders,IN,IN,100.0
mineralspringsnc,mineralspringsnc,mineral springs,NC,NC,100.0
lakevillein,lakevillemn,lakeville,IN,MN,100.0
orchardhomesmt,orchardhomesmt,orchard homes,MT,MT,100.0
clinchportka,clinchporttx,clinchport,KA,TX,80.0
bepreho,bepreoh,bepre,HO,OH,83.33333333333334
tarbronc,tarbronc,tarbro,NC,NC,85.71428571428571
smithvilleflatsny,smithvilleflatsmo,smithville flats,NY,MO,90.5
idala,idail,ida,LA,IL,66.66666666666666
northnewhydeparkny,northnewhydeparkny,north new hyde park,NY,NY,100.0
brightonia,brightonal,brighton,IA,AL,100.0
ellwoodcityp,ellwoodcitypa,ellwood city,P,PA,100.0
westhollywoodca,westhollywoodca,west hollywood,CA,CA,100.0
corydonky,corydonin,corydon,KY,IN,100.0
cliftonsc,cliftonaz,clifton,SC,AZ,100.0
northballstonspan,northballstonspany,north ballston spa,N,NY,100.0
pembrokega,pembrokega,pembroke,GA,GA,100.0
mountsterlingia,mountsterlingil,mount sterling,IA,IL,100.0
pringlesd,pringletx,pringle,SD,TX,83.33333333333334
atkinva,atkinva,atkin,VA,VA,83.33333333333334
paxtoniahpa,paxtoniapa,paxtonia,HPA,PA,100.0
northplainsor,northplainsor,north plains,OR,OR,100.0
st.regisfallsny,st.regisfallsny,st. regis falls,NY,NY,70.58823529411765
springfieldsd,springfieldsd,springfield,SD,SD,100.0
kingstonnj,kingstonnj,kingston,NJ,NJ,100.0
southdennisma,southdennisma,south dennis,MA,MA,100.0
fremontca,fremontca,fremont,CA,CA,100.0
glenhopepa,glenhopeny,glen hope,PA,NY,77.77777777777779
sunburypa,sunburypa,sunbury,PA,PA,100.0
medfordok,medfordok,medford,OK,OK,100.0
morsela,morseok,morse,LA,OK,80.0
westbountifulut,westbountifulut,west bountiful,UT,UT,100.0
poipuhi,poipuhi,poipu,HI,HI,66.66666666666666
uhlandtx,uhlandtx,uhland,TX,TX,100.0
barnshallok,barnshallok,barnshall,OK,OK,88.88888888888889
southst.paulmn,southst.paulmn,south st. paul,MN,MN,81.25
voltairend,voltaireny,voltaire,ND,NY,80.0
horsepastureva,horsepastureva,horse pasture,VA,VA,100.0
canbyca,canbymn,canby,CA,MN,100.0
lemongroveca,lemongroveca,lemon grove,CA,CA,100.0
chillicothetx,chillicotheil,chillicothe,TX,IL,100.0
mondovii,mondoviwi,mondovi,I,WI,100.0
bordelonvileila,bordelonvilepr,bordelonvile,ILA,PR,75.0
lakewalesfl,lakewalesfl,lake wales,FL,FL,100.0
austinpa,austinar,austin,PA,AR,100.0
clermontmo,clermontfl,clermont,MO,FL,100.0
pelicanbayf,pelicanbayfl,pelican bay,F,FL,100.0
cornellil,cornellwi,cornell,IL,WI,100.0
crandlaltx,crandlaltx,crandlal,TX,TX,87.5
edenwi,edenny,eden,WI,NY,100.0
twinlakemi,twinlakemi,twin lake,MI,MI,100.0
galionoh,galionoh,galion,OH,OH,100.0
montereytn,montereytn,monterey,TN,TN,100.0
maryestherfl,maryestherfl,mary esther,FL,FL,100.0
ozawkieks,ozawkieal,ozawkie,KS,AL,80.0
sandiegoca,sandiegoca,san diego,CA,CA,100.0
fawngrovema,fawngrovemo,fawn grove,MA,MO,80.0
littlechutewi,littlechutewi,little chute,WI,WI,100.0
mullintx,mullinsc,mullin,TX,SC,85.71428571428571
vidortx,vidortx,vidor,TX,TX,100.0
santarosavalleyca,santarosavalleyca,santa rosa valley,CA,CA,90.5
upsalamn,upsalaaz,upsala,MN,AZ,71.42857142857143
peachlakey,peachlakeny,peach lake,Y,NY,100.0
fredoniapa,fredoniaaz,fredonia,PA,AZ,100.0
scottafbil,scottafbla,scott afb,IL,LA,90.5
harringtonde,harringtonde,harrington,DE,DE,100.0
westsidecai,westsidetx,westside,CAI,TX,90.5
ravinepy,ravineca,ravine,PY,CA,83.33333333333334
bentonmo,bentonmo,benton,MO,MO,100.0
conleyga,conleyga,conley,GA,GA,100.0
sancastlefl,sancastleil,san castle,FL,IL,83.33333333333334
neesessc,neesesak,neeses,SC,AK,100.0
lakequiviraks,lakequiviraak,lake quivira,KS,AK,80.0
murillotx,murillotx,murillo,TX,TX,85.71428571428571
kingvalecak,kingvalenc,kingvale,CAK,NC,90.5
treynoria,treynoral,treynor,IA,AL,75.0
berwynil,berwynil,berwyn,IL,IL,100.0
wshtucnawa,wshtucnatx,wshtucna,WA,TX,75.0
orwelloh,orwelloh,orwell,OH,OH,100.0
mildredwtx,mildredct,mildred,WTX,CT,85.71428571428571
galesfrryct,galesfrryct,gales frry,CT,CT,90.9090909090909
stanleynd,stanleynd,stanley,ND,ND,100.0
batesvilletx,batesvilletx,batesville,TX,TX,100.0
chickennak,chickenca,chicken,NAK,CA,80.0
mountcarmeluh,mountcarmelil,mount carmel,UH,IL,100.0
montevistaco,montevistaco,monte vista,CO,CO,100.0
surrisene,surrisetx,surr ise,NE,TX,90.5
ransomil,ransomca,ransom,IL,CA,83.33333333333334
northbarringtonil,northbarringtonil,north barrington,IL,IL,100.0
boguechittoms,boguechittola,bogue chitto,MS,LA,66.66666666666666
yukonok,yukonok,yukon,OK,OK,100.0
butlerky,butleral,butler,KY,AL,100.0
pineappleal,pineappleaz,pine apple,AL,AZ,90.5
russellvillein,russellvillein,russellville,IN,IN,91.66666666666666
lderaheightsca,lderaheightsca,ldera heights,CA,CA,92.85714285714286
mcintoshnm,mcintoshnm,mcintosh,NM,NM,100.0
prairiecityor,prairiecityia,prairiec ity,OR,IA,91.66666666666666
masonia,masonmi,mason,IA,MI,100.0
renonv,renonv,reno,NV,NV,100.0
stansberrylakewa,stansberrylakeca,stansberry lake,WA,CA,80.0
dovernc,doverar,dover,NC,AR,100.0
drummondwi,drummondnc,drummond,WI,NC,87.5
iaegernv,iaegerak,iaeger,NV,AK,83.33333333333334
fallschurcva,fallschurcva,falls churc,VA,VA,91.66666666666666
californiapa,californiapa,california,PA,PA,100.0
floridao,floridany,florida,O,NY,100.0
watsonmo,watsonla,watson,MO,LA,100.0
toptonpa,toptonpa,topton,PA,PA,100.0
foxak,foxpa,fox,AK,PA,60.0
westmontca,westmontca,westmont,CA,CA,100.0
deeringnd,deeringnh,deering,ND,NH,100.0
walnutca,walnutca,walnut,CA,CA,100.0
belviderenj,belviderenj,belvidere,NJ,NJ,100.0
blackshearga,blackshearga,blackshear,GA,GA,100.0
judawi,judatx,juda,WI,TX,75.0
toveyil,toveyks,tovey,IL,KS,75.0
kentacresde,kentacresde,kent acres,DE,DE,100.0
chesterne,chesterca,chester,NE,CA,100.0
cottagegrovetn,cottagegrovemn,cottage grove,TN,MN,100.0
kakaz,kakams,kaka,Z,MS,100.0
clintonvillepa,clintonvillewi,clintonville,PA,WI,100.0
kimberlywv,kimberlyal,kimberly,WV,AL,100.0
shelbync,shelbync,shelby,NC,NC,100.0
lamesatx,lamesatx,lamesa,TX,TX,100.0
wapelloia,wapelloia,wapello,IA,IA,100.0
moapatownnv,moapatownnv,moapa town,NV,NV,100.0
trentonga,trentonga,trenton,GA,GA,100.0
norwichoh,norwichct,norwich,OH,CT,100.0
oldjeffersonla,oldjeffersonla,old jefferson,LA,LA,100.0
conwayia,conwayar,conway,IA,AR,100.0
maunawilihi,maunawilihi,maunawili,HI,HI,100.0
melbournefl,melbournefl,melbourne,FL,FL,100.0
wagonerok,wagonerok,wagoner,OK,OK,100.0
plainveiwny,plainveiwnc,plainveiw,NY,NC,90.0
heidelbergms,heidelbergpa,heidelberg,MS,PA,100.0
plumsteadvillepa,plumsteadvillepa,plumsteadville,PA,PA,100.0
pineknollshoresnc,pineknollshoresnc,pine knoll shores,NC,NC,100.0
huntlandtn,huntlandky,huntland,TN,KY,87.5
iretonka,iretonwa,ireton,KA,WA,83.33333333333334
foyilok,foyilor,foyil,OK,OR,66.66666666666666
lakeviewdmi,lakeviewca,lakeview,DMI,CA,100.0
centerpointin,centerpointal,center point,IN,AL,100.0
raniermn,ranieror,ranier,MN,OR,85.71428571428571
standardcityvl,standardcityca,standard city,VL,CA,87.5
stonybrookyn,stonybrookny,stony brook,YN,NY,100.0
rmeny,rmeny,rme,NY,NY,75.0
mapletonil,mapletonia,mapleton,IL,IA,100.0
olivettn,olivettn,olivet,TN,TN,100.0
emeraldbaytx,emeraldbayca,emerald bay,TX,CA,85.71428571428571
goldonnala,goldonnaak,goldonna,LA,AK,87.5
albionia,albionil,albion,IA,IL,100.0
albakx,albaal,alba,KX,AL,100.0
bethanyild,bethanyil,bethany,ILD,IL,100.0
pawneeil,pawneeil,pawnee,IL,IL,100.0
lillyga,lillyaz,lilly,GA,AZ,90.5
sombrillom,sombrilloma,sombrillo,M,MA,70.0
trezevanttn,trezevantco,trezevant,TN,CO,83.33333333333334
lqmaymo,lqmaymo,lqmay,MO,MO,80.0
zurichks,zurichtx,zurich,KS,TX,60.0
newhamptonia,newhamptonia,new hampton,IA,IA,100.0
lovelandoh,lovelandoh,loveland,OH,OH,100.0
hartrandtwy,hartrandtmi,hartrandt,WY,MI,90.5
sprignfieldmo,sprignfieldmo,sprignfield,MO,MO,90.9090909090909
polkvillems,polkvillect,polkville,MS,CT,88.88888888888889
klamathca,klamathwa,klamath,CA,WA,83.33333333333334
winchesterbayor,winchesterbayca,winchester bay,OR,CA,90.5
kamiahid,kamiahid,kamiah,ID,ID,100.0
westmilfordwv,westmilfordnj,west milford,WV,NJ,100.0
williamsburgnm,williamsburgfl,williamsburg,NM,FL,100.0
newtonga,newtonga,newton,GA,GA,100.0
beaverdamy,beaverdamaz,beaver dam,Y,AZ,100.0
gardenridget,gardenridgetx,garden ridge,T,TX,100.0
westcreekco,westcreektx,westcreek,CO,TX,90.5
southgiffordmo,southgiffordme,south gifford,MO,ME,84.61538461538461
harcourtia,harcourtfl,harcourt,IA,FL,80.0
bannockburnil,bannockburnil,bannockburn,IL,IL,100.0
saukvillewi,saukvillewi,saukville,WI,WI,100.0
marlboroughma,marlboroughma,marlborough,MA,MA,100.0
duggerin,duggerak,dugger,IN,AK,83.33333333333334
punxsutawneypa,punxsutawneypa,punxsutawney,PA,PA,100.0
littlecreekde,littlecreekmi,little creek,DE,MI,91.66666666666666
pottawattamieparkin,pottawattamieparktx,pottawattamie park,IN,TX,90.5
rivergroveil,rivergroveil,river grove,IL,IL,100.0
orofinod,orofinoid,orofino,D,ID,100.0
edinboroap,edinboropa,edinboro,AP,PA,100.0
camagritotx,camagritoca,camagrito,TX,CA,80.0
barkerheightsnc,barkerheightsnc,barker heights,NC,NC,100.0
watervalleyky,watervalleyms,water valley,KY,MS,100.0
eggharborcitynj,eggharborcitynj,egg harbor city,NJ,NJ,100.0
cordeslakesaz,cordeslakesaz,cordes lakes,AZ,AZ,100.0
glennvillega,glennvillega,glennville,GA,GA,100.0
northsarasotafl,northsarasotafl,north sarasota,FL,FL,100.0
oceanpinesmv,oceanpinesmd,ocean pines,MV,MD,100.0
gentryar,gentryar,gentry,AR,AR,100.0
carteretnj,carteretnj,carteret,NJ,NJ,100.0
cudjoekeyfl,cudjoekeyfl,cudjoe key,FL,FL,100.0
santaynezca,santaynezca,santa ynez,CA,CA,100.0
selawikak,selawikal,selawik,AK,AL,80.0
queencreekaz,queencreekaz,queen creek,AZ,AZ,100.0
seminoleok,seminoleok,seminole,OK,OK,100.0
canuteiok,canuteks,canute,IOK,KS,85.71428571428571
centraliaia,centraliail,centralia,IA,IL,100.0
potlatchid,potlatchks,potlatch,ID,KS,80.0
westorangetx,westorangetx,west orange,TX,TX,100.0
cabazonyca,cabazonca,cabazon,YCA,CA,100.0
murhpysc,murhpysca,murhpys,C,CA,85.71428571428571
oaklandpa,oaklandpa,oakland,PA,PA,100.0
farnamne,farnamnd,farnam,NE,ND,83.33333333333334
monroviaca,monroviaca,monrovia,CA,CA,100.0
endewllny,endewllny,endewll,NY,NY,85.71428571428571
templetx,templetx,temple,TX,TX,100.0
lockneytx,lockneytx,lockney,TX,TX,100.0
cassodyks,cassodyca,cassody,KS,CA,83.33333333333334
southlinevilleamo,southlinevilleil,south lineville,AMO,IL,81.81818181818183
luism.cintronpr,luism.cintronpr,luis m. cintron,PR,PR,100.0
orchardswa,orchardswa,orchards,WA,WA,100.0
antonchiconm,antonchiconm,anton chico,NM,NM,90.5
austinar,austinar,austin,AR,AR,100.0
rossoh,rossoh,ross,OH,OH,100.0
yorktownin,yorktownin,yorktown,IN,IN,100.0
fredericksburgpa,fredericksburgpa,fredericksburg,PA,PA,100.0
hernandof,hernandofl,hernando,F,FL,100.0
wataugatx,wataugatx,watauga,TX,TX,100.0
wheatonmo,wheatonil,wheaton,MO,IL,100.0
folwingspringsaz,folwingspringsnc,folwing springs,AZ,NC,86.66666666666667
raoulga,raoulga,raoul,GA,GA,100.0
daingerfieldt,daingerfieldtx,daingerfield,T,TX,100.0
roysecitymtx,roysecitymtx,royse citym,TX,TX,90.5
monturafl,monturaca,montura,FL,CA,85.71428571428571
carbonadowa,carbonadowa,carbonado,WA,WA,83.33333333333334
sagharborny,sagharborny,sag harbor,NY,NY,100.0
fortchiswellva,fortchiswellky,fort chiswell,VA,KY,76.92307692307693
indianshoresfl,indianshoresfl,indian shores,FL,FL,100.0
holbrookny,holbrookny,holbrook,NY,NY,100.0
pecktonvillemd,pecktonvilleal,pecktonville,MD,AL,75.0
tablerocka,tablerockco,table rock,A,CO,81.81818181818183
fortoglethorpegar,fortoglethorpega,fort oglethorpe,GAR,GA,100.0
mustangtx,mustangok,mustang,TX,OK,100.0
tanacrossak,tanacrossme,tanacross,AK,ME,90.5
eldoradohillsca,eldoradohillsca,el dorado hills,CA,CA,100.0
phenixcityal,phenixcityal,phenix city,AL,AL,100.0
usffielddepotct,usffielddepotct,usffield depot,CT,CT,92.85714285714286
ashlnadks,ashlnadks,ashlnad,KS,KS,85.71428571428571
southjoroanut,southjoroanut,south joroan,UT,UT,91.66666666666666
eastbernstadtky,eastbernstadtpa,east bernstadt,KY,PA,81.81818181818183
woburnma,woburnma,woburn,MA,MA,100.0
lakelandsouthwa,lakelandsouthwa,lakeland south,WA,WA,100.0
grangermo,grangerin,granger,MO,IN,100.0
dewittmo,dewittar,de witt,MO,AR,100.0
pantopsva,pantopsva,pantops,VA,VA,100.0
rockyboywestmt,rockyboywesttn,rocky boy west,MT,TN,77.77777777777779
fessendennd,fessendennd,fessenden,ND,ND,100.0
emadco,emadco,emad,CO,CO,75.0
quimbysia,quimbyca,quimby,SIA,CA,66.66666666666666
florencedin,florencedal,florenced,IN,AL,90.5
daltonwi,daltonga,dalton,WI,GA,100.0
bellmeadtx,bellmeadtx,bellmead,TX,TX,100.0
westbenia,westbentx,west ben,IA,TX,90.5
athensoh,athensoh,athens,OH,OH,100.0
terrytownla,terrytownla,terrytown,LA,LA,100.0
elmwoodparknj,elmwoodparknj,elmwood park,NJ,NJ,100.0
bourbonnaisil,bourbonnaisil,bourbonnais,IL,IL,100.0
sabinmn,sabinoh,sabin,MN,OH,83.33333333333334
ridgewoodheightsfl,ridgewoodheightsfl,ridge wood heights,FL,FL,100.0
solonia,solonia,solon,IA,IA,100.0
husliaak,husliaid,huslia,AK,ID,75.0
albanymn,albanymn,albany,MN,MN,100.0
powhattanks,powhattantx,powhattan,KS,TX,75.0
lindencu,lindenal,linden,CU,AL,100.0
wahnetafl,wahnetafl,wahneta,FL,FL,100.0
quincyfl,quincyfl,quincy,FL,FL,100.0
laughlinnv,laughlinnv,laughlin,NV,NV,100.0
cornishok,cornishme,cornish,OK,ME,100.0
bloomsburynj,bloomsburypa,bloomsbury,NJ,PA,90.0
cantonsd,cantonsd,canton,SD,SD,100.0
fredericksburgva,fredericksburgva,fredericksburg,VA,VA,100.0
lakemaryronanmt,lakemaryronanfl,lake mary ronan,MT,FL,90.5
perkinsok,perkinsok,perkins,OK,OK,100.0
volcanohi,volcanohi,volcano,HI,HI,100.0
cralvilleia,cralvilleia,cralville,IA,IA,90.0
reddellla,reddellme,reddell,LA,ME,100.0
bouseaz,bouseid,bouse,AZ,ID,80.0
hardya,hardyar,hardy,A,AR,75.0
wavelandms,wavelandms,waveland,MS,MS,100.0
suttonsbaymi,suttonsbayla,suttons bay,MI,LA,90.5
cheverlymd,cheverlymd,cheverly,MD,MD,100.0
bentleyil,bentleyil,bentley,IL,IL,85.71428571428571
paradisetx,paradiseca,paradise,TX,CA,100.0
columbusil,columbusga,columbus,IL,GA,100.0
owensburgin,owensburgin,owensburg,IN,IN,80.0
kimballtn,kimballtn,kimball,TN,TN,100.0
meadvillems,meadvillems,meadville,MS,MS,100.0
pontotocs,pontotocms,pontotoc,S,MS,100.0
huntsvilleoh,huntsvilleal,huntsville,OH,AL,100.0
rockspringswi,rockspringstx,rocksprings,WI,TX,100.0
robstawntx,robstawntx,robstawn,TX,TX,87.5
cambridgeid,cambridgeil,cambridge,ID,IL,100.0
fairmountga,fairmountin,fairmount,GA,IN,100.0
lockingtonoh,lockingtonca,lockington,OH,CA,85.71428571428571
pacificjunctionia,pacificjunctionmo,pacific junction,IA,MO,90.5
bridgecityla,bridgecityla,bridge city,LA,LA,100.0
millerscreeknc,millerscreeknc,millers creek,NC,NC,100.0
springbrookia,springbrookoh,springbrook,IA,OH,90.5
killeentxm,killeentx,killeen,TXM,TX,100.0
clevelandga,clevelandga,cleveland,GA,GA,100.0
keedysvillemd,keedysvillemd,keedysville,MD,MD,100.0
dorringtonca,dorringtonct,dorrington,CA,CT,90.0
carbondaelil,carbondaelil,carbondael,IL,IL,90.0
knollwoodtx,knollwoodil,knollwood,TX,IL,100.0
copiagueny,copiagueny,copiague,NY,NY,100.0
eldersburgmd,eldersburgmd,eldersburg,MD,MD,100.0
oclumbiamo,oclumbiamo,oclumbia,MO,MO,87.5
elcenizotx,elcenizotx,el cenizo,TX,TX,100.0
dospalosca,dospalosca,dos palos,CA,CA,100.0
pepeekeohi,pepeekeohi,pepeekeo,HI,HI,100.0
southsangabrielca,southsangabrielca,south san gabriel,CA,CA,100.0
nashvilleil,nashvilleil,nashville,IL,IL,100.0
devillela,devillela,deville,LA,LA,100.0
makotind,makotifl,makoti,ND,FL,75.0
perrymanmd,perrymanmd,perryman,MD,MD,100.0
yelmwa,yelmwa,yelm,WA,WA,100.0
crystallawnsil,crystallawnsil,crystal lawns,IL,IL,100.0
richmondva,richmondva,richmond,VA,VA,100.0
wheatleyar,wheatleyfl,wheatley,AR,FL,71.42857142857143
suitlandmd,suitlandmd,suitland,MD,MD,100.0
sanacacianm,sanacacianj,san acacia,NM,NJ,83.33333333333334
stratfordd,stratfordca,stratford,D,CA,100.0
andoversd,andoverfl,andover,SD,FL,100.0
scarvlleia,scarvlleny,scarvlle,IA,NY,77.77777777777779
boykinga,boykintx,boykin,GA,TX,75.0
gravoismillsmo,gravoismillsor,gravois mills,MO,OR,85.71428571428571
goldendalewa,goldendalewa,goldendale,WA,WA,100.0
whitehorsenj,whitehorsenj,white horse,NJ,NJ,100.0
newpraguemn,newpraguemn,new prague,MN,MN,100.0
griffithin,griffithin,griffith,IN,IN,100.0
bowmansc,bowmannd,bowman,SC,ND,100.0
lesteral,lesternj,lester,AL,NJ,85.71428571428571
ardmoretn,ardmoretn,ardmore,TN,TN,100.0
shamrocklakesin,shamrocklakestx,shamrock lakes,IN,TX,90.5
woodburnor,woodburnor,woodburn,OR,OR,100.0
torypa,torypa,tory,PA,PA,75.0
battlecreekmi,battlecreekmi,battle creek,MI,MI,100.0
ocoomowocwi,ocoomowocaz,ocoomowoc,WI,AZ,90.5
hmletne,hmletnc,hmlet,NE,NC,83.33333333333334
bentonia,bentonar,benton,IA,AR,100.0
huntingtonsttionny,huntingtonsttionny,huntington sttion,NY,NY,94.44444444444444
blountvilletn,blountvilletn,blountville,TN,TN,100.0
lagroin,lagrofl,lagro,IN,FL,80.0
ahrmonil,ahrmonma,ahrmon,IL,MA,83.33333333333334
alineok,alineca,aline,OK,CA,83.33333333333334
shellvalleynd,shellvalleynd,shell valley,ND,ND,100.0
kempsmillmd,kempsmilltx,kemps mill,MD,TX,90.5
menaar,menaar,mena,AR,AR,100.0
rutherfordtn,rutherfordtn,rutherford,TN,TN,100.0
robbisntn,robbisnil,robbisn,TN,IL,85.71428571428571
beltonsc,beltonsc,belton,SC,SC,100.0
reformal,reformal,reform,AL,AL,100.0
lajoyatx,lajoyatx,la joya,TX,TX,100.0
delawreoh,delawreoh,delawre,OH,OH,87.5
clintonil,clintonil,clinton,IL,IL,100.0
genolamn,genolaut,genola,MN,UT,100.0
emporiumpa,emporiumpa,emporium,PA,PA,100.0
fordlandjo,fordlandct,fordland,JO,CT,87.5
sumerhavenaz,sumerhavenil,sumerhaven,AZ,IL,83.33333333333334
castinoho,castinme,castin,OHO,ME,85.71428571428571
wautomawia,wautomawi,wautoma,WIA,WI,100.0
montereyla,montereyca,monterey,LA,CA,100.0
hartfordwi,hartfordwi,hartford,WI,WI,100.0
seasideheightsn,seasideheightsnj,seaside heights,N,NJ,100.0
eastportme,eastportme,eastport,ME,ME,100.0
greenvaleny,greenvaleny,greenvale,NY,NY,100.0
edonoh,edonmo,edon,OH,MO,80.0
janelewwv,janelewla,jane lew,WV,LA,75.0
neworleansla,neworleansla,new orleans,LA,LA,100.0
springmillky,springmillfl,spring mill,KY,FL,90.9090909090909
nuterfortwv,nuterfortwv,nuter fort,WV,WV,90.9090909090909
myrtlenm,myrtletx,myrtle,NM,TX,75.0
troyal,troyal,troy,AL,AL,100.0
skylinemn,skylinefl,skyline,MN,FL,66.66666666666666
pennsgrovenj,pennsgrovenj,penns grove,NJ,NJ,100.0
collinwoodtn,collinwoodoh,collinwood,TN,OH,100.0
sentinelbuttend,sentinelbuttefl,sentinel butte,ND,FL,90.5
glencivemt,glencivemt,glencive,MT,MT,87.5
pattresonga,pattresonca,pattreson,GA,CA,88.88888888888889
mcadetx,mcadega,mcade,TX,GA,80.0
glenechod,glenechoal,glen echo,D,AL,71.42857142857143
millercityoh,millercitysd,miller city,OH,SD,90.5
lindonut,lindonut,lindon,UT,UT,100.0
westvillefl,westvilleil,westville,FL,IL,100.0
naguabopr,naguabopr,naguabo,PR,PR,100.0
emmetars,emmetca,emmet,ARS,CA,100.0
birnamwoodwi,birnamwoodil,birnamwood,WI,IL,71.42857142857143
univervitymc,univervityfl,univervity,MC,FL,90.0
beevilletx,beevilletx,beeville,TX,TX,100.0
riohondotx,riohondotx,rio hondo,TX,TX,100.0
highlandoh,highlandar,highland,OH,AR,100.0
ferdinandid,ferdinandin,ferdinand,ID,IN,100.0
armingtonil,armingtonil,armington,IL,IL,90.0
riversidemo,riversidemo,riverside,MO,MO,100.0
vadnaisheightsmv,vadnaisheightsmn,vadnais heights,MV,MN,100.0
evansmillsny,evansmillsco,evans mills,NY,CO,90.5
poleojeapr,poleojeapr,pole ojea,PR,PR,100.0
westcarthageny,westcarthageny,west carthage,NY,NY,100.0
selahaa,selahwa,selah,AA,WA,100.0
tintonfallsnj,tintonfallsnj,tinton falls,NJ,NJ,100.0
campobellosc,campobelloca,campobello,SC,CA,90.5
powhatanla,powhatanmo,powhatan,LA,MO,75.0
shongopoviaz,shongopovinj,shongopovi,AZ,NJ,75.0
mocksvillenc,mocksvillenc,mocksville,NC,NC,100.0
granitevilleca,granitevilleny,graniteville,CA,NY,100.0
langisburgpa,langisburgmi,langisburg,PA,MI,90.0
gumspringsar,gumspringsar,gum springs,AR,AR,81.81818181818183
charlottehallmd,charlottehallmd,charlotte hall,MD,MD,100.0
dilleytx,dilleytx,dilley,TX,TX,100.0
mountauburnin,mountauburnmn,mount auburn,IN,MN,80.0
westhamptonbeachny,westhamptonbeachny,westhampton beach,NY,NY,100.0
macedoniail,macedoniaoh,macedonia,IL,OH,100.0
mchenrynd,mchenryil,mchenry,ND,IL,100.0
joobspr,joobsaz,joobs,PR,AZ,90.5
jacksonburgoh,jacksonburgoh,jacksonburg,OH,OH,90.5
wocottvillen,wocottvillein,wocottville,N,IN,91.66666666666666
fairlnadm,fairlnadmd,fairlnad,M,MD,87.5
norwalkca,norwalkca,norwalk,CA,CA,100.0
folosmpa,folosmpa,folosm,PA,PA,83.33333333333334
broadviewheightsoh,broadviewheightsoh,broadview heights,OH,OH,100.0
stroudsburgpa,stroudsburgpa,stroudsburg,PA,PA,100.0
wataugatnc,wataugatx,watauga,TNC,TX,100.0
templevillemd,templevillega,templeville,MD,GA,90.5
bluebellut,bluebellpa,bluebell,UT,PA,88.88888888888889
fellsburgpa,fellsburgpa,fellsburg,PA,PA,100.0
ovidco,ovidmi,ovid,CO,MI,100.0
mountcahemll,mountcahemlil,mount caheml,L,IL,83.33333333333334
losangelesca,losangelesca,los angeles,CA,CA,100.0
cowlingtonok,cowlingtonal,cowlington,OK,AL,85.71428571428571
zayfieldpa,zayfieldpa,zayfield,PA,PA,87.5
clevelandtn,clevelandtn,cleveland,TN,TN,100.0
lynndylut,lynndylin,lynndyl,UT,IN,90.5
nescatungaok,nescatungaok,nescatunga,OK,OK,66.66666666666666
towercitynd,towercitypa,tower city,ND,PA,100.0
shiprocknm,shiprocknm,shiprock,NM,NM,100.0
webbcitymo,webbcitymo,webb city,MO,MO,100.0
cambridgeid,cambridgeil,cambridge,ID,IL,100.0
mulleswv,mulleswv,mulles,WV,WV,85.71428571428571
mountainburgar,mountainburgco,mountainburg,AR,CO,87.5
maamecok,maamecla,maamec,OK,LA,90.5
beltonsc,beltonsc,belton,SC,SC,100.0
buckmeadowsca,buckmeadowswi,buck meadows,CA,WI,75.0
springhillfl,springhillfl,spring hill,FL,FL,100.0
northboroia,northboroil,northboro,IA,IL,80.0
frankfortil,frankfortil,frankfort,IL,IL,100.0
piquaoh,piquaoh,piqua,OH,OH,100.0
commercetx,commercetx,commerce,TX,TX,100.0
valleybendwv,valleybendal,valley bend,WV,AL,90.5
swanquarternc,swanquarterdc,swan quarter,NC,DC,75.0
cehomn,cehoak,ceho,MN,AK,80.0
lrattvilleal,lrattvilleal,lrattville,AL,AL,90.0
templetonia,templetonca,templeton,IA,CA,100.0
mcdonaldks,mcdonaldoh,mcdonald,KS,OH,100.0
viennacenteroh,viennacenterga,vienna center,OH,GA,90.5
ladoraia,ladoraia,ladora,IA,IA,100.0
cowpenss,cowpenssc,cowpens,S,SC,100.0
sanisidrotx,sanisidronm,san isidro,TX,NM,100.0
ferndalemd,ferndalemd,ferndale,MD,MD,100.0
westwegola,westwegola,westwego,LA,LA,100.0
johnstonsc,johnstonsc,johnston,SC,SC,100.0
jenkinsburgga,jenkinsburgky,jenkinsburg,GA,KY,90.5
kingmantaz,kingmanaz,kingman,TAZ,AZ,100.0
lakehamiltonar,lakehamiltonar,lake hamilton,AR,AR,100.0
caswellbeachnc,caswellbeachar,caswell beach,NC,AR,75.0
lafayetteal,lafayetteny,la fayette,AL,NY,80.0
pocawv,pocane,poca,WV,NE,80.0
connellyspringsnc,connellyspringsnc,connelly springs,NC,NC,100.0
southbrowningmt,southbrowningmt,south browning,MT,MT,100.0
t.xstephensnc,t.xstephensnc,t.xstephens,NC,NC,64.28571428571429
rutherfordcolelgenc,rutherfordcolelgenj,rutherfor dcolelge,NC,NJ,90.0
faribaultmn,faribaultmn,faribault,MN,MN,100.0
edgewoodpa,edgewoodpa,edgewood,PA,PA,100.0
camdenan,camdenal,camden,AN,AL,100.0
beattystownnj,beattystownnj,beattystown,NJ,NJ,100.0
sturgisky,sturgisky,sturgis,KY,KY,100.0
eastgrandrapidsmi,eastgrandrapidsmi,east grand rapids,MI,MI,100.0
gainesboroan,gainesborotn,gainesboro,AN,TN,100.0
genoalmn,genoalil,genoal,MN,IL,90.5
nowatad,nowataok,nowata,D,OK,100.0
ellisgrovewl,ellisgrovepa,ellis grove,WL,PA,90.9090909090909
soutdaytonny,soutdaytonfl,sout dayton,NY,FL,84.61538461538461
fortatkinsoniax,fortatkinsonwi,fort atkinson,IAX,WI,100.0
millcreekil,millcreekwa,mill creek,IL,WA,100.0
hutsonvilleil,hutsonvillemi,hutsonville,IL,MI,90.9090909090909
goldenvalleynd,goldenvalleyaz,golden valley,ND,AZ,100.0
hanovermd,hanovermd,hanover,MD,MD,100.0
marysvilleks,marysvilleks,marysville,KS,KS,100.0
buckinghamcourthouseva,buckinghamcourthouseva,buckingham courthouse,VA,VA,90.5
lukemd,lukewi,luke,MD,WI,75.0
arcaiaca,arcaiaca,arcaia,CA,CA,85.71428571428571
charteroakca,charteroakca,charter oak,CA,CA,100.0
toetervilleja,toetervilleca,toeterville,JA,CA,100.0
collegevillein,collegevillemn,collegeville,IN,MN,100.0
bataviail,bataviail,batavia,IL,IL,100.0
catawbaoh,catawbasc,catawba,OH,SC,100.0
merrifieldva,merrifieldva,merrifield,VA,VA,100.0
pexinnd,pexinil,pexin,ND,IL,80.0
shoshoneca,shoshoneid,shoshone,CA,ID,100.0
portsmouthnh,portsmouthnh,portsmouth,NH,NH,100.0
pinegrovemillszpa,pinegrovemillszpa,pine grove millsz,PA,PA,90.5
hollistermot,hollisterca,hollister,MOT,CA,100.0
claypoolhillva,claypoolhillva,claypool hill,VA,VA,100.0
parkersburgia,parkersburgia,parkersburg,IA,IA,100.0
lathropca,lathropca,lathrop,CA,CA,100.0
columbiams,columbiams,columbia,MS,MS,100.0
shadycovelr,shadycoveor,shady cove,LR,OR,100.0
wrightsvillear,wrightsvillear,wrightsville,AR,AR,100.0
islandcityor,islandcityor,island city,OR,OR,100.0
trespinosca,trespinosca,tres pinos,CA,CA,80.0
orlovistafl,orlovistafl,orlovista,FL,FL,100.0
southwestranchesfl,southwestranchesfl,southwest ranches,FL,FL,100.0
bstwickga,bstwickny,bstwick,GA,NY,75.0
oaklanmd,oaklanmd,oaklan,MD,MD,85.71428571428571
philcampbellal,philcampbellal,phil campbell,AL,AL,100.0
millikeneco,millikenco,milliken,ECO,CO,100.0
montereyparkca,montereyparkca,monterey park,CA,CA,100.0
minervaoh,minervaoh,minerva,OH,OH,100.0
dwyroseg,dwyroseny,dwy rose,G,NY,62.5
morrisonmo,morrisonil,morrison,MO,IL,100.0
sandovalil,sandovalil,sandoval,IL,IL,100.0
lilylakewi,lilylakeil,lily lake,WI,IL,100.0
adairvillageor,adairvillagemo,adair village,OR,MO,92.3076923076923
terrelltx,terrelltx,terrell,TX,TX,100.0
ewburgmo,ewburgky,ewburg,MO,KY,85.71428571428571
pagene,pageaz,page,NE,AZ,100.0
wnataghny,wnataghny,wnatagh,NY,NY,100.0
medfordlakesnj,medfordlakesnj,medford lakes,NJ,NJ,100.0
portgibsons,portgibsonms,port gibson,S,MS,100.0
berniceok,bernicela,bernice,OK,LA,100.0
allgoodal,allgoodnm,allgood,AL,NM,90.5
dixonvillefl,dixonvilleca,dixonville,FL,CA,90.5
lorenzparkn,lorenzparkny,lorenz park,N,NY,100.0
hereheyne,hereheypa,herehey,NE,PA,100.0
laporteco,laporteco,laporte,CO,CO,100.0
hadleymn,hadleyma,hadley,MN,MA,100.0
hobofenjn,hobofennj,hobofen,JN,NJ,85.71428571428571
livingstonmt,livingstonmt,livingston,MT,MT,100.0
westpointin,westpointga,west point,IN,GA,100.0
etowahltn,etowahnc,etowah,LTN,NC,100.0
oopazranchestatesnvc,oopazranchestatesnv,oopaz ranch estates,NVC,NV,100.0
lintonvilleqpa,lintonvilleoh,lintonville,QPA,OH,91.66666666666666
alexandriasd,alexandriasd,alexandria,SD,SD,100.0
saltilloms,saltilloms,saltillo,MS,MS,100.0
haystx,haysks,hays,TX,KS,100.0
christopheril,christopheril,christopher,IL,IL,100.0
steptoewa,steptoepa,steptoe,WA,PA,83.33333333333334
herseymi,herseypa,hersey,MI,PA,85.71428571428571
evansvillein,evansvillein,evansville,IN,IN,100.0
catawbanc,catawbasc,catawba,NC,SC,100.0
aliced,alicetx,alice,D,TX,100.0
crescoia,crescoia,cresco,IA,IA,100.0
wallacesd,wallacefl,wallace,SD,FL,100.0
excelsiorspringsmo,excelsiorspringsmo,excelsior springs,MO,MO,100.0
strawnil,strawnid,strawn,IL,ID,75.0
istachattafl,istachattaca,istachatta,FL,CA,80.0
kachemakak,kachemakok,kachemak,AK,OK,80.0
fortbraggca,fortbraggca,fort bragg,CA,CA,100.0
whisperingpinesaz,whisperingpinesnc,whispering pines,AZ,NC,100.0
washingtonr,washingtonct,washington,R,CT,100.0
rocklandwi,rocklandme,rockland,WI,ME,100.0
evergreennc,evergreenal,evergreen,NC,AL,100.0
portallegaypa,portallegaypa,port allegay,PA,PA,92.3076923076923
arbutusmd,arbutusmd,arbutus,MD,MD,100.0
ellendalede,ellendaleca,ellendale,DE,CA,100.0
braddockhillspa,braddockhillspa,braddock hills,PA,PA,100.0
zendaks,zendany,zenda,KS,NY,75.0
northphilipsburgpa,northphilipsburgfl,north philipsburg,PA,FL,80.0
rosaliaea,rosaliafl,rosalia,EA,FL,80.0
franciscreekwi,franciscreekut,francis creek,WI,UT,90.5
eastenterprisein,eastenterprisear,east enterprise,IN,AR,87.5
ponczdeleonfl,ponczdeleonne,poncz de leon,FL,NE,80.0
fennimorei,fennimorewi,fennimore,I,WI,100.0
halseyne,halseyid,halsey,NE,ID,83.33333333333334
montgomerycitymo,montgomerycitymo,montgomery city,MO,MO,100.0
brunswickmd,brunswickmd,brunswick,MD,MD,100.0
greenfieldwi,greenfieldwi,greenfield,WI,WI,100.0
kutztownpa,kutztownpa,kutztown,PA,PA,100.0
roslynny,roslynny,roslyn,NY,NY,100.0
albertava,albertaal,alberta,VA,AL,85.71428571428571
pigeonfallswi,pigeonfallsmi,pigeonf alls,WI,MI,90.5
pearisburgva,pearisburgva,pearisburg,VA,VA,100.0
sprngvilleca,sprngvilleal,sprngville,CA,AL,90.9090909090909
wyndmerend,wyndmeretx,wyndmere,ND,TX,77.77777777777779
springhillfl,springhillfl,spring hill,FL,FL,100.0
doevalleyky,doevalleyky,doe valley,KY,KY,100.0
prospectrk,prospectct,prospect,RK,CT,100.0
scobeymt,scobeymt,scobey,MT,MT,100.0
suffolkva,suffolkva,suffolk,VA,VA,100.0
goliadtx,goliadtx,goliad,TX,TX,100.0
calexicoca,calexicoca,calexico,CA,CA,100.0
crystalmn,crystalmn,crystal,MN,MN,100.0
zumbrofallsmn,zumbrofallsmn,zumbro falls,MN,MN,75.0
lakerobertsnm,lakerobertsmd,lake roberts,NM,MD,90.0
babbmt,babbal,babb,MT,AL,100.0
mscowmd,mscowid,mscow,MD,ID,83.33333333333334
lewistonmn,lewistonmn,lewiston,MN,MN,100.0
manchestermi,manchestermi,manchester,MI,MI,100.0
eastontx,eastonca,easton,TX,CA,100.0
darlnigotnmd,darlnigotnms,darlnigotn,MD,MS,81.81818181818183
southashburnhamma,southashburnhamma,south ashburnham,MA,MA,100.0
algomams,algomawi,algoma,MS,WI,100.0
southhavenmn,southhavenin,south haven,MN,IN,100.0
penuelaspr,penuelaspr,penuelas,PR,PR,87.5
tatumsc,tatumtx,tatum,SC,TX,100.0
northpekinil,northpekinil,north pekin,IL,IL,100.0
rendvilleoh,rendvilleca,rendville,OH,CA,88.88888888888889
clarencepa,clarenceny,clarence,PA,NY,100.0
lonepineca,lonepineca,lone pine,CA,CA,100.0
depoebayoo,depoebayor,depoe bay,OO,OR,100.0
mcconnellafbks,mcconnellafbks,mcconnell afb,KS,KS,100.0
lakesideva,lakesideva,lakeside,VA,VA,100.0
middlesexnj,middlesexnj,middlesex,NJ,NJ,100.0
eastlakeoh,eastlakeoh,eastlake,OH,OH,100.0
ironrivermi,ironrivermi,iron river,MI,MI,100.0
southlapalomatx,southlapalomaca,south la paloma,TX,CA,80.0
saukrapidsmn,saukrapidsmn,sauk rapids,MN,MN,100.0
kanopolisks,kanopolisnc,kanopolis,KS,NC,90.0
ponderosapinesmt,ponderosapinesnm,ponderosa pines,MT,NM,90.5
fivepointsnc,fivepointsfl,five points,NC,FL,100.0
lillianar,lillianla,lillian,AR,LA,100.0
goldenbeachmd,goldenbeachmd,golden beach,MD,MD,100.0
laurelrunpa,laurelrunde,laurel run,PA,DE,90.5
orlandin,orlandca,orland,IN,CA,100.0
banningca,banningca,banning,CA,CA,100.0
wendellmn,wendellid,wendell,MN,ID,100.0
ramseymn,ramseymn,ramsey,MN,MN,100.0
newalexandriapa,newalexandriapa,new alexandria,PA,PA,81.81818181818183
wallawallawa,wallawallawa,walla walla,WA,WA,100.0
pleasanthillpa,pleasanthillpa,pleasant hill,PA,PA,100.0
readerar,readeroh,reader,AR,OH,85.71428571428571
newrichmondin,newrichmondoh,new richmond,IN,OH,100.0
hutchinsonmn,hutchinsonmn,hutchinson,MN,MN,100.0
washingtonga,washingtonga,washington,GA,GA,100.0
shrewsurypa,shrewsurypa,shrewsury,PA,PA,90.0
camppendletonorthca,camppendletonorthca,camp pendleto north,CA,CA,95.0
summitlakewi,summitlakeaz,summit lake,WI,AZ,90.5
crestwoodky,crestwoodky,crestwood,KY,KY,100.0
morgantownwv,morgantownwv,morgantown,WV,WV,100.0
schnecksvillepa,schnecksvillepa,schnecksville,PA,PA,100.0
harborisleny,harborisleny,harbor isle,NY,NY,100.0
newcaliforniaoh,newcaliforniaoh,new california,OH,OH,100.0
st.gabriella,st.gabrielca,st. gabriel,LA,CA,81.81818181818183
crystalbeachaz,crystalbeachmn,crystal beach,AZ,MN,90.5
oaksmo,oaksnd,oaks,MO,ND,80.0
e.lopeztx,e.lopezal,e. lopez,TX,AL,62.5
grandriversky,grandriversny,grand rivers,KY,NY,81.81818181818183
rutladil,rutladma,rutlad,IL,MA,85.71428571428571
dryprongla,dryprongne,dry prong,LA,NE,66.66666666666666
effighamks,effighamil,effigham,KS,IL,88.88888888888889
mariettaok,mariettaok,marietta,OK,OK,100.0
willowbrookil,willowbrookil,willowbrook,IL,IL,100.0
foxrivprka,foxrivprpa,fox rivpr,KA,PA,71.42857142857143
ilaga,ilaks,ila,GA,KS,75.0
lakestationin,lakestationin,lake station,IN,IN,100.0
oakhillsc,oakhillsca,oak hills,C,CA,100.0
montaguetx,montaguetx,montague,TX,TX,100.0
studybuttetx,studybutteco,study butte,TX,CO,69.23076923076923
cushmanar,cushmanal,cushman,AR,AL,71.42857142857143
postoakbendcitytx,postoakbendcitytx,post oak bend city,TX,TX,90.5
winterwi,winterca,winter,WI,CA,85.71428571428571
abbotsfordwh,abbotsfordwi,abbotsford,WH,WI,100.0
pinalaz,pinalaz,pinal,AZ,AZ,75.0
lockesburgar,lockesburgal,lockesburg,AR,AL,80.0
mathistonmz,mathistontx,mathiston,MZ,TX,90.5
owentonky,owentonky,owenton,KY,KY,100.0
meadbwlandspa,meadbwlandsco,meadbwlands,PA,CO,90.5
aehenawi,aehenaor,aehena,WI,OR,100.0
rossfoidho,rossfoidca,rossfoid,HO,CA,90.5
redbymn,redbymn,redby,MN,MN,100.0
redvaleco,redvaleca,redvale,CO,CA,75.0
st.charlesar,st.charlesil,st. charles,AR,IL,76.92307692307693
norwoodnc,norwoodnc,norwood,NC,NC,100.0
selmatx,selmatx,selma,TX,TX,100.0
freedomaok,freedomca,freedom,AOK,CA,100.0
harrisvilleri,harrisvilleri,harrisville,RI,RI,100.0
forrestonil,forrestonil,forreston,IL,IL,100.0
kellert,kellertx,keller,T,TX,100.0
oakmanal,oakmanma,oakman,AL,MA,83.33333333333334
marshfieldwi,marshfieldwi,marshfield,WI,WI,100.0
rjcklandwi,rjcklandme,rjckland,WI,ME,87.5
parksvillesc,parksvilleaz,parksville,SC,AZ,90.5
mounthopewi,mounthopewv,mount hope,WI,WV,100.0
denisontx,denisontx,denison,TX,TX,100.0
crawfordfe,crawfordnj,crawford,FE,NJ,87.5
brentwoodny,brentwoodny,brentwood,NY,NY,100.0
monmouthor,monmouthor,monmouth,OR,OR,100.0
southwilliamsportpa,southwilliamsportpa,south williamsport,PA,PA,100.0
sancarlosiitx,sancarlosiitx,san carlos ii,TX,TX,90.5
calhounom,calhounga,calhoun,OM,GA,100.0
oronogomo,oronogomo,oronogo,MO,MO,100.0
thowntonco,thowntonin,thownton,CO,IN,88.88888888888889
parkercityint,parkercityin,parke rcity,INT,IN,90.9090909090909
idealga,idealga,ideal,GA,GA,71.42857142857143
lakedalecarliain,lakedalecarliain,lake dalecarlia,IN,IN,100.0
monarchmillsc,monarchmillsc,monarch mill,SC,SC,100.0
glenavrva,glenavril,glenavr,VA,IL,83.33333333333334
pinewoodestatestx,pinewoodestatestx,pinewood estates,TX,TX,100.0
towamensingtrailspa,towamensingtrailspa,towamensing trails,PA,PA,100.0
wsetfreeholdnj,wsetfreeholdnj,wset freehold,NJ,NJ,92.3076923076923
kermittx,kermittx,kermit,TX,TX,100.0
prestontx,prestontx,preston,TX,TX,100.0
hillsborowi,hillsborowi,hillsboro,WI,WI,100.0
tecumsehmi,tecumsehmi,tecumseh,MI,MI,100.0
hudsonlakein,hudsonlakein,hudson lake,IN,IN,100.0
quimbyia,quimbyca,quimby,IA,CA,66.66666666666666
eastlakeoh,eastlakeoh,eastlake,OH,OH,100.0
cresaptownmd,cresaptownmd,cresaptown,MD,MD,100.0
lincolnvilleks,lincolnvilleks,lincolnville,KS,KS,90.5
oldstationca,oldstationct,old station,CA,CT,80.0
newtownnd,newtownnd,new town,ND,ND,100.0
tazlianak,tazlianaz,tazlian,AK,AZ,75.0
mountjacksonva,mountjacksonva,mount jackson,VA,VA,100.0
manchestermi,manchestermi,manchester,MI,MI,100.0
horsecaveky,horsecaveky,horse cave,KY,KY,100.0
jacksonmo,jacksonmo,jackson,MO,MO,100.0
losangelesca,losangelesca,los angeles,CA,CA,100.0
sundaylakewa,sundaylaketx,sunday lake,WA,TX,83.33333333333334
liebenthalks,liebenthalaz,liebenthal,KS,AZ,85.71428571428571
newerami,newerand,new era,MI,ND,83.33333333333334
galevilleny,galevilleny,galeville,NY,NY,100.0
guysnt,guysnd,guys,NT,ND,60.0
stanleync,stanleync,stanley,NC,NC,100.0
buddlakenj,buddlakenj,budd lake,NJ,NJ,100.0
lafayettega,lafayettega,lafayette,GA,GA,100.0
losangelesvca,losangelesca,los angeles,VCA,CA,100.0
serasburgil,serasburgco,serasburg,IL,CO,88.88888888888889
fentomo,fentomo,fento,MO,MO,83.33333333333334
parklaynegoh,parklaynegoh,park layneg,OH,OH,90.5
kenovawv,kenovawv,kenova,WV,WV,100.0
ashvilleal,ashvilleal,ashville,AL,AL,100.0
vermontiln,vermontal,vermont,ILN,AL,83.33333333333334
eunicenm,eunicenm,eunice,NM,NM,100.0
fomosoks,fomosopr,fomoso,KS,PR,80.0
lakemadisonsd,lakemadisonak,lake madison,SD,AK,80.0
gallantal,gallanttx,gallant,AL,TX,90.5
franklini,franklinga,franklin,I,GA,100.0
bozemanmt,bozemanmt,bozeman,MT,MT,100.0
unionhill-noveltyhillwa,unionhill-noveltyhillwa,union hill-novelty hill,WA,WA,100.0
lapresaix,lapresaca,la presa,IX,CA,100.0
homesteadnm,homesteadfl,homestead,NM,FL,100.0
peytonco,peytontx,peyton,CO,TX,75.0
leonaks,leonaia,leona,KS,IA,90.5
boguechittoms,boguechittola,bogue chitto,MS,LA,66.66666666666666
winnebagon,winnebagoil,winnebago,N,IL,100.0
volinsd,volinil,volin,SD,IL,75.0
amasami,amasala,amasa,MI,LA,90.5
westwarehamma,westwarehamma,west wareham,MA,MA,100.0
dbulinoj,dbulinca,dbulin,OJ,CA,83.33333333333334
carbonadowa,carbonadowa,carbonado,WA,WA,83.33333333333334
massenaia,massenany,massena,IA,NY,100.0
bayougoulala,bayougoulaar,bayou goula,LA,AR,90.5
franklinparkpa,franklinparkpa,franklin park,PA,PA,100.0
parmaoh,parmaoh,parma,OH,OH,100.0
slickvillepa,slickvillene,slickville,PA,NE,90.0
wildwoodnj,wildwoodnj,wildwood,NJ,NJ,100.0
rockvillect,rockvillect,rockville,CT,CT,100.0
sterlingco,sterlingco,sterling,CO,CO,100.0
norwoodcourtmo,norwoodcourtma,norwood court,MO,MA,90.5
marlowheightsmd,marlowheightsmd,marlow heights,MD,MD,100.0
denverco,denverco,denver,CO,CO,100.0
kickapoosite6ks,kickapoosite6ak,kickapoo site 6,KS,AK,80.0
cutoffla,cutoffla,cut off,LA,LA,100.0
lancastermo,lancastermo,lancaster,MO,MO,100.0
stirlingcityca,stirlingcitytx,stirling city,CA,TX,100.0
northhlilsny,northhlilsny,north hlils,NY,NY,90.9090909090909
saginawmo,saginawmi,saginaw,MO,MI,100.0
deschutesriverwoodso,deschutesriverwoodsor,deschutes river woods,O,OR,100.0
watlerborsc,watlerbortx,watlerbor,SC,TX,83.33333333333334
cuttenca,cuttenca,cutten,CA,CA,100.0
reddellla,reddellme,reddell,LA,ME,100.0
puebloco,puebloco,pueblo,CO,CO,100.0
daphneal,daphneal,daphne,AL,AL,100.0
unioncentrewi,unioncentreky,union centre,WI,KY,90.5
whitmerwv,whitmersc,whitmer,WV,SC,87.5
hornsbytn,hornsbyal,hornsby,TN,AL,85.71428571428571
airwayheightswa,airwayheightswa,airway heights,WA,WA,100.0
northsiouxcitysd,northsiouxcitysd,north sioux city,SD,SD,100.0
williabsvilleny,williabsvilleny,williabsville,NY,NY,92.3076923076923
gaylordks,gaylordmi,gaylord,KS,MI,100.0
countrycluca,countrycluca,country clu,CA,CA,91.66666666666666
graryidgemo,graryidgeok,graryidge,MO,OK,90.5
blissny,blissaz,bliss,NY,AZ,80.0
ardmorepa,ardmorepa,ardmore,PA,PA,100.0
glenms,glenco,glen,MS,CO,66.66666666666666
norwoodla,norwoodma,norwood,LA,MA,100.0
middleportny,middleportny,middleport,NY,NY,100.0
penndelpa,penndelpa,penndel,PA,PA,100.0
lyndonvillevt,lyndonvillevt,lyndonville,VT,VT,100.0
hastingspa,hastingspa,hastings,PA,PA,100.0
smyrnade,smyrnade,smyrna,DE,DE,100.0
wendellmn,wendellid,wendell,MN,ID,100.0
olatheco,olatheco,olathe,CO,CO,100.0
wahkonmn,wahkonia,wahkon,MN,IA,83.33333333333334
caledoniail,caledoniami,caledonia,IL,MI,100.0
emingtonil,emingtonin,emington,IL,IN,88.88888888888889
hqciendaheightsca,hqciendaheightsca,hqcienda heights,CA,CA,93.75
blainetn,blainetn,blaine,TN,TN,100.0
summershadeky,summershadeil,summer shade,KY,IL,83.33333333333334
cliftonks,cliftonaz,clifton,KS,AZ,100.0
st.roseil,st.rosela,st. rose,IL,LA,70.0
nrthptoomacmd,nrthptoomacmd,nrth ptoomac,MD,MD,92.3076923076923
baylakefl,baylakear,bay lake,FL,AR,90.5
kilgoretx,kilgoretx,kilgore,TX,TX,100.0
westalemwi,westalemtx,west alem,WI,TX,90.5
isletavillagepropernm,isletavillageproperil,isleta village proper,NM,IL,80.0
santarosavalleyca,santarosavalleyca,santa rosa valley,CA,CA,90.5
versaillesmo,versaillesmo,versailles,MO,MO,100.0
sharonnd,sharonma,sharon,ND,MA,100.0
fowlerac,fowlerca,fowler,AC,CA,100.0
clinotna,clinotnpa,clinotn,A,PA,87.5
essexia,essexmd,essex,IA,MD,100.0
centerportpa,centerportny,centerport,PA,NY,100.0
banerhilltn,banerhilltn,baner hill,TN,TN,90.9090909090909
burgessmo,burgessny,burgess,MO,NY,85.71428571428571
hilbertwi,hilbertwi,hilbert,WI,WI,100.0
portst.johnfl,portst.johnfl,port st. john,FL,FL,80.0
queensny,queensny,queens,NY,NY,100.0
kianaak,kianaak,kiana,AK,AK,80.0
goshenin,goshenin,goshen,IN,IN,100.0
lakeisabellami,lakeisabellami,lake isabella,MI,MI,100.0
millerplacevy,millerplaceny,miller place,VY,NY,100.0
penalosks,penalosms,penalos,KS,MS,80.0
alphanj,alphanj,alpha,NJ,NJ,100.0
tippecanoeoh,tippecanoeaz,tippecanoe,OH,AZ,80.0
hdgenvilleky,hdgenvilleky,hdgenville,KY,KY,90.9090909090909
vaughnwa,vaughnmo,vaughn,WA,MO,66.66666666666666
veblensd,veblenok,veblen,SD,OK,80.0
danilelky,danilelky,danilel,KY,KY,87.5
snydervilleut,snydervilleut,snyderville,UT,UT,100.0
paddocklakewi,paddocklakewi,paddock lake,WI,WI,100.0
absarokeemt,absarokeemt,absarokee,MT,MT,100.0
phillipswi,phillipswi,phillips,WI,WI,100.0
wastasd,wastaca,wasta,SD,CA,80.0
lincolnparkn,lincolnparkco,lincoln park,N,CO,100.0
prattvilleal,prattvilleal,prattville,AL,AL,100.0
savagemd,savagemd,savage,MD,MD,100.0
charlosheightsmt,charlosheightsil,charlos heights,MT,IL,80.0
spartaga,spartaga,sparta,GA,GA,100.0
johnstownoh,johnstownoh,johnstown,OH,OH,100.0
pineridgepa,pineridgepa,pine ridge,PA,PA,100.0
carlinnv,carlinnv,carlin,NV,NV,100.0
worthil,worthil,worth,IL,IL,100.0
craigmt,craigak,craig,MT,AK,100.0
jacksonvillear,jacksonvillear,jacksonville,AR,AR,100.0
wyacondamo,wyacondaco,wyaconda,MO,CO,75.0
weirtx,weirtx,weir,TX,TX,66.66666666666666
malvernar,malvernar,malvern,AR,AR,100.0
centevrillewa,centevrilleal,centevrille,WA,AL,90.9090909090909
westalliswi,westalliswi,west allis,WI,WI,100.0
peekskillny,peekskillny,peekskill,NY,NY,100.0
monovistaca,monovistaca,mono vista,CA,CA,100.0
talcot,talcoca,talco,T,CA,75.0
ryeco,ryenh,rye,CO,NH,100.0
yakmawa,yakmaak,yakma,WA,AK,90.5
concordehillsoh,concordehillsal,concorde hills,OH,AL,90.5
mcfarlandca,mcfarlandca,mcfarland,CA,CA,100.0
villaparkca,villaparkca,villa park,CA,CA,100.0
lakeviewwa,lakeviewca,lakeview,WA,CA,100.0
artesianm,artesianm,artesia,NM,NM,100.0
rockhamsd,rockhamal,rockham,SD,AL,75.0
biglakewa,biglakewa,big lake,WA,WA,100.0
osceolane,osceolane,osceola,NE,NE,100.0
atholi,atholma,athol,I,MA,100.0
kicdapoosite2ks,kicdapoosite2il,kicdapoo site 2,KS,IL,71.42857142857143
rutlandil,rutlandma,rutland,IL,MA,100.0
osceolamo,osceolamo,osceola,MO,MO,100.0
greenbaywi,greenbaywi,green bay,WI,WI,100.0
ashbymn,ashbyma,ashby,MN,MA,100.0
chenaoil,chenaoil,chenao,IL,IL,83.33333333333334
micronc,microfl,micro,NC,FL,80.0
somersetnj,somersetnj,somerset,NJ,NJ,100.0
goshenva,goshenar,goshen,VA,AR,100.0
northweststanwoodwa,northweststanwoodny,northwest stanwood,WA,NY,81.81818181818183
strasburgil,strasburgco,strasburg,IL,CO,100.0
farmloopak,farmloopak,farm loop,AK,AK,100.0
santarosaaz,santarosaca,santa rosa,AZ,CA,100.0
vanhorntx,vanhorntx,van horn,TX,TX,100.0
ashleyheightsnc,ashleyheightsnd,ashley heights,NC,ND,90.5
overtonitx,overtontx,overton,ITX,TX,100.0
sycamoreok,sycamoreil,sycamore,OK,IL,100.0
fortstewatga,fortstewatga,fort stewat,GA,GA,91.66666666666666
piffardny,piffardct,piffard,NY,CT,71.42857142857143
adiarvillageor,adiarvillagemo,adiar village,OR,MO,84.61538461538461
chinovalleyz,chinovalleyaz,chino valley,Z,AZ,100.0
eatsrockinghamnc,eatsrockinghamnc,eats rockingham,NC,NC,93.33333333333333
downingtownpa,downingtownpa,downingtown,PA,PA,100.0
ogemam,ogemaga,ogema,M,GA,80.0
alicend,alicetx,alice,ND,TX,100.0
albanywi,albanywi,albany,WI,WI,100.0
newelliak,newellwv,newell,IAK,WV,100.0
tunicams,tunicams,tunica,MS,MS,100.0
taylorsvillems,taylorsvillems,taylorsville,MS,MS,100.0
churchhillmd,churchhillpa,church hill,MD,PA,100.0
cumberladky,cumberladky,cumberlad,KY,KY,90.0
portageoh,portagein,portage,OH,IN,100.0
casperwy,casperwy,casper,WY,WY,100.0
duttonmt,duttonga,dutton,MT,GA,83.33333333333334
cumberlandcenterme,cumberlandcenterme,cumberland center,ME,ME,100.0
norwoodny,norwoodny,norwood,NY,NY,100.0
lonejackmo,lonejackmo,lone jack,MO,MO,100.0
lagrangeparkil,lagrangeparkil,la grange park,IL,IL,100.0
awukenaca,awukenail,awukena,CA,IL,75.0
fredericksburgin,fredericksburgpa,fredericksburg,IN,PA,100.0
bakermn,bakerla,baker,MN,LA,100.0
macheseyparkin,macheseyparkil,machesey park,IN,IL,92.85714285714286
denverta,denverco,denver,TA,CO,100.0
st.mary'spak,st.mary'sga,st. mary's,PAK,GA,88.88888888888889
laportein,laportein,la porte,IN,IN,100.0
vherrillia,vherrillfl,vherrill,IA,FL,88.88888888888889
fajardopr,fajardopr,fajardo,PR,PR,100.0
cornleane,cornleaga,cornlea,NE,GA,75.0
paxtonne,paxtonil,paxton,NE,IL,100.0
whitesotneva,whitesotnenj,white sotne,VA,NJ,81.81818181818183
ddihamia,ddihamme,ddiham,IA,ME,83.33333333333334
beltontx,beltontx,belton,TX,TX,100.0
palmern,palmerak,palmer,N,AK,100.0
virgilinava,virgilinanv,virgilina,VA,NV,80.0
eastfultonhamoh,eastfultonhamma,east fultonham,OH,MA,84.61538461538461
pajaroca,pajaroca,pajaro,CA,CA,100.0
brooksideal,brooksideal,brookside,AL,AL,100.0
kokomoin,kokomoin,kokomo,IN,IN,100.0
frontenacmo,frontenacmo,frontenac,MO,MO,100.0
jvasdp,jvamo,jva,SDP,MO,66.66666666666666
howardwi,howardwi,howard,WI,WI,100.0
pesotumil,pesotumnm,pesotum,IL,NM,80.0
lowellpointak,lowellpointar,lowell point,AK,AR,90.5
evansco,evansco,evans,CO,CO,100.0
egrtyok,egrtyar,egrty,OK,AR,66.66666666666666
eastlawngardenspa,eastlawngardenspa,eastlawn gardens,PA,PA,100.0
southdeerfieldma,southdeerfieldma,south deerfield,MA,MA,100.0
westaltobonitotx,westaltobonitotx,west alto bonito,TX,TX,90.5
islandparkid,islandparkny,island park,ID,NY,100.0
cimarroncityok,cimarroncityks,cimarron city,OK,KS,90.5
pachecoca,pachecoca,pacheco,CA,CA,100.0
coldfootak,coldfootca,coldfoot,AK,CA,75.0
banksor,banksor,banks,OR,OR,100.0
cliffvillagemo,cliffvillagetx,cliff village,MO,TX,80.0
oakviewmo,oakviewca,oakview,MO,CA,87.5
lacarlatx,lacarlaca,la carla,TX,CA,77.77777777777779
tolanilakecz,tolanilaketx,tolani lake,CZ,TX,80.0
kansasil,kansasmn,kansas,IL,MN,83.33333333333334
socialcirclea,socialcirclega,social circle,A,GA,100.0
cottonowodshorestx,cottonowodshorestx,cottonowod shores,TX,TX,94.11764705882352
hedgesvillewv,hedgesvilleky,hedgesville,WV,KY,90.9090909090909
chandleraz,chandleraz,chandler,AZ,AZ,100.0
kendrickok,kendrickla,kendrick,OK,LA,83.33333333333334
puehlowestco,puehlowestco,puehlo west,CO,CO,90.9090909090909
minieril,minieril,minier,IL,IL,100.0
sumnerga,sumneril,sumner,GA,IL,100.0
mauricevilletx,mauricevilletx,mauriceville,TX,TX,100.0
duncanms,duncanok,duncan,MS,OK,100.0
ellsworthmi,ellsworthks,ellsworth,MI,KS,100.0
greensburgmd,greensburgin,greensburg,MD,IN,100.0
staleync,staleync,staley,NC,NC,85.71428571428571
tingmeyia,tingmeync,tingmey,IA,NC,75.0
ellensburgwa,ellensburgwa,ellensburg,WA,WA,100.0
grahamal,grahamme,graham,AL,ME,100.0
beaconsquarefl,beaconsquarefl,beacon square,FL,FL,100.0
dmoremi,dmoremi,dmore,MI,MI,83.33333333333334
harltyde,harltymi,harlty,DE,MI,75.0
rusesllvillein,rusesllvillein,rusesllville,IN,IN,91.66666666666666
oamplicosc,oamplicosc,oamplico,SC,SC,87.5
cantonok,cantonga,canton,OK,GA,100.0
chapmanpa,chapmanks,chapman,PA,KS,100.0
partridgeks,partridgear,partridge,KS,AR,88.88888888888889
ridgelands,ridgelandms,ridgeland,S,MS,100.0
sedylik,sedylimo,sedyli,K,MO,71.42857142857143
hallsvilletx,hallsvilletx,hallsville,TX,TX,100.0
concora,concorok,concor,A,OK,90.5
pasadenahillsmo,pasadenahillsfl,pasadena hills,MO,FL,100.0
bandetx,bandeva,b and e,TX,VA,80.0
pointealahachela,pointealahachemn,pointe a la hache,LA,MN,69.23076923076923
torthchasenc,torthchasenc,torthchase,NC,NC,100.0
palsoparkil,palsoparkil,palso park,IL,IL,90.0
baypinesfl,baypinesfl,bay pines,FL,FL,100.0
birdseyein,birdseyetx,birdseye,IN,TX,80.0
appletoncitymo,appletoncitymo,appleton city,MO,MO,100.0
kingstonmo,kingstonmo,kingston,MO,MO,100.0
johnsonburgnj,johnsonburgpa,johnsonburg,NJ,PA,100.0
oldgreenok,oldgreenpa,old green,OK,PA,88.88888888888889
fronatx,fronatx,frona,TX,TX,83.33333333333334
millbrookny,millbrookny,millbrook,NY,NY,100.0
sharpsvillepa,sharpsvillepa,sharpsville,PA,PA,100.0
thiefriverfallsmn,thiefriverfallsmn,thief river falls,MN,MN,100.0
munsonscorersny,munsonscorersny,munsons corers,NY,NY,93.33333333333333
rosehillsca,rosehillsks,rose hills,CA,KS,90.5
brewsteroh,brewsteroh,brewster,OH,OH,100.0
lascrucesnm,lascrucesnm,las cruces,NM,NM,100.0
lavillatx,lavillatx,la villa,TX,TX,100.0
cotterar,cotternj,cotter,AR,NJ,85.71428571428571
sweetwatertn,sweetwatertn,sweetwater,TN,TN,100.0
eagarvilelil,eagarvilelaz,eagarvilel,IL,AZ,90.5
silercitynv,silercitync,siler city,NV,NC,100.0
belleplaineia,belleplaineia,belle plaine,IA,IA,100.0
vallyeal,vallyeaz,vallye,AL,AZ,90.5
mentorky,mentoroh,mentor,KY,OH,100.0
greatfallsmt,greatfallsmt,great falls,MT,MT,100.0
galesburgks,galesburgil,galesburg,KS,IL,100.0
melvinawi,melvinaor,melvina,WI,OR,83.33333333333334
carlisleoh,carlisleoh,carlisle,OH,OH,100.0
haekinsvillega,haekinsvillega,haekinsville,GA,GA,91.66666666666666
emingtonil,emingtonin,emington,IL,IN,88.88888888888889
shalimarfl,shalimardc,shalimar,FL,DC,75.0
brushtonn,brushtonco,brushton,N,CO,90.5
westsamosetfl,westsamosetfl,west samoset,FL,FL,100.0
reedcreekga,reedcreekga,reed creek,GA,GA,100.0
olanchaca,olanchaar,olancha,CA,AR,90.5
deerparktx,deerparktx,deer park,TX,TX,100.0
huttigar,huttigva,huttig,AR,VA,90.5
christophercreekaz,christophercreekil,christopher creek,AZ,IL,90.5
grantonwi,grantonwi,granton,WI,WI,100.0
brazoscountrytx,brazoscountrytx,brazos country,TX,TX,90.5
loganks,logania,logan,KS,IA,100.0
marltonmd,marltonmd,marlton,MD,MD,100.0
mountauburnia,mountauburnmn,mount auburn,IA,MN,80.0
mayflowervillageca,mayflowervillageca,mayflower village,CA,CA,100.0
clevelandtn,clevelandtn,cleveland,TN,TN,100.0
kecesca,kecesca,keces,CA,CA,80.0
atlantaga,atlantaga,atlanta,GA,GA,100.0
collingslakesnj,collingslakesnj,collings lakes,NJ,NJ,100.0
mllvalepa,mllvaleut,mllvale,PA,UT,100.0
stonewallgapco,stonewallgapla,stonewall gap,CO,LA,90.5
pijehillal,pijehillnj,pije hill,AL,NJ,88.88888888888889
miamiok,miamiok,miami,OK,OK,100.0
franklinks,franklinga,franklin,KS,GA,100.0
greenlandra,greenlandar,greenland,RA,AR,100.0
bourgla,bourgla,bourg,LA,LA,100.0
skidawayislandga,skidawayislandga,skidaway island,GA,GA,100.0
hollandar,hollandme,holland,AR,ME,100.0
pentresswv,pentressal,pentress,WV,AL,83.33333333333334
willowspringsil,willowspringsil,willow springs,IL,IL,100.0
talmoga,talmoca,talmo,GA,CA,75.0
doddcitytx,doddcitytx,dodd city,TX,TX,90.5
lakenordensd,lakenordenak,lake norden,SD,AK,80.0
taylorsvillems,taylorsvillems,taylorsville,MS,MS,100.0
bellemeadeky,bellemeadetn,bellemeade,KY,TN,90.9090909090909
dawsonmz,dawsonga,dawson,MZ,GA,100.0
poquottny,poquottct,poquott,NY,CT,75.0
huetterid,huetterga,huetter,ID,GA,87.5
pixleyca,pixleyca,pixley,CA,CA,100.0
ehrenbergaz,ehrenbergaz,ehrenberg,AZ,AZ,100.0
oakgrovetx,oakgroveky,oak grove,TX,KY,100.0
coventrylakect,coventrylakect,coventry lake,CT,CT,100.0
amherstco,amherstma,amherst,CO,MA,100.0
orofinoid,orofinoid,orofino,ID,ID,100.0
lakealumaok,lakealumaak,lake aluma,OK,AK,80.0
riversidemo,riversidemo,riverside,MO,MO,100.0
heartbuttemt,heartbuttede,heart butte,MT,DE,75.0
ririeid,ririeca,ririe,ID,CA,83.33333333333334
smithfieldut,smithfieldut,smithfield,UT,UT,100.0
paramount-longmeadowmd,paramount-longmeadowmd,paramount-long meadow,MD,MD,100.0
eastportervilleca,eastportervilleca,east porterville,CA,CA,100.0
hudsonflb,hudsonco,hudson,FLB,CO,100.0
higginsvillemo,higginsvillemo,higginsville,MO,MO,100.0
coffeymo,coffeyil,coffey,MO,IL,71.42857142857143
clydemo,clydeny,clyde,MO,NY,100.0
westoceancitymd,westoceancitymd,west ocean city,MD,MD,100.0
applevalleyut,applevalleyca,apple valley,UT,CA,100.0
sumnerwa,sumnerwa,sumner,WA,WA,100.0
hydeky,hydepa,hyde,KY,PA,100.0
toxeyal,toxeynm,toxey,AL,NM,75.0
standingpinems,standingpinemn,standing pine,MS,MN,83.33333333333334
mountainviewmo,mountainviewmo,mountain view,MO,MO,100.0
shongopoviaz,shongopovinj,shongopovi,AZ,NJ,75.0
kernvilleca,kernvilleca,kernville,CA,CA,100.0
parksza,parksaz,parks,ZA,AZ,100.0
chirenotx,chirenoia,chireno,TX,IA,75.0
greensburgin,greensburgin,greensburg,IN,IN,100.0
talpanm,talpaco,talpa,NM,CO,80.0
wallingtordcenterct,wallingtordcenterct,wallingtord center,CT,CT,94.44444444444444
bethpageny,bethpageny,bethpage,NY,NY,100.0
cowichewa,cowicheks,cowiche,WA,KS,85.71428571428571
pomonany,pomonany,pomona,NY,NY,100.0
pueblitonm,pueblitoco,pueblito,NM,CO,83.33333333333334
southhavenks,southhavenin,south haven,KS,IN,100.0
wataugatn,wataugatx,watauga,TN,TX,100.0
evansvilleme,evansvillein,evansville,ME,IN,100.0
highlandsnc,highlandsnj,highlands,NC,NJ,100.0
tevistonca,tevistonca,teviston,CA,CA,100.0
pueblitonm,pueblitoco,pueblito,NM,CO,83.33333333333334
endicottny,endicottny,endicott,NY,NY,100.0
brunone,brunoca,bruno,NE,CA,71.42857142857143
straughni,straughnid,straughn,I,ID,75.0
tunicaresortsms,tunicaresortsms,tunica resorts,MS,MS,100.0
fairviewbeachva,fairviewbeachca,fairview beach,VA,CA,90.5
bourbonin,bourbonin,bourbon,IN,IN,100.0
florail,florail,flora,IL,IL,100.0
twinoaksmo,twinoaksca,twin oaks,MO,CA,80.0
strawberryaz,strawberryca,strawberry,AZ,CA,100.0
malcolmne,malcolmaz,malcolm,NE,AZ,83.33333333333334
woodlandnc,woodlandca,woodland,NC,CA,100.0
raylega,rayleia,rayle,GA,IA,83.33333333333334
hcaunceywv,hcaunceyoh,hcauncey,WV,OH,100.0
montgomerycitymo,montgomerycitymo,montgomery city,MO,MO,100.0
lakewaccamawwnc,lakewaccamawnc,lake waccamaw,WNC,NC,100.0
churchhilltn,churchhilltn,church hill,TN,TN,100.0
swedenvalleypa,swedenvalleywa,sweden valley,PA,WA,92.3076923076923
reservemt,reservela,reserve,MT,LA,100.0
vincental,vincental,vincent,AL,AL,100.0
ferndalemd,ferndalemd,ferndale,MD,MD,100.0
kamiahid,kamiahid,kamiah,ID,ID,100.0
unionictyg,unionictyky,union icty,G,KY,90.5
oxonhillmd,oxonhillmd,oxon hill,MD,MD,100.0
southfarmingdaleny,southfarmingdaleny,south farmingdale,NY,NY,100.0
owentonky,owentonky,owenton,KY,KY,100.0
jmula,jmulca,jmul,A,CA,80.0
netawakaks,netawakail,netawaka,KS,IL,87.5
rodeynm,rodeyca,rodey,NM,CA,80.0
godlriverca,godlriverca,godl river,CA,CA,90.0
vienannj,vienanga,vienan,NJ,GA,83.33333333333334
bennettco,bennettco,bennett,CO,CO,100.0
sharonnd,sharonma,sharon,ND,MA,100.0
lincolnparknj,lincolnparknj,lincoln park,NJ,NJ,100.0
phippsburgco,phippsburgme,phippsburg,CO,ME,100.0
fabenstx,fabenstx,fabens,TX,TX,100.0
alvordia,alvordtx,alvord,IA,TX,100.0
rodriguezcampca,rodriguezcampil,rodriguez camp,CA,IL,87.5
ashvileoh,ashvileoh,ashvile,OH,OH,87.5
horseshoebendid,horseshoebendar,horseshoe bend,ID,AR,100.0
delawareoh,delawareoh,delaware,OH,OH,100.0
floralparknu,floralparkny,floral park,NU,NY,100.0
grandylevillageny,grandylevillageny,grandyle village,NY,NY,100.0
locustgrovega,locustgrovega,locust grove,GA,GA,100.0
deerparkwi,deerparkca,deer park,WI,CA,100.0
blairstownai,blairstownne,blairstown,AI,NE,90.5
benotms,benotal,benot,MS,AL,80.0
pomonamo,pomonaca,pomona,MO,CA,100.0
soldierks,soldierco,soldier,KS,CO,71.42857142857143
belleplainemn,belleplainemn,belle plaine,MN,MN,100.0
sherrodsvilleoh,sherrodsvilleks,sherrodsville,OH,KS,85.71428571428571
deidelbergpa,deidelbergpa,deidelberg,PA,PA,100.0
keithsburgil,keithsburgky,keithsburg,IL,KY,80.0
cottonwoodaz,cottonwoodaz,cottonwood,AZ,AZ,100.0
greenparkmo,greenparkmo,green park,MO,MO,100.0
magnetne,magnetms,magnet,NE,MS,80.0
missionwoodks,missionwoodks,mission wood,KS,KS,90.5
concowca,concowok,concow,CA,OK,90.5
playafortunapr,playafortunapr,playa fortuna,PR,PR,100.0
cullenla,cullenla,cullen,LA,LA,100.0
washingtonut,washingtonut,washington,UT,UT,100.0
rbuysc,rbuytx,rbuy,SC,TX,75.0
woodbridgeva,woodbridgeva,woodbridge,VA,VA,100.0
gumbarnchga,gumbarnchwa,gumbarnch,GA,WA,70.0
southsideal,southsideal,southside,AL,AL,100.0
supremela,supremela,supreme,LA,LA,100.0
nortfieldmn,nortfieldmn,nortfield,MN,MN,90.0
mattoonjil,mattoonjil,mattoonj,IL,IL,90.5
pocahnotasmo,pocahnotasar,pocahnotas,MO,AR,90.0
kingsparkva,kingsparkva,kings park,VA,VA,100.0
hamiltonsquarenj,hamiltonsquarenj,hamilton square,NJ,NJ,100.0
kanopolisks,kanopolisnc,kanopolis,KS,NC,90.0
paisadeco,paisadeco,paisade,CO,CO,87.5
hawardenia,hawardenia,hawarden,IA,IA,100.0
raleighnc,raleighnc,raleigh,NC,NC,100.0
edinburgko,edinburgil,edinburg,KO,IL,100.0
longviewync,longviewia,long view,YNC,IA,75.0
reyaz,reynh,rey,AZ,NH,66.66666666666666
chigtontx,chigtonwi,chigton,TX,WI,85.71428571428571
redingtonshoreslf,redingtonshoresfl,redington shores,LF,FL,100.0
marcoislandfl,marcoislandfl,marco island,FL,FL,100.0
lusim.cintronpr,lusim.cintronpr,lusi m. cintron,PR,PR,93.33333333333333
emersonag,emersonga,emerson,AG,GA,100.0
delandil,delandmd,de land,IL,MD,85.71428571428571
pinelevelfl,pinelevelal,pine level,FL,AL,100.0
kaplanla,kaplanla,kaplan,LA,LA,100.0
millerne,millersd,miller,NE,SD,100.0
kelayrespa,kelayresnc,kelayres,PA,NC,80.0
salomeaz,salomeaz,salome,AZ,AZ,100.0
berlinnj,berlinnj,berlin,NJ,NJ,100.0
bryantar,bryantar,bryant,AR,AR,100.0
roynm,royut,roy,NM,UT,100.0
awllsdl,awllaz,awll,SDL,AZ,75.0
schurzqnv,schurzqtx,schurzq,NV,TX,71.42857142857143
elidanm,elidaoh,elida,NM,OH,100.0
chimneyrockvillagenc,chimneyrockvillagefl,chimney rock village,NC,FL,71.42857142857143
burnettsvillein,burnettsvilletx,burnettsville,IN,TX,90.5
rockspringswy,rockspringswy,rock springs,WY,WY,100.0
grahamga,grahamme,graham,GA,ME,100.0
addisonv,addisonal,addison,V,AL,100.0
troyinc,troyinc,troyi,NC,NC,90.5
rokvilleiyj,rokvillect,rokville,IYJ,CT,88.88888888888889
larnedks,larnedks,larned,KS,KS,100.0
bellehavenva,bellehavenva,belle haven,VA,VA,100.0
skidmoreom,skidmoreca,skidmore,OM,CA,62.5
coldwatrmi,coldwatrmi,coldwatr,MI,MI,88.88888888888889
cochranewi,cochranega,cochrane,WI,GA,90.5
darbyvilleoh,darbyvillepa,darbyville,OH,PA,90.5
fiskmo,fiskwa,fisk,MO,WA,60.0
newvilleal,newvillepa,newville,AL,PA,100.0
collnisvilleva,collnisvilleva,collnisville,VA,VA,100.0
statelinecityin,statelinecitypa,state line city,IN,PA,90.5
somersworthnh,somersworthnh,somersworth,NH,NH,100.0
lockhavenpa,lockhavenpa,lock haven,PA,PA,100.0
toledoia,toledoia,toledo,IA,IA,100.0
northlakeportca,northlakeportca,north lakeport,CA,CA,100.0
matawawa,matawawa,ma tawa,WA,WA,85.71428571428571
foleyal,foleyal,foley,AL,AL,100.0
cottonwoodca,cottonwoodca,cottonwood,CA,CA,100.0
spokbnevalleywa,spokbnevalleywa,spokbne valley,WA,WA,92.85714285714286
pinsonal,pinsonal,pinson,AL,AL,100.0
sunfieldmi,sunfieldar,sunfield,MI,AR,77.77777777777779
wallaceuca,wallacefl,wallace,UCA,FL,100.0
pioneerca,pioneerca,pioneer,CA,CA,100.0
centreislandny,centreislandal,centre island,NY,AL,90.5
rectorar,rectorar,rector,AR,AR,100.0
oldsaybrookcenterct,oldsaybrookcenterct,old saybrook center,CT,CT,100.0
sasakwaok,sasakwaaz,sasakwa,OK,AZ,90.5
grantparkil,grantparkil,grant park,IL,IL,100.0
abbyvilleks,abbyvilleal,abbyville,KS,AL,88.88888888888889
carawayar,carawayar,caraway,AR,AR,100.0
oakleyid,oakleyca,oakley,ID,CA,100.0
hawaiianardensca,hawaiianardensca,hawaiian ardens,CA,CA,93.75
marionla,marional,marion,LA,AL,100.0
waynesburgpa,waynesburgpa,waynesburg,PA,PA,100.0
shoshoniwy,shoshonimo,shoshoni,WY,MO,90.5
bethaltoil,bethaltoil,bethalto,IL,IL,100.0
palmertonfa,palmertonpa,palmerton,FA,PA,100.0
bellemeadeky,bellemeadetn,bellemeade,KY,TN,90.9090909090909
mansfieydar,mansfieydar,mansfieyd,AR,AR,88.88888888888889
monouria,monouroh,monour,IA,OH,83.33333333333334
cloverdaleca,cloverdaleca,cloverdale,CA,CA,100.0
mulberryr,mulberryar,mulberry,R,AR,100.0
northgranbyct,northgranbyct,north granby,CT,CT,100.0
wetehringtonoh,wetehringtonoh,wetehrington,OH,OH,91.66666666666666
frankfortfin,frankfortfin,frankfortf,IN,IN,90.5
hoewtx,hoewtx,hoew,TX,TX,75.0
kenvilnj,kenvilnj,kenvil,NJ,NJ,100.0
westroylakemn,westroylaketx,west roy lake,MN,TX,90.5
selmertn,selmertn,selmer,TN,TN,100.0
manchestermd,manchestermd,manchester,MD,MD,100.0
glyndonmn,glyndonmn,glyndon,MN,MN,100.0
westkootenaimt,westkootenaitx,west kootenai,MT,TX,90.5
northdelandf,northdelandfl,north deland,F,FL,100.0
rarennatx,rarennaca,rarenna,TX,CA,100.0
wilsonwy,wilsonwy,wilson,WY,WY,100.0
pittsburgks,pittsburgks,pittsburg,KS,KS,100.0
bellavistaca,bellavistaca,bella vista,CA,CA,100.0
winstedmn,winstedmn,winsted,MN,MN,100.0
lockportla,lockportla,lockport,LA,LA,100.0
senecasd,senecail,seneca,SD,IL,100.0
bethesdaoh,bethesdaoh,bethesda,OH,OH,100.0
ruralretreatva,ruralretreatva,rural retreat,VA,VA,100.0
peloinsc,peloinil,peloin,SC,IL,75.0
formannd,formannd,forman,ND,ND,100.0
powdersvillesc,powdersvillesc,powdersville,SC,SC,100.0
avonlakeoh,avonlakeoh,avon lake,OH,OH,100.0
potomacheightsmd,potomacheightsmd,potomac heights,MD,MD,100.0
oatfieldroq,oatfieldror,oatfieldr,OQ,OR,90.5
noranem,noraal,nora,NEM,AL,75.0
mathenywv,mathenyca,matheny,WV,CA,100.0
altonail,altonail,altona,IL,IL,90.5
wileyfordwv,wileyfordwv,wiley ford,WV,WV,100.0
elmiramca,elmirany,elmira,MCA,NY,100.0
charlescityva,charlescityva,charles city,VA,VA,100.0
wanatahin,wanatahin,wanatah,IN,IN,100.0
legendlaewi,legendlaewi,legend lae,WI,WI,90.9090909090909
scobeymt,scobeymt,scobey,MT,MT,100.0
hightstownnj,hightstownnj,hightstown,NJ,NJ,100.0
johnstownco,johnstownco,johnstown,CO,CO,100.0
latinaranchtx,latinaranchca,la tina ranch,TX,CA,78.57142857142857
mountsavagemd,mountsavageny,mount savage,MD,NY,81.81818181818183
livingstonal,livingstonal,livingston,AL,AL,100.0
eastmddleburyvt,eastmddleburyar,east mddlebury,VT,AR,87.5
mariettail,mariettaga,marietta,IL,GA,100.0
brownsvillefl,brownsvillefl,brownsville,FL,FL,100.0
buffalogaptx,buffalogaptx,buffalo gap,TX,TX,90.5
nssuabaytx,nssuabaytx,nssua bay,TX,TX,90.0
uqicyfl,uqicyfl,uqicy,FL,FL,66.66666666666666
sinkingspringoh,sinkingspringpa,sinking spring,OH,PA,100.0
francesvilein,francesvileut,francesvile,IN,UT,85.71428571428571
kaumakanihi,kaumakanila,kaumakani,HI,LA,80.0
griftonnc,griftonnc,grifton,NC,NC,100.0
watertownfl,watertownfl,watertown,FL,FL,100.0
geneseeco,geneseeco,genesee,CO,CO,100.0
warmspringsca,warmspringsmt,warm springs,CA,MT,100.0
cawkercityks,cawkercityin,cawker city,KS,IN,81.81818181818183
dobbsferryny,dobbsferryny,dobbs ferry,NY,NY,100.0
parshallnd,parshallnd,parshall,ND,ND,100.0
blankettx,blanketmn,blanket,TX,MN,83.33333333333334
mccrackenks,mccrackenla,mccracken,KS,LA,85.71428571428571
pageparkfl,pageparkaz,page park,FL,AZ,90.5
langstonal,langstonok,langston,AL,OK,100.0
quincyma,quincyma,quincy,MA,MA,100.0
ewingcl,ewingnj,ewing,CL,NJ,100.0
fostercityca,fostercityca,foster city,CA,CA,100.0
wedgefieldsc,wedgefieldsc,wedgefield,SC,SC,100.0
st.marysks,st.marysga,st. marys,KS,GA,100.0
trinidadtx,trinidadco,trinidad,TX,CO,100.0
grahamga,grahamme,graham,GA,ME,100.0
gappa,gappa,gap,PA,PA,100.0
forestglenmd,forestglenmd,forest glen,MD,MD,100.0
phillipsburgnj,phillipsburgnj,phillipsburg,NJ,NJ,100.0
idavilleor,idavilleco,idaville,OR,CO,77.77777777777779
ottawaks,ottawaks,ottawa,KS,KS,100.0
bricescreeknc,bricescreeknc,brices creek,NC,NC,100.0
orchardco,orchardwa,orchard,CO,WA,87.5
allensworthca,allensworthin,allensworth,CA,IN,90.5
mountoliveal,mountoliveal,moun tolive,AL,AL,90.9090909090909
albionca,albionil,albion,CA,IL,100.0
lakebuckhornoh,lakebuckhornak,lake buckhorn,OH,AK,80.0
bridgevillede,bridgevillede,bridgeville,DE,DE,100.0
tranquillityca,tranquillitymn,tranquillity,CA,MN,80.0
estcadaor,estcadaor,estcada,OR,OR,87.5
wheatonmd,wheatonmd,wheaton,MD,MD,100.0
omegaga,omegaga,omega,GA,GA,100.0
albertcityia,albertcityil,albert city,IA,IL,83.33333333333334
elmwoodparkilo,elmwoodparkil,elmwood park,ILO,IL,100.0
rodeonm,rodeoca,rodeo,NM,CA,100.0
kentin,kentct,kent,IN,CT,100.0
greenparkmo,greenparkmo,green park,MO,MO,100.0
cullomburgla,cullomburgca,cullomburg,LA,CA,75.0
nubieberca,nubieberor,nubieber,CA,OR,75.0
merhfieldhillsma,merhfieldhillsma,merhfield hills,MA,MA,87.5
mamoula,mamoula,mamou,LA,LA,100.0
barnarlmo,barnarlnj,barnarl,MO,NJ,83.33333333333334
filleyne,filleynd,filley,NE,ND,100.0
ioiami,ioiami,ioia,MI,MI,80.0
gdedingca,gdedingid,gdeding,CA,ID,85.71428571428571
pakalavillagehi,pakalavillagehi,pakala village,HI,HI,83.33333333333334
oaksok,oaksnd,oaks,OK,ND,80.0
butlerwi,butlerwi,butler,WI,WI,100.0
corriganvillemd,corriganvilletx,corriganville,MD,TX,90.5
charlottetn,charlottetn,charlotte,TN,TN,100.0
oxfordks,oxfordks,oxford,KS,KS,100.0
kistlerwv,kistlerca,kistler,WV,CA,71.42857142857143
oakviewmo,oakviewca,oakview,MO,CA,87.5
laderaranchca,laderaranchca,ladera ranch,CA,CA,100.0
empirela,empireca,empire,LA,CA,100.0
moncurenc,moncureok,moncure,NC,OK,80.0
biglagoona,biglagoonak,big lagoon,A,AK,75.0
armonaca,armonaca,armona,CA,CA,100.0
whierocknm,whierocknm,whie rock,NM,NM,90.0
brentwoodtn,brentwoodtn,brentwood,TN,TN,100.0
burnsvillenc,burnsvillenc,burnsville,NC,NC,100.0
haltomcitytx,haltomcitytx,haltom city,TX,TX,100.0
suncitywestaz,suncitywestaz,sunc ity west,AZ,AZ,100.0
stirlingcityca,stirlingcitytx,stirling city,CA,TX,100.0
massenaia,massenany,massena,IA,NY,100.0
eddyvilleyk,eddyvilleia,eddyville,YK,IA,100.0
sibleyla,sibleyla,sibley,LA,LA,100.0
hodca,hodtx,hod,CA,TX,60.0
osceolane,osceolane,osceola,NE,NE,100.0
gladeviewfl,gladeviewfl,gladeview,FL,FL,100.0
edgewoodmd,edgewoodmd,edgewood,MD,MD,100.0
taftheightsca,taftheightsca,taft heights,CA,CA,100.0
texolaok,texolaal,texola,OK,AL,66.66666666666666
starkcitymo,starkcityid,stark city,MO,ID,90.5
cablewi,cableil,cable,WI,IL,75.0
landfallmn,landfallca,landfall,MN,CA,80.0
hadarne,hadarks,hadar,NE,KS,83.33333333333334
lemoorestationca,lemoorestationca,lemoore station,CA,CA,100.0
tyrnervilleyw,tyrnervillega,tyrnerville,YW,GA,83.33333333333334
haganga,hagania,hagan,GA,IA,80.0
canaansct,canaanct,canaan,SCT,CT,100.0
keneficok,keneficpa,kenefic,OK,PA,90.5
franklinks,franklinga,franklin,KS,GA,100.0
daytonoh,daytonoh,dayton,OH,OH,100.0
camdenil,camdenal,camden,IL,AL,100.0
driftwoodtx,driftwoodil,driftwood,TX,IL,77.77777777777779
newchapelhilltx,newchapelhillny,new chapel hill,TX,NY,70.0
st.peteril,st.petermn,st. peter,IL,MN,72.72727272727273
inglewoodne,inglewoodca,inglewood,NE,CA,100.0
indianshoresf,indianshoresfl,indian shores,F,FL,100.0
marquetteps,marquettemi,marquette,PS,MI,100.0
pasadenatca,pasadenatca,pasadenat,CA,CA,90.5
saitllaga,saitllaak,saitlla,GA,AK,85.71428571428571
gardencitynn,gardencityga,garden city,NN,GA,100.0
careyog,careyoh,carey,OG,OH,100.0
laquintaca,laquintaca,la quinta,CA,CA,100.0
springervileaz,springervileaz,springervile,AZ,AZ,92.3076923076923
bremenin,bremenin,bremen,IN,IN,100.0
reminderilleoh,reminderilleoh,reminderille,OH,OH,92.3076923076923
finlaysonhn,finlaysonoh,finlayson,HN,OH,85.71428571428571
starbrickpa,starbrickid,starbrick,PA,ID,90.5
somersetin,somersetky,somerset,IN,KY,100.0
collinsvilleil,collinsvilleil,collinsville,IL,IL,100.0
brockportny,brockportny,brockport,NY,NY,100.0
dllwoodmo,dllwoodmo,dllwood,MO,MO,87.5
mltonin,mltonde,mlton,IN,DE,83.33333333333334
rioblancopr,rioblancowi,rio blanco,PR,WI,90.5
alesd,alega,ale,SD,GA,75.0
richsquarenc,richsquaremn,rich square,NC,MN,75.0
ardercreekmt,ardercreeknc,arder creek,MT,NC,90.9090909090909
bessemerpa,bessemerpa,bessemer,PA,PA,100.0
rockypointny,rockypointny,rocky point,NY,NY,100.0
portervilleca,portervilleca,porterville,CA,CA,100.0
sugarcityco,sugarcityid,sugar city,CO,ID,100.0
pinebendmn,pinebendaz,pine bend,MN,AZ,90.5
grandviewin,grandviewil,grandview,IN,IL,100.0
peeversd,peeverwi,peever,SD,WI,100.0
queenslandmd,queenslandny,queensland,MD,NY,90.5
skykomishwa,skykomishtx,skykomish,WA,TX,83.33333333333334
uniontownal,uniontownal,uniontown,AL,AL,100.0
waimanalohi,waimanalohi,waimanalo,HI,HI,100.0
millardmo,millardmo,millard,MO,MO,85.71428571428571
loshuisachestx,loshuisachesca,los huisaches,TX,CA,70.0
holtsvilleny,holtsvilleny,holtsville,NY,NY,100.0
shickshiznypak,shickshiznyok,shickshizny,PAK,OK,66.66666666666666
cofieldnc,cofieldtn,cofield,NC,TN,77.77777777777779
druidhillsga,druidhillsga,druid hills,GA,GA,100.0
amoin,amofl,amo,IN,FL,75.0
eversonpa,eversonwa,everson,PA,WA,100.0
mccozdok,mccozdok,mccozd,OK,OK,83.33333333333334
brulewi,brulems,brule,WI,MS,80.0
pemberwickct,pemberwickct,pemberwick,CT,CT,100.0
molineks,molineil,moline,KS,IL,100.0
pittsfieldma,pittsfieldma,pittsfield,MA,MA,100.0
bellevillewi,bellevillewi,belleville,WI,WI,100.0
elynv,elynv,ely,NV,NV,100.0
witlonca,witlonca,witlon,CA,CA,83.33333333333334
brookvillein,brookvillein,brookville,IN,IN,100.0
glenparkny,glenparktx,glen park,NY,TX,81.81818181818183
stroudok,stroudok,stroud,OK,OK,100.0
gracevillefl,gracevillefl,graceville,FL,FL,100.0
emrident,emridenct,emriden,T,CT,85.71428571428571
parlieca,parlieca,parlie,CA,CA,85.71428571428571
laskernc,laskerla,lasker,NC,LA,83.33333333333334
mortonsfgapky,mortonsfgapil,mortonsfgap,KY,IL,90.5
farmnigtonde,farmnigtonar,farmnigton,DE,AR,90.0
farmlanin,farmlanin,farmlan,IN,IN,87.5
kentfieldca,kentfieldca,kentfield,CA,CA,100.0
belwoodnc,belwoodil,belwood,NC,IL,87.5
hickoryvalleytn,hickoryvalleync,hickory valley,TN,NC,90.5
elbertco,elbertal,elbert,CO,AL,85.71428571428571
shadyhollowtx,shadyhollowtx,shady hollow,TX,TX,100.0
edebrochi,edebrocca,edeb roc,HI,CA,75.0
derbylinevt,derbylineco,derby line,VT,CO,90.5
robertsil,robertswi,roberts,IL,WI,100.0
hountaingateac,hountaingateco,hountain gate,AC,CO,87.5
middlepointoh,middlepointor,middle point,OH,OR,83.33333333333334
grandjunctiontnf,grandjunctionco,grand junction,TNF,CO,100.0
newroadsla,newroadsla,new roads,LA,LA,100.0
gliddenwi,gliddenia,glidden,WI,IA,100.0
aventurafl,aventurafl,aventura,FL,FL,100.0
newbostoil,newbostonh,new bosto,IL,NH,90.0
clarksvillein,clarksvillein,clarksville,IN,IN,100.0
brusselsil,brusselswi,brussels,IL,WI,100.0
ryear,ryenh,rye,AR,NH,100.0
harrisvillemi,harrisvillemi,harrisville,MI,MI,100.0
montezumaco,montezumaga,montezuma,CO,GA,100.0
waleswi,waleswi,wales,WI,WI,100.0
waldowi,waldoar,waldo,WI,AR,100.0
elbamn,elbaal,elba,MN,AL,100.0
darilnga,darilnga,dariln,GA,GA,83.33333333333334
brooklynheightsoh,brooklynheightsoh,brooklyn heights,OH,OH,100.0
chunchulaal,chunchulamn,chunchula,AL,MN,83.33333333333334
st.helenanc,st.helenaar,st. helena,NC,AR,81.81818181818183
rutlandnd,rutlandma,rutland,ND,MA,100.0
columbineco,columbineco,columbine,CO,CO,100.0
templehillsmd,templehillsmd,temple hills,MD,MD,100.0
roanokerapidscn,roanokerapidsnc,roanoke rapids,CN,NC,100.0
popponesstislandma,popponesstislandca,popponess t island,MA,CA,90.5
aguadulcetx,aguadulcetx,agua dulce,TX,TX,100.0
salixpa,salixpa,salix,PA,PA,100.0
campbellhillil,campbellhillca,campbell hill,IL,CA,90.5
hepzibahvw,hepzibahga,hepzibah,VW,GA,88.88888888888889
halmamn,halmaal,halma,MN,AL,83.33333333333334
southdospalosa,southdospalosca,south dos palos,A,CA,100.0
leisurevillageeastnj,leisurevillageeastnj,leisure village east,NJ,NJ,100.0
newcordellok,newcordellin,new cordell,OK,IN,75.0
ansonvillenc,ansonvillein,ansonville,NC,IN,100.0
carolinabeachnc,carolinabeachnc,carolina beach,NC,NC,100.0
pimaaz,pimaaz,pima,AZ,AZ,100.0
seymourwi,seymourwi,seymour,WI,WI,100.0
scribnerane,scribnerla,scribner,ANE,LA,66.66666666666666
arnettok,arnettok,arnett,OK,OK,100.0
coyoteacrestx,coyoteacresar,coyote acres,TX,AR,80.0
muleshoetx,muleshoetx,muleshoe,TX,TX,100.0
whittleseywi,whittleseyfl,whittlesey,WI,FL,83.33333333333334
buddlakejn,buddlakenj,budd lake,JN,NJ,100.0
endicottny,endicottny,endicott,NY,NY,100.0
flndersny,flndersny,flnders,NY,NY,87.5
fivepontsnxc,fivepontsfl,five ponts,NXC,FL,90.9090909090909
ernstvillemd,ernstvillemd,ernstville,MD,MD,81.81818181818183
bellair-meadowbrookterracefl,bellair-meadowbrookterracefl,bellair-meadowbrook terrace,FL,FL,100.0
picurispueblonm,picurispuebloca,picuris pueblo,NM,CA,75.0
koppelpa,koppeltx,koppel,PA,TX,75.0
englevalend,englevaleny,englevale,ND,NY,88.88888888888889
rockwellia,rockwellia,rockwell,IA,IA,100.0
lintonhallva,lintonhallva,linton hall,VA,VA,100.0
reservemt,reservela,reserve,MT,LA,100.0
hardrockz,hardrockmi,hard rock,Z,MI,77.77777777777779
waynene,waynene,wayne,NE,NE,100.0
northpuyallupwa,northpuyallupwa,north puyallup,WA,WA,100.0
donnybrooknd,donnybrookin,donnybrook,ND,IN,90.5
glenviwky,glenviwil,glenviw,KY,IL,87.5
aglenamo,aglenami,aglena,MO,MI,85.71428571428571
mitonnd,mitonde,miton,ND,DE,83.33333333333334
mcclenneytractca,mcclenneytractfl,mcclenney tract,CA,FL,88.88888888888889
glenkalesc,glenkaleaz,glenkale,SC,AZ,87.5
mountainhomeid,mountainhomeid,mountain home,ID,ID,100.0
reynoldsin,reynoldsga,reynolds,IN,GA,100.0
elwoodin,elwoodin,elwood,IN,IN,100.0
llcversc,llcversc,llcver,SC,SC,83.33333333333334
bartlettne,bartlettne,bartlett,NE,NE,100.0
statelinecityin,statelinecitypa,state line city,IN,PA,90.5
modesttownva,modesttownca,modest town,VA,CA,85.71428571428571
davenportnd,davenportfl,davenport,ND,FL,100.0
gardinermt,gardinerme,gardiner,MT,ME,100.0
flordiatownfl,flordiatownny,flordiatown,FL,NY,85.71428571428571
carlsborgwa,carlsborgca,carlsborg,WA,CA,75.0
lakecitymn,lakecitymn,lake city,MN,MN,100.0
edisonwa,edisonga,edison,WA,GA,100.0
williamsburgia,williamsburgia,williamsburg,IA,IA,100.0
psasaicmo,psasaicnj,psasaic,MO,NJ,100.0
centennialvarkaz,centennialvarkaz,centennial vark,AZ,AZ,93.33333333333333
catawbasc,catawbasc,catawba,SC,SC,100.0
senecagardensky,senecagardensfl,seneca gardens,KY,FL,92.85714285714286
martinsvillenj,martinsvillenj,martinsville,NJ,NJ,100.0
fortmadisnoia,fortmadisnoia,fort madisno,IA,IA,91.66666666666666
crossmountainxt,crossmountaintx,cross mountain,XT,TX,100.0
seventhmountainor,seventhmountainmd,seventh mountain,OR,MD,83.33333333333334
astorfl,astorfl,astor,FL,FL,100.0
lakevalleynm,lakevalleyil,lake valley,NM,IL,90.0
allagatorms,allagatorga,allagator,MS,GA,90.5
barrytx,barryil,barry,TX,IL,100.0
tarltonghb,tarltonmd,tarlton,GHB,MD,100.0
lemannvillela,lemannvillefl,lemannville,LA,FL,85.71428571428571
mayfieldp,mayfieldky,mayfield,P,KY,100.0
amsterdamoh,amsterdamny,amsterdam,OH,NY,100.0
hrdinsburgky,hrdinsburgky,hrdinsburg,KY,KY,90.9090909090909
capemaycourthousenj,capemaycourthousenj,cape may court house,NJ,NJ,100.0
paloblancotx,paloblancoia,palo blanco,TX,IA,90.5
humboldtia,humboldtia,humboldt,IA,IA,100.0
westaltobonitoxo,westaltobonitotx,west alto bonito,XO,TX,90.5
wakefieldmi,wakefieldmi,wakefield,MI,MI,100.0
duluthga,duluthga,duluth,GA,GA,100.0
mosspofntms,mosspofntms,moss pofnt,MS,MS,90.0
imbleror,imblerpa,imbler,OR,PA,83.33333333333334
presqueisleharbromi,presqueisleharbrome,presque isle harbro,MI,ME,90.5
echout,echout,echo,UT,UT,60.0
effinghamks,effinghamil,effingham,KS,IL,100.0
uniongrovetx,uniongrovewi,union grove,TX,WI,100.0
springvalleyky,springvalleyaz,spring valley,KY,AZ,100.0
brigleytn,brigleyar,brigley,TN,AR,75.0
mccalli,mccallaz,mccall,I,AZ,100.0
westnanticokepa,westnanticoketx,west nanticoke,PA,TX,90.5
sarahannwv,sarahanntx,sarah ann,WV,TX,80.0
newfldenmn,newfldenme,newflden,MN,ME,75.0
hroaceks,hroacend,hroace,KS,ND,83.33333333333334
redvaleco,redvaleca,redvale,CO,CA,75.0
montgomeryla,montgomeryal,montgomery,LA,AL,100.0
bulverdeax,bulverdetx,bulverde,AX,TX,100.0
suffielddepotct,suffielddepotct,suffield depot,CT,CT,100.0
sidneyne,sidneyne,sidney,NE,NE,100.0
shelltwy,shellid,shell,TWY,ID,71.42857142857143
homewa,homewa,home,WA,WA,100.0
breezypolntmn,breezypolntmn,breezy polnt,MN,MN,91.66666666666666
althafl,althafl,altha,FL,FL,80.0
rushvillemo,rushvilleil,rushville,MO,IL,100.0
doverid,doverar,dover,ID,AR,100.0
pentonal,pentonga,penton,AL,GA,85.71428571428571
christianatn,christianatn,christiana,TN,TN,100.0
salinasac,salinasca,salinas,AC,CA,100.0
cambridgeil,cambridgeil,cambridge,IL,IL,100.0
washougalwa,washougalwa,washougal,WA,WA,100.0
woodlawnm,woodlawnil,woodlawn,M,IL,100.0
oxfordne,oxfordal,oxford,NE,AL,100.0
santaanaca,santaanaca,santa ana,CA,CA,100.0
westpalmbeachfl,westpalmbeachfl,west palm beach,FL,FL,100.0
lveitnownpr,lveitnownpr,lveitnown,PR,PR,88.88888888888889
mexicomo,mexicomo,mexico,MO,MO,100.0
manuelgarciatx,manuelgarciatx,manuel garcia,TX,TX,83.33333333333334
elkgroveca,elkgroveca,elk grove,CA,CA,100.0
baldwinga,baldwinga,baldwin,GA,GA,100.0
nseadal,nseadfl,nsead,AL,FL,83.33333333333334
gatesor,gatesaz,gates,OR,AZ,75.0
hungerfordtx,hungerfordoh,hungerford,TX,OH,83.33333333333334
spokanecreekdmt,spokanecreekwa,spokane creek,DMT,WA,90.5
sedonaaz,sedonaaz,sedona,AZ,AZ,100.0
blocktonia,blocktonma,blockton,IA,MA,87.5
rioblancopr,rioblancowi,rio blanco,PR,WI,90.5
louisvilleoh,louisvilleoh,louisville,OH,OH,100.0
naturalbridgeal,naturalbridgela,natural bridge,AL,LA,85.71428571428571
sunsettx,sunsetfl,sunset,TX,FL,100.0
fatihsd,fatihca,fatih,SD,CA,75.0
bridgevillede,bridgevillede,bridgeville,DE,DE,100.0
bathewv,bathme,bath,EWV,ME,100.0
chesteria,chesterca,chester,IA,CA,100.0
bourbonmo,bourbonmo,bourbon,MO,MO,100.0
viennasd,viennaga,vienna,SD,GA,100.0
marissail,marissail,marissa,IL,IL,100.0
estellinetx,estellineca,estelline,TX,CA,88.88888888888889
lakemohawknj,lakemohawknj,lake mohawk,NJ,NJ,100.0
nasellewa,naselleil,naselle,WA,IL,87.5
newberrysc,newberrysc,newberry,SC,SC,100.0
burkeva,burkeva,burke,VA,VA,100.0
garettpa,garettca,garett,PA,CA,100.0
fergusfallsmn,fergusfallsmn,fergus falls,MN,MN,100.0
waxahachietx,waxahachietx,waxahachie,TX,TX,100.0
phippsburgcf,phippsburgme,phippsburg,CF,ME,100.0
martinsburgmo,martinsburgpa,martinsburg,MO,PA,100.0
annandalenj,annandalenj,annandale,NJ,NJ,100.0
palmdaleca,palmdaleca,palmdale,CA,CA,100.0
whitecloudi,whitecloudmi,white cloud,I,MI,100.0
highgrovec,highgroveca,highgrove,C,CA,100.0
mitchellga,mitchellil,mitchell,GA,IL,100.0
rollinghillsky,rollinghillsca,rolling hills,KY,CA,100.0
icehousecanyonaz,icehousecanyonca,icehouse canyon,AZ,CA,75.0
oksprisgsaz,oksprisgswy,ok sprisgs,AZ,WY,83.33333333333334
fairfieldgladetn,fairfieldgladetn,fairfield glade,TN,TN,100.0
pabplicosc,pabplicosc,pabplico,SC,SC,87.5
ploveria,ploverwi,plover,IA,WI,100.0
rusotnla,rusotnla,rusotn,LA,LA,83.33333333333334
woodlakemn,woodlakeil,wood lake,MN,IL,88.88888888888889
glendoraj,glendoraca,glendora,J,CA,100.0
newportoh,newportoh,newport,OH,OH,100.0
shontoaz,shontoct,shonto,AZ,CT,85.71428571428571
fillmoreil,fillmoreca,fillmore,IL,CA,100.0
buckshotaz,buckshotme,buckshot,AZ,ME,77.77777777777779
ogemawiv,ogemaga,ogema,WIV,GA,80.0
farmersvilleil,farmersvilleca,farmersville,IL,CA,100.0
maustonwi,maustonwi,mauston,WI,WI,100.0
koontzlakein,koontzlakein,koontz lake,IN,IN,100.0
nebwurgwi,nebwurgwi,nebwurg,WI,WI,85.71428571428571
marionla,marional,marion,LA,AL,100.0
pleasanthillia,pleasanthillia,pleasant hill,IA,IA,100.0
butlervilleoh,butlervillemi,butlerville,OH,MI,90.9090909090909
grovelandid,grovelandfl,groveland,ID,FL,100.0
garysonok,garysonin,garyson,OK,IN,90.5
ceibapr,ceibapr,ceiba,PR,PR,100.0
iatanmo,iatanla,iatan,MO,LA,90.5
gerevanleny,gerevanleny,gerevanle,NY,NY,83.33333333333334
hughessprinsgtx,hughessprinsgtx,hughes sprinsg,TX,TX,92.85714285714286
sotuhgatefl,sotuhgatefl,sotuhgate,FL,FL,88.88888888888889
daytojx,daytoin,dayto,JX,IN,83.33333333333334
oilcityla,oilcitypa,oil city,LA,PA,100.0
buckinghamcourthouseva,buckinghamcourthouseva,buckingham courthouse,VA,VA,90.5
fnrmingdalegy,fnrmingdaleme,fnrmingdale,GY,ME,100.0
mounthermonza,mounthermonca,mount hermon,ZA,CA,100.0
howey-i-the-hillsfl,howey-i-the-hillsfl,howey-i-the-hills,FL,FL,94.44444444444444
thomasok,thomasok,thomas,OK,OK,100.0
warsawmo,warsawmo,warsaw,MO,MO,100.0
sutto-nalpineak,sutto-nalpineak,sutto-nalpine,AK,AK,92.3076923076923
bellwoodpa,bellwoodpa,bellwood,PA,PA,100.0
olindaih,olindaca,olinda,IH,CA,83.33333333333334
reedcreeka,reedcreekga,reed creek,A,GA,100.0
katnscitypf,katnscitytx,katns city,PF,TX,81.81818181818183
shannonms,shannonms,shannon,MS,MS,100.0
ranchocucamongaca,ranchocucamongaca,rancho cucamonga,CA,CA,100.0
lewisvillemn,lewisvillear,lewisville,MN,AR,100.0
chewevahwa,chewevahwa,chewevah,WA,WA,87.5
hopatcongnj,hopatcongnj,hopatcong,NJ,NJ,100.0
venturaia,venturaca,ventura,IA,CA,100.0
twinlakesnm,twinlakesnm,twin lakes,NM,NM,100.0
casperwy,casperwy,casper,WY,WY,100.0
seabrookfarmsnj,seabrookfarmsnj,seabrook farms,NJ,NJ,100.0
madisnheightsmi,madisnheightsmi,madisn heights,MI,MI,93.33333333333333
mckeeky,mckeeky,mckee,KY,KY,100.0
applecanyonlakeil,applecanyonlakepa,apple canyon lake,IL,PA,90.5
lexingtonky,lexingtonky,lexington,KY,KY,100.0
albami,albaal,alba,MI,AL,100.0
gravettear,gravettear,gravette,AR,AR,100.0
hughesvillepa,hughesvillepa,hughesville,PA,PA,100.0
centervilleia,centervilleia,centerville,IA,IA,100.0
cedargrovefl,cedargrovefl,cedar grove,FL,FL,100.0
hydenky,hydenky,hyden,KY,KY,100.0
ravennatx,ravennami,ravenna,TX,MI,100.0
comancheok,comancheok,comanche,OK,OK,100.0
argonnewi,argonneal,argonne,WI,AL,90.5
mortonms,mortonms,morton,MS,MS,100.0
sunizonaaz,sunizonaal,sunizona,AZ,AL,85.71428571428571
st.petersburgpa,st.petersburgfl,st. petersburg,PA,FL,100.0
srpinglaketx,srpinglaketx,srpinglake,TX,TX,83.33333333333334
unalakleetak,unalakleetca,unalakleet,AK,CA,88.88888888888889
pottsgrovepa,pottsgrovepa,pottsgrove,PA,PA,100.0
tqmbstoneaz,tqmbstoneaz,tqmbstone,AZ,AZ,88.88888888888889
fayettemo,fayettemo,fayette,MO,MO,100.0
lovelandco,lovelandco,loveland,CO,CO,100.0
flemingtonwv,flemingtonnj,flemington,WV,NJ,100.0
salema,salemar,salem,A,AR,100.0
lincroftnj,lincroftnj,lincroft,NJ,NJ,100.0
howardcitymi,howardcitymi,howard city,MI,MI,100.0
chelseaok,chelseaok,chelsea,OK,OK,100.0
trego-rohrersvillestationmd,trego-rohrersvillestationmi,trego-rohrersville station,MD,MI,69.23076923076923
elvodnc,elvodnv,elvod,NC,NV,75.0
winfieldia,winfieldia,winfield,IA,IA,100.0
mabieca,mabienm,mabie,CA,NM,80.0
merrittislandfl,merrittislandfl,merritt island,FL,FL,100.0
universityparkmd,universityparkmd,university park,MD,MD,100.0
forestvillepa,forestvilleca,forestville,PA,CA,100.0
desotoia,desotoia,de soto,IA,IA,100.0
dalevillewa,dalevilleal,daleville,WA,AL,100.0
wascoca,wascoca,wasco,CA,CA,100.0
hoovenoh,hoovenal,hooven,OH,AL,83.33333333333334
kupreanofak,kupreanofhi,kupreanof,AK,HI,71.42857142857143
templetonva,templetonca,templeton,VA,CA,100.0
powersor,powersmo,powers,OR,MO,80.0
springlakeparkmn,springlakeparkmn,spring lake park,MN,MN,100.0
quartzhillca,quartzhillca,quartz hill,CA,CA,100.0
milkyo,milkme,milk,YO,ME,75.0
langelothpa,langelothpa,langeloth,PA,PA,75.0
lofallwa,lofallwa,lofall,WA,WA,100.0
elginmn,elginmn,elgin,MN,MN,100.0
renwickia,renwickla,renwick,IA,LA,85.71428571428571
promptwnpa,promptwntn,promptwn,PA,TN,80.0
radersburgmt,radersburgmd,radersburg,MT,MD,90.0
moquinonm,moquinowi,moquino,NM,WI,83.33333333333334
equalityil,equalityca,equality,IL,CA,66.66666666666666
denmarkia,denmarkme,denmark,IA,ME,100.0
camanchenorthshorec,camanchenorthshoreia,camanche north shore,C,IA,90.5
paradisenv,paradisenv,paradise,NV,NV,100.0
miamibeachfl,miamibeachfl,miami beach,FL,FL,100.0
colomami,colomami,coloma,MI,MI,100.0
speednc,speedco,speed,NC,CO,80.0
altamontpa,altamontil,altamont,PA,IL,100.0
rapidsny,rapidsny,rapids,NY,NY,100.0
tedrowoh,tedrowny,tedrow,OH,NY,83.33333333333334
pipercityil,pipercityca,piper city,IL,CA,83.33333333333334
raubsvillepa,raubsvillepa,raubsville,PA,PA,100.0
loyalhannapa,loyalhannapa,loyalhanna,PA,PA,100.0
jamestownla,jamestownca,jamestown,LA,CA,100.0
elderonwi,elderonwa,elderon,WI,WA,87.5
edgewaterjw,edgewaterco,edgewater,JW,CO,100.0
st.ignatiusmt,st.ignatiusak,st. ignatius,MT,AK,62.5
berlinmd,berlinmd,berlin,MD,MD,100.0
franksfieldwi,franksfieldmo,franks field,WI,MO,75.0
speerspa,speerspa,speers,PA,PA,100.0
koontzlakein,koontzlakein,koontz lake,IN,IN,100.0
centerossipeenh,centerossipeeco,center ossipee,NH,CO,90.5
smithlandky,smithlandky,smithland,KY,KY,100.0
locknrytx,locknrytx,locknry,TX,TX,85.71428571428571
lowellvileoh,lowellvileoh,lowellvile,OH,OH,90.9090909090909
emelleal,emellega,emelle,AL,GA,100.0
warsawnc,warsawnc,warsaw,NC,NC,100.0
buchananva,buchananva,buchanan,VA,VA,100.0
locohillsnm,locohillsca,loco hills,NM,CA,81.81818181818183
mustangtx,mustangok,mustang,TX,OK,100.0
bathnc,bathme,bath,NC,ME,100.0
rustonwa,rustonla,ruston,WA,LA,100.0
endersne,endersne,enders,NE,NE,83.33333333333334
fortfortpa,fortfortpa,fort fort,PA,PA,90.0
druidhillsga,druidhillsga,druid hills,GA,GA,100.0
bradentonfl,bradentonfl,bradenton,FL,FL,100.0
walnutks,walnutca,walnut,KS,CA,100.0
langdonks,langdonnd,langdon,KS,ND,100.0
miamitx,miamitx,miami,TX,TX,100.0
berrycreekca,berrycreekca,berry creek,CA,CA,100.0
husliaak,husliaid,huslia,AK,ID,75.0
ellsworthpa,ellsworthks,ellsworth,PA,KS,100.0
acresgreenco,acresgreenco,acres green,CO,CO,100.0
pleasantgappa,pleasantgappa,pleasant gap,PA,PA,100.0
asburynj,asburyia,asbury,NJ,IA,100.0
veldonnc,veldonnc,veldon,NC,NC,83.33333333333334
ashvillepa,ashvilleal,ashville,PA,AL,100.0
firtvne,firtvid,firtv,NE,ID,60.0
girardoh,girardoh,girard,OH,OH,100.0
helperut,helperut,helper,UT,UT,100.0
staffordks,staffordca,stafford,KS,CA,100.0
orangelakeyn,orangelakeny,orange lake,YN,NY,100.0
pleasantvillenj,pleasantvillenj,pleasantville,NJ,NJ,100.0
moganzala,moganzaga,moganza,LA,GA,83.33333333333334
lauerlvae,lauerlde,lauerl,VAE,DE,83.33333333333334
esatmissoulamt,esatmissoulamt,esat missoula,MT,MT,92.3076923076923
moorestowm-lenolanj,moorestowm-lenolanj,moorestowm-lenola,NJ,NJ,94.11764705882352
rudolphoh,rudolphsd,rudolph,OH,SD,80.0
desmteid,desmtesd,de smte,ID,SD,85.71428571428571
huntermo,hunteroh,hunter,MO,OH,100.0
arfieldmn,arfieldnj,arfield,MN,NJ,87.5
brantlakesouthsd,brantlakesouthar,brant lake south,SD,AR,83.33333333333334
whiterocksd,whiterocknm,white rock,SD,NM,100.0
sanbenitotq,sanbenitotx,san benito,TQ,TX,100.0
twiningmi,twiningin,twining,MI,IN,85.71428571428571
ridgwayil,ridgwaypa,ridgway,IL,PA,100.0
packwjodia,packwjodca,packwjod,IA,CA,75.0
buffalcitywi,buffalcityia,buffal city,WI,IA,85.71428571428571
rockawaybeachmc,rockawaybeachor,rockaway beach,MC,OR,100.0
parkwayvillageky,parkwayvillageca,parkway village,KY,CA,90.5
marengoohb,marengoil,marengo,OHB,IL,100.0
brownstownil,brownstownin,brownstown,IL,IN,100.0
silvertonco,silvertonco,silverton,CO,CO,100.0
molenaga,molenami,molena,GA,MI,85.71428571428571
capronva,capronil,capron,VA,IL,100.0
pinebendmn,pinebendaz,pine bend,MN,AZ,90.5
yorkal,yorkal,york,AL,AL,100.0
parkwayvillageky,parkwayvillageca,parkway village,KY,CA,90.5
virgizsd,virgiznv,virgiz,SD,NV,80.0
hawaiianagrdensca,hawaiianagrdensca,hawaiian agrdens,CA,CA,93.75
soudersburgp,soudersburgpa,soudersburg,P,PA,90.9090909090909
higginsvillemo,higginsvillemo,higginsville,MO,MO,100.0
stewartstownpa,stewartstownpa,stewartstown,PA,PA,100.0
aberdeengardenswa,aberdeengardenswa,aberdeen gardens,WA,WA,90.5
southforkestatestx,southforkestatesal,south fork estates,TX,AL,81.81818181818183
staleyn,staleync,staley,N,NC,85.71428571428571
timberlakesut,timberlakessd,timber lakes,UT,SD,90.5
internationalfallsn,internationalfallsmn,international falls,N,MN,100.0
queensny,queensny,queens,NY,NY,100.0
maxtonnc,maxtonnc,maxton,NC,NC,100.0
moweaquail,moweaquail,moweaqua,IL,IL,100.0
lakeviewestatesga,lakeviewestatesga,lakeview estates,GA,GA,100.0
perrysvillei,perrysvillefl,perrysville,I,FL,90.5
heoenvillewi,heoenvillepa,heoenville,WI,PA,83.33333333333334
st.annmo,st.annga,st. ann,MO,GA,71.42857142857143
musepa,musepa,muse,PA,PA,100.0
belleriveacresom,belleriveacresal,bellerive acres,OM,AL,90.5
newkingstownpa,newkingstownpa,new kingstown,PA,PA,78.57142857142857
ririeid,ririeca,ririe,ID,CA,83.33333333333334
lancastermn,lancasterca,lancaster,MN,CA,100.0
sanctuarytx,sanctuaryks,sanctuary,TX,KS,71.42857142857143
penapobrepr,penapobrepr,pena pobre,PR,PR,90.0
hemphilltx,hemphilltx,hemphill,TX,TX,100.0
chatsworohia,chatsworohca,chatsworoh,IA,CA,90.0
columbiaal,columbiaca,columbia,AL,CA,100.0
elizabethi,elizabethco,elizabeth,I,CO,100.0
altamontny,altamontny,altamont,NY,NY,100.0
gilacrossingaz,gilacrossingma,gila crossing,AZ,MA,75.0
ebrlinga,ebrlinks,ebrlin,GA,KS,85.71428571428571
signalmountaintn,signalmountaintn,signal mountain,TN,TN,100.0
portlndsy,portlndct,portlnd,SY,CT,87.5
taospueblonm,taospueblonm,taos pueblo,NM,NM,100.0
chinohillsca,chinohillsca,chino hills,CA,CA,100.0
pelicanbaytx,pelicanbaytx,pelican bay,TX,TX,100.0
charlottecourthouseva,charlottecourthouseva,charlotte court house,VA,VA,100.0
roanokela,roanokeal,roanoke,LA,AL,100.0
linwoodpa,linwoodpa,linwood,PA,PA,100.0
grubbsar,grubbsco,grubbs,AR,CO,66.66666666666666
fincastletn,fincastletn,fincastle,TN,TN,100.0
uppersantanvillageaz,uppersantanvillageid,upper santan village,AZ,ID,83.33333333333334
flinthilla,flinthillmi,flint hill,A,MI,90.5
fairhavenmn,fairhavenma,fairhaven,MN,MA,100.0
haiglerne,haigleril,haigler,NE,IL,71.42857142857143
orangeburgny,orangeburgny,orangeburg,NY,NY,100.0
indianhillscm,indianhillsco,indian hills,CM,CO,100.0
goehnerne,goehnerok,goehner,NE,OK,85.71428571428571
statelinecityin,statelinecitypa,state line city,IN,PA,90.5
boulderflatswy,boulderflatsco,boulder flats,WY,CO,90.5
zelienoplepa,zelienoplepa,zelienople,PA,PA,100.0
senceapa,senceapa,sencea,PA,PA,83.33333333333334
prosperitysc,prosperitysc,prosperity,SC,SC,100.0
eastridgetn,eastridgetn,east ridge,TN,TN,100.0
turrellar,turrelltn,turrell,AR,TN,87.5
aredaleia,aredaleca,aredale,IA,CA,85.71428571428571
hermleightx,hermleighme,hermleigh,TX,ME,77.77777777777779
caballonm,caballoil,caballo,NM,IL,90.5
nahuntaga,nahuntaga,nahunta,GA,GA,100.0
koshkonongmo,koshkonongin,koshkonong,MO,IN,88.88888888888889
kensingtonca,kensingtonca,kensington,CA,CA,100.0
gzandwoodprakil,gzandwoodprakil,gzandwoodprak,IL,IL,85.71428571428571
eastglobeaz,eastglobeaz,east globe,AZ,AZ,75.0
summitor,summitaz,summit,OR,AZ,100.0
sevencornersa,sevencornersva,seven corners,A,VA,100.0
loganmt,logania,logan,MT,IA,100.0
noconatx,noconatx,nocona,TX,TX,100.0
kapaauhi,kapaauhi,kapaau,HI,HI,100.0
hinghammt,hinghamma,hingham,MT,MA,100.0
washburnia,washburnil,washburn,IA,IL,100.0
mounthermonca,mounthermonca,mount hermon,CA,CA,100.0
rennertnc,rennertnc,rennert,NC,NC,90.5
gidoenok,gidoenmo,gidoen,OK,MO,83.33333333333334
bridgeportwa,bridgeportwa,bridgeport,WA,WA,100.0
bayboronc,bayboronc,bayboro,NC,NC,100.0
sheldonia,sheldonia,sheldon,IA,IA,100.0
delsoltx,delsolga,del sol,TX,GA,75.0
hintonok,hintonok,hinton,OK,OK,100.0
littleelmtx,littleelmtx,little elm,TX,TX,100.0
dwsontxc,dwsonga,dwson,TXC,GA,83.33333333333334
waiteparkmn,waiteparkmn,waite park,MN,MN,100.0
campbellsburgin,campbellsburgca,campbellsburg,IN,CA,90.5
elizabethtqwnin,elizabethtqwnil,elizabethtqwn,IN,IL,92.3076923076923
lakefothewoodsca,lakefothewoodsaz,lake fo the woods,CA,AZ,94.11764705882352
bethelnc,bethelnc,bethel,NC,NC,100.0
sycamoreok,sycamoreil,sycamore,OK,IL,100.0
progressvillagefl,progressvillagefl,progress village,FL,FL,100.0
lawleria,lawlerca,lawler,IA,CA,83.33333333333334
mapletonut,mapletonut,mapleton,UT,UT,100.0
hugoo,hugoco,hugo,O,CO,100.0
jacintocitytx,jacintocitytx,jacinto city,TX,TX,100.0
crystalmountianmi,crystalmountianmn,crystal mountian,MI,MN,90.5
moffatco,moffattx,moffat,CO,TX,80.0
warsonwoodsmo,warsonwoodsmo,warson woods,MO,MO,100.0
odinmn,odinil,odin,MN,IL,100.0
aoklandmd,aoklandmd,aokland,MD,MD,85.71428571428571
portmonmouthnj,portmonmouthnj,port monmouth,NJ,NJ,100.0
santaclarapueblonm,santaclarapueblonm,santa clara pueblo,NM,NM,100.0
yorksc,yorksc,york,SC,SC,100.0
strattonco,strattonpa,stratton,CO,PA,100.0
haroldfl,haroldca,harold,FL,CA,83.33333333333334
berkeleymo,berkeleymo,berkeley,MO,MO,100.0
elmspringsar,elmspringsar,elm springs,AR,AR,100.0
deckerin,deckerga,decker,IN,GA,83.33333333333334
parkcrestpa,parkcrestil,park crest,PA,IL,81.81818181818183
adamstowndm,adamstownmd,adamstown,DM,MD,100.0
glendivemt,glendivemt,glendive,MT,MT,100.0
postonaz,postontx,poston,AZ,TX,90.5
madisonheightsmi,madisonheightsmi,madison heights,MI,MI,100.0
greenwoodar,greenwoodar,greenwood,AR,AR,100.0
marinelandfl,marinelandoh,marineland,FL,OH,85.71428571428571
towercitypa,towercitypa,tower city,PA,PA,100.0
kickapoosite7ks,kickapoosite7ak,kickapoo site 7,KS,AK,80.0
charlottetx,charlottetx,charlotte,TX,TX,100.0
scammonk,scammonar,scammon,K,AR,75.0
omahatx,omahane,omaha,TX,NE,100.0
buchanannd,buchananga,buchanan,ND,GA,100.0
mountcarmeloh,mountcarmeloh,mount carmel,OH,OH,100.0
marionheightspa,marionheightsal,marion heights,PA,AL,90.5
ocssamo,ocssanm,ocssa,MO,NM,80.0
fountainhillpa,fountainhillpa,fountain hill,PA,PA,100.0
meadowbrookva,meadowbrookva,meadowbrook,VA,VA,100.0
cambridgeks,cambridgeil,cambridge,KS,IL,100.0
tarponspringsfl,tarponspringsfl,tarpon springs,FL,FL,100.0
cedarpoints,cedarpointnc,cedar point,S,NC,100.0
sylviaks,sylvianc,sylvia,KS,NC,80.0
prescottia,prescottaz,prescott,IA,AZ,100.0
lawrencepah,lawrencein,lawrence,PAH,IN,100.0
stillwatermn,stillwatermn,stillwater,MN,MN,100.0
bowmansc,bowmannd,bowman,SC,ND,100.0
floralparkny,floralparkny,floral park,NY,NY,100.0
pinebluffswy,pinebluffswy,pine bluffs,WY,WY,100.0
valesummitmd,valesummitor,vale summit,MD,OR,90.5
reedsspringmo,reedsspringva,reeds spring,MO,VA,91.66666666666666
st.axviermt,st.axviernj,st. axvier,MT,NJ,63.63636363636363
athelstania,athelstanal,athelstan,IA,AL,83.33333333333334
elcapitanaz,elcapitantx,el capitan,AZ,TX,75.0
victorid,victorid,victor,ID,ID,100.0
springhillia,springhillfl,spring hill,IA,FL,100.0
sthregisfallsny,sthregisfallsny,sth regis falls,NY,NY,76.47058823529412
bellfl,bellca,bell,FL,CA,100.0
huntingtonva,huntingtonva,huntington,VA,VA,100.0
haydelakeid,haydelakeid,hayde lake,ID,ID,83.33333333333334
aktanak,aktanak,aktan,AK,AK,83.33333333333334
ashfordwa,ashfordal,ashford,WA,AL,100.0
asewvillenc,asewvillenc,asewville,NC,NC,88.88888888888889
waynesboropa,waynesboropa,waynesboro,PA,PA,100.0
copalisbeachwa,copalisbeachnc,copalis beach,WA,NC,78.57142857142857
jensebeachfl,jensebeachfl,jense beach,FL,FL,91.66666666666666
gascoynend,gascoyneny,gascoyne,ND,NY,83.33333333333334
hannawafallsny,hannawafallsny,hannawa falls,NY,NY,100.0
tuskahomaok,tuskahomaok,tuskahoma,OK,OK,80.0
pinebrookhillco,pinebrookhillaz,pine brook hill,CO,AZ,90.5
tarltonoh,tarltonmd,tarlton,OH,MD,100.0
clintonin,clintonin,clinton,IN,IN,100.0
durhaca,durhaca,durha,CA,CA,83.33333333333334
wallacenc,wallacenc,wallace,NC,NC,100.0
benoittms,benoittms,benoitt,MS,MS,85.71428571428571
portjeffersonoh,portjeffersonny,port jefferson,OH,NY,100.0
st.anthonyid,st.anthonyks,st.anthony,ID,KS,71.42857142857143
colomesd,colomenc,colome,SD,NC,85.71428571428571
spenceroh,spencerin,spencer,OH,IN,100.0
hamlerho,hamlerfl,hamler,HO,FL,83.33333333333334
porto'connortx,porto'connortx,port o'connor,TX,TX,100.0
ferdinandid,ferdinandin,ferdinand,ID,IN,100.0
quratzsiteaz,quratzsiteaz,quratzsite,AZ,AZ,90.0
acmbridgecityin,acmbridgecityin,acmbridge city,IN,IN,92.85714285714286
indutryil,indutrypa,indutry,IL,PA,87.5
yatesvillega,yatesvilleak,yatesville,GA,AK,90.5
st.anthonyid,st.anthonyil,st. anthony,ID,IL,80.0
missourivalleyaa,missourivalleyia,missouri valley,AA,IA,100.0
whiteoaktx,whiteoaktx,white oak,TX,TX,100.0
thompsonfallsmt,thompsonfallsmt,thompson falls,MT,MT,100.0
newtokak,newtokal,newtok,AK,AL,83.33333333333334
jacksonvilleo,jacksonvilleal,jacksonville,O,AL,100.0
okobojiia,okobojimn,okoboji,IA,MN,75.0
stokesdalenc,stokesdalenc,stokesdale,NC,NC,100.0
oldsaybrookcenterct,oldsaybrookcenterct,old saybrook center,CT,CT,100.0
wilburotnsk,wilburotnok,wilburotn,SK,OK,88.88888888888889
blawenburgnj,blawenburgmd,blawenburg,NJ,MD,81.81818181818183
tahoevistaca,tahoevistaca,tahoe vista,CA,CA,100.0
brooksidevillaegtx,brooksidevillaegtx,brookside villaeg,TX,TX,94.11764705882352
greycliffmt,greycliffga,greycliff,MT,GA,75.0
franklinin,franklinin,franklin,IN,IN,100.0
shelbyin,shelbyal,shelby,IN,AL,100.0
hartsvillein,hartsvillesc,hartsville,IN,SC,100.0
elimak,elimpa,elim,AK,PA,100.0
deltonafl,deltonafl,deltona,FL,FL,100.0
garrettpa,garrettin,garrett,PA,IN,100.0
oliverga,oliverpa,oliver,GA,PA,100.0
wheatonmo,wheatonil,wheaton,MO,IL,100.0
colevilleca,colevillemd,coleville,CA,MD,90.0
farmingtonmo,farmingtonmo,farmington,MO,MO,100.0
moultonal,moultonal,moulton,AL,AL,100.0
triadelphiawv,triadelphiaar,triadelphia,WV,AR,81.81818181818183
delislpms,delislpwv,delislp,MS,WV,85.71428571428571
brookfieldmil,brookfieldil,brookfield,MIL,IL,100.0
chelseama,chelseama,chelsea,MA,MA,100.0
reddellla,reddellme,reddell,LA,ME,100.0
theodhsiamo,theodhsiail,theodhsia,MO,IL,66.66666666666666
elmava,elmawa,elma,VA,WA,100.0
marmarthnd,marmarthde,marmarth,ND,DE,90.5
blaineky,blainemn,blaine,KY,MN,100.0
woodycreekco,woodycreekwa,wood ycreek,CO,WA,90.9090909090909
nweberryin,nweberryfl,nweberry,IN,FL,100.0
andoveril,andoverfl,andover,IL,FL,100.0
holmesvillene,holmesvillewi,holmesville,NE,WI,83.33333333333334
shorthillsn,shorthillsnj,short hills,N,NJ,100.0
yorkaz,yorkal,york,AZ,AL,100.0
bedfordia,bedfordia,bedford,IA,IA,100.0
garderela,garderela,gardere,LA,LA,100.0
mcarthuroh,mcarthuroh,mcarthur,OH,OH,100.0
adamstownmd,adamstownmd,adamstown,MD,MD,100.0
daltonmn,daltonga,dalton,MN,GA,100.0
arriettami,arriettaga,arrietta,MI,GA,100.0
ridgwayil,ridgwaypa,ridgway,IL,PA,100.0
westmelbournefl,westmelbournefl,west melbourne,FL,FL,100.0
lakeciytx,lakeciyar,lake ciy,TX,AR,88.88888888888889
mountainnd,mountainco,mountain,ND,CO,87.5
helloggidu,helloggid,hellogg,IDU,ID,85.71428571428571
waynesvilleil,waynesvilleil,waynesville,IL,IL,90.5
davenportfl,davenportfl,davenport,FL,FL,100.0
bedfordwy,bedfordin,bedford,WY,IN,100.0
westcolumbiasc,westcolumbiasc,west columbia,SC,SC,100.0
woodvilleoh,woodvilleoh,woodville,OH,OH,100.0
wasillaak,wasillaak,wasilla,AK,AK,100.0
sandypointtx,sandypointny,sandy point,TX,NY,90.9090909090909
centrevillem,centrevilleal,centreville,M,AL,100.0
searanchlakesfl,searanchlakesca,sea ranch lakes,FL,CA,90.5
ellisgroveil,ellisgrovepa,ellisgrove,IL,PA,90.9090909090909
southvalleystreamny,southvalleystreamny,south valley stream,NY,NY,100.0
aftonok,aftonok,afton,OK,OK,100.0
springfieldco,springfieldco,springfield,CO,CO,100.0
pinebushny,pinebushny,pine bush,NY,NY,100.0
labargewy,labargeca,la barge,WY,CA,75.0
cameronsc,cameronla,cameron,SC,LA,100.0
quincyfl,quincyfl,quincy,FL,FL,100.0
springlaketx,springlaketx,springlake,TX,TX,90.5
turtonsd,turtonmi,turton,SD,MI,100.0
urichmo,urichtx,urich,MO,TX,66.66666666666666
lavoniaga,lavoniaga,lavonia,GA,GA,100.0
bluehillne,bluehillct,blue hill,NE,CT,90.0
montellomwi,montellowi,montello,MWI,WI,100.0
bellok,bellca,bell,OK,CA,100.0
mooredok,mooreok,moore,DOK,OK,100.0
southhavenmi,southhavenmi,south haven,MI,MI,100.0
clarencecenterny,clarencecenterny,clarence center,NY,NY,100.0
amlamo,amlaal,amla,MO,AL,80.0
wikieupaz,wikieupmd,wikieup,AZ,MD,80.0
theresawi,theresawi,theresa,WI,WI,100.0
harlingentx,harlingentx,harlingen,TX,TX,100.0
lakevillagein,lakevillagear,lake village,IN,AR,100.0
chickasawla,chickasawal,chickasaw,LA,AL,100.0
smyrnasc,smyrnade,smyrna,SC,DE,100.0
bedfordwy,bedfordin,bedford,WY,IN,100.0
thorntonar,thorntonca,thornton,AR,CA,100.0
mountpleasantoi,mountpleasantia,mount pleasant,OI,IA,100.0
couisnsislandme,couisnsislandms,couisns island,ME,MS,85.71428571428571
anawaltwv,anawaltil,anawalt,WV,IL,90.5
fontana-on-genevalakewi,fontana-on-genevalakewi,fontana-on-geneva lake,WI,WI,90.5
radfordva,radfordva,radford,VA,VA,100.0
almiraea,almirany,almira,EA,NY,83.33333333333334
dawsonmn,dawsonmn,dawson,MN,MN,100.0
mbntrealmo,mbntrealca,mbntreal,MO,CA,71.42857142857143
connertonfl,connertonfl,connerton,FL,FL,100.0
chiltontx,chiltonwi,chilton,TX,WI,100.0
anokae,anokamn,anoka,E,MN,100.0
leaguecitytx,leaguecitytx,league city,TX,TX,100.0
sanpasqualca,sanpasqualca,san pasqual,CA,CA,100.0
mudbayak,mudbayok,mud bay,AK,OK,75.0
raynd,rayco,ray,ND,CO,75.0
renfrowko,renfrownv,renfrow,KO,NV,75.0
daykinne,daykinal,daykin,NE,AL,66.66666666666666
hasettmi,hasetttx,hasett,MI,TX,100.0
kickapoosite7ks,kickapoosite7ak,kickapoo site7,KS,AK,80.0
northhurleynm,northhurleyms,north hurley,NM,MS,85.71428571428571
greenbackvilleva,greenbackvilleoh,greenbackville,VA,OH,90.5
oriskanyfallsny,oriskanyfallsny,oriskany falls,NY,NY,90.5
senecas,senecail,seneca,S,IL,100.0
maesonwa,maesonwa,maeson,WA,WA,83.33333333333334
lincolncenterks,lincolncenterks,lincoln center,KS,KS,90.5
norvhmanchesterin,norvhmanchesterin,norvh manchester,IN,IN,93.75
emmonakak,emmonakca,emmonak,AK,CA,83.33333333333334
mackeyin,mackeyoh,mackey,IN,OH,90.5
arnchosdetaosnm,arnchosdetaosnm,arnchos de taos,NM,NM,93.33333333333333
kirkco,kirkal,kirk,CO,AL,75.0
frazeysburgoh,frazeysburgoh,frazeysburg,OH,OH,100.0
bigcreekv,bigcreekca,big creek,V,CA,77.77777777777779
clinttx,clinttx,clint,TX,TX,100.0
cameronparktx,cameronparktx,cameron park,TX,TX,100.0
portlandco,portlandct,portland,CO,CT,100.0
moundsok,moundsok,mounds,OK,OK,100.0
regalmn,regalca,regal,MN,CA,75.0
cherokeeal,cherokeeal,cherokee,AL,AL,100.0
boyntonok,boyntonva,boynton,OK,VA,100.0
milfordcityct,milfordcityct,milford city,CT,CT,90.5
bellwoodil,bellwoodil,bellwood,IL,IL,100.0
madsionsd,madsionsd,madsion,SD,SD,85.71428571428571
elmcreektx,elmcreektx,elm creek,TX,TX,100.0
pleasantprairiewi,pleasantprairiewi,pleasant prairie,WI,WI,100.0
corder,cordersc,corder,,SC,83.33333333333334
johnsonvilleil,johnsonvilleil,johnsonville,IL,IL,91.66666666666666
awianaei,awianaehi,awianae,I,HI,85.71428571428571
ednaks,ednatx,edna,KS,TX,100.0
yornwallpa,yornwallak,yornwall,PA,AK,90.5
caledoniams,caledoniams,caledonia,MS,MS,100.0
linngroveia,linngrovems,linn grove,IA,MS,90.5
baldknobar,baldknobar,bald knob,AR,AR,100.0
ingallsin,ingallsin,ingalls,IN,IN,100.0
wallsms,wallsms,walls,MS,MS,100.0
hollandmo,hollandme,holland,MO,ME,100.0
albinwy,albinil,albin,WY,IL,83.33333333333334
wadehamptonsc,wadehamptonsc,wade hampton,SC,SC,100.0
mehlvillemo,mehlvillemo,mehlville,MO,MO,100.0
valeor,valeor,vale,OR,OR,100.0
studybuttetx,studybutteco,study butte,TX,CO,69.23076923076923
collegeak,collegeak,college,AK,AK,100.0
redoaknc,redoaknc,red oak,NC,NC,100.0
witdomarca,witdomarca,witdomar,CA,CA,87.5
mortonms,mortonms,morton,MS,MS,100.0
pachutams,pachutafl,pachuta,MS,FL,75.0
msithville-sandersin,msithville-sandersin,msithville-sanders,IN,IN,94.44444444444444
vallevistaca,vallevistaca,valle vista,CA,CA,100.0
northbendoh,northbendne,north bend,OH,NE,100.0
manisteemi,manisteemi,manistee,MI,MI,100.0
hatislandwa,hatislandtx,hat island,WA,TX,83.33333333333334
claytonwa,claytonal,clayton,WA,AL,100.0
upperlakeca,upperlakeca,upper lake,CA,CA,100.0
malinor,malinny,malin,OR,NY,83.33333333333334
ewingky,ewingnj,ewing,KY,NJ,100.0
parkcityil,parkcityil,park city,IL,IL,100.0
ozonatx,ozonatx,ozona,TX,TX,100.0
bolckowm,bolckowca,bolckow,M,CA,66.66666666666666
justiceil,justiceil,justice,IL,IL,100.0
ballouok,balloula,ballou,OK,LA,90.5
kiefnd,kiefia,kief,ND,IA,75.0
ak-chinvillageaz,ak-chinvillageca,ak-chin village,AZ,CA,73.33333333333333
southtempelpa,southtempelpa,south tempel,PA,PA,91.66666666666666
clarkpa,clarknj,clark,PA,NJ,100.0
lakesecessionsc,lakesecessionsc,lake secession,SC,SC,100.0
miltonnn,miltonde,milton,NN,DE,100.0
parkcityut,parkcityut,park city,UT,UT,100.0
newkingman-butleraz,newkingman-butleraz,new kingman-butler,AZ,AZ,100.0
irklandil,irklandil,irkland,IL,IL,87.5
imamitx,imamitx,imami,TX,TX,100.0
alcaldefnm,alcaldeaz,alcalde,FNM,AZ,83.33333333333334
st.lucasia,st.lucasmo,st. lucas,IA,MO,77.77777777777779
masoncityil,masoncityil,mason city,IL,IL,100.0
pineriverwi,pineriveraz,pine river,WI,AZ,90.5
rowlesburgwv,rowlesburgma,rowlesburg,WV,MA,83.33333333333334
polkvillecn,polkvillect,polkville,CN,CT,88.88888888888889
melbourneia,melbournear,melbourne,IA,AR,100.0
mountolivems,mountoliveal,mount olive,MS,AL,100.0
jenningsmi,jenningsla,jennings,MI,LA,100.0
pinedaleaz,pinedaleaz,pinedale,AZ,AZ,90.5
cavaliernd,cavaliernd,cavalier,ND,ND,100.0
cumberlandgapftn,cumberlandgapfin,cumberland gapf,TN,IN,90.5
goldengrovesc,goldengrovesc,golden grove,SC,SC,100.0
kiblerar,kibleral,kibler,AR,AL,75.0
santiagowa,santiagoga,santiago,WA,GA,83.33333333333334
orangevilleil,orangevilleut,orangeville,IL,UT,100.0
piamaz,piamaz,piam,AZ,AZ,75.0
dicoenstx,dicoenstx,dicoens,TX,TX,85.71428571428571
roxburyks,roxburywi,roxbury,KS,WI,100.0
kanoshuk,kanoshor,kanosh,UK,OR,80.0
mocksvillenb,mocksvillenc,mocksville,NB,NC,100.0
johnscreekga,johnscreekga,johns creek,GA,GA,100.0
pattersonca,pattersonca,patterson,CA,CA,100.0
highlandparkmi,highlandparkmi,highland park,MI,MI,100.0
poolerga,poolerga,pooler,GA,GA,100.0
harrellsvillenc,harrellsvillega,harrellsville,NC,GA,92.3076923076923
ineztx,ineztx,inez,TX,TX,100.0
springdalear,springdalear,springdale,AR,AR,100.0
lamarok,lamarar,lamar,OK,AR,100.0
bronxvilleyy,bronxvilleyny,bronxvilley,Y,NY,90.5
oaklandca,oaklandca,oakland,CA,CA,100.0
fawngovepa,fawngovemo,fawn gove,PA,MO,70.0
eastonil,eastonca,easton,IL,CA,100.0
vailndaca,vailndaaz,vailnda,CA,AZ,90.5
whittenia,whittenfl,whitten,IA,FL,83.33333333333334
chatmossva,chatmossva,chatmoss,VA,VA,100.0
morrisonil,morrisonil,morrison,IL,IL,100.0
tellicovillagetn,tellicovillagetn,tellico village,TN,TN,100.0
dyewms,dyewms,dyew,MS,MS,75.0
millvillagep,millvillageny,mill village,P,NY,85.71428571428571
blackriverfallswi,blackriverfallswi,black river falls,WI,WI,100.0
bridgermt,bridgertx,bridger,MT,TX,80.0
algonaia,algonaia,algona,IA,IA,100.0
luism.cintronpr,luism.cintronpr,luis m. cintron,PR,PR,100.0
soperok,soperar,soper,OK,AR,75.0
riberanm,riberaks,ribera,NM,KS,85.71428571428571
rohrsburgpa,rohrsburgil,rohrsburg,PA,IL,88.88888888888889
magnoliazs,magnoliaar,magnolia,ZS,AR,100.0
nemahaia,nemahama,nemaha,IA,MA,85.71428571428571
meadowviewestatesky,meadowviewestatesco,meadowview estates,KY,CO,90.5
horntownok,horntownin,horntown,OK,IN,88.88888888888889
ingramwi,ingrampa,ingram,WI,PA,100.0
laddoniamo,laddoniaar,laddonia,MO,AR,90.5
pattersonspringsnc,pattersonspringsca,patterson springs,NC,CA,90.5
howetx,howetx,howe,TX,TX,100.0
shidlerok,shidlerma,shidler,OK,MA,75.0
templepa,templepa,temple,PA,PA,100.0
sonomaca,sonomaca,sonoma,CA,CA,100.0
rosmannc,rosmannc,rosman,NC,NC,83.33333333333334
granadaco,granadams,granada,CO,MS,100.0
reydonok,reydonny,reydon,OK,NY,83.33333333333334
hastingsok,hastingsmi,hastings,OK,MI,100.0
niceca,niceca,nice,CA,CA,100.0
chapinia,chapinsc,chapin,IA,SC,100.0
cedarrapidsia,cedarrapidsia,cedar rapids,IA,IA,100.0
templega,templega,temple,GA,GA,100.0
christianatn,christianatn,christiana,TN,TN,100.0
canonsburgpa,canonsburgpa,canonsburg,PA,PA,100.0
hoodca,hoodtx,hood,CA,TX,80.0
ciboloxt,cibolotx,cibolo,XT,TX,100.0
kimberlywi,kimberlywi,kimberly,WI,WI,100.0
wallaceca,wallacefl,wallace,CA,FL,100.0
locustgrovega,locustgrovega,locust grove,GA,GA,100.0
dixhillsyz,dixhillsny,dix hills,YZ,NY,100.0
redrivernm,redriveraz,red river,NM,AZ,88.88888888888889
winchestero,winchesterca,winchester,O,CA,100.0
luxoraar,luxoraar,luxora,AR,AR,100.0
st.jotx,st.jofl,st. jo,TX,FL,66.66666666666666
watkinsia,watkinstx,watkins,IA,TX,85.71428571428571
jenisonmi,jenisonmi,jenison,MI,MI,100.0
exelandwi,exelandmi,exeland,WI,MI,85.71428571428571
garfieldks,garfieldnj,garfield,KS,NJ,100.0
dewittil,dewittar,de witt,IL,AR,100.0
pinehavenwy,pinehavenaz,pine haven,WY,AZ,90.5
livnoiala,livnoiala,livnoia,LA,LA,85.71428571428571
winderga,winderga,winder,GA,GA,100.0
gracetonpa,gracetonga,graceton,PA,GA,75.0
dolandusd,dolanduca,dolandu,SD,CA,83.33333333333334
mathistonms,mathistontx,mathiston,MS,TX,90.5
cntertonar,cntertonar,cnterton,AR,AR,88.88888888888889
citrusspringsfl,citrusspringsfl,citrus springs,FL,FL,100.0
ollieya,ollieal,ollie,YA,AL,83.33333333333334
geotysburgsd,geotysburgsd,geotysburg,SD,SD,90.0
dunnellmn,dunnellme,dunnell,MN,ME,100.0
weierdi,weierid,weier,DI,ID,83.33333333333334
laselvabeachca,laselvabeachca,la selva beach,CA,CA,100.0
tahokatx,tahokatx,tahoka,TX,TX,100.0
duncanaz,duncanok,duncan,AZ,OK,100.0
shamrockok,shamrocktx,shamrock,OK,TX,100.0
tharptownpa,tharptownwi,tharptown,PA,WI,80.0
kronnewetterwi,kronnewetterwi,kronnewetter,WI,WI,100.0
defiancemo,defianceoh,defiance,MO,OH,100.0
summitsh,summitaz,summit,SH,AZ,100.0
rugbynd,rugbynd,rugby,ND,ND,100.0
mooresvillemo,mooresvillein,mooresville,MO,IN,100.0
cliftonmaz,cliftonaz,clifton,MAZ,AZ,100.0
weippeiw,weippenh,weippe,IW,NH,71.42857142857143
falconheightstx,falconheightsmn,falcon heights,TX,MN,100.0
riogaktx,riogakwi,riogak,TX,WI,90.5
detmoldmd,detmoldoh,detmold,MD,OH,75.0
pocahontasia,pocahontasia,pocahontas,IA,IA,100.0
cundiyonm,cundiyoca,cundiyo,NM,CA,66.66666666666666
ellstonia,ellstonmo,ellston,IA,MO,87.5
cpecharlesva,cpecharlesva,cpe charles,VA,VA,91.66666666666666
ackleyia,ackleyia,ackley,IA,IA,100.0
lyttonia,lyttonut,lytton,IA,UT,100.0
kalispellmt,kalispellmt,kalispell,MT,MT,100.0
westhammondnm,westhammondnm,west hammond,NM,NM,100.0
jewtttx,jewtttx,jewtt,TX,TX,83.33333333333334
mulvanelks,mulvaneks,mulvane,LKS,KS,100.0
kaufmantx,kaufmantx,kaufman,TX,TX,100.0
bridgecitytx,bridgecitytx,bridge city,TX,TX,100.0
lenkervillepa,lenkervillenv,lenkerville,PA,NV,90.9090909090909
yeringtonnv,yeringtonnv,yerington,NV,NV,100.0
chitenangony,chitenangony,chitenango,NY,NY,90.9090909090909
heritagehillsny,heritagehillsny,heritage hills,NY,NY,100.0
southdennisma,southdennisma,south dennis,MA,MA,100.0
elmontny,elmontny,elmont,NY,NY,100.0
irondaeal,irondaeal,irondae,AL,AL,87.5
lewistownm,lewistownil,lewistown,M,IL,100.0
st.leofl,st.leofl,st. leo,FL,FL,66.66666666666666
livoniain,livoniaga,livonia,IN,GA,100.0
wewcomelax,wewcomenc,wewcome,LAX,NC,85.71428571428571
bellamyal,bellamyca,bellamy,AL,CA,90.5
vaughnsvilleoh,vaughnsvillemd,vaughnsville,OH,MD,83.33333333333334
covingtonk,covingtonga,covington,K,GA,100.0
pajaroca,pajaroca,pajaro,CA,CA,100.0
shanikoor,shanikodc,shaniko,OR,DC,75.0
brahammn,brahammn,braham,MN,MN,100.0
shaerlakeca,shaerlakemn,shaer lake,CA,MN,83.33333333333334
wataugatx,wataugatx,watauga,TX,TX,100.0
uniondaleny,uniondaleny,uniondale,NY,NY,100.0
amherstdalewv,amherstdalema,amherstdale,WV,MA,90.5
casscitymi,casscitymi,cass city,MI,MI,100.0
simthfieldnc,simthfieldnc,simthfield,NC,NC,90.0
perezvilletx,perezvilletx,perezville,TX,TX,100.0
mercervillejn,mercervillenj,mercerville,JN,NJ,100.0
hdsonlakein,hdsonlakein,hdson lake,IN,IN,90.9090909090909
merrickny,merrickny,merrick,NY,NY,100.0
oleyal,oleypa,oley,AL,PA,100.0
taylorsislandmd,taylorsislandal,taylors island,MD,AL,90.5
fayettevillear,fayettevillear,fayetteville,AR,AR,100.0
camdenmo,camdenal,camden,MO,AL,100.0
hallrns,hallrak,hallr,NS,AK,80.0
fairoaksva,fairoaksca,fair oaks,VA,CA,100.0
colliervilletn,colliervilletn,collierville,TN,TN,100.0
knoxvilleia,knoxvilleia,knoxville,IA,IA,100.0
lewisvillewa,lewisvillewa,lewisville,WA,WA,100.0
kandiyohimn,kandiyohiak,kandiyohi,MN,AK,80.0
edisonga,edisonga,edison,GA,GA,100.0
rossburgoh,rossburgoh,rossburg,OH,OH,90.5
miamimo,miamiaz,miami,MO,AZ,100.0
centervillemo,centervillemo,centerville,MO,MO,100.0
sandylevelv,sandylevelor,sandy level,V,OR,90.5
opalnva,opalnal,opaln,VA,AL,66.66666666666666
dllaswi,dllasga,dllas,WI,GA,83.33333333333334
scotlandin,scotlandpa,scotland,IN,PA,100.0
clintonpa,clintonaz,clinton,PA,AZ,100.0
shawneehillsoh,shawneehillsoh,shawnee hills,OH,OH,100.0
bertramtx,bertramtx,bertram,TX,TX,100.0
lomagrandetx,lomagrandeco,loma grande,TX,CO,90.5
floavistabnm,floavistanm,floa vista,BNM,NM,90.9090909090909
redbmdpil,redbmdil,red bmd,PIL,IL,85.71428571428571
dallastx,dallastx,dallas,TX,TX,100.0
bosquefarmsmn,bosquefarmsnm,bosque farms,MN,NM,100.0
sarahannwv,sarahanntx,sarah ann,WV,TX,80.0
westwoodmo,westwoodca,westwood,MO,CA,100.0
fosstonnm,fosstonmn,fosston,NM,MN,100.0
newbostonil,newbostonnh,new boston,IL,NH,100.0
portalleganypa,portalleganypa,port allegany,PA,PA,100.0
crockerwa,crockerwa,crocker,WA,WA,100.0
grossepointewoodsmi,grossepointewoodsmi,grosse pointe woods,MI,MI,100.0
bellhillwa,bellhillca,bell hill,WA,CA,90.5
quincymi,quincymi,quincy,MI,MI,100.0
clmibinghillia,clmibinghillco,clmibing hill,IA,CO,77.77777777777779
trego-rohrersvlilestationmd,trego-rohrersvlilestationmi,trego-rohrersvlile station,MD,MI,69.23076923076923
helenams,helenams,helena,MS,MS,100.0
stockbridgemi,stockbridgemi,stockbridge,MI,MI,100.0
prinsburgmn,prinsburgar,prinsburg,MN,AR,80.0
springfieldil,springfieldil,springfield,IL,IL,100.0
gardendaletx,gardendaletx,gardendale,TX,TX,100.0
conshohockenpa,conshohockenpa,conshohocken,PA,PA,100.0
franklingrovexsl,franklingrovega,franklin grove,XSL,GA,90.5
rosedaleca,rosedaleca,rosedale,CA,CA,100.0
broaviewparkfl,broaviewparkfl,broaview park,FL,FL,92.85714285714286
redcreekgny,redcreekga,red creek,GNY,GA,90.0
southmonroemi,southmonroemi,south monroe,MI,MI,100.0
edeni,edenny,eden,I,NY,100.0
ahzeltonid,ahzeltonca,ahzelton,ID,CA,75.0
beaumonttx,beaumonttx,beaumont,TX,TX,100.0
bruinpa,bruinpa,bruin,PA,PA,66.66666666666666
summitlakewi,summitlakeaz,summit lake,WI,AZ,90.5
grandwoodparkil,grandwoodparkil,grandwood park,IL,IL,100.0
odemtx,odemtx,odem,TX,TX,100.0
miamilakesfl,miamilakesfl,miami lakes,FL,FL,100.0
lincolnuniversitypa,lincolnuniversitypa,lincoln university,PA,PA,90.5
lofallwa,lofallwa,lofall,WA,WA,100.0
davistonal,davistonca,daviston,AL,CA,90.5
lacenterky,lacenterky,la center,KY,KY,100.0
lakewoopca,lakewoopca,lakewoop,CA,CA,87.5
souhtemplepa,souhtemplepa,souh temple,PA,PA,91.66666666666666
northfortmyersfl,northfortmyersfl,north fort myers,FL,FL,100.0
twinsburgheightsoh,twinsburgheightsoh,twinsburg heights,OH,OH,90.5
mcadenvillenc,mcadenvillega,mcadenville,NC,GA,80.0
laflinjpa,laflinjpa,laflinj,PA,PA,90.5
rheoosiamo,rheoosiail,rheo osia,MO,IL,77.77777777777779
mockingbirdvalleyky,mockingbirdvalleyoh,mockingbird valley,KY,OH,75.0
starvalleyaz,starvalleyaz,star valley,AZ,AZ,100.0
knigstonmn,knigstonil,knigston,MN,IL,87.5
chestersc,chestersc,chester,SC,SC,100.0
vanedrvoortar,vanedrvoorttx,vanedrvoort,AR,TX,90.5
ikngstonmn,ikngstonil,ikngston,MN,IL,87.5
st.maryspointmno,st.maryspointga,st. marys point,MNO,GA,90.5
rutledgepa,rutledgetn,rutledge,PA,TN,100.0
crossmounatintx,crossmounatintx,cross mounatin,TX,TX,92.85714285714286
wintervillenc,wintervillenc,winterville,NC,NC,100.0
cubaal,cubail,cuba,AL,IL,100.0
mathistonmh,mathistontx,mathiston,MH,TX,90.5
neoshowi,neoshomo,neosho,WI,MO,100.0
landrumsc,landrumsc,landrum,SC,SC,100.0
grayhawkmo,grayhawkga,grayhawk,MO,GA,90.5
cialepr,cialepr,ciale,PR,PR,83.33333333333334
onalaskawa,onalaskatx,onalaska,WA,TX,100.0
shilohal,shilohil,shiloh,AL,IL,100.0
evansmillsny,evansmillsco,evans mills,NY,CO,90.5
chelyanwv,chelyanal,chelyan,WV,AL,71.42857142857143
gilmaniw,gilmanil,gilman,IW,IL,100.0
hearnetx,hearnetx,hearne,TX,TX,100.0
middleportupa,middleportny,middleport,UPA,NY,100.0
fairfieldtn,fairfieldal,fairfield,TN,AL,100.0
marinaeca,marinaca,marina,ECA,CA,100.0
panguitchut,panguitchut,panguitch,UT,UT,100.0
watsonla,watsonla,watson,LA,LA,100.0
fennvillemi,fennvillemi,fennville,MI,MI,100.0
lamirhdaca,lamirhdaca,la mirhda,CA,CA,88.88888888888889
valentinene,valentinene,valentine,NE,NE,100.0
wakarusaks,wakarusain,wakarusa,KS,IN,100.0
ettrickqwi,ettrickva,ettrick,QWI,VA,100.0
avonbc,avonco,avon,BC,CO,100.0
radcliffeia,radcliffeky,radcliffe,IA,KY,90.5
westbuechelky,westbuechelky,west buechel,KY,KY,100.0
cadontiw,cadontwi,cadont,IW,WI,83.33333333333334
ripleyil,ripleyms,ripley,IL,MS,100.0
bainbridgepa,bainbridgepa,bainbridge,PA,PA,100.0
ellwoodcitypa,ellwoodcitypa,ellwood city,PA,PA,100.0
miltonla,miltonla,milton,LA,LA,100.0
bryantownmd,bryantownar,bryantown,MD,AR,90.5
californiahotspringsca,californiahotspringsmd,california hot springs,CA,MD,90.5
kronenwetterwiq,kronenwetterwi,kronenwetter,WIQ,WI,100.0
frankfortsd,frankfortil,frankfort,SD,IL,100.0
rockwellar,rockwellar,rockwell,AR,AR,100.0
palisadestx,palisadesco,palisades,TX,CO,90.5
bellarookoh,bellarookca,bellarook,OH,CA,90.5
colonialparkpa,colonialparkpa,colonial park,PA,PA,100.0
litchfieldca,litchfieldct,litchfield,CA,CT,100.0
newyorkmillsyn,newyorkmillsmn,new york mills,YN,MN,100.0
strausstownpa,strausstownky,strausstown,PA,KY,85.71428571428571
russiaoh,russiams,russia,OH,MS,83.33333333333334
lakekoshkonongwi,lakekoshkonongwi,lake koshkonong,WI,WI,100.0
atwoodks,atwoodks,atwood,KS,KS,100.0
topazsca,topazla,topaz,SCA,LA,75.0
mareniscomi,mareniscoaz,marenisco,MI,AZ,80.0
bloomingdaletn,bloomingdaletn,bloomingdale,TN,TN,100.0
sanpatrickotx,sanpatrickotx,san patricko,TX,TX,72.72727272727273
lulingtx,lulingtx,luling,TX,TX,100.0
lakebutlermfl,lakebutlerfl,lake butler,MFL,FL,100.0
commercega,commercega,commerce,GA,GA,100.0
gililammo,gililamca,gililam,MO,CA,85.71428571428571
mlerosema,mlerosema,mlerose,MA,MA,100.0
lockportheightsla,lockportheightsla,lockport heights,LA,LA,100.0
lebanonva,lebanonva,lebanon,VA,VA,100.0
northmankatomn,northmankatomn,north mankato,MN,MN,100.0
harisbxrgil,harisbxrgmn,harisbxrg,IL,MN,83.33333333333334
orrstownpa,orrstownoh,orrstown,PA,OH,88.88888888888889
pinelevelfl,pinelevelal,pine level,FL,AL,100.0
yorktownin,yorktownin,yorktown,IN,IN,100.0
princetonnj,princetonnj,princeton,NJ,NJ,100.0
rainieror,rainieror,rainier,OR,OR,100.0
vandivermo,vandiveral,vandiver,MO,AL,100.0
genevaal,genevaal,geneva,AL,AL,100.0
valleyheadal,valleyheadal,valley head,AL,AL,90.5
ferndaelmd,ferndaelmd,ferndael,MD,MD,87.5
cudjoekeyfl,cudjoekeyfl,cudjoe key,FL,FL,100.0
southglensfallsny,southglensfallsny,south glens falls,NY,NY,100.0
hartfordct,hartfordct,hartford,CT,CT,100.0
garrettparkmd,garrettparkmd,garrettp ark,MD,MD,91.66666666666666
elmdaleks,elmdaletx,elmdale,KS,TX,85.71428571428571
syracuseks,syracuseks,syracuse,KS,KS,100.0
ardentownde,ardentownca,ardentown,DE,CA,88.88888888888889
rosevillepa,rosevilleca,roseville,PA,CA,100.0
folsompa,folsompa,folsom,PA,PA,100.0
cayceky,caycesc,cayce,KY,SC,100.0
kensingtonparkl,kensingtonparkfl,kensington park,L,FL,100.0
pettustx,pettusmo,pettus,TX,MO,83.33333333333334
monmouthia,monmouthil,monmouth,IA,IL,100.0
hambergnd,hambergar,hamberg,ND,AR,85.71428571428571
lakedallastx,lakedallastx,lake dallas,TX,TX,100.0
fairviewok,fairviewok,fairview,OK,OK,100.0
debaryfl,debaryfl,debary,FL,FL,100.0
senecavillerh,senecavilleil,senecaville,RH,IL,90.5
northriversdeli,northriversdeil,north riversde,LI,IL,93.33333333333333
glassboronj,glassboronj,glassboro,NJ,NJ,100.0
millingtonil,millingtonmi,millington,IL,MI,100.0
kalamawa,kalamawa,kalama,WA,WA,100.0
chicopesks,chicopesca,chicopes,KS,CA,90.5
lockharta,lockhartfl,lockhart,A,FL,100.0
dentonne,dentonmd,denton,NE,MD,100.0
lipantx,lipanil,lipan,TX,IL,80.0
mocksvillenc,mocksvillenc,mocksville,NC,NC,100.0
foresthillca,foresthillca,foresthill,CA,CA,100.0
newfoldenmn,newfoldenpa,newfolden,MN,PA,77.77777777777779
yanceyvillen,yanceyvillenc,yanceyville,N,NC,100.0
madisonfl,madisonfl,madison,FL,FL,100.0
quintanatx,quintanaca,quintana,TX,CA,88.88888888888889
hwiteoaktx,hwiteoaktx,hwite oak,TX,TX,88.88888888888889
kolaih,kolahi,kola,IH,HI,80.0
dextermi,dextermi,dexter,MI,MI,100.0
palcoks,palcomt,palco,KS,MT,80.0
chaseks,chaseal,chase,KS,AL,71.42857142857143
oakhillks,oakhillfl,oak hill,KS,FL,100.0
holidayfl,holidayfl,holiday,FL,FL,100.0
gakonak,gakonca,gakon,AK,CA,66.66666666666666
akronmi,akronco,akron,MI,CO,100.0
cherryvillenc,cherryvillenc,cherryville,NC,NC,100.0
calhanco,calhanak,calhan,CO,AK,83.33333333333334
meadowviewestatesky,meadowviewestatesco,meadowview estates,KY,CO,90.5
cnaonnm,cnaonca,cnaon,NM,CA,83.33333333333334
shruboakny,shruboakny,shrub oak,NY,NY,100.0
daltongardensid,daltongardensid,dalton gardens,ID,ID,100.0
oakleymi,oakleyca,oakley,MI,CA,100.0
dufweyut,dufweyma,dufwey,UT,MA,66.66666666666666
eschbachwa,eschbachmn,eschbach,WA,MN,66.66666666666666
eatontonga,eatontonga,eatonton,GA,GA,100.0
uriewy,urieco,urie,WY,CO,75.0
sacketsharborny,sacketsharborny,sackets harbor,NY,NY,100.0
glenridgenj,glenridgenj,glen ridge,NJ,NJ,100.0
wallacetonpa,wallacetonfl,wallaceton,PA,FL,90.5
dormontpa,dormontpa,dormont,PA,PA,100.0
nipinnawaseeca,nipinnawaseemo,nipinnawasee,CA,MO,87.5
irenamo,irenala,irena,MO,LA,80.0
newburyporttma,newburyportma,newburyport,TMA,MA,100.0
lowmooria,lowmooril,low moor,IA,IL,75.0
fortworthtx,fortworthtx,fort worth,TX,TX,100.0
lynxvillewi,lynxvilleal,lynxville,WI,AL,77.77777777777779
amburgil,amburgar,amburg,IL,AR,85.71428571428571
fairfaxmmn,fairfaxmmn,fairfaxm,MN,MN,90.5
coopersburgpa,coopersburgpa,coopersburg,PA,PA,100.0
mauldincs,mauldinsc,mauldin,CS,SC,100.0
washtucnawa,washtucnail,washtucna,WA,IL,75.0
durbigwv,durbigwv,durbig,WV,WV,66.66666666666666
highlandheightsoh,highlandheightsoh,highland heights,OH,OH,100.0
southshoresd,southshoreil,south shore,SD,IL,100.0
millcreekil,millcreekwa,mill creek,IL,WA,100.0
snowmassvillageco,snowmassvillageco,snowmass village,CO,CO,100.0
plumsteadvillepa,plumsteadvillepa,plumsteadville,PA,PA,100.0
bourbonmo,bourbonmo,bourbon,MO,MO,100.0
gasquetca,gasquetma,gasquet,CA,MA,66.66666666666666
goldendalewa,goldendalewa,goldendale,WA,WA,100.0
harriskia,harriskmn,harrisk,IA,MN,90.5
muylintx,muylinsc,muylin,TX,SC,71.42857142857143
uticamq,uticami,utica,MQ,MI,100.0
miiayla,miiayor,miiay,LA,OR,80.0
peconicny,peconicnm,peconic,NY,NM,80.0
plymouthnc,plymouthnc,plymouth,NC,NC,100.0
canaloumo,canalouva,canalou,MO,VA,90.5
loganut,loganut,logan,UT,UT,100.0
remindervilleoh,remindervilleoh,reminderville,OH,OH,100.0
northwilkesboroncx,northwilkesboronc,north wilkesboro,NCX,NC,100.0
amherstwj,amherstma,amherst,WJ,MA,100.0
normannc,normanok,norman,NC,OK,100.0
fanningspringsfl,fanningspringspa,fanning springs,FL,PA,90.5
fairfieldok,fairfieldal,fairfield,OK,AL,100.0
fortgainesga,fortgainesga,fort gaines,GA,GA,100.0
gooseareeksc,gooseareeksc,goose areek,SC,SC,90.9090909090909
crestone,crestonia,creston,E,IA,100.0
st.augustineshoresl,st.augustineshoresfl,st. augustine shores,L,FL,86.36363636363636
wolverinelakemi,wolverinelakemi,wolverine lake,MI,MI,100.0
wimletteil,wimletteil,wimlette,IL,IL,87.5
oakridgenc,oakridgenc,oakr idge,NC,NC,88.88888888888889
piffardny,piffardct,piffard,NY,CT,71.42857142857143
williamsburgco,williamsburgfl,williamsburg,CO,FL,100.0
pachutams,pachutafl,pachuta,MS,FL,75.0
oxfordal,oxfordal,oxford,AL,AL,100.0
lakeprovidencela,lakeprovidencela,lake providence,LA,LA,100.0
parkdaleor,parkdaleca,parkdale,OR,CA,88.88888888888889
griswoldia,griswoldct,griswold,IA,CT,71.42857142857143
swanquarternc,swanquarterdc,swan quarter,NC,DC,75.0
oysterbaycoveny,oysterbaycoveny,oyster bay cove,NY,NY,100.0
hissopal,hissopca,hissop,AL,CA,83.33333333333334
gayordmn,gayordmn,gayord,MN,MN,85.71428571428571
monroewa,monroewa,monroe,WA,WA,100.0
castlehaynenc,castlehaynenc,castle hayne,NC,NC,100.0
willisks,willistx,willis,KS,TX,100.0
unhoncitymi,unhoncitymi,unhon city,MI,MI,90.0
sherrillny,sherrillny,sherrill,NY,NY,100.0
mikestx,mikesia,mikes,TX,IA,75.0
cliftonhillmo,cliftonhillaz,clifton hill,MO,AZ,90.5
bodegabayca,bodegabayca,bodega bay,CA,CA,100.0
edmondk,edmondok,edmond,K,OK,100.0
coldfootak,coldfootca,coldfoot,AK,CA,75.0
centrevilleova,centrevilleal,centreville,OVA,AL,100.0
lakesenecaoh,lakesenecawi,lake seneca,OH,WI,81.81818181818183
hamptonia,hamptonia,hampton,IA,IA,100.0
lelandia,lelandfl,leland,IA,FL,100.0
twinlakesmn,twinlakesca,twin lakes,MN,CA,100.0
soldiercreeksd,soldiercreekca,soldier creek,SD,CA,84.61538461538461
daytonin,daytonin,dayton,IN,IN,100.0
kenilworthnj,kenilworthnj,kenilworth,NJ,NJ,100.0
newauburndn,newauburnmn,new auburn,DN,MN,70.0
moancapa,moancapa,moanca,PA,PA,83.33333333333334
fortyukonak,fortyukonco,fort yukon,AK,CO,72.72727272727273
pennvillpa,pennvillpa,pennvill,PA,PA,88.88888888888889
hallny,hallak,hall,NY,AK,80.0
asltpointny,asltpointga,aslt point,NY,GA,90.0
cedarhillmod,cedarhillmo,cedar hill,MOD,MO,100.0
zephyrovenv,zephyroveut,zephyr ove,NV,UT,60.0
juddn,judfl,jud,DN,FL,50.0
lakemoreoh,lakemoreoh,lakemore,OH,OH,100.0
rudolphoh,rudolphsd,rudolph,OH,SD,80.0
southamherstoh,southamherstoh,south amherst,OH,OH,100.0
comforttx,comforttx,comfort,TX,TX,100.0
hillsanddalesoh,hillsanddalesnh,hills and dales,OH,NH,90.5
odumga,odumtx,odum,GA,TX,75.0
toercitypa,toercitypa,toer city,PA,PA,90.0
mrtinsceekpa,mrtinsceeksd,mrtins ceek,PA,SD,83.33333333333334
southparkwy,southparkwy,south park,WY,WY,100.0
poplar-cottoncenterca,poplar-cottoncenterca,poplar-cotton center,CA,CA,100.0
chesterpa,chesterpa,chester,PA,PA,100.0
dormontpa,dormontpa,dormont,PA,PA,100.0
saynrw,saynrks,saynr,W,KS,75.0
loevllwy,loevllwy,loevll,WY,WY,83.33333333333334
westamlinuv,westamlintx,west amlin,UV,TX,90.5
colesbugia,colesbugca,colesbug,IA,CA,75.0
petersburgak,petersburgak,petersburg,AK,AK,100.0
sandlakeii,sandlakemi,sand lake,II,MI,100.0
mccutchenvilleoh,mccutchenvilleoh,mccutchenville,OH,OH,75.0
lakesarasotafl,lakesarasotafl,lake sarasota,FL,FL,100.0
bentonia,bentonar,benton,IA,AR,100.0
middleburgnc,middleburgfl,middleburg,NC,FL,100.0
chelafallswa,chelafallswa,chela falls,WA,WA,83.33333333333334
hazelparkmi,hazelparkmi,hazel park,MI,MI,100.0
nilesmi,nilesmi,niles,MI,MI,100.0
noveltymo,noveltyak,novelty,MO,AK,75.0
saukcitywi,saukcitywi,sauk city,WI,WI,100.0
delawareparknj,delawareparkoh,delaware park,NJ,OH,90.5
mullenne,mullenne,mullen,NE,NE,100.0
fairfaxok,fairfaxok,fairfax,OK,OK,100.0
sandbovnin,sandbovnor,sandbovn,IN,OR,80.0
selmava,selmaal,selma,VA,AL,100.0
acworthga,acworthga,acworth,GA,GA,100.0
germantowni,germantownil,germantown,I,IL,100.0
anthemza,anthemaz,anthem,ZA,AZ,100.0
slasal,slasaz,slas,AL,AZ,80.0
mounthermonnj,mounthermonca,mount hermon,NJ,CA,100.0
bucklandoh,bucklandma,buckland,OH,MA,100.0
edenut,edenny,eden,UT,NY,100.0
atwaterca,atwaterca,atwater,CA,CA,100.0
wilkinsonni,wilkinsontx,wilkinson,NI,TX,85.71428571428571
drumomndid,drumomndnc,drumomnd,ID,NC,75.0
sugarcreekoh,sugarcreekoh,sugarcreek,OH,OH,100.0
playitapr,playitapr,playita,PR,PR,100.0
martensdaleai,martensdaletx,martensdale,AI,TX,90.5
hydenlakeid,hydenlakeky,hyden lake,ID,KY,90.5
bartonwilletx,bartonwilletx,bartonwille,TX,TX,90.9090909090909
courtlandks,courtlandva,courtland,KS,VA,100.0
kirtlyndnm,kirtlyndnm,kirtlynd,NM,NM,87.5
windlakewi,windlakewi,wind lake,WI,WI,100.0
hearfetx,hearfetx,hearfe,TX,TX,83.33333333333334
westmiddlesexpa,westmiddlesextx,west middlesex,PA,TX,90.5
brownsvilleml,brownsvillefl,brownsville,ML,FL,100.0
harrisonga,harrisonar,harrison,GA,AR,100.0
abnneril,abnneria,abnner,IL,IA,83.33333333333334
parkerxt,parkeraz,parker,XT,AZ,100.0
sheridanca,sheridanca,sheridan,CA,CA,100.0
thecolonytx,thecolonytx,the colony,TX,TX,100.0
gardencityco,gardencityga,garden city,CO,GA,100.0
washingtonmillsny,washingtonmillsny,washington mills,NY,NY,100.0
mechanicstownny,mechanicstownny,mechanicstown,NY,NY,100.0
inksternd,inkstermi,inkster,ND,MI,100.0
brendaaz,brendaal,brenda,AZ,AL,80.0
crasgmoorny,crasgmoorak,crasgmoor,NY,AK,80.0
eubankrky,eubankal,eubank,RKY,AL,75.0
dillsboronc,dillsboroin,dillsboro,NC,IN,100.0
weedpatchca,weedpatchca,weedpatch,CA,CA,100.0
finneytownoh,finneytownoh,finneytown,OH,OH,100.0
midwayky,midwayky,midway,KY,KY,100.0
unionbridgemd,unionbridgeky,union bridge,MD,KY,90.5
donaldor,donaldor,donald,OR,OR,100.0
hellertownpa,hellertownpa,hellertown,PA,PA,100.0
seadrifttx,seadrifttx,seadrift,TX,TX,100.0
barrebt,barrema,barre,BT,MA,100.0
versaillesmo,versaillesmo,versailles,MO,MO,100.0
advenportne,advenportfl,advenport,NE,FL,88.88888888888889
barrackvillewv,barrackvillewv,barrackville,WV,WV,100.0
seymouria,seymourct,seymour,IA,CT,100.0
cohassettbeachwa,cohassettbeachma,cohassett beach,WA,MA,90.5
weldonspringmo,weldonspringmo,weldon spring,MO,MO,100.0
crossvillagemi,crossvillagemi,cross village,MI,MI,83.33333333333334
northwestharwichma,northwestharwichma,northwest harwich,MA,MA,100.0
douglaswy,douglaswy,douglas,WY,WY,100.0
reeltowna,reeltownnh,reeltown,A,NH,90.5
sunnyside-tahoecityca,sunnyside-tahoecityca,sunnyside-tahoe city,CA,CA,100.0
westelizabethpa,westelizabethfl,wes telizabeth,PA,FL,75.0
peterstownwv,peterstownin,peterstown,WV,IN,90.0
mcmechenwv,mcmechenwv,mcmechen,WV,WV,100.0
wecomenc,wecomenc,wecome,NC,NC,85.71428571428571
owlranchtx,owlranchnm,owl ranch,TX,NM,70.0
arnolca,arnolca,arnol,CA,CA,83.33333333333334
junctionil,junctiontx,junction,IL,TX,100.0
bethelmo,bethelak,bethel,MO,AK,100.0
martinsburgkne,martinsburgpa,martinsburg,KNE,PA,100.0
claremontnh,claremontnh,claremont,NH,NH,100.0
battlecreekne,battlecreekne,battle creek,NE,NE,100.0
malden-on-hudsonny,malden-on-hudsonma,malden-on-hudson,NY,MA,90.5
bakerca,bakerla,baker,CA,LA,100.0
homosassafl,homosassafl,homosassa,FL,FL,100.0
miodm,miodmi,miod,M,MI,90.5
hoisingtonks,hoisingtonks,hoisington,KS,KS,100.0
lakevalleynm,lakevalleyil,lake valley,NM,IL,90.0
abredeenoh,abredeenfl,abredeen,OH,FL,100.0
scottsburgva,scottsburgin,scottsburg,VA,IN,100.0
branfordfl,branfordct,branford,FL,CT,100.0
bellfl,bellca,bell,FL,CA,100.0
elmoreoh,elmoreoh,elmore,OH,OH,100.0
deltamo,deltaco,delta,MO,CO,100.0
slikvillepa,slikvilleal,slikville,PA,AL,88.88888888888889
brooklynheightsoh,brooklynheightsoh,brooklyn heights,OH,OH,100.0
hotchkissco,hotchkissil,hotchkiss,CO,IL,80.0
hazelgreenky,hazelgreenal,hazel green,KY,AL,100.0
waukeenahfl,waukeenahia,waukeenah,FL,IA,90.5
hudsonin,hudsonco,hudson,IN,CO,100.0
albionok,albionil,albion,OK,IL,100.0
southboundbrooknj,southboundbrooknj,south bound brook,NJ,NJ,100.0
persysburgoh,persysburgoh,persysburg,OH,OH,100.0
schoeneckpa,schoeneckpa,schoeneck,PA,PA,100.0
junctioncitymo,junctioncityks,junction city,MO,KS,100.0
delavanmn,delavanil,delavan,MN,IL,100.0
californiaky,californiamd,california,KY,MD,100.0
st.davidaz,st.davidaz,st. david,AZ,AZ,72.72727272727273
portsanilacxmi,portsanilactx,port sanilac,XMI,TX,75.0
livoniala,livoniala,livonia,LA,LA,100.0
eastpaloaltoca,eastpaloaltoca,east palo alto,CA,CA,100.0
knoxvilleil,knoxvilleil,knoxville,IL,IL,100.0
darbyvilleoh,darbyvillepa,darbyville,OH,PA,90.5
loviliaia,loviliany,lovilia,IA,NY,90.5
signalhillca,signalhillca,signal hill,CA,CA,100.0
antelopeor,antelopeca,antelope,OR,CA,100.0
windsornc,windsornc,windsor,NC,NC,100.0
goodmanwi,goodmanms,goodman,WI,MS,100.0
gilsonil,gilsonar,gilson,IL,AR,83.33333333333334
peytonco,peytontx,peyton,CO,TX,75.0
buffalony,buffalony,buffalo,NY,NY,100.0
bloomerwi,bloomerwi,bloomer,WI,WI,100.0
chamizalnm,chamizalnm,chamizal,NM,NM,80.0
rbulewi,rbulede,rbule,WI,DE,66.66666666666666
ruletx,ruleca,rule,TX,CA,66.66666666666666
otwelmin,otwelmpa,otwelm,IN,PA,80.0
koosikaid,koosikaca,koosika,ID,CA,80.0
oldagencytm,oldagencymt,old agency,TM,MT,72.72727272727273
rhineandmo,rhineandin,rhineand,MO,IN,77.77777777777779
pineypointmd,pineypointaz,piney point,MD,AZ,90.5
montebelloca,montebelloca,montebello,CA,CA,100.0
lturamn,lturaca,ltura,MN,CA,71.42857142857143
westonfl,westonfl,weston,FL,FL,100.0
waconc,wacotx,waco,NC,TX,100.0
willowcreekmt,willowcreekca,willow creek,MT,CA,100.0
whitehavenpa,whitehavenpa,white haven,PA,PA,100.0
lapresaca,lapresaca,la presa,CA,CA,100.0
whelensprnigsra,whelensprnigsca,whelen sprnigs,RA,CA,80.0
indiancreekfl,indiancreekpa,indian creek,FL,PA,85.71428571428571
heidelbergmn,heidelbergpa,heidelberg,MN,PA,100.0
castlepointeo,castlepointmo,castle point,EO,MO,100.0
garrochalespr,garrochalespr,garrochales,PR,PR,100.0
siloamspringsa,siloamspringsar,siloa msprings,A,AR,92.85714285714286
hartletonpa,hartletonmi,hartleton,PA,MI,90.5
meserveyia,meserveypa,meservey,IA,PA,90.5
eggharborcitynjf,eggharborcitynj,egg harbor city,NJF,NJ,100.0
carminetx,carmineil,carmine,TX,IL,90.5
ayh-ta-heynm,ayh-ta-heyar,ayh-ta-hey,NM,AR,66.66666666666666
brodheadsvillepa,brodheadsvillepa,brodheadsville,PA,PA,100.0
janelewwv,janelewla,jane lew,WV,LA,75.0
swnkok,swnkok,swnk,OK,OK,60.0
millstoneky,millstonewy,millstone,KY,WY,90.5
bushtonks,bushtonco,bushton,KS,CO,80.0
hornsbytn,hornsbyal,hornsby,TN,AL,85.71428571428571
argylga,argyltx,argyl,GA,TX,83.33333333333334
anchorageam,anchorageak,anchorage,AM,AK,100.0
springfieldmo,springfieldmo,springfield,MO,MO,100.0
nettievw,nettiect,nettie,VW,CT,90.5
milburnok,milburnga,milburn,OK,GA,85.71428571428571
ostegomi,ostegomi,ostego,MI,MI,83.33333333333334
southwhittierc,southwhittierca,south whittier,C,CA,100.0
southpatrickshoresfl,southpatrickshoresfl,south patrick shores,FL,FL,100.0
hamburgmn,hamburgar,hamburg,MN,AR,100.0
daleok,dalein,dale,OK,IN,100.0
hammondil,hammondin,hammond,IL,IN,100.0
randallks,randallwv,randall,KS,WV,90.5
hildaleu,hildaleut,hildale,U,UT,100.0
brookviewmd,brookviewky,brookview,MD,KY,83.33333333333334
miltonnc,miltonde,milton,NC,DE,100.0
richmondky,richmondky,richmond,KY,KY,100.0
freesoilmi,freesoilfl,free soil,MI,FL,83.33333333333334
anzaca,anzaca,anza,CA,CA,100.0
yonahag,yonahak,yonah,AG,AK,90.5
bellevilleny,bellevilleil,belleville,NY,IL,100.0
atholks,atholma,athol,KS,MA,100.0
willivmsdaleoh,willivmsdaleaz,willivmsdale,OH,AZ,87.5
keosauquaia,keosauquaia,keosauqua,IA,IA,100.0
hometownpa,hometownpa,hometown,PA,PA,100.0
hallamne,hallampa,hallam,NE,PA,100.0
nimmonsar,nimmonsca,nimmons,AR,CA,83.33333333333334
leesburgfl,leesburgfl,leesburg,FL,FL,100.0
collegeparkga,collegeparkga,college park,GA,GA,100.0
eekak,eekia,eek,AK,IA,75.0
downsivllemd,downsivllemd,downsivlle,MD,MD,81.81818181818183
calipatriaca,calipatriaca,calipatria,CA,CA,100.0
hamersvilleoh,hamersvilleoh,hamersville,OH,OH,83.33333333333334
coldspringsnv,coldspringsnv,cold springs,NV,NV,100.0
threepointsaz,threepointsaz,three points,AZ,AZ,100.0
lexingtontn,lexingtontn,lexington,TN,TN,100.0
rothvillemo,rothvillemi,rothville,MO,MI,90.0
eaganmn,eaganmn,eagan,MN,MN,100.0
pateroswa,paterosca,pateros,WA,CA,77.77777777777779
thomsonia,thomsonga,thomson,IA,GA,100.0
newistea,newisteca,newiste,A,CA,66.66666666666666
wineglassrt,wineglassrnj,wineglassr,T,NJ,80.0
dunkirkoh,dunkirkin,dunkirk,OH,IN,100.0
paisleyfl,paisleyar,paisley,FL,AR,80.0
lebanonor,lebanonor,lebanon,OR,OR,100.0
ekronky,ekronco,ekron,KY,CO,80.0
fresnotx,fresnotx,fresno,TX,TX,100.0
forrestonvil,forrestonvil,forrestonv,IL,IL,90.5
glenrosetx,glenrosetx,glen rose,TX,TX,100.0
harrellsnc,harrellsmt,harrells,NC,MT,90.5
saugertiessouthnyl,saugertiessouthny,saugerties south,NYL,NY,100.0
lowryssc,lowrysca,lowrys,SC,CA,66.66666666666666
calleaz,calleaz,calle,AZ,AZ,83.33333333333334
thedfordvne,thedfordne,thedford,VNE,NE,100.0
cairooh,cairoga,cairo,OH,GA,100.0
woodvilelms,woodvilelnh,woodvilel,MS,NH,90.0
cortlandne,cortlandil,cortland,NE,IL,100.0
fboeshillwa,fboeshillwa,fboes hill,WA,WA,90.0
aledoil,aledoil,aledo,IL,IL,100.0
derbyif,derbyco,derby,IF,CO,100.0
bandonor,bandonor,bandon,OR,OR,100.0
kayakpointwa,kayakpointtx,kayak point,WA,TX,80.0
rafterjranchawy,rafterjranchawy,rafter j rancha,WY,WY,90.5
sterlingi,sterlingak,sterling,I,AK,100.0
ogdesburgwi,ogdesburgnj,ogde sburg,WI,NJ,90.0
senatobidms,senatobidms,senatobid,MS,MS,88.88888888888889
lincolnia,lincolnal,lincoln,IA,AL,100.0
geringne,geringne,gering,NE,NE,100.0
geyservilleca,geyservilleal,geyserville,CA,AL,83.33333333333334
crownpointak,crownpointin,crown point,AK,IN,100.0
shelbyne,shelbyal,shelby,NE,AL,100.0
sandiaparknm,sandiaparkny,sandia park,NM,NY,90.9090909090909
societyhillsc,societyhillnj,society hill,SC,NJ,100.0
linglewc,lingleaz,lingle,WC,AZ,83.33333333333334
dellaireca,dellairega,dellaire,CA,GA,90.5
portlandtx,portlandtx,portland,TX,TX,100.0
paduachtx,paduachtx,paduach,TX,TX,85.71428571428571
fawngrovepa,fawngrovemo,fawn grove,PA,MO,80.0
montpelieroh,montpelieroh,montpelier,OH,OH,100.0
villagegweenny,villagegweenny,village gween,NY,NY,92.3076923076923
elizabethtonnt,elizabethtontn,elizabethton,NT,TN,100.0
rufusr,rufusca,rufus,R,CA,75.0
cheyneyuniversitypa,cheyneyuniversityoh,cheyney university,PA,OH,87.5
kellsl,kellwi,kell,SL,WI,100.0
sylvesterwv,sylvesterga,sylvester,WV,GA,100.0
kerrckfmn,kerrckfla,kerrckf,MN,LA,80.0
burtontx,burtonmi,burton,TX,MI,100.0
kalamawa,kalamawa,kalama,WA,WA,100.0
booydil,booydil,booyd,IL,IL,80.0
matamoraspa,matamoraspa,matamoras,PA,PA,100.0
mountvernonoh,mountvernonoh,mount vernon,OH,OH,100.0
marianocolonpr,marianocolonpr,mariano colon,PR,PR,92.3076923076923
standishmi,standishmi,standish,MI,MI,100.0
wrigleytna,wrigleyca,wrigley,TNA,CA,71.42857142857143
collitsvilleal,collitsvilleal,collitsville,AL,AL,91.66666666666666
pillowpa,pillowil,pillow,PA,IL,90.5
auroramns,auroraco,aurora,MNS,CO,100.0
hartfordct,hartfordct,hartford,CT,CT,100.0
gerlachnv,gerlachmo,gerlach,NV,MO,66.66666666666666
palmermi,palmerak,palmer,MI,AK,100.0
bergero,bergerak,berger,O,AK,100.0
summitstationpa,summitstationaz,summit station,PA,AZ,90.5
cannonbeachor,cannonbeachor,cannon beach,OR,OR,100.0
mutualho,mutualoh,mutual,HO,OH,83.33333333333334
huntresvillenc,huntresvillenc,huntresville,NC,NC,91.66666666666666
bethlehemga,bethlehemnc,bethlehem,GA,NC,100.0
thurstonne,thurstonca,thurston,NE,CA,75.0
barnesvillega,barnesvillega,barnesville,GA,GA,100.0
bellflowerca,bellflowerca,bellflower,CA,CA,100.0
ojoamarillonm,ojoamarilloaz,ojo amarillo,NM,AZ,90.5
creswoodil,creswoodil,cres wood,IL,IL,88.88888888888889
highlandcityfl,highlandcityfl,highland city,FL,FL,100.0
livingstonwheelernm,livingstonwheelernm,livingston wheeler,NM,NM,90.5
gowermo,gowermo,gower,MO,MO,100.0
bradfordtn,bradfordtn,bradford,TN,TN,100.0
garretsnosd,garretsnosd,garretsno,SD,SD,88.88888888888889
coralgablesl,coralgablesfl,coral gables,L,FL,100.0
palmshoresfl,palmshorespr,palm shores,FL,PR,83.33333333333334
viloawi,viloany,viloa,WI,NY,80.0
altasierraca,altasierraca,alta sierra,CA,CA,100.0
bunkfosswa,bunkfosswa,bunk foss,WA,WA,100.0
sedaliamo,sedaliamo,sedalia,MO,MO,100.0
jerseycitynj,jerseycitynj,jersey city,NJ,NJ,100.0
rktepa,rkteak,rkte,PA,AK,60.0
chenowethor,chenowethor,chenoweth,OR,OR,100.0
estherwoodlk,estherwoodmo,estherwood,LK,MO,90.5
st.hedwigtx,st.hedwigtx,st. hedwig,TX,TX,75.0
jeffersovillein,jeffersovillein,jeffersoville,IN,IN,92.85714285714286
turpinhillsoh,turpinhillsoh,turpin hills,OH,OH,100.0
romeny,romeny,rome,NY,NY,100.0
annamariafl,annamariafl,anna maria,FL,FL,100.0
st.hilairemn,st.hilairemi,st. hilaire,MN,MI,72.72727272727273
greenridgemo,greenridgetx,green ridge,MO,TX,91.66666666666666
marshallar,marshallar,marshall,AR,AR,100.0
rushmoremvn,rushmoreva,rushmore,MVN,VA,87.5
ellersliemd,ellerslieid,ellerslie,MD,ID,90.5
plainfieldin,plainfieldin,plainfield,IN,IN,100.0
santababaraca,santababaraca,santa babara,CA,CA,92.3076923076923
laparguerapr,laparguerapr,la parguera,PR,PR,100.0
coldstreamy,coldstreamky,coldstream,Y,KY,100.0
florencemn,florenceal,florence,MN,AL,100.0
edgofieldcs,edgofieldsc,edgofield,CS,SC,88.88888888888889
burnsvillewv,burnsvillemn,burnsville,WV,MN,100.0
fontanelleia,fontanelleal,fontanelle,IA,AL,100.0
sheakleyvilepaj,sheakleyvilenc,sheakleyvile,PAJ,NC,71.42857142857143
mancosco,mancosco,mancos,CO,CO,100.0
newtownoh,newtownoh,newtown,OH,OH,100.0
eatonin,eatonin,eaton,IN,IN,100.0
manistiquemi,manistiquemi,manistique,MI,MI,100.0
vallevissaza,vallevissaaz,valle vissa,ZA,AZ,90.9090909090909
tumaloor,tumaloaz,tumalo,OR,AZ,75.0
henryne,henryil,henry,NE,IL,100.0
mutualok,mutualoh,mutual,OK,OH,83.33333333333334
cetroniaap,cetroniapa,cetronia,AP,PA,100.0
redlodgemt,redlodgemt,redl odge,MT,MT,88.88888888888889
newrichmondin,newrichmondoh,new richmond,IN,OH,100.0
chillicotheil,chillicotheil,chillicothe,IL,IL,100.0
lfatkickky,lfatkickmi,lfat kick,KY,MI,77.77777777777779
passamaquoddypleasantpointm,passamaquoddypleasantpointal,passamaquoddy pleasant point,M,AL,85.71428571428571
connorvilleoh,connorvilleor,connorville,OH,OR,90.9090909090909
greenvilletx,greenvilletx,greenville,TX,TX,100.0
alpinenorthwestwyy,alpinenorthwestca,alpine northwest,WYY,CA,90.5
greenvilleil,greenvilleil,greenville,IL,IL,100.0
atlanticbeachsc,atlanticbeachfl,atlantic beach,SC,FL,100.0
clydehillwa,clydehillwa,clyde hill,WA,WA,100.0
northhillsny,northhillsny,north hills,NY,NY,100.0
eatcarondeletil,eatcarondelettx,eat carondelet,IL,TX,75.0
palmbeachfl,palmbeachfl,palm beach,FL,FL,100.0
bogueks,bogueor,bogue,KS,OR,66.66666666666666
othellkwa,othellkwa,othellk,WA,WA,85.71428571428571
cowlicaz,cowlicca,cowlic,AZ,CA,75.0
crestwoodyk,crestwoodil,crestwood,YK,IL,100.0
hilbertwi,hilbertwi,hilbert,WI,WI,100.0
elkaderna,elkaderia,elkader,NA,IA,100.0
noblela,nobleok,noble,LA,OK,100.0
westfalmouthma,westfalmouthma,west falmouth,MA,MA,100.0
brownfieldtx,brownfieldtx,brownfield,TX,TX,100.0
encinitasca,encinitasca,encinitas,CA,CA,100.0
redbymn,redbymn,redby,MN,MN,100.0
watsonil,watsonla,watson,IL,LA,100.0
douglasshillsky,douglasshillsky,douglass hills,KY,KY,100.0
riversideor,riversideal,riverside,OR,AL,100.0
horizonwestf,horizonwestfl,horizon west,F,FL,100.0
pikevilleky,pikevilleky,pikeville,KY,KY,100.0
southbridgema,southbridgema,southbridge,MA,MA,100.0
wagonerok,wagonerok,wagoner,OK,OK,100.0
harveysburgoh,harveysburgil,harveysburg,OH,IL,90.5
greenbaywi,greenbaywi,green bay,WI,WI,100.0
roymt,royut,roy,MT,UT,100.0
dicksontn,dicksontn,dickson,TN,TN,100.0
paynesvllemmn,paynesvllemn,paynesvlle,MMN,MN,90.9090909090909
westwaytx,westwaytx,westway,TX,TX,100.0
coppercenterak,coppercentertx,copper center,AK,TX,90.5
chililiinm,chililimn,chilili,INM,MN,87.5
pawhuskao,pawhuskaok,pawhuska,O,OK,100.0
daltonmo,daltonga,dalton,MO,GA,100.0
fletchernc,fletchernc,fletcher,NC,NC,100.0
murrysviglepa,murrysviglepa,murrysvigle,PA,PA,90.9090909090909
lazrescenta-montroseca,lazrescenta-montroseca,la zrescenta-montrose,CA,CA,95.23809523809523
rosmannc,rosmannc,rosman,NC,NC,83.33333333333334
vicksburgaz,vicksburgmi,vicksburg,AZ,MI,100.0
mossbluffla,mossbluffla,moss bluff,LA,LA,100.0
danvilleks,danvilleal,danville,KS,AL,100.0
lakewinolapa,lakewinolaak,lake winola,PA,AK,80.0
holtal,holtal,holt,AL,AL,100.0
catheysvalleyca,catheysvalleynm,catheys valley,CA,NM,80.0
pelhamtn,pelhamal,pelham,TN,AL,100.0
lakewildwoodca,lakewildwoodca,lake wildwood,CA,CA,100.0
bardolphi,bardolphtx,bardolph,I,TX,80.0
kingkvillemd,kingkvillenc,kingkville,MD,NC,90.5
penapobrepr,penapobrepr,pena pobre,PR,PR,90.0
peoriaco,peoriaaz,peoria,CO,AZ,100.0
hildaleut,hildaleut,hildale,UT,UT,100.0
portlandtn,portlandtn,portland,TN,TN,100.0
edenidc,edenny,eden,IDC,NY,100.0
parsonswv,parsonswv,parsons,WV,WV,100.0
crookstonne,crookstonmn,crookston,NE,MN,100.0
faribaultmn,faribaultmn,faribault,MN,MN,100.0
gillespieil,gillespieil,gillespie,IL,IL,100.0
lopezvillettx,lopezvillettx,lopezvillet,TX,TX,90.5
boonevillems,boonevillems,booneville,MS,MS,100.0
woodvilleoh,woodvilleoh,woodville,OH,OH,100.0
brooksga,brooksky,brooks,GA,KY,100.0
libbrmt,libbrne,libbr,MT,NE,83.33333333333334
burlingtonil,burlingtonco,burlington,IL,CO,100.0
blticsd,blticsd,bltic,SD,SD,83.33333333333334
elpradoestatesaz,elpradoestatesar,el prado estates,AZ,AR,77.77777777777779
newflorencemo,newflorencect,new florence,MO,CT,72.72727272727273
greencastlemo,greencastlein,greencastle,MO,IN,100.0
leesburgin,leesburgal,leesburg,IN,AL,100.0
gamalielky,gamalielaz,gamaliel,KY,AZ,75.0
wahpetonia,wahpetonnd,wahpeton,IA,ND,100.0
newviennaoh,newviennaoh,newv ienna,OH,OH,90.0
springfieldwv,springfieldco,springfield,WV,CO,100.0
purcellok,purcellok,purcell,OK,OK,100.0
dellwoodmo,dellwoodmo,dellwood,MO,MO,100.0
norwoodyoungamericamn,norwoodyoungamericamn,norwood young america,MN,MN,100.0
southjacksonvilleil,southjacksonvilleil,south jacksonville,IL,IL,100.0
butlernj,butlernj,butler,NJ,NJ,100.0
pateroswa,paterosca,pateros,WA,CA,77.77777777777779
coneyislandmo,coneyislandny,coney island,MO,NY,100.0
tubacaz,tubacaz,tubac,AZ,AZ,100.0
ogdensburgwi,ogdensburgnj,ogdensburg,WI,NJ,100.0
adelphimd,adelphimd,adelphi,MD,MD,100.0
kinospringsbz,kinospringsal,kino springs,BZ,AL,84.61538461538461
adamsne,adamsma,adams,NE,MA,100.0
midwynm,midwyar,midwy,NM,AR,83.33333333333334
healylakeak,healylakeak,healy lake,AK,AK,90.5
millardmo,millardmo,millard,MO,MO,85.71428571428571
mountpennpa,mountpennpa,mount penn,PA,PA,100.0
mauriceia,mauricela,maurice,IA,LA,100.0
moscowks,moscowid,moscow,KS,ID,100.0
eastonmh,eastonca,easton,MH,CA,100.0
chaskamn,chaskamn,chaska,MN,MN,100.0
richfieldmn,richfieldmn,richfield,MN,MN,100.0
crawfordvillega,crawfordvillega,crawfordville,GA,GA,100.0
camporicopru,camporicopr,campo rico,PRU,PR,100.0
ontroewv,ontroega,ontroe,WV,GA,83.33333333333334
frieslandwi,frieslandfl,friesland,WI,FL,77.77777777777779
hdusontx,hdusontx,hduson,TX,TX,83.33333333333334
masthopepa,masthopepa,masthope,PA,PA,75.0
cpledoniami,cpledoniami,cpledonia,MI,MI,88.88888888888889
havremt,havremt,havre,MT,MT,100.0
decaturvilletk,decaturvilletn,decaturville,TK,TN,100.0
franklinil,franklinga,franklin,IL,GA,100.0
lagrangeil,lagrangeil,la grange,IL,IL,100.0
delawarecityde,delawarecityde,delaware city,DE,DE,100.0
ironwoodmi,ironwoodmi,ironwood,MI,MI,100.0
racnhesterwy,racnhestermn,racnhester,WY,MN,83.33333333333334
westmoestoca,westmoestoca,west moesto,CA,CA,91.66666666666666
stockholmsd,stockholmca,stockholm,SD,CA,75.0
indexwa,indexaz,index,WA,AZ,75.0
riveiratx,riveiraco,riveira,TX,CO,75.0
anacorteswa,anacorteswa,anacortes,WA,WA,100.0
orchardmesaco,orchardmesaco,orchard mesa,CO,CO,100.0
plazand,plazaia,plaza,ND,IA,80.0
mccomboh,mccomboh,mccomb,OH,OH,100.0
spanishlakemo,spanishlakemo,spanish lake,MO,MO,100.0
worthingtonky,worthingtonky,worthington,KY,KY,100.0
asburymo,asburyia,asbury,MO,IA,100.0
agendaks,agendaaz,agenda,KS,AZ,75.0
penasconm,penascoaz,penasco,NM,AZ,75.0
archercitytx,archercitytx,archer city,TX,TX,100.0
peetuco,peetuaz,peetu,CO,AZ,75.0
auburnny,auburnny,auburn,NY,NY,100.0
lenoxga,lenoxia,lenox,GA,IA,100.0
medinany,medinany,medina,NY,NY,100.0
rockyforkpointoh,rockyforkpointco,rocky fork point,OH,CO,90.0
velardeom,velardend,velarde,OM,ND,80.0
golcondanv,golcondail,golconda,NV,IL,100.0
washingtonva,washingtonva,washington,VA,VA,100.0
tintonfallsnj,tintonfallsnj,tinton falls,NJ,NJ,100.0
lajaran,lajaratx,la jara,N,TX,85.71428571428571
penargylpa,penargylpa,pen argyl,PA,PA,100.0
losolivosca,losolivosca,los olivos,CA,CA,100.0
buckmanm,buckmanma,buckman,M,MA,75.0
milltownsd,milltownnj,milltown,SD,NJ,100.0
fountainhillsaz,fountainhillsaz,fountain hills,AZ,AZ,100.0
gruetli-laagertn,gruetli-laagertn,gruetli-laager,TN,TN,100.0
highlandsranchc,highlandsranchco,highlands ranch,C,CO,100.0
alexanderia,alexanderar,alexander,IA,AR,100.0
nurembergp,nurembergaz,nuremberg,P,AZ,77.77777777777779
oberlinl,oberlinks,oberlin,L,KS,100.0
elbertaim,elbertaal,elberta,IM,AL,100.0
kilgorene,kilgoretx,kilgore,NE,TX,100.0
irwinpa,irwinpa,irwin,PA,PA,100.0
capronva,capronil,capron,VA,IL,100.0
hratswv,hratsla,hrats,WV,LA,80.0
sheldontx,sheldontx,sheldon,TX,TX,100.0
hollyponoal,hollyponomi,holly pono,AL,MI,90.5
rdmondwa,rdmondwa,rdmond,WA,WA,85.71428571428571
pleasantprairiewi,pleasantprairiewi,pleasant prairie,WI,WI,100.0
bedfordin,bedfordin,bedford,IN,IN,100.0
oakpointtx,oakpointtx,oak point,TX,TX,100.0
ohatcheeal,ohatcheeal,ohatchee,AL,AL,100.0
northyelmwa,northyelmwa,north yelm,WA,WA,100.0
shamrocktx,shamrocktx,shamrock,TX,TX,100.0
templega,templega,temple,GA,GA,100.0
charlttesvillenva,charlttesvilleva,charlttesville,NVA,VA,93.33333333333333
andersonsc,andersonsc,anderson,SC,SC,100.0
ht.benewictia,ht.benewictin,ht. benewict,IA,IN,70.0
amboywa,amboywa,amboy,WA,WA,100.0
lewistonne,lewistonca,lewiston,NE,CA,100.0
pinevalleyny,pinevalleyca,pine valley,NY,CA,100.0
fourcornersmd,fourcornersmd,four corners,MD,MD,100.0
grandviewin,grandviewil,grandview,IN,IL,100.0
bartelsoil,bartelsoia,bartelso,IL,IA,83.33333333333334
potlatchid,potlatchks,potlatch,ID,KS,80.0
hickoryflatms,hickoryflatnc,hickory flat,MS,NC,90.5
jansenco,jansenid,jansen,CO,ID,83.33333333333334
groesbeckoh,groesbeckoh,groesbeck,OH,OH,100.0
russellar,russellga,russell,AR,GA,100.0
cobbtownga,cobbtownca,cobbtown,GA,CA,90.5
southpatrickshoresf,southpatrickshoresfl,south patrick shores,F,FL,100.0
corriganvillemd,corriganvilletx,corriganville,MD,TX,90.5
winnsborotx,winnsborotx,winnsboro,TX,TX,100.0
hancockmn,hancockme,hancock,MN,ME,100.0
cobbislandmd,cobbislandmd,cobb island,MD,MD,100.0
kendallwa,kendallfl,kendall,WA,FL,100.0
merrmacva,merrmacva,merrmac,VA,VA,87.5
dustinok,dustinar,dustin,OK,AR,83.33333333333334
clervontfl,clervontfl,clervont,FL,FL,87.5
rockleighnw,rockleighfl,rockleigh,NW,FL,77.77777777777779
lignitend,ligniteil,lignite,ND,IL,80.0
saltrockwvl,saltrockco,salt rock,WVL,CO,81.81818181818183
pleaktx,pleaktx,pleak,TX,TX,100.0
caliond,caliopa,calio,ND,PA,75.0
northpoleak,northpoleak,north pole,AK,AK,100.0
birimnghamal,birimnghamal,birimngham,AL,AL,90.0
portclarenpeak,portclarenpefl,port clarenpe,AK,FL,78.57142857142857
platterkk,plattersd,platter,KK,SD,90.5
warmspringsor,warmspringsor,warm springs,OR,OR,100.0
poelousasla,poelousasla,poelousas,LA,LA,100.0
fargond,fargond,fargo,ND,ND,100.0
bardolphil,bardolphtx,bardolph,IL,TX,80.0
westminstertxb,westminsterca,westminster,TXB,CA,100.0
fairburnga,fairburnga,fairburn,GA,GA,100.0
frankfordmo,frankfordil,frankford,MO,IL,88.88888888888889
lfatrockoh,lfatrockmi,lfat rock,OH,MI,88.88888888888889
morrisontn,morrisonil,morrison,TN,IL,100.0
baltimoremd,baltimoremd,baltimore,MD,MD,100.0
memphismo,memphismo,memphis,MO,MO,100.0
ocontone,ocontowi,oconto,NE,WI,100.0
perrymi,perrymi,perry,MI,MI,100.0
kengoharbormi,kengoharbormi,kengo harbor,MI,MI,91.66666666666666
monumetnro,monumetnco,monumetn,RO,CO,87.5
lakeparkmn,lakeparkfl,lake park,MN,FL,100.0
westphaliami,westphaliamd,westphalia,MI,MD,100.0
oakparkca,oakparkca,oak park,CA,CA,100.0
capemaypointnj,capemaypointnj,cape may point,NJ,NJ,90.5
elfridaaz,elfridame,elfrida,AZ,ME,83.33333333333334
haysti,haysks,hays,TI,KS,100.0
minelamottemo,minelamotteny,mine la motte,MO,NY,85.71428571428571
ricemn,ricemn,rice,MN,MN,100.0
lawtonok,lawtonok,lawton,OK,OK,100.0
woodworthnd,woodworthla,woodworth,ND,LA,100.0
mangumok,mangumok,mangum,OK,OK,100.0
litchfieldne,litchfieldct,litchfield,NE,CT,100.0
newcastleky,newcastleky,new castle,KY,KY,100.0
westyorkpa,westyorkpa,west york,PA,PA,100.0
centrevlileal,centrevlileal,centrevlile,AL,AL,90.9090909090909
greshamne,greshamor,gresham,NE,OR,100.0
lafayettela,lafayettela,lafayette,LA,LA,100.0
brightin,brightin,bright,IN,IN,100.0
remindervilleoh,remindervilleoh,reminderville,OH,OH,100.0
mlllinssc,mlllinssc,mlllins,SC,SC,100.0
crystalmn,crystalmn,crystal,MN,MN,100.0
wattsburgpa,wattsburgwa,wattsburg,PA,WA,100.0
fortoglethorpega,fortoglethorpega,fort oglethorpe,GA,GA,100.0
ajckionvillega,ajckionvilleal,ajckionville,GA,AL,91.66666666666666
jenksok,jenksok,jenks,OK,OK,100.0
millersburgia,millersburgoh,millersburg,IA,OH,100.0
lovelacevilleky,lovelacevilleca,lovelaceville,KY,CA,83.33333333333334
lifear,lifeco,life,AR,CO,80.0
ugashikak,ugashikpr,ugashik,AK,PR,66.66666666666666
lisbonfalsme,lisbonfalsme,lisbon fals,ME,ME,91.66666666666666
andrsonal,andrsonca,andrson,AL,CA,87.5
griffithin,griffithin,griffith,IN,IN,100.0
portervilleca,portervilleca,porterville,CA,CA,100.0
fortluptongco,fortluptonco,fort lupton,GCO,CO,100.0
belfieldnd,belfieldnd,belfield,ND,ND,100.0
westonid,westonfl,weston,ID,FL,100.0
eatonvillewa,eatonvillewa,eatonville,WA,WA,100.0
augustawi,augustawi,augusta,WI,WI,100.0
parolemd,parolemd,parole,MD,MD,100.0
pawcatuckct,pawcatuckct,pawcatuck,CT,CT,100.0
colonyparkpa,colonyparkpa,colony park,PA,PA,100.0
montgomerymi,montgomeryal,montgomery,MI,AL,100.0
agrdenacresca,agrdenacresca,agrden acres,CA,CA,91.66666666666666
homestownmo,homestownwa,homestown,MO,WA,90.5
amsterdamoh,amsterdamny,amsterdam,OH,NY,100.0
dightonks,dightonks,dighton,KS,KS,100.0
kenedyt,kenedytx,kenedy,T,TX,100.0
higdenar,higdenal,higden,AR,AL,66.66666666666666
waynesboropa,waynesboropa,waynesboro,PA,PA,100.0
ballouok,balloula,ballou,OK,LA,90.5
auburnwa,auburnwa,auburn,WA,WA,100.0
playasnm,playaspa,playas,NM,PA,83.33333333333334
parkvillepa,parkvillepa,parkville,PA,PA,100.0
augustawi,augustawi,augusta,WI,WI,100.0
dundeemn,dundeefl,dundee,MN,FL,100.0
rivergroeor,rivergroeil,rivergroe,OR,IL,81.81818181818183
durphyok,durphyid,durphy,OK,ID,83.33333333333334
edgewaternj,edgewaternj,edgewater,NJ,NJ,100.0
applewoldpa,applewoldpa,applewold,PA,PA,90.5
universityofpittsburghjohnstownpa,universityofpittsburghjohnstownfl,university of pittsburgh johnstown,PA,FL,90.5
westchicagoil,westchicagoil,west chicago,IL,IL,100.0
stronachmi,stronachme,stronach,MI,ME,83.33333333333334
capronva,capronil,capron,VA,IL,100.0
brookhavenga,brookhavenga,brookhaven,GA,GA,100.0
o'donnelltx,o'donnelltx,o'donnell,TX,TX,83.33333333333334
whittemoreia,whittemorepa,whittemore,IA,PA,90.0
gardnervilleranchosnv,gardnervilleranchosnv,gardnerville ranchos,NV,NV,100.0
babevillegi,babevilleal,babeville,GI,AL,88.88888888888889
taftl,taftca,taft,L,CA,100.0
cmbainmi,cmbainil,cmbain,MI,IL,75.0
medfordok,medfordok,medford,OK,OK,100.0
edgewaterco,edgewaterco,edgewater,CO,CO,100.0
michigancitynd,michigancityin,michigan city,ND,IN,100.0
atllulail,atllulafl,atllula,IL,FL,87.5
santeeca,santeeca,santee,CA,CA,100.0
trinwayoh,trinwayga,trinway,OH,GA,80.0
pauldenaz,pauldenaz,paulden,AZ,AZ,100.0
kearneyo,kearneymo,kearney,O,MO,100.0
deepcreekva,deepcreekco,deep creek,VA,CO,90.0
pasadenahillsfl,pasadenahillsfl,pasadena hills,FL,FL,100.0
mevillela,mevillela,meville,LA,LA,87.5
annandaleenn,annandaleca,annandale,ENN,CA,100.0
mckeeky,mckeeky,mckee,KY,KY,100.0
holidayshoresil,holidayshoresil,holiday shores,IL,IL,100.0
wadenanm,wadenamn,wadena,NM,MN,100.0
jonesboroga,jonesboroga,jonesboro,GA,GA,100.0
lebanonjunctionky,lebanonjunctionky,lebanon junction,KY,KY,100.0
lealnd,lealak,leal,ND,AK,80.0
interiorsd,interioraz,interior,SD,AZ,75.0
plantersvillemse,plantersvillems,plantersville,MSE,MS,100.0
davenportwa,davenportwa,davenport,WA,WA,100.0
danburytx,danburytx,danbury,TX,TX,100.0
maceody,maceofl,maceo,DY,FL,80.0
flovillage,flovillaca,flovilla,GE,CA,75.0
belkal,belkca,belk,AL,CA,75.0
rinconvalleyaz,rinconvalleyga,rincon valley,AZ,GA,90.5
loveoygah,loveoyga,loveoy,GAH,GA,85.71428571428571
corriganvillemd,corriganvilletx,corriganville,MD,TX,90.5
westcityil,westcitytx,west city,IL,TX,90.5
hartsugro,hartsugrmi,hartsugr,O,MI,90.5
rocifallsia,rocifallsil,roci falls,IA,IL,90.0
bradfordi,bradfordct,bradford,I,CT,100.0
lucanmn,lucanla,lucan,MN,LA,80.0
cherokeeia,cherokeeia,cherokee,IA,IA,100.0
sulphurspringsin,sulphurspringsar,sulphur springs,IN,AR,100.0
harrimann,harrimanny,harriman,N,NY,100.0
jacksonne,jacksonal,jackson,NE,AL,100.0
edentonnc,edentonnc,edenton,NC,NC,100.0
castalianspringstn,castalianspringsmn,castalian springs,TN,MN,85.71428571428571
fayettecitypa,fayettecityal,fayette city,PA,AL,90.5
wheatleyheightsny,wheatleyheightsny,wheatley heights,NY,NY,100.0
marcelinemo,marcelinemo,marceline,MO,MO,100.0
shadyshorestx,shadyshorestx,shady shores,TX,TX,100.0
haywadrca,haywadrca,haywadr,CA,CA,85.71428571428571
st.jamesnn,st.jamesmd,st. james,NN,MD,72.72727272727273
somervillema,somervillema,somerville,MA,MA,100.0
montaltopa,montaltopa,mon talto,PA,PA,100.0
viequespr,viequespr,vieques,PR,PR,100.0
imlantn,imlanil,imlan,TN,IL,83.33333333333334
fullertonpa,fullertonpa,fullerton,PA,PA,100.0
danail,dananc,dana,IL,NC,100.0
keystoneia,keystoneco,keystone,IA,CO,100.0
hollymi,hollymi,holly,MI,MI,100.0
westbuechelky,westbuechelky,west buechel,KY,KY,100.0
emmetar,emmetca,emmet,AR,CA,100.0
sharpsvillepa,sharpsvillepa,sharpsville,PA,PA,100.0
rowesvillesc,rowesvillenc,rowesville,SC,NC,90.0
gardenictyco,gardenictyga,garden icty,CO,GA,90.9090909090909
bellevuewa,bellevuewa,bellevue,WA,WA,100.0
montellowi,montellowi,montello,WI,WI,100.0
seminolemanorfl,seminolemanorfl,seminole manor,FL,FL,100.0
leesburgfl,leesburgfl,leesburg,FL,FL,100.0
lacoocheefl,lacoocheefl,lacoochee,FL,FL,100.0
manitouok,manitouil,manitou,OK,IL,90.5
deserthillsax,deserthillsaz,desert hills,AX,AZ,100.0
danvillepap,danvilleal,danville,PAP,AL,100.0
cannonsburgky,cannonsburgca,cannonsburg,KY,CA,90.5
pierresd,pierresd,pierre,SD,SD,100.0
longbranchpa,longbranchnj,long branch,PA,NJ,100.0
leesburgoh,leesburgoh,leesburg,OH,OH,100.0
northcatasauquapa,northcatasauquapa,north catasauqua,PA,PA,100.0
coloradocitytxh,coloradocityaz,colorado city,TXH,AZ,100.0
truthorconsequencesnm,truthorconsequencesnm,truth or consequences,NM,NM,100.0
northhighshoalsga,northhighshoalsms,north high shoals,GA,MS,85.71428571428571
blissid,blissaz,bliss,ID,AZ,80.0
derrypa,derrypa,derry,PA,PA,100.0
muldrowok,muldrowok,muldrow,OK,OK,100.0
gargathava,gargathafl,gargatha,VA,FL,85.71428571428571
jeffersonoh,jeffersonoh,jefferson,OH,OH,100.0
ontarioor,ontarioor,ontario,OR,OR,100.0
morgantonnc,morgantonnc,morganton,NC,NC,100.0
waukeeiav,waukeeia,waukee,IAV,IA,100.0
eldertaca,eldertaca,elderta,CA,CA,85.71428571428571
gunbarrello,gunbarrelco,gunbarrel,LO,CO,100.0
hainesvilleil,hainesvilleil,hainesville,IL,IL,100.0
oriolebeachfl,oriolebeachfl,oriole beach,FL,FL,100.0
millsborode,millsborode,millsboro,DE,DE,100.0
solomonaz,solomonks,solomon,AZ,KS,100.0
northlindenhurstyn,northlindenhurstny,north lindenhurst,YN,NY,100.0
hillcresttx,hillcrestil,hillcrest,TX,IL,100.0
vancesc,vanceal,vance,SC,AL,100.0
pachutams,pachutafl,pachuta,MS,FL,75.0
culbersonmt,culbersonca,culberson,MT,CA,83.33333333333334
brownsmillsnj,brownsmillsnj,browns mills,NJ,NJ,100.0
daytona,daytonin,dayton,A,IN,100.0
wyemt,wyenh,wye,MT,NH,66.66666666666666
pocassetok,pocassetma,pocasset,OK,MA,100.0
readerwv,readeroh,reader,WV,OH,85.71428571428571
lindentx,lindentx,linden,TX,TX,100.0
watkinsco,watkinstx,watkins,CO,TX,85.71428571428571
st.francisvillemo,st.francisvillela,st. francisville,MO,LA,83.33333333333334
threelakeswa,threelakeswa,three lakes,WA,WA,100.0
pulaskiwi,pulaskiwi,pulaski,WI,WI,100.0
aragonnm,aragonga,aragon,NM,GA,100.0
harbortonva,harbortonor,harborton,VA,OR,90.5
ellenboronc,ellenboroin,ellenboro,NC,IN,90.5
decaturcityia,decaturcityal,decatur city,IA,AL,90.5
sissetonsd,sissetonsd,sisseton,SD,SD,100.0
morvennc,morvenok,morven,NC,OK,80.0
bluffcityks,bluffcitytn,bluff city,KS,TN,100.0
lometatx,lometaca,lometa,TX,CA,83.33333333333334
georgetownk,georgetownca,georgetown,K,CA,100.0
southbloominggroveny,southbloominggroveny,south blooming grove,NY,NY,100.0
outlookmt,outlookal,outlook,MT,AL,85.71428571428571
bettertonmd,bettertonmi,betterton,MD,MI,100.0
maderaacresca,maderaacresca,madera acres,CA,CA,100.0
glendaleut,glendaleaz,glendale,UT,AZ,100.0
northlightplantnm,northlightplantil,north light plant,NM,IL,80.0
gridleyca,gridleyca,gridley,CA,CA,100.0
lewistownhmt,lewistownhmt,lewistownh,MT,MT,90.5
havilandoh,havilandny,haviland,OH,NY,100.0
mariafantoniapr,mariafantoniapr,mariafantonia,PR,PR,92.3076923076923
shallowaterx,shallowatertx,shallowater,X,TX,100.0
lambertms,lambertms,lambert,MS,MS,100.0
reinbeckia,reinbeckia,reinbeck,IA,IA,100.0
gladeviawfl,gladeviawfl,gladeviaw,FL,FL,88.88888888888889
lakeridgeav,lakeridgeva,lake ridge,AV,VA,100.0
rapidcitymi,rapidcitymi,rapid city,MI,MI,100.0
mentonea,mentoneca,mentone,A,CA,100.0
millermo,millersd,miller,MO,SD,100.0
owossomi,owossomi,owosso,MI,MI,100.0
raymondil,raymondme,raymond,IL,ME,100.0
ellsworthks,ellsworthks,ellsworth,KS,KS,100.0
westchesteril,westchesteril,westchester,IL,IL,100.0
miamitx,miamitx,miami,TX,TX,100.0
tingleyi,tingleyia,tingley,I,IA,75.0
lavinamt,lavinaga,lavina,MT,GA,85.71428571428571
tylersburgpa,tylersburgmn,tylersburg,PA,MN,90.5
honeygrovetx,honeygrovetx,honey grove,TX,TX,100.0
mcnealaz,mcnealva,mcneal,AZ,VA,83.33333333333334
troyil,troyil,troy,IL,IL,100.0
geigeral,geigeril,geiger,AL,IL,85.71428571428571
wesntomo,wesntoga,wesnto,MO,GA,80.0
terrytownlq,terrytownla,terrytown,LQ,LA,100.0
escondidoca,escondidoca,escondido,CA,CA,100.0
stanleywi,stanleywi,stanley,WI,WI,100.0
westmilwaueewi,westmilwaueewi,west milwauee,WI,WI,92.85714285714286
newrichmondiw,newrichmondoh,new richmond,IW,OH,100.0
dakotamn,dakotawi,dakota,MN,WI,100.0
purcellmo,purcellok,purcell,MO,OK,100.0
forestheightsmd,forestheightsmd,forest heights,MD,MD,100.0
mildredks,mildredct,mildred,KS,CT,85.71428571428571
ocontofallswi,ocontofallswi,oconto falls,WI,WI,100.0
kingstonwa,kingstonwa,kingston,WA,WA,100.0
paullinaia,paullinaia,paullina,IA,IA,100.0
goldonnal,goldonnaak,goldonna,L,AK,87.5
southviewpa,southviewin,southview,PA,IN,80.0
leipsicho,leipsicoh,leipsic,HO,OH,100.0
fbanklintownpa,fbanklintownpa,fbanklintown,PA,PA,87.5
croswellmi,croswellmi,croswell,MI,MI,100.0
trailmn,trailid,trail,MN,ID,75.0
brushcreekok,brushcreektx,brush creek,OK,TX,91.66666666666666
gauillams,gauillapr,gauilla,MS,PR,83.33333333333334
seabrookfarmsnj,seabrookfarmsnj,seabrook farms,NJ,NJ,100.0
manelehi,maneletx,manele,HI,TX,85.71428571428571
heidelbergtx,heidelbergtx,heidelberg,TX,TX,100.0
kechis,kechiks,kechi,S,KS,100.0
emoryva,emoryva,emory,VA,VA,100.0
woquipr,woquipr,woqui,PR,PR,60.0
eidanm,eidaoh,eida,NM,OH,80.0
humbletx,humbletx,humble,TX,TX,100.0
montaguemi,montaguemi,montague,MI,MI,100.0
smeletrtownco,smeletrtownnc,smeletrtown,CO,NC,83.33333333333334
crucidlepa,crucidlems,crucidle,PA,MS,80.0
universitygardensnya,universitygardensny,university gardens,NYA,NY,100.0
peabodyks,peabodyks,peabody,KS,KS,100.0
willifordar,willifordtx,williford,AR,TX,83.33333333333334
redmondw,redmondor,redmond,W,OR,100.0
elizabethwv,elizabethwv,elizabeth,WV,WV,100.0
monessenpa,monessenpa,monessen,PA,PA,100.0
broadwayva,broadwayva,broadway,VA,VA,100.0
munsonscornersny,munsonscornersny,munsons corners,NY,NY,100.0
ripleoh,ripleoh,riple,OH,OH,83.33333333333334
jamaicaia,jamaicany,jamaica,IA,NY,100.0
syracuseoh,syracusein,syracuse,OH,IN,100.0
steelevilleil,steelevilleil,steeleville,IL,IL,100.0
wapellail,wapellaia,wapella,IL,IA,85.71428571428571
disautelwa,disautelia,disautel,WA,IA,66.66666666666666
northloupne,northloupak,north loup,NE,AK,80.0
acndlewoodlakeoh,acndlewoodlakewv,acndlewood lake,OH,WV,75.0
mentormn,mentoroh,mentor,MN,OH,100.0
hatoarribapr,hatoarribapr,hato arriba,PR,PR,100.0
mobeetietx,mobeetietx,mobeetie,TX,TX,83.33333333333334
waxahachietx,waxahachietx,waxahachie,TX,TX,100.0
wolfecitptxz,wolfecitptx,wolfe citp,TXZ,TX,90.0
kurebeachnc,kurebeachnc,kure beach,NC,NC,100.0
elranchovelatx,elranchovelanm,el rancho vela,TX,NM,90.5
boodyil,boodyil,boody,IL,IL,80.0
bullrunmountainestatesva,bullrunmountainestatesva,bull run mountain estates,VA,VA,100.0
centralparkwa,centralparkwa,central park,WA,WA,100.0
kirksvillemo,kirksvillemo,kirksville,MO,MO,100.0
carytownmo,carytownil,carytown,MO,IL,90.5
estillsc,estillsc,estill,SC,SC,100.0
detroioor,detroioca,detroio,OR,CA,85.71428571428571
pasadenahillsmh,pasadenahillsfl,pasadena hills,MH,FL,100.0
morristownaz,morristownin,morristown,AZ,IN,100.0
mountainviewmo,mountainviewmo,mountain view,MO,MO,100.0
chisholmnm,chisholmme,chisholm,NM,ME,100.0
lazyyuaz,lazyyual,lazy y u,AZ,AL,75.0
pragfeok,pragfeok,pragfe,OK,OK,83.33333333333334
nassaumn,nassauny,nassau,MN,NY,100.0
dranesvilleva,dranesvilleva,dranesville,VA,VA,100.0
merigoldms,merigoldil,merigold,MS,IL,71.42857142857143
browsdalemn,browsdaleca,browsdale,MN,CA,77.77777777777779
claytonnc,claytonnc,clayton,NC,NC,100.0
dapburyne,dapburyct,dapbury,NE,CT,85.71428571428571
portreadingnj,portreadingnj,port reading,NJ,NJ,100.0
olbenningtonvt,olbenningtonoh,ol bennington,VT,OH,84.61538461538461
hollenbergks,hollenbergfl,hollenberg,KS,FL,83.33333333333334
boyeshotspringsca,boyeshotspringsca,boyes hot springs,CA,CA,100.0
fairviewky,fairviewca,fairview,KY,CA,100.0
gridleyks,gridleyca,gridley,KS,CA,100.0
burgettstownpa,burgettstownpa,burgettstown,PA,PA,100.0
verdinv,verdinv,verdi,NV,NV,100.0
kayceewyk,kayceesc,kaycee,WYK,SC,80.0
lakeandesds,lakeandessd,lake andes,DS,SD,100.0
centernd,centernd,center,ND,ND,100.0
eastmanwi,eastmanga,eastman,WI,GA,100.0
cordermo,cordersc,corder,MO,SC,83.33333333333334
scottvillil,scottvillla,scottvill,IL,LA,90.5
marponmi,marponal,marpon,MI,AL,83.33333333333334
dauphinislandalyu,dauphinislandal,dauphin island,ALYU,AL,100.0
shirleyin,shirleyma,shirley,IN,MA,100.0
princegeorgeva,princegeorgeva,prince george,VA,VA,100.0
woodscreekwa,woodscreekwa,woods creek,WA,WA,100.0
brendaaz,brendaal,brenda,AZ,AL,80.0
minorcala,minorcala,minorca,LA,LA,100.0
wheatleyar,wheatleyfl,wheatley,AR,FL,71.42857142857143
atkinsia,atkinsia,atkins,IA,IA,100.0
broaddustx,broaddusca,broaddus,TX,CA,85.71428571428571
hayesvilleia,hayesvillenc,hayesville,IA,NC,100.0
staleync,staleync,staley,NC,NC,85.71428571428571
baileyvillepa,baileyvillega,baileyville,PA,GA,83.33333333333334
evanttx,evantme,evant,TX,ME,83.33333333333334
newaygomi,newaygomi,newaygo,MI,MI,100.0
missiontx,missiontx,mission,TX,TX,100.0
sterlingne,sterlingak,sterling,NE,AK,100.0
carnatiowa,carnatiowa,carnatio,WA,WA,88.88888888888889
eraderar,eradertx,erader,AR,TX,85.71428571428571
ts.robertmo,ts.robertmo,ts. robert,MO,MO,66.66666666666666
pulaskiil,pulaskiny,pulaski,IL,NY,100.0
horseshoeebachfl,horseshoeebachnc,horseshoe ebach,FL,NC,90.0
yumaaz,yumaaz,yuma,AZ,AZ,100.0
healyks,healyak,healy,KS,AK,100.0
aredaleia,aredaleca,aredale,IA,CA,85.71428571428571
waukeenahfl,waukeenahia,waukeenah,FL,IA,90.5
starid,starid,star,ID,ID,100.0
catharineks,catharinefl,catharine,KS,FL,80.0
abrmtx,abrmtx,abrm,TX,TX,80.0
fostoriami,fostoriaoh,fostoria,MI,OH,100.0
lefortx,lefornj,lefor,TX,NJ,71.42857142857143
northiverad,northivernj,north iver,AD,NJ,81.81818181818183
panoramavillagetx,panoramavillagetx,panorama village,TX,TX,100.0
contoocooknh,contoocooknh,contoocook,NH,NH,100.0
claytonmn,claytonal,clayton,MN,AL,100.0
cedarks,cedarla,cedar,KS,LA,75.0
hillsdalemi,hillsdalemi,hillsdale,MI,MI,100.0
ashlandva,ashlandva,ashland,VA,VA,100.0
waucondail,waucondail,wauconda,IL,IL,100.0
quintanaxt,quintanaca,quintana,XT,CA,88.88888888888889
siodnms,siodnar,siodn,MS,AR,80.0
losantvillein,losantvilleal,losantville,IN,AL,83.33333333333334
st.petersburgfl,st.petersburgfl,st. petersburg,FL,FL,100.0
st.charlesmo,st.charlesmo,st. charles,MO,MO,76.92307692307693
notredamein,notredamein,notre dame,IN,IN,100.0
petersbcrgtx,petersbcrgtx,petersbcrg,TX,TX,90.0
breinigsvillepa,breinigsvillepa,breinigsville,PA,PA,100.0
rierctypa,rierctyid,rier cty,PA,ID,80.0
granadaco,granadams,granada,CO,MS,100.0
faihropeal,faihropeal,faihrope,AL,AL,87.5
lambertmo,lambertms,lambert,MO,MS,100.0
pearlriverny,pearlriverny,pearl river,NY,NY,100.0
springdaleut,springdalear,springdale,UT,AR,100.0
quarryvillepa,quarryvillepa,quarryville,PA,PA,100.0
kelsomo,kelsowa,kelso,MO,WA,100.0
millshoalsil,millshoalsma,mill shoals,IL,MA,83.33333333333334
homecroftin,homecroftwa,homecroft,IN,WA,90.5
monongahwv,monongahwv,monongah,WV,WV,100.0
dowagiacmi,dowagiacmi,dowagiac,MI,MI,100.0
londonca,londonca,london,CA,CA,100.0
taftsouthwesttx,taftsouthwesttx,taft southwest,TX,TX,90.5
boxeltersd,boxeltersd,box elter,SD,SD,88.88888888888889
haswellco,haswellar,haswell,CO,AR,85.71428571428571
elacstillotx,elacstillotx,el acstillo,TX,TX,75.0
mokanemo,mokaneil,mokane,MO,IL,83.33333333333334
marionla,marional,marion,LA,AL,100.0
chesterhilloh,chesterhillca,chesterhill,OH,CA,90.5
tumacacori-carmenaz,tumacacori-carmenfl,tumacacori-carmen,AZ,FL,85.71428571428571
larwillin,larwillar,larwill,IN,AR,75.0
keamscanyonaz,keamscanyonaz,keams canyon,AZ,AZ,66.66666666666666
goldengladesfl,goldengladesfl,golden glades,FL,FL,100.0
maderaacresca,maderaacresca,madera acres,CA,CA,100.0
richwoodxt,richwoodla,richwood,XT,LA,100.0
franklinal,franklinga,franklin,AL,GA,100.0
neuseforestnc,neuseforestnc,neuse forest,NC,NC,100.0
portangeleseastwa,portangeleseastwa,port angeles east,WA,WA,100.0
midfielda,midfieldal,midfield,A,AL,100.0
montezuamco,montezuamga,montezuam,CO,GA,88.88888888888889
mountainvillagecopq,mountainvillageco,mountain village,COPQ,CO,100.0
powhatanla,powhatanmo,powhatan,LA,MO,75.0
coconutcreekfl,coconutcreekfl,coconut creek,FL,FL,100.0
hendersontx,hendersontx,henderson,TX,TX,100.0
wacoga,wacotx,waco,GA,TX,100.0
uniontownks,uniontownal,uniontown,KS,AL,100.0
brstolva,brstolva,brstol,VA,VA,85.71428571428571
gilbertvilleia,gilbertvilleia,gilbertville,IA,IA,90.5
helenavalleywestcentralmt,helenavalleywestcentralmt,helena valley west central,MT,MT,100.0
amdeliamn,amdeliamn,amdelia,MN,MN,85.71428571428571
peconicny,peconicnm,peconic,NY,NM,80.0
metamoroohh,metamoroil,metamoro,OHH,IL,87.5
halibutcojeak,halibutcojeca,halibut coje,AK,CA,83.33333333333334
smithfielda,smithfieldnc,smithfield,A,NC,100.0
crevecoeurmo,crevecoeurmo,creve coeur,MO,MO,100.0
st.anthonyid,st.anthonyil,st. anthony,ID,IL,80.0
lowrysd,lowryca,lowry,SD,CA,66.66666666666666
ricevilletz,ricevillemn,riceville,TZ,MN,90.5
burkittsvillemd,burkittsvillesd,burkittsville,MD,SD,80.0
atlantami,atlantami,atlanta,MI,MI,100.0
st.mayr'sak,st.mayr'sga,st. mayr's,AK,GA,77.77777777777779
waynokaok,waynokail,waynoka,OK,IL,80.0
waetrfojdwi,waetrfojdwi,waetrfojd,WI,WI,77.77777777777779
chevychaseheightspa,chevychaseheightspa,chevy chase heights,PA,PA,100.0
ocmmerceok,ocmmerceok,ocmmerce,OK,OK,87.5
springhillpa,springhillfl,spring hill,PA,FL,100.0
signalhillca,signalhillca,signal hill,CA,CA,100.0
lutakak,lutakco,lutak,AK,CO,75.0
johnsonburgpa,johnsonburgpa,johnsonburg,PA,PA,100.0
oppal,oppal,opp,AL,AL,100.0
pueblitodelcarmenpr,pueblitodelcarmenco,pueblito del carmen,PR,CO,83.33333333333334
rallstx,rallstx,ralls,TX,TX,100.0
chesterbrookpa,chesterbrookpa,chesterbrook,PA,PA,100.0
cralpa,cralal,cral,PA,AL,66.66666666666666
madisonvilletn,madisonvilletn,madisonville,TN,TN,100.0
bolingbrooki,bolingbrookil,bolingbrook,I,IL,100.0
lakesideca,lakesideca,lakeside,CA,CA,100.0
machesneyparkil,machesneyparkil,machesney park,IL,IL,100.0
conleyga,conleyga,conley,GA,GA,100.0
gibraltarpa,gibraltarmi,gibraltar,PA,MI,100.0
ocloradocityco,ocloradocityco,oclorado city,CO,CO,92.3076923076923
pittsburgil,pittsburgca,pittsburg,IL,CA,100.0
willowparkxt,willowparktx,willow park,XT,TX,100.0
medinawa,medinawa,medina,WA,WA,100.0
plymouthmi,plymouthmi,plymouth,MI,MI,100.0
wellingtonfl,wellingtonfl,wellington,FL,FL,100.0
willimsbrugva,willimsbrugva,willimsbrug,VA,VA,91.66666666666666
vanderoortar,vanderoortnc,vanderoort,AR,NC,90.5
renwickia,renwickla,renwick,IA,LA,85.71428571428571
kirbywy,kirbytx,kirby,WY,TX,100.0
conyeislandmo,conyeislandny,conye island,MO,NY,91.66666666666666
calvertonmd,calvertonmd,calverton,MD,MD,100.0
springhousepa,springhousepa,spring house,PA,PA,100.0
mosineewi,mosineewi,mosinee,WI,WI,100.0
jerseyvilleil,jerseyvilleil,jerseyville,IL,IL,100.0
islandpondvt,islandpondca,island pond,VT,CA,83.33333333333334
fortloudonpa,fortloudonco,fort loudon,PA,CO,81.81818181818183
arroyocoloradoestatesx,arroyocoloradoestatesmi,arroyo colorado estates,X,MI,90.5
deerislandor,deerislandin,deer island,OR,IN,90.5
lanaicityhi,lanaicityhi,lanai city,HI,HI,100.0
prescottks,prescottaz,prescott,KS,AZ,100.0
oasisnm,oasisca,oasis,NM,CA,100.0
ayfieldco,ayfieldco,ayfield,CO,CO,87.5
walnutcreekca,walnutcreekca,walnut creek,CA,CA,100.0
mishicotwi,mishicotwi,mishicot,WI,WI,100.0
erwinvillela,erwinvillela,erwinville,LA,LA,100.0
johnstownne,johnstownco,johnstown,NE,CO,100.0
hillsborond,hillsborond,hillsboro,ND,ND,100.0
rockcityil,rockcityil,rock city,IL,IL,88.88888888888889
winslowil,winslowaz,winslow,IL,AZ,100.0
bluemouvdtx,bluemouvdtx,blue mouvd,TX,TX,90.0
sanmarcost,sanmarcosca,san marcos,T,CA,100.0
lowerelochomanwa,lowerelochomanca,lower elochoman,WA,CA,83.33333333333334
glenst.maryfl,glenst.maryco,glen st. mary,FL,CO,66.66666666666666
pricetonmeadowsnj,pricetonmeadowsnj,priceton meadows,NJ,NJ,94.11764705882352
trowbridgeca,trowbridgeca,trowbridge,CA,CA,80.0
cayuopr,cayuopr,cayuo,PR,PR,83.33333333333334
steubenvilleoh,steubenvilleoh,steubenville,OH,OH,100.0
bigstonecitysd,bigstonecityca,bigstone city,SD,CA,80.0
halfwaymd,halfwaymd,halfway,MD,MD,100.0
kiptonoh,kiptonca,kipton,OH,CA,83.33333333333334
cairooh,cairoga,cairo,OH,GA,100.0
capronva,capronil,capron,VA,IL,100.0
fairacresnm,fairacreswa,fairacres,NM,WA,85.71428571428571
underwoodd,underwoodfl,underwood,D,FL,77.77777777777779
hallettsvilletx,hallettsvilletx,hallettsville,TX,TX,100.0
punaluuhi,punaluuhi,punaluu,HI,HI,87.5
laketanglewoodtx,laketanglewoodak,lake tanglewood,TX,AK,80.0
lehrnd,lehrut,lehr,ND,UT,75.0
rockinghamc,rockinghamnc,rockingham,C,NC,100.0
springbayil,springbaytx,spring bay,IL,TX,90.5
butlerpa,butlerpa,butler,PA,PA,100.0
losalamosnm,losalamosnm,los alamos,NM,NM,100.0
highfield-cascademd,highfield-cascademd,highfield-cascade,MD,MD,100.0
northeaglebuttesd,northeaglebuttesd,north eagle butte,SD,SD,100.0
buckeelakeh,buckeelakeoh,buckee lake,H,OH,91.66666666666666
dellroyoh,dellroyga,dellroy,OH,GA,90.5
fabenstx,fabenstx,fabens,TX,TX,100.0
jamesburgnj,jamesburgnj,jamesburg,NJ,NJ,100.0
chandelrtx,chandelrtx,chandelr,TX,TX,87.5
glenjeanwv,glenjeanny,glen jean,WV,NY,77.77777777777779
willisburgky,willisburgtx,willisburg,KY,TX,90.5
poynettewi,poynettewi,poynette,WI,WI,100.0
valleygreenpa,valleygreenpa,valley green,PA,PA,100.0
avonlakexh,avonlakeoh,avon lake,XH,OH,100.0
garwoodnj,garwoodnj,garwood,NJ,NJ,100.0
agencymo,agencyaz,agency,MO,AZ,75.0
gardengroveflq,gardengroveca,garden grove,FLQ,CA,100.0
ringtownpa,ringtowntx,ringtown,PA,TX,80.0
southglensfallsny,southglensfallsny,south glens falls,NY,NY,100.0
amientx,amienla,amien,TX,LA,80.0
heilnd,heilut,heil,ND,UT,75.0
haomondil,haomondin,haomond,IL,IN,100.0
coopertowntn,coopertowntn,coopertown,TN,TN,100.0
springmillky,springmilltx,springm ill,KY,TX,90.5
goldendlaewa,goldendlaeco,goldendlae,WA,CO,90.5
lincolnvillecs,lincolnvilleme,lincolnville,CS,ME,100.0
hazletonih,hazletonpa,hazleton,IH,PA,100.0
earlvilleny,earlvilleil,earlville,NY,IL,100.0
pocahontasmo,pocahontasar,pocahontas,MO,AR,100.0
greenknollnj,greenknollnj,green knoll,NJ,NJ,100.0
garnavilloia,garnavilloga,garnavillo,IA,GA,83.33333333333334
buckheadridgefl,buckheadridgefl,buckhead ridge,FL,FL,100.0
jesotomo,jesotomo,je soto,MO,MO,85.71428571428571
planadaca,planadaca,planada,CA,CA,100.0
crossanchorsc,crossanchormi,cross anchor,SC,MI,83.33333333333334
libertyvilleia,libertyvilleil,libertyville,IA,IL,100.0
diamondheads,diamondheadms,diamondhead,S,MS,100.0
masomi,masomi,maso,MI,MI,80.0
fordheightsil,fordheightsil,fordheights,IL,IL,91.66666666666666
mitchelliao,mitchellil,mitchell,IAO,IL,100.0
littleriverca,littleriversc,little river,CA,SC,100.0
beaverar,beaverok,beaver,AR,OK,100.0
matherca,matherme,mather,CA,ME,75.0
inclinevillagenv,inclinevillagenv,incline village,NV,NV,100.0
trinwayoh,trinwayga,trinway,OH,GA,80.0
cooperstownny,cooperstownny,cooperstown,NY,NY,100.0
madisonmd,madisonal,madison,MD,AL,100.0
rutledgemo,rutledgetn,rutledge,MO,TN,100.0
hartleyia,hartleyia,hartley,IA,IA,100.0
fortsenecaoh,fortsenecanm,fort seneca,OH,NM,81.81818181818183
claremontil,claremontca,claremont,IL,CA,100.0
pinosaltosnm,pinosaltosca,pinos altos,NM,CA,80.0
hyattvillewy,hyattvillemd,hyattville,WY,MD,90.9090909090909
oceanparkwa,oceanparkwa,ocean park,WA,WA,100.0
woodruffsc,woodruffsc,woodruff,SC,SC,100.0
carolwnaw,carolwnami,carolwna,W,MI,90.5
polkcityfl,polkcityfl,polk city,FL,FL,100.0
guinal,guinal,guin,AL,AL,100.0
maryhillwa,maryhillnc,maryhill,WA,NC,80.0
eastpaloaltoca,eastpaloaltoca,east palo alto,CA,CA,100.0
lakemoreoh,lakemoreoh,lakemore,OH,OH,100.0
ingallsparkil,ingallsparkil,ingalls park,IL,IL,100.0
morlewia,morlewok,morlew,IA,OK,83.33333333333334
brooklawnnj,brooklawnnj,brooklawn,NJ,NJ,100.0
masontownwv,masontownca,masontown,WV,CA,100.0
perryvillemd,perryvillemd,perryville,MD,MD,100.0
egyptpa,egyptpa,egypt,PA,PA,100.0
purdymo,purdymo,purdy,MO,MO,100.0
bohemiany,bohemiany,bohemia,NY,NY,100.0
elmwoodparkwi,elmwoodparkil,elmwood park,WI,IL,100.0
hartfordal,hartfordal,hartford,AL,AL,100.0
aurorcut,aurorcut,aurorc,UT,UT,83.33333333333334
countrysideva,countrysideva,countryside,VA,VA,100.0
meserveyia,meserveypa,meservey,IA,PA,90.5
pahoahi,pahoanj,pahoa,HI,NJ,80.0
gardencityia,gardencityga,garden city,IA,GA,100.0
blackwateraz,blackwateraz,blackwater,AZ,AZ,100.0
napoleonndo,napoleonmi,napoleon,NDO,MI,100.0
barnesvillemn,barnesvillemn,barnesville,MN,MN,100.0
northlilbournmo,northlilbournca,north lilbourn,MO,CA,81.81818181818183
charlestonmc,charlestonar,charleston,MC,AR,100.0
cantonvalleyct,cantonvalleyct,canton valley,CT,CT,100.0
bromleyk,bromleyca,bromley,K,CA,71.42857142857143
plumsteadvillepa,plumsteadvillepa,plumsteadville,PA,PA,100.0
windpointwi,windpointwi,wind point,WI,WI,100.0
sanaugustinetx,sanaugustinetx,san augustine,TX,TX,100.0
mountvernonoh,mountvernonoh,mount vernon,OH,OH,100.0
waynesvilleoh,waynesvilleoh,waynesville,OH,OH,100.0
odessane,odessafl,odessa,NE,FL,100.0
kelloggid,kelloggid,kellogg,ID,ID,100.0
rafterjranchwy,rafterjranchwy,rafter j ranch,WY,WY,100.0
irontonmi,irontonmo,ironton,MI,MO,100.0
pajarospr,pajarospr,pajaros,PR,PR,100.0
mccuneks,mccunega,mccune,KS,GA,80.0
naturitaco,naturitaca,naturita,CO,CA,71.42857142857143
dillcityok,dillcityks,dill city,OK,KS,88.88888888888889
venicene,veniceca,venice,NE,CA,100.0
prairieridgea,prairieridgewa,prairie ridge,A,WA,100.0
hebronmd,hebronmd,hebron,MD,MD,100.0
brownsmillsnj,brownsmillsnj,browns mills,NJ,NJ,100.0
strasburgmo,strasburgco,strasburg,MO,CO,100.0
laocnil,laocnil,laocn,IL,IL,80.0
wacoustami,wacoustami,wacousta,MI,MI,100.0
prospector,prospectct,prospect,OR,CT,100.0
citrushillsfl,citrushillsfl,citrus hills,FL,FL,100.0
daculaga,daculaga,dacula,GA,GA,100.0
mcclureil,mcclurene,mcclure,IL,NE,75.0
altonil,altonil,alton,IL,IL,100.0
iotala,iotala,iota,LA,LA,100.0
bellevalleyoh,bellevalleyoh,belle valley,OH,OH,91.66666666666666
minburnia,minburnco,minburn,IA,CO,85.71428571428571
wallawallawa,wallawallawa,walla walla,WA,WA,100.0
stonewallms,stonewallms,stonewall,MS,MS,100.0
cripplecreekco,cripplecreekco,cripple creek,CO,CO,100.0
zephyrhillswestfl,zephyrhillswestfl,zephyrhills west,FL,FL,100.0
windommn,windommn,windom,MN,MN,100.0
melvinvillagenh,melvinvillageny,melvin village,NH,NY,92.85714285714286
ushingtx,ushingme,ushing,TX,ME,85.71428571428571
wahzonmn,wahzonne,wahzon,MN,NE,80.0
frankfordmo,frankfordil,frankford,MO,IL,88.88888888888889
parkcityut,parkcityut,park city,UT,UT,100.0
westwoodks,westwoodks,westwood,KS,KS,100.0
francisut,francisut,francis,UT,UT,100.0
lecentermn,lecentermn,le center,MN,MN,100.0
gilmancitymo,gilmancityil,gilman city,MO,IL,90.5
sourjhonok,sourjhontx,sour jhon,OK,TX,75.0
clariona,clarionia,clarion,A,IA,100.0
walworthwi,walworthwi,walworth,WI,WI,100.0
thompsonpa,thompsonct,thompson,PA,CT,100.0
crestoncaa,crestonia,creston,CAA,IA,100.0
rfankenmuthai,rfankenmuthmi,rfankenmuth,AI,MI,90.9090909090909
deerparkil,deerparkil,deer park,IL,IL,100.0
westminsterua,westminsterca,westminster,UA,CA,100.0
penermonmo,penermonaz,penermon,MO,AZ,90.5
twinoaksmo,twinoaksca,twin oaks,MO,CA,80.0
markleysburgpa,markleysburgin,markleysburg,PA,IN,90.5
moundvillerl,moundvilleal,moundville,RL,AL,100.0
neylandvillet,neylandvillenc,neylandville,T,NC,85.71428571428571
latimerk,latimerms,latimer,K,MS,100.0
bayhillflo,bayhillfl,bay hill,FLO,FL,100.0
lakesidecitytx,lakesidecitytx,lakeside city,TX,TX,90.5
puebloco,puebloco,pueblo,CO,CO,100.0
ohckinsonwa,ohckinsonwa,ohckinson,WA,WA,88.88888888888889
fortrecoveryoh,fortrecoveryoh,fort recovery,OH,OH,100.0
whitfacetx,whitfaceks,whitface,TX,KS,71.42857142857143
magnoliatx,magnoliatx,magnolia,TX,TX,100.0
cairowv,cairoga,cairo,WV,GA,100.0
leedsut,leedsal,leeds,UT,AL,100.0
eaglewi,eaglewi,eagle,WI,WI,100.0
potomacmillsva,potomacmillsva,potomac mills,VA,VA,100.0
hartdordsd,hartdordsd,hartdord,SD,SD,100.0
portcoldennj,portcoldentx,portc olden,NJ,TX,75.0
floridapr,floridapr,florida,PR,PR,100.0
franklingroveil,franklingrovega,franklin grove,IL,GA,90.5
huronoh,huronoh,huron,OH,OH,100.0
creolala,creolaal,creola,LA,AL,100.0
warwikok,warwikny,warwik,OK,NY,85.71428571428571
creedmoortx,creedmoornc,creedmoor,TX,NC,100.0
callsiburgtx,callsiburgid,callsiburg,TX,ID,85.71428571428571
lonepinemt,lonepineca,lonepine,MT,CA,88.88888888888889
cayucosca,cayucosca,cayucos,CA,CA,100.0
lakjacksontx,lakjacksontx,lak jackson,TX,TX,91.66666666666666
berwickpa,berwickpa,berwick,PA,PA,100.0
rosasanchezpr,rosasanchezpr,rosa sanchez,PR,PR,100.0
newportde,newportde,newport,DE,DE,100.0
beaverceekms,beaverceekok,beaver c eek,MS,OK,90.5
davisil,davisca,davis,IL,CA,100.0
thorntonco,thorntonco,thornton,CO,CO,100.0
daileyv,daileyga,dailey,V,GA,83.33333333333334
daytonor,daytonor,dayton,OR,OR,100.0
cedarfortut,cedarfortla,cedar fort,UT,LA,75.0
bluefieldwv,bluefieldwv,bluefield,WV,WV,100.0
angletontx,angletontx,angleton,TX,TX,100.0
wingermn,wingerga,winger,MN,GA,83.33333333333334
elwoodnj,elwoodnj,elwood,NJ,NJ,100.0
lovelandco,lovelandco,loveland,CO,CO,100.0
markleysburgpa,markleysburgin,markleysburg,PA,IN,90.5
winstonmo,winstonfl,winston,MO,FL,100.0
lakeworthtx,lakeworthtx,lake worth,TX,TX,100.0
yorkshirevac,yorkshireny,yorkshire,VAC,NY,100.0
staleync,staleync,staley,NC,NC,85.71428571428571
carync,carync,cary,NC,NC,100.0
linngroveia,linngrovems,linn grove,IA,MS,90.5
merrittislandfl,merrittislandfl,merritt island,FL,FL,100.0
lancastertx,lancastertx,lancaster,TX,TX,100.0
holyokema,holyokema,holyoke,MA,MA,100.0
chatswortga,chatswortga,chatswort,GA,GA,90.0
hebronne,hebronne,hebron,NE,NE,100.0
milpitasca,milpitasca,milpitas,CA,CA,100.0
christinend,christinepa,christine,ND,PA,80.0
newbedfordma,newbedfordma,new bedford,MA,MA,100.0
dennisonoh,dennisonoh,dennison,OH,OH,100.0
longtowno,longtownok,longtown,O,OK,100.0
palmene,palmeak,palme,NE,AK,83.33333333333334
muira,muirnc,muir,A,NC,60.0
kulmnd,kulmhi,kulm,ND,HI,75.0
eastpetersburgpa,eastpetersburgpa,east petersburg,PA,PA,100.0
hempsteadtx,hempsteadtx,hempstead,TX,TX,100.0
whiterocksd,whiterocknm,white rock,SD,NM,100.0
dillonbeachca,dillonbeachmt,dillon beach,CA,MT,90.5
bunkerhillil,bunkerhillil,bunker hill,IL,IL,100.0
cearrocknc,cearrockmi,cear rock,NC,MI,80.0
ladsonsc,ladsonsc,ladson,SC,SC,100.0
peachspringsaz,peachspringsaz,peach springs,AZ,AZ,100.0
shoalsin,shoalsin,shoals,IN,IN,100.0
fortdodgei,fortdodgeia,fort dodge,I,IA,100.0
southtucsonaz,southtucsonaz,south tucson,AZ,AZ,100.0
greenfieldoh,greenfieldoh,greenfield,OH,OH,100.0
festusmo,festusmo,festus,MO,MO,100.0
eaglepointor,eaglepointor,eagle point,OR,OR,100.0
lagrangemo,lagrangeil,la grange,MO,IL,100.0
greenfieldtn,greenfieldtn,greenfield,TN,TN,100.0
blufftonin,blufftonin,bluffton,IN,IN,100.0
freeburgpa,freeburgil,freeburg,PA,IL,100.0
hudsonlakein,hudsonlakein,hudson lake,IN,IN,100.0
kinospringsaz,kinospringsal,kino springs,AZ,AL,84.61538461538461
granvillesouthoh,granvillesouthoh,granville south,OH,OH,100.0
mtleymn,mtleyva,mtley,MN,VA,83.33333333333334
waiohinuhi,waiohinutx,waiohinu,HI,TX,75.0
bellcenterwi,bellcenterca,bell center,WI,CA,90.5
harmonn,harmonme,harmon,N,ME,83.33333333333334
stovermo,stovermo,stover,MO,MO,100.0
bancroftne,bancrofttx,bancroft,NE,TX,83.33333333333334
northacomitavillagenm,northacomitavillagefl,north acomita village,NM,FL,81.81818181818183
kanoshut,kanoshor,kanosh,UT,OR,80.0
christianatn,christianatn,christiana,TN,TN,100.0
roseburgnorthor,roseburgnorthor,roseburg north,OR,OR,100.0
botkinga,botkinoh,botkin,GA,OH,85.71428571428571
wanlutcreeknc,wanlutcreekca,wanlut creek,NC,CA,91.66666666666666
texlientx,texlientx,texlien,TX,TX,66.66666666666666
kirbytx,kirbytx,kirby,TX,TX,100.0
minfordoh,minfordoh,minford,OH,OH,85.71428571428571
palosparkil,palosparkil,palos park,IL,IL,100.0
foremanar,foremanmi,foreman,AR,MI,71.42857142857143
bandonor,bandonor,bandon,OR,OR,100.0
strasburgil,strasburgco,strasburg,IL,CO,100.0
stratfordsd,stratfordca,stratford,SD,CA,100.0
grayridgemoz,grayridgega,grayridge,MOZ,GA,90.5
southwestcitymo,southwestcityin,southwest city,MO,IN,80.0
dibbleok,dibbleca,dibble,OK,CA,83.33333333333334
veroilionil,veroilionoh,veroilion,IL,OH,100.0
stroudsburgpa,stroudsburgpa,stroudsburg,PA,PA,100.0
lutzfl,lutzfl,lutz,FL,FL,100.0
vernncentermn,vernncenternj,vernn center,MN,NJ,92.3076923076923
societyhillnj,societyhillnj,society hill,NJ,NJ,100.0
sallissm,sallisin,sallis,SM,IN,83.33333333333334
milfordpa,milfordpa,milford,PA,PA,100.0
cotonortepr,cotonortepr,coto norte,PR,PR,100.0
newbuwgwv,newbuwgky,newbuwg,WV,KY,85.71428571428571
sugartownla,sugartownfl,sugartown,LA,FL,83.33333333333334
hanoverya,hanoverin,hanover,YA,IN,100.0
northmyrtlebeachsc,northmyrtlebeachsc,north myrtle beach,SC,SC,100.0
woodstockga,woodstockga,woodstock,GA,GA,100.0
weaderar,weaderal,weader,AR,AL,83.33333333333334
camdenar,camdenar,camden,AR,AR,100.0
riverbendmo,riverbendnc,river bend,MO,NC,100.0
wiltonar,wiltonca,wilton,AR,CA,100.0
alturasfl,alturasfl,alturas,FL,FL,100.0
stonycreekva,stonycreekma,stony creek,VA,MA,75.0
greeleycenterne,greeleycenterne,greeley center,NE,NE,90.5
sanpabloca,sanpabloca,san pablo,CA,CA,100.0
sandiatx,sandiamn,sandia,TX,MN,85.71428571428571
maringouinla,maringouinla,maringouin,LA,LA,100.0
rooseveltut,rooseveltut,roosevelt,UT,UT,100.0
campbellne,campbellca,campbell,NE,CA,100.0
airportroadadditiontx,airportroadadditionny,airport road addition,TX,NY,87.5
forestoh,forestoh,forest,OH,OH,100.0
torreyut,torreyal,torrey,UT,AL,83.33333333333334
datelandaz,datelandin,dateland,AZ,IN,77.77777777777779
elsmerede,elsmerede,elsmere,DE,DE,100.0
unioncenterwi,unioncenterky,union center,WI,KY,90.5
lakewooisny,lakewooica,lakewooi,SNY,CA,87.5
ashlandvak,ashlandal,ashland,VAK,AL,100.0
silveradoresortca,silveradoresortil,silverado resort,CA,IL,80.0
hillcresttx,hillcrestil,hillcrest,TX,IL,100.0
grandbayal,grandbayal,grand bay,AL,AL,100.0
ironwoodymi,ironwoodmi,ironwood,YMI,MI,100.0
willouhgbyoh,willouhgbyoh,willouhgby,OH,OH,90.0
earthtx,earthtx,earth,TX,TX,100.0
laktoaia,laktoand,laktoa,IA,ND,83.33333333333334
oleanmo,oleanny,olean,MO,NY,100.0
chrostiansburgva,chrostiansburgva,chrostiansburg,VA,VA,92.85714285714286
kaskaskiail,kaskaskiami,kaskaskia,IL,MI,87.5
elmacenterny,elmacenterny,elma center,NY,NY,100.0
dennisonmn,dennisonoh,dennison,MN,OH,100.0
summerlinsouthnv,summerlinsouthnv,summerlin south,NV,NV,100.0
mayfieldpa,mayfieldpa,mayfield,PA,PA,100.0
weymouthma,weymouthma,weymouth,MA,MA,100.0
pecanacrestx,pecanacrestx,pecan acres,TX,TX,100.0
ridgevillein,ridgevillesc,ridgeville,IN,SC,100.0
beechwoodvillageky,beechwoodvillageky,beechwood village,KY,KY,100.0
applevaleyut,applevaleyca,apple valey,UT,CA,91.66666666666666
doranmn,doranal,doran,MN,AL,90.5
plymptonvillepa,plymptonvillema,plymptonville,PA,MA,90.5
inglewoodne,inglewoodca,inglewood,NE,CA,100.0
itffinia,itffinia,itffin,IA,IA,83.33333333333334
northloupjne,northloupak,north loup,JNE,AK,80.0
tonicail,tonicail,tonica,IL,IL,85.71428571428571
applegatemi,applegatepa,applegate,MI,PA,90.5
anthemaz,anthemaz,anthem,AZ,AZ,100.0
northyelmwa,northyelmwa,north yelm,WA,WA,100.0
harrisonar,harrisonar,harrison,AR,AR,100.0
evansvillein,evansvillein,evansville,IN,IN,100.0
sycamoreil,sycamoreil,sycamore,IL,IL,100.0
manorvilleny,manorvilleny,manorville,NY,NY,100.0
epburnia,epburnil,epburn,IA,IL,83.33333333333334
danburyia,danburyct,danbury,IA,CT,100.0
springfieldrga,springfieldco,springfield,RGA,CO,100.0
burkettxvilleoh,burkettxvillesd,burkettxville,OH,SD,90.5
vanvoorhispa,vanvoorhistx,van voorhis,PA,TX,90.5
h.riveracolonpr,h.riveracolonpr,h. rivera colon,PR,PR,100.0
nespelemwa,nespelemar,nespelem,WA,AR,71.42857142857143
albertlealmn,albertleamn,albert lea,LMN,MN,100.0
meyersdalea,meyersdalepa,meyersdale,A,PA,100.0
winnebagone,winnebagoil,winnebago,NE,IL,100.0
valmyvn,valmyaz,valmy,VN,AZ,75.0
mazeppamn,mazeppaks,mazeppa,MN,KS,80.0
tunapiermi,tunapiermi,tuna pier,MI,MI,88.88888888888889
wildwooacrestnj,wildwooacrestnj,wildwooa crest,NJ,NJ,92.85714285714286
mancosco,mancosco,mancos,CO,CO,100.0
dallastownpa,dallastownpa,dallastown,PA,PA,100.0
oeansideca,oeansideca,oeanside,CA,CA,88.88888888888889
pelicanbayfl,pelicanbayfl,pelican bay,FL,FL,100.0
royaltonil,royaltonil,royalton,IL,IL,100.0
madsonheightsmi,madsonheightsmi,madson heights,MI,MI,93.33333333333333
blackhammockfl,blackhammockfl,black hammock,FL,FL,76.92307692307693
lutakak,lutakco,lutak,AK,CO,75.0
lascrucesnm,lascrucesnm,las cruces,NM,NM,100.0
normangeetx,normangeeok,normangee,TX,OK,90.5
sabanapr,sabanapr,sabana,PR,PR,100.0
islandtonsc,islandtonca,islandton,SC,CA,83.33333333333334
idkeia,idkeia,idke,IA,IA,75.0
claremontil,claremontca,claremont,IL,CA,100.0
inkermanpa,inkermanpa,inkerman,PA,PA,100.0
chandlervilleil,chandlervilleaz,chandlerville,IL,AZ,90.5
frontenacmo,frontenacmo,frontenac,MO,MO,100.0
parksdaleca,parksdaleca,parksdale,CA,CA,100.0
wapelloia,wapelloia,wapello,IA,IA,100.0
smithsgrovesyk,smithsgrovenv,smiths grove,SYK,NV,90.5
winslowil,winslowaz,winslow,IL,AZ,100.0
labarquecreekmo,labarquecreekmo,labarque creek,MO,MO,100.0
rgainfieldks,rgainfieldky,rgainfield,KS,KY,90.9090909090909
hanlontownia,hanlontownmn,hanlontown,IA,MN,90.0
mapelviewmn,mapelviewin,mapelview,MN,IN,80.0
jewellis,jewellia,jewell,IS,IA,100.0
oliverspringstn,oliverspringstn,oliver springs,TN,TN,100.0
garfieldnj,garfieldnj,garfield,NJ,NJ,100.0
winchesteril,winchesteril,winchester,IL,IL,100.0
lonerockwi,lonerockde,lone rock,WI,DE,77.77777777777779
crawfordx,crawfordnj,crawford,X,NJ,87.5
lakehritagepa,lakehritagepa,lake hritage,PA,PA,92.3076923076923
heidelbergmn,heidelbergpa,heidelberg,MN,PA,100.0
countrysquirelakesihn,countrysquirelakesin,country squire lakes,IHN,IN,100.0
hanocckwi,hanocckme,hanocck,WI,ME,100.0
waldorfmd,waldorfmd,waldorf,MD,MD,100.0
paskersburgwvz,paskersburgia,paskersburg,WVZ,IA,100.0
bombaybeachca,bombaybeachca,bombay beach,CA,CA,75.0
sowa,soca,so,WA,CA,50.0
ridgevilleal,ridgevillesc,ridgeville,AL,SC,100.0
primeratx,primeratx,primera,TX,TX,100.0
springbayil,springbaytx,spring bay,IL,TX,90.5
chillummd,chillummd,chillum,MD,MD,100.0
hilliardoh,hilliardoh,hilliard,OH,OH,100.0
springcreeksd,springcreeknv,spring creek,SD,NV,100.0
reynoa,reynola,reyno,A,LA,80.0
eastgalesburgil,eastgalesburgfl,east galesburg,IL,FL,81.81818181818183
almawr,almaar,alma,WR,AR,100.0
marrowboneky,marrowboneak,marrowbone,KY,AK,83.33333333333334
weldonaco,weldonaca,weldona,CO,CA,90.5
lindara,lindaca,linda,RA,CA,100.0
ewstdqnnsma,ewstdqnnstx,ewst dqnns,MA,TX,75.0
saukvillewi,saukvillewi,saukville,WI,WI,100.0
vardamanms,vardamanms,vardaman,MS,MS,100.0
winchistertn,winchistertn,winchister,TN,TN,90.0
mancheterok,mancheterct,mancheter,OK,CT,90.0
manteezms,manteeca,mantee,ZMS,CA,83.33333333333334
chigniklagoonak,chigniklagoontx,chignik lagoon,AK,TX,75.0
shannonms,shannonms,shannon,MS,MS,100.0
troyc,troyal,troy,C,AL,100.0
georgetownuga,georgetownca,georgetown,UGA,CA,100.0
elizabethvillepa,elizabethvillepa,elizabethville,PA,PA,100.0
ugcanm,ugcaaz,ugca,NM,AZ,60.0
malinor,malinny,malin,OR,NY,83.33333333333334
farmingtonhillsmi,farmingtonhillsmi,farmington hills,MI,MI,100.0
haskellok,haskellok,haskell,OK,OK,100.0
koholak,koholma,kohol,AK,MA,80.0
veritagelakeil,veritagelakeil,veritage lake,IL,IL,92.3076923076923
oaklandne,oaklandne,oakland,NE,NE,100.0
hallandalebeachfl,hallandalebeachfl,hallandale beach,FL,FL,100.0
beechwoodvillageky,beechwoodvillageky,beechwood village,KY,KY,100.0
grandviewin,grandviewil,grandview,IN,IL,100.0
windsorsc,windsorca,windsor,SC,CA,100.0
rocketnd,rocketal,rocket,ND,AL,75.0
rudyar,rudymo,rudy,AR,MO,80.0
lamasc,lamaar,lama,SC,AR,100.0
milnvilleut,milnvilleut,milnville,UT,UT,88.88888888888889
tyonekak,tyonekga,tyonek,AK,GA,83.33333333333334
sandyridgepm,sandyridgeor,sandy ridge,PM,OR,90.5
bloomingtonwi,bloomingtonca,bloomington,WI,CA,100.0
conwayfl,conwayfl,conway,FL,FL,100.0
langdonplaceky,langdonplacend,langdon place,KY,ND,90.5
danvilleia,danvilleal,danville,IA,AL,100.0
morantx,moranmn,moran,TX,MN,90.5
kenilworthnj,kenilworthnj,kenilworth,NJ,NJ,100.0
waubekai,waubekail,waubeka,I,IL,71.42857142857143
stocktonmd,stocktonca,stockton,MD,CA,100.0
fairviewwv,fairviewca,fairview,WV,CA,100.0
caruthersvillemo,caruthersvillemo,caruthersville,MO,MO,100.0
lakeportca,lakeportca,lakeport,CA,CA,100.0
whatcheeria,whatcheerwa,what cheer,IA,WA,77.77777777777779
skyvalleyca,skyvalleyca,sky valley,CA,CA,100.0
bloomingdaleoh,bloomingdaledc,bloomingdale,OH,DC,100.0
greenmountainia,greenmountainoh,green mountain,IA,OH,90.5
kelolggmn,kelolggid,kelolgg,MN,ID,85.71428571428571
bonnieil,bonnietx,bonnie,IL,TX,85.71428571428571
elmacenterny,elmacenterny,elma center,NY,NY,100.0
elkhorncityky,elkhorncityca,elkhorn city,KY,CA,90.5
maxnd,maxla,max,ND,LA,66.66666666666666
manzanolaco,manzanolaca,manzanola,CO,CA,83.33333333333334
trentonky,trentonal,trenton,KY,AL,100.0
janphylvillagefl,janphylvillagefl,jan phyl village,FL,FL,93.75
wajesmnc,wajesma,wajes,MNC,MA,80.0
delaireca,delaireca,del aire,CA,CA,100.0
whiteriveraz,whiteriveraz,whiteriver,AZ,AZ,100.0
centerpointiqn,centerpointal,center point,IQN,AL,100.0
calhounmo,calhounga,calhoun,MO,GA,100.0
mcmullinva,mcmullinwa,mcmullin,VA,WA,87.5
trempealeauwi,trempealeauwi,trempealeau,WI,WI,100.0
wheatleyheightsny,wheatleyheightsny,wheatle yheights,NY,NY,93.75
cherrygrovewa,cherrygroveoh,cherry grove,WA,OH,100.0
powdersvillesc,powdersvillesc,powdersville,SC,SC,100.0
pidmontal,pidmontal,pi dmont,AL,AL,87.5
aromaparkil,aromaparkca,aroma park,IL,CA,83.33333333333334
gasquetca,gasquetma,gasquet,CA,MA,66.66666666666666
minturnco,minturnco,minturn,CO,CO,100.0
apollopa,apollopa,apollo,PA,PA,100.0
pickenswv,pickensms,pickens,WV,MS,100.0
westmonroemi,westmonroemi,west monroe,MI,MI,100.0
balfournd,balfournc,balfour,ND,NC,100.0
newfranklinmo,newfranklinmo,new franklin,MO,MO,100.0
bellamyal,bellamyca,bellamy,AL,CA,90.5
newtongrovenc,newtongrovenc,newton grove,NC,NC,90.5
kooksiaid,kooksiatx,kooksia,ID,TX,90.5
franklintownpa,franklintownpa,franklintown,PA,PA,90.5
fonddulacwi,fonddulacwi,fond du lac,WI,WI,100.0
mountainlakesnh,mountainlakesnj,mountain lakes,NH,NJ,100.0
duttonmt,duttonga,dutton,MT,GA,83.33333333333334
ephratapa,ephratapa,ephrata,PA,PA,100.0
fernparkfl,fernparkfl,fern park,FL,FL,100.0
westwoodmi,westwoodmi,westwood,MI,MI,100.0
saratogawy,saratogawy,saratoga,WY,WY,100.0
millingtont,millingtonmi,millington,T,MI,100.0
waterloowi,waterloowi,waterloo,WI,WI,100.0
northsaltlakeut,northsaltlakeut,north salt lake,UT,UT,100.0
lehighok,lehighne,lehigh,OK,NE,100.0
oxlymo,oxlyal,oxly,MO,AL,66.66666666666666
fairviewbeachva,fairviewbeachca,fairview beach,VA,CA,90.5
grandlakeco,grandlakeny,grand lake,CO,NY,81.81818181818183
alexandriasd,alexandriasd,alexandria,SD,SD,100.0
oberlicoh,oberliks,oberli,COH,KS,85.71428571428571
portwashingtonnorthny,portwashingtonnorthny,port washington north,NY,NY,100.0
homermn,homerak,homer,MN,AK,100.0
portlandtn,portlandtn,portland,TN,TN,100.0
panamany,panamaok,panama,NY,OK,100.0
newellpa,newellwv,newell,PA,WV,100.0
mchenrynd,mchenryil,mchenry,ND,IL,100.0
southashburnhamma,southashburnhamma,south ashburnham,MA,MA,100.0
craigak,craigak,craig,AK,AK,100.0
eastmillstonejn,eastmillstoneny,east millstone,JN,NY,90.0
loganmt,logania,logan,MT,IA,100.0
russellvillesc,russellvilleal,russellville,SC,AL,100.0
louisetx,louiseky,louise,TX,KY,83.33333333333334
havanand,havanafl,havana,ND,FL,100.0
akrona,akronco,akron,A,CO,100.0
wormleysburga,wormleysburgpa,wormleysburg,A,PA,100.0
moshannonpa,moshannonct,moshannon,PA,CT,88.88888888888889
neylandvilletx,neylandvillenc,neylandville,TX,NC,85.71428571428571
bartonvilleil,bartonvilleil,bartonville,IL,IL,100.0
chestechilloh,chestechillca,chestechill,OH,CA,85.71428571428571
grassflatpa,grassflatnm,grassflat,PA,NM,83.33333333333334
desmoinesia,desmoinesia,des moines,IA,IA,100.0
lincolnid,lincolnid,lincoln,ID,ID,100.0
brickervillepa,brickervillepa,brickerville,PA,PA,100.0
staatsburgny,staatsburgny,staatsburg,NY,NY,100.0
pelionsc,pelionms,pelion,SC,MS,71.42857142857143
northdalefl,northdalefl,northdale,FL,FL,100.0
baskervilleva,baskervillein,baskerville,VA,IN,83.33333333333334
overlandmo,overlandmo,overland,MO,MO,100.0
wakondasd,wakondaia,wakonda,SD,IA,83.33333333333334
estellmanornj,estellmanornj,estell manor,NJ,NJ,100.0
hollisterid,hollisterca,hollister,ID,CA,100.0
trinitytx,trinitytx,trinity,TX,TX,100.0
breinigsvillipa,breinigsvillipa,breinigsvilli,PA,PA,92.3076923076923
vincedtca,vincedtca,vincedt,CA,CA,85.71428571428571
cochitilakenm,cochitilakeca,cochiti lake,NM,CA,80.0
delhica,delhica,delhi,CA,CA,100.0
lakeshoregardens-hiddenacrestx,lakeshoregardens-hiddenacresak,lakeshore gardens-hidden acres,TX,AK,90.5
shawneehillsoh,shawneehillsoh,shawnee hills,OH,OH,100.0
sharpsvillein,sharpsvillepa,sharpsville,IN,PA,100.0
gilbqrtwv,gilbqrtaz,gilbqrt,WV,AZ,85.71428571428571
delightar,delightne,delight,AR,NE,83.33333333333334
callaoom,callaofl,callao,OM,FL,90.5
coldwateron,coldwaterks,coldwater,ON,KS,100.0
brokisdeal,brokisdeal,brokisde,AL,AL,88.88888888888889
hornlakems,hornlakems,horn lake,MS,MS,100.0
orlandparkil,orlandparkil,orland park,IL,IL,100.0
kpopelpa,kpopeltx,kpopel,PA,TX,75.0
wood-ridgennj,wood-ridgennj,wood-ridgen,NJ,NJ,90.5
tryonne,tryonne,tryon,NE,NE,100.0
tanqueverdeaz,tanqueverdeaz,tanque verde,AZ,AZ,100.0
northwoond,northwooia,northwoo,ND,IA,88.88888888888889
belfairwa,belfairwa,belfair,WA,WA,100.0
duluthga,duluthga,duluth,GA,GA,100.0
prsonsks,prsonsks,prsons,KS,KS,85.71428571428571
bellechassela,bellechassela,belle chasse,LA,LA,100.0
eastaovnny,eastaovnia,east aovn,NY,IA,83.33333333333334
whittenia,whittenfl,whitten,IA,FL,83.33333333333334
dupontpa,dupontpa,dupont,PA,PA,100.0
alichuksonaz,alichuksonaz,ali chukson,AZ,AZ,75.0
burchinalia,burchinalmi,burchinal,IA,MI,75.0
tincolnparkpa,tincolnparkpa,tincoln park,PA,PA,91.66666666666666
kingarthurparkmt,kingarthurparknc,king arthur park,MT,NC,90.5
larrabeeia,larrabeeil,larrabee,IA,IL,90.5
whittinghamnj,whittinghamnj,whittingham,NJ,NJ,100.0
livoniacentery,livoniacenterga,livonia center,Y,GA,90.5
drippingspringso,drippingspringstx,dripping springs,O,TX,100.0
luisllorenstorrespr,luisllorenstorrespr,luis llorens torres,PR,PR,94.73684210526315
cherokeeal,cherokeeal,cherokee,AL,AL,100.0
swanquarternc,swanquarterdc,swan quarter,NC,DC,75.0
lazyuyuaz,lazyuyual,lazyuy u,AZ,AL,75.0
st.nazianzwi,st.nazianzca,st. nazianz,WI,CA,66.66666666666666
oaklandmd,oaklandmd,oakland,MD,MD,100.0
tensleepwy,tensleepor,ten sleep,WY,OR,80.0
crellinmd,crellinks,crellin,MD,KS,85.71428571428571
bradleybeachnj,bradleybeachnj,bradley beach,NJ,NJ,100.0
nislandsd,nislandga,nisland,SD,GA,77.77777777777779
arenawi,arenapr,arena,WI,PR,83.33333333333334
claytonin,claytonal,clayton,IN,AL,100.0
debaryfl,debaryfl,debary,FL,FL,100.0
woodriveril,woodriveril,wood river,IL,IL,100.0
louisviyleco,louisviyleco,louisviyle,CO,CO,90.0
oakgrovemo,oakgrovemo,oak grove,MO,MO,100.0
lindcoveca,lindcoveca,lindcove,CA,CA,80.0
naplesmanorfl,naplesmanorfl,naples manor,FL,FL,100.0
boyntonok,boyntonva,boynton,OK,VA,100.0
bowdonnd,bowdonga,bowdon,ND,GA,100.0
gustinea,gustineca,gustine,A,CA,100.0
springvilleny,springvilleny,springville,NY,NY,100.0
percecitymo,percecitymo,perce city,MO,MO,90.9090909090909
craigco,craigco,craig,CO,CO,100.0
farmersvillepa,farmersvilleca,farmersville,PA,CA,100.0
riversideil,riversideil,riverside,IL,IL,100.0
willowspringsil,willowspringsil,willow springs,IL,IL,100.0
cathedralcityca,cathedralcityca,cathedral city,CA,CA,100.0
breckenridgeok,breckenridgeco,breckenridge,OK,CO,100.0
greatneckestatesny,greatneckestatesny,great neck estates,NY,NY,100.0
butteak,butteak,butte,AK,AK,100.0
rockriverwy,rockriveroh,rock river,WY,OH,90.9090909090909
wesleychapelnc,wesleychapelnc,wesley chapel,NC,NC,100.0
carneyok,carneymd,carney,OK,MD,100.0
ballypa,ballypa,bally,PA,PA,100.0
lmondwi,lmondco,lmond,WI,CO,80.0
gardenrplainks,gardenrplainme,gardenrplain,KS,ME,87.5
naturalbridgeal,naturalbridgela,natural bridge,AL,LA,85.71428571428571
armadami,armadami,armada,MI,MI,100.0
valindaca,valindaca,valinda,CA,CA,100.0
jakinga,jakinks,jakin,GA,KS,80.0
essexvillagect,essexvillagect,essex village,CT,CT,100.0
waynesbrotn,waynesbroil,waynesbro,TN,IL,90.5
oountoliveml,oountoliveal,oount olive,ML,AL,100.0
burotnsvillemg,burotnsvillemd,burotnsville,MG,MD,91.66666666666666
gideondmo,gideondmo,gideond,MO,MO,90.5
johnstonsc,johnstonsc,johnston,SC,SC,100.0
st.leonin,st.leontx,st. leon,IN,TX,75.0
sweetwaterok,sweetwaterfl,sweetwater,OK,FL,100.0
wilmoreky,wilmoreky,wilmore,KY,KY,100.0
mytntt,mytnms,mytn,TT,MS,60.0
richfieldks,richfieldmn,richfield,KS,MN,100.0
roamingshoresoh,roamingshoresoh,roaming shores,OH,OH,100.0
rosaliak,rosaliafl,rosalia,K,FL,80.0
newbrocktonal,newbrocktonal,new brockton,AL,AL,100.0
vincental,vincental,vincent,AL,AL,100.0
mobilecitytx,mobilecityal,mobile city,TX,AL,90.5
tubacaz,tubacaz,tubac,AZ,AZ,100.0
tumacacoir-carmenaz,tumacacoir-carmenfl,tumacacoir-carmen,AZ,FL,85.71428571428571
springhillia,springhillfl,spring hill,IA,FL,100.0
vintnova,vintnoil,vintno,VA,IL,85.71428571428571
sulphurspringstx,sulphurspringstx,sulphur springs,TX,TX,100.0
lawardtx,lawardtx,la ward,TX,TX,71.42857142857143
rentiesvilleok,rentiesvilleok,rentiesville,OK,OK,91.66666666666666
forestcityil,forestcityfl,forest city,IL,FL,100.0
newpittsburgoh,newpittsburgoh,new pittsburg,OH,OH,77.77777777777779
suttonne,suttonne,sutton,NE,NE,100.0
perkasiepa,perkasiepa,perkasie,PA,PA,100.0
walkerla,walkerla,walker,LA,LA,100.0
goodlettsvilletn,goodlettsvilletn,goodlettsville,TN,TN,100.0
wilsonar,wilsonny,wilson,AR,NY,100.0
desplainesil,desplainesil,des plaines,IL,IL,100.0
morristownn,morristownin,morristown,N,IN,100.0
southbradentonf,southbradentonfl,south bradenton,F,FL,100.0
hooperci,hooperut,hooper,CI,UT,100.0
southvalleynm,southvalleynm,south valley,NM,NM,100.0
mineralpointmo,mineralpointwi,mineral point,MO,WI,100.0
haeiwahi,haeiwahi,haeiwa,HI,HI,83.33333333333334
angustx,angustx,angus,TX,TX,80.0
montaraca,montaraca,montara,CA,CA,100.0
broadwellml,broadwellco,broadwell,ML,CO,80.0
hampotnia,hampotnia,hampotn,IA,IA,85.71428571428571
robinwoodmd,robinwoodmd,robinwood,MD,MD,100.0
lynna,lynnin,lynn,A,IN,100.0
grandfathernc,grandfatherms,grandfather,NC,MS,85.71428571428571
doraal,doraal,dora,AL,AL,100.0
ragsdalein,ragsdaleca,ragsdale,IN,CA,77.77777777777779
garnernc,garnernc,garner,NC,NC,100.0
